,Order Date,Sales,Segment,Profit
8,2014-10-14,5083.96,Corporate,1906.485
15,2014-07-31,1869.588,Corporate,186.948
16,2014-11-03,2249.91,Corporate,517.4793
17,2014-09-08,7958.58,Corporate,3979.08
18,2014-01-31,2565.594,Corporate,28.404
19,2014-12-05,3409.74,Consumer,818.28
24,2014-07-31,1713.84,Consumer,445.52
25,2014-09-05,2106.496,Consumer,526.496
37,2014-11-05,7999.98,Corporate,-3839.9904
38,2014-01-14,4141.02,Consumer,1697.67
41,2014-11-11,4518.78,Home Office,632.52
42,2014-09-26,5667.87,Corporate,2097.03
47,2014-08-28,2761.2,Consumer,110.34
48,2014-05-01,2174.13,Consumer,500.01
49,2014-12-18,3473.14,Consumer,868.12
51,2014-09-18,2108.64,Consumer,527.04
52,2014-07-25,2399.96,Corporate,839.986
58,2014-08-05,4191.507,Consumer,1164.267
59,2014-08-24,4367.896,Consumer,327.5922
60,2014-03-11,3063.27,Consumer,581.91
62,2014-08-11,4473.0,Corporate,313.11
64,2014-01-18,5049.0,Consumer,656.37
66,2014-12-07,2188.05,Consumer,1050.15
67,2014-12-16,1920.36,Corporate,652.92
68,2014-11-20,1704.0,Home Office,119.28
73,2014-08-26,3427.1496,Corporate,-452.8104
75,2014-05-16,2863.35,Consumer,858.9
80,2014-11-19,5729.346,Consumer,63.546
81,2014-10-28,5301.24,Corporate,2597.28
82,2014-01-17,5443.96,Consumer,2504.2216
83,2014-08-18,4416.174,Consumer,-630.882
93,2014-12-23,3863.88,Corporate,1159.02
101,2014-11-19,3524.472,Corporate,861.372
106,2014-11-07,2036.86,Home Office,366.6348
124,2014-03-18,1505.979,Corporate,-265.761
125,2014-12-19,1954.17,Consumer,312.66
129,2014-09-18,1213.18876,Consumer,508.00876
132,2014-07-19,3278.5848,Home Office,140.8248
142,2014-09-18,3834.0,Consumer,268.38
143,2014-09-12,2054.272,Home Office,256.784
145,2014-12-09,1725.462,Home Office,747.612
151,2014-08-02,1112.778,Consumer,296.658
153,2014-01-08,3059.982,Corporate,679.996
157,2014-04-09,3117.088,Corporate,38.948
159,2014-03-19,1888.7,Home Office,887.6
162,2014-08-20,5211.12,Consumer,1146.24
164,2014-03-14,3569.643,Consumer,674.163
166,2014-07-09,2910.0816,Consumer,125.1216
169,2014-03-17,2645.376,Consumer,-0.024
173,2014-10-23,2399.6,Home Office,647.892
175,2014-04-03,2291.814,Corporate,127.134
177,2014-02-11,2757.78,Home Office,744.48
180,2014-07-17,3146.4,Corporate,629.28
181,2014-11-22,2456.619,Corporate,664.719
183,2014-04-01,2999.95,Corporate,1439.976
184,2014-07-17,4001.04,Corporate,1440.24
185,2014-08-29,4876.875,Home Office,745.875
187,2014-11-11,3622.29,Home Office,1267.77
190,2014-12-03,2673.36,Consumer,1069.2
194,2014-07-12,1722.2832,Consumer,539.4432
196,2014-09-01,1007.424,Home Office,134.304
201,2014-12-13,4864.32,Home Office,162.12
202,2014-10-13,2154.9,Consumer,129.294
203,2014-06-10,1433.8395,Consumer,-84.3705
206,2014-06-18,3404.5,Home Office,1668.205
214,2014-05-22,1865.97,Corporate,802.17
217,2014-06-02,1094.22,Home Office,328.23
220,2014-08-14,3498.72,Home Office,594.72
222,2014-10-31,2272.86,Consumer,977.22
224,2014-10-07,2582.16,Home Office,361.44
225,2014-10-17,3194.55,Home Office,830.55
227,2014-11-08,1538.721,Corporate,325.701
231,2014-05-09,3359.952,Home Office,1049.985
232,2014-09-23,4663.736,Consumer,-1049.3406
233,2014-11-26,1237.56,Home Office,606.36
236,2014-08-22,4305.552,Consumer,1453.1238
238,2014-12-23,1586.69,Consumer,412.5394
239,2014-07-04,2395.2,Home Office,209.58
240,2014-11-21,1259.97,Consumer,327.5922
243,2014-09-28,2898.21,Consumer,1420.02
245,2014-01-28,2171.16,Corporate,-2750.28
246,2014-09-13,4448.223,Corporate,444.483
256,2014-12-17,1805.9,Corporate,126.4
258,2014-07-04,1687.8,Home Office,742.632
260,2014-06-03,1810.3,Consumer,54.3
261,2014-09-12,2120.5,Consumer,106.0
262,2014-04-17,1275.0,Consumer,140.22
264,2014-03-06,1114.236,Corporate,383.706
266,2014-11-07,3309.2598,Consumer,318.8598
267,2014-11-22,897.48,Consumer,322.92
277,2014-03-26,1421.541,Consumer,428.121
278,2014-11-21,1053.6884,Consumer,441.2884
290,2014-11-18,10499.97,Consumer,5039.9856
291,2014-04-14,3908.88,Corporate,1563.48
292,2014-08-29,2142.3,Home Office,556.9
293,2014-05-16,1900.584,Consumer,-348.516
300,2014-08-28,1682.91,Consumer,487.98
302,2014-03-19,2570.76,Home Office,976.8
303,2014-09-11,2332.96,Home Office,349.86
305,2014-08-16,1801.632,Corporate,-337.806
308,2014-12-24,2550.0,Consumer,714.0
311,2014-10-11,1029.2589,Consumer,10.8189
312,2014-04-21,1058.2792,Corporate,-2.1208
315,2014-09-19,1190.52,Home Office,178.56
316,2014-11-26,3150.819,Consumer,-35.091
317,2014-09-01,1599.9,Home Office,719.85
318,2014-06-20,2063.4,Corporate,123.75
319,2014-10-23,1269.9,Home Office,558.72
321,2014-09-12,848.32,Consumer,110.28
323,2014-01-14,2847.36,Consumer,711.84
324,2014-11-13,1725.75,Home Office,-483.3
327,2014-09-22,1282.23,Consumer,12.69
332,2014-04-30,4135.641,Home Office,847.041
334,2014-06-24,5486.67,Consumer,2316.51
336,2014-08-07,1625.2425,Corporate,-76.5675
338,2014-02-14,734.94,Consumer,130.62
339,2014-11-29,2065.32,Home Office,-619.596
343,2014-01-27,2939.93,Consumer,764.3818
349,2014-04-09,1244.187,Consumer,-13.923
352,2014-06-30,895.92,Consumer,302.373
355,2014-03-17,3299.562,Home Office,366.282
359,2014-05-16,1189.242,Home Office,250.992
360,2014-12-25,2879.952,Home Office,1007.9832
361,2014-12-22,1269.6,Corporate,355.44
364,2014-06-27,815.949,Home Office,287.919
366,2014-02-11,1027.728,Consumer,182.688
367,2014-05-29,1703.025,Consumer,737.925
368,2014-04-16,1803.0837,Consumer,-130.3863
369,2014-11-27,676.485,Corporate,195.285
371,2014-09-18,1637.01,Corporate,90.81
372,2014-02-24,1655.96144,Consumer,13.20144
375,2014-06-17,1239.0,Consumer,0.0
376,2014-03-15,1680.606,Home Office,368.256
377,2014-07-12,2190.75,Consumer,65.7
378,2014-06-09,935.172,Consumer,114.252
379,2014-10-15,1026.96,Consumer,441.36
380,2014-08-06,2550.0,Consumer,280.44
385,2014-11-03,2664.0,Consumer,905.7
393,2014-07-14,1824.144,Consumer,-1303.056
394,2014-06-03,2344.0,Consumer,46.88
395,2014-12-15,2043.72,Consumer,756.0
396,2014-06-28,856.8,Corporate,265.44
397,2014-12-20,2509.36,Corporate,426.58
401,2014-10-27,2189.0898,Corporate,541.3698
405,2014-09-15,1079.85,Home Office,323.955
408,2014-10-23,959.76,Corporate,460.62
409,2014-06-24,3045.84,Consumer,1035.58
413,2014-05-08,1458.65,Corporate,423.0085
419,2014-05-26,663.92,Consumer,207.475
420,2014-10-31,4306.32,Home Office,1722.48
425,2014-01-30,2301.0,Corporate,91.95
428,2014-12-03,2479.96,Consumer,743.988
431,2014-12-29,1461.135,Consumer,202.185
434,2014-05-15,1399.93,Consumer,601.9699
435,2014-09-08,2152.956,Consumer,198.636
438,2014-09-19,1586.412,Consumer,17.532
440,2014-02-10,3425.4,Consumer,1233.0
441,2014-02-08,1136.94,Corporate,568.44
443,2014-04-15,731.34,Home Office,80.4
445,2014-05-05,1272.72,Consumer,534.48
447,2014-06-10,2295.0,Corporate,459.0
450,2014-08-23,3449.88,Corporate,275.94
452,2014-05-19,1429.44,Consumer,471.6
455,2014-10-12,1483.0,Consumer,741.5
456,2014-04-15,1792.4,Home Office,304.7
457,2014-11-28,2455.677,Corporate,-191.163
462,2014-12-24,2553.18,Consumer,842.52
463,2014-05-15,2003.52,Corporate,861.48
464,2014-12-09,1188.36,Consumer,95.04
473,2014-10-02,2575.92,Consumer,978.84
474,2014-02-27,1699.83,Consumer,84.96
477,2014-05-09,4298.85,Consumer,300.9
478,2014-07-04,3417.48,Corporate,854.28
484,2014-08-04,3234.24,Corporate,970.2
486,2014-02-12,2074.734,Consumer,276.534
487,2014-11-11,849.8,Consumer,195.44
490,2014-11-02,2665.62,Consumer,239.9058
492,2014-05-29,1253.07,Home Office,236.67
494,2014-07-05,1464.12,Consumer,439.2
496,2014-10-02,1704.89,Home Office,767.2005
497,2014-09-16,1258.7774,Corporate,375.7774
498,2014-08-07,2584.008,Consumer,290.598
500,2014-09-08,1274.7,Consumer,293.16
503,2014-02-17,1046.25,Consumer,-111.6
507,2014-06-16,2293.488,Corporate,509.568
509,2014-05-13,1715.056,Consumer,300.076
510,2014-12-20,1665.62,Consumer,33.3124
511,2014-11-07,2841.66,Consumer,852.48
516,2014-10-11,2488.56,Consumer,348.24
519,2014-10-25,726.72,Corporate,-18.18
523,2014-05-01,723.3,Consumer,122.85
535,2014-07-18,1100.52,Corporate,352.08
537,2014-04-16,996.3,Corporate,119.55
538,2014-11-17,1919.976,Corporate,215.9973
541,2014-09-12,664.56,Consumer,6.6
542,2014-08-06,1547.1,Consumer,340.2
543,2014-11-20,2190.951,Home Office,316.701
553,2014-06-27,1314.45,Home Office,341.73
567,2014-02-11,2477.55,Corporate,1040.55
570,2014-01-03,2097.12,Consumer,188.64
572,2014-12-13,3242.88,Consumer,421.56
573,2014-07-01,1044.63,Consumer,-295.9785
574,2014-10-04,1793.98,Consumer,843.1706
575,2014-10-07,597.36,Corporate,226.92
577,2014-07-11,796.824,Consumer,231.264
578,2014-04-24,2305.26,Consumer,922.05
581,2014-11-12,1916.88,Consumer,939.26
582,2014-12-17,1212.5,Corporate,606.2
583,2014-11-14,2404.704,Consumer,150.294
585,2014-09-19,856.44,Home Office,222.66
587,2014-07-10,1361.043,Corporate,196.533
588,2014-10-06,3391.74,Corporate,271.08
593,2014-10-13,1612.845,Consumer,394.245
602,2014-11-20,1525.188,Consumer,-2287.782
603,2014-07-21,2063.7684,Consumer,141.1884
606,2014-01-14,4164.05,Corporate,83.281
618,2014-01-16,1924.16,Consumer,312.676
620,2014-08-11,856.68,Home Office,274.08
624,2014-12-02,1914.08,Corporate,669.76
625,2014-01-08,3393.12,Home Office,101.76
626,2014-12-01,1079.316,Consumer,-15.4188
627,2014-06-27,1446.6,Consumer,665.4
632,2014-12-24,2575.92,Consumer,772.68
636,2014-08-05,1237.44,Consumer,74.16
637,2014-08-12,1018.32,Consumer,183.24
640,2014-12-29,1534.869,Corporate,-102.411
647,2014-11-29,2478.84,Home Office,272.58
652,2014-09-01,1350.09,Home Office,256.41
656,2014-12-31,1264.466,Corporate,301.466
661,2014-05-24,1447.44,Corporate,43.32
664,2014-06-02,2405.2,Corporate,793.716
665,2014-06-17,1212.96,Consumer,90.972
676,2014-01-25,2485.62,Consumer,795.24
677,2014-06-18,1560.24,Consumer,421.2
681,2014-01-31,2102.832,Corporate,321.552
683,2014-05-02,2803.92,Consumer,0.0
688,2014-07-22,1626.192,Corporate,121.9644
691,2014-03-24,2205.568,Consumer,689.088
692,2014-04-09,2690.97,Corporate,1264.7559
694,2014-05-28,1395.0,Home Office,237.15
695,2014-06-14,2291.835,Consumer,-1128.435
698,2014-02-18,899.43,Home Office,-12.849
702,2014-08-06,1590.9,Corporate,508.95
703,2014-06-18,1467.36,Consumer,469.44
704,2014-12-31,1091.2806,Corporate,46.9206
707,2014-11-04,1673.184,Home Office,20.9148
709,2014-11-24,2863.35,Corporate,858.9
710,2014-09-23,2841.66,Home Office,189.42
711,2014-11-04,765.459,Corporate,-36.081
712,2014-09-01,1887.84,Corporate,0.0
715,2014-04-17,1801.6,Consumer,180.1
718,2014-12-03,979.95,Consumer,284.1855
719,2014-09-16,1837.56,Home Office,275.52
724,2014-01-29,1864.215,Consumer,455.565
726,2014-02-17,1630.8,Corporate,18.0
730,2014-04-11,1302.78,Consumer,286.56
732,2014-11-18,1221.561,Home Office,325.611
734,2014-06-20,1596.51,Corporate,-53.37
735,2014-11-03,975.92,Corporate,292.776
737,2014-10-03,1885.32,Consumer,18.72
739,2014-09-24,1964.25,Home Office,21.69
741,2014-08-26,1653.804,Home Office,-689.256
742,2014-11-18,621.0,Consumer,180.06
744,2014-09-06,1307.97,Home Office,536.22
745,2014-09-30,1145.232,Consumer,-706.248
746,2014-10-14,1504.52,Consumer,346.0396
748,2014-12-30,1913.4,Corporate,899.1
749,2014-01-20,1854.72,Consumer,778.92
752,2014-03-31,2953.584,Consumer,754.704
755,2014-11-20,2504.74,Corporate,626.185
756,2014-10-15,1318.65,Consumer,567.0
759,2014-08-29,3044.8,Consumer,91.2
760,2014-06-21,656.856,Home Office,94.836
761,2014-05-08,2518.95,Consumer,1032.57
766,2014-12-04,2125.32,Home Office,148.68
769,2014-12-08,3696.0315,Corporate,756.8715
771,2014-03-05,1136.664,Home Office,-880.956
772,2014-06-02,1043.9304,Consumer,-295.5096
778,2014-11-10,1633.14,Corporate,473.6106
779,2014-11-21,775.536,Consumer,213.216
782,2014-04-07,3271.2,Corporate,1341.15
791,2014-08-14,1582.11,Corporate,-886.05
792,2014-06-09,1497.666,Home Office,140.9568
794,2014-05-29,1399.113,Consumer,108.783
797,2014-05-08,820.08,Consumer,98.28
799,2014-02-13,1198.56,Home Office,359.52
800,2014-11-28,1832.607,Consumer,-445.113
802,2014-08-02,1752.6,Corporate,455.64
805,2014-03-13,788.4,Corporate,291.6
807,2014-09-05,1478.272,Consumer,92.392
808,2014-05-17,3094.56,Consumer,1423.44
810,2014-03-14,959.984,Home Office,335.9944
812,2014-09-26,2871.54,Corporate,57.33
814,2014-10-29,886.1412,Consumer,106.7412
816,2014-12-10,1767.6,Consumer,0.0
820,2014-04-14,2111.97,Consumer,190.05
821,2014-12-20,1189.2825,Corporate,-396.4275
824,2014-10-22,909.12,Corporate,9.0912
828,2014-06-23,827.28,Corporate,397.08
830,2014-06-27,2098.32,Corporate,860.16
831,2014-06-26,1938.24,Consumer,-96.96
834,2014-09-15,942.784,Corporate,94.2784
835,2014-07-23,952.29,Consumer,-53.01
836,2014-09-04,2927.28,Consumer,146.16
839,2014-01-18,2117.22,Home Office,-1736.28
841,2014-06-26,2747.7,Consumer,82.26
845,2014-11-27,2124.5,Home Office,488.6
850,2014-09-02,1068.714,Consumer,-0.126
851,2014-05-16,875.22,Corporate,139.98
855,2014-06-12,925.02,Consumer,-447.18
857,2014-07-05,1944.9,Consumer,291.6
861,2014-09-05,825.174,Corporate,-117.882
865,2014-09-02,457.14,Consumer,169.14
869,2014-09-24,1355.13,Corporate,-60.27
876,2014-12-03,1159.056,Corporate,43.4646
878,2014-12-17,1697.584,Corporate,-63.756
881,2014-10-09,2906.4,Consumer,1220.52
882,2014-03-24,2572.74,Consumer,1080.54
883,2014-01-04,2022.272,Consumer,682.5168
887,2014-04-09,1656.72,Consumer,-110.52
888,2014-10-04,2015.496,Consumer,850.836
890,2014-10-17,2533.92,Corporate,278.64
891,2014-12-04,1410.4,Consumer,-88.2
899,2014-10-22,1439.92,Home Office,374.3792
900,2014-01-28,977.022,Consumer,271.332
904,2014-07-14,997.8004,Corporate,327.9004
915,2014-10-06,5199.96,Corporate,1351.9896
918,2014-08-28,1119.888,Corporate,209.979
920,2014-06-17,2383.857,Corporate,794.577
927,2014-09-11,1622.01,Corporate,-623.94
931,2014-03-11,1143.44,Consumer,320.16
932,2014-09-17,2280.6,Home Office,136.8
934,2014-09-29,2088.24,Corporate,83.52
935,2014-07-09,2194.53,Home Office,438.75
942,2014-09-17,538.194,Consumer,-412.6154
949,2014-05-15,1001.88,Corporate,230.4
954,2014-12-24,1572.84,Consumer,141.48
957,2014-08-28,759.66,Consumer,311.46
959,2014-09-03,1282.41,Corporate,213.735
963,2014-06-24,3873.24,Consumer,890.82
964,2014-01-31,791.19,Corporate,126.54
965,2014-05-26,2470.5,Corporate,518.76
967,2014-01-28,759.06,Home Office,15.12
975,2014-04-21,803.52,Consumer,80.28
977,2014-03-28,1011.696,Consumer,126.336
978,2014-09-08,2419.2,Consumer,411.18
980,2014-10-17,1773.72,Corporate,212.76
981,2014-04-16,777.24,Corporate,170.88
987,2014-03-26,3216.24,Consumer,96.39
990,2014-08-18,895.92,Corporate,302.373
992,2014-08-19,2793.528,Corporate,942.8157
995,2014-04-01,2614.689,Consumer,-821.961
999,2014-12-10,1587.0015,Corporate,-76.5585
1002,2014-10-03,1487.4,Consumer,728.7
1003,2014-10-09,908.608,Consumer,-193.152
1004,2014-10-16,1241.001,Consumer,124.011
1007,2014-11-11,899.136,Corporate,-146.1096
1019,2014-08-14,757.32,Consumer,371.04
1020,2014-10-24,3720.0,Consumer,632.4
1021,2014-11-26,985.2,Consumer,78.72
1025,2014-11-05,723.66,Consumer,101.22
1027,2014-03-18,1212.56,Corporate,-45.54
1029,2014-08-29,1075.44,Consumer,182.82
1037,2014-01-29,1028.16,Consumer,274.08
1040,2014-08-15,3256.95,Consumer,716.4
1044,2014-11-18,891.756,Corporate,207.996
1047,2014-09-17,722.36,Consumer,50.56
1050,2014-01-23,642.72,Consumer,224.94
1051,2014-12-01,947.22,Consumer,-236.88
1058,2014-11-20,1113.264,Consumer,-705.096
1061,2014-11-10,544.38,Corporate,157.8702
1067,2014-10-16,510.24,Corporate,6.378
1068,2014-12-15,498.36,Consumer,9.96
1071,2014-05-31,1001.7,Corporate,250.38
1073,2014-12-04,859.68,Home Office,28.56
1075,2014-07-22,1269.9,Home Office,558.72
1079,2014-06-23,2614.689,Corporate,-821.961
1086,2014-02-10,1584.387,Corporate,381.717
1089,2014-12-03,1559.16,Consumer,405.36
1090,2014-11-20,771.228,Consumer,-321.372
1091,2014-10-08,967.32,Consumer,270.72
1092,2014-10-07,1241.001,Corporate,124.011
1099,2014-12-23,629.958,Consumer,94.4937
1102,2014-02-20,1245.86,Corporate,361.2994
1104,2014-10-02,1828.35,Home Office,438.75
1106,2014-03-17,1029.6,Home Office,205.92
1107,2014-10-13,1317.3096,Corporate,396.6696
1118,2014-10-10,1070.685,Corporate,-14.355
1119,2014-03-26,1444.548,Consumer,103.068
1122,2014-08-02,822.42,Home Office,156.24
1124,2014-06-25,1563.552,Home Office,-781.848
1133,2014-10-24,637.896,Corporate,-127.5792
1134,2014-05-01,512.568,Consumer,193.608
1135,2014-03-21,2605.56,Consumer,573.12
1136,2014-08-01,865.9,Consumer,129.8
1139,2014-12-11,778.5,Consumer,132.3
1143,2014-12-15,1272.12,Consumer,546.96
1148,2014-11-27,954.54,Consumer,305.37
1150,2014-06-03,1754.298,Consumer,214.368
1151,2014-07-08,683.988,Consumer,-113.998
1153,2014-05-27,1770.2524,Home Office,422.0524
1154,2014-07-29,1922.3379,Corporate,227.2179
1159,2014-01-31,2003.168,Consumer,250.396
1160,2014-12-07,1227.57992,Home Office,526.31992
1162,2014-03-27,2399.96,Corporate,569.9905
1163,2014-09-25,1169.694,Home Office,-253.4337
1164,2014-10-17,3048.15,Consumer,1463.07
1166,2014-04-28,1232.28,Consumer,529.83
1168,2014-07-21,1219.04,Consumer,198.04
1171,2014-12-03,559.62,Corporate,151.0974
1172,2014-05-07,595.17,Consumer,89.22
1173,2014-05-23,1781.19,Consumer,35.37
1174,2014-03-27,2289.75,Consumer,68.55
1175,2014-08-01,2070.15,Home Office,848.7
1180,2014-03-15,1058.022,Consumer,340.872
1181,2014-12-30,1094.22,Consumer,317.16
1182,2014-12-04,2472.6933,Corporate,903.9933
1184,2014-11-25,1570.6,Consumer,486.8
1185,2014-09-04,2019.6,Home Office,706.68
1187,2014-06-16,3139.128,Consumer,941.688
1189,2014-12-26,1954.44,Home Office,781.74
1190,2014-11-20,2056.95,Consumer,431.76
1197,2014-09-04,1284.822,Corporate,199.782
1203,2014-06-23,1136.64,Consumer,181.68
1204,2014-06-08,1141.8,Corporate,479.52
1207,2014-12-29,1104.408,Consumer,208.608
1209,2014-11-27,775.62,Corporate,139.59
1211,2014-10-23,617.55,Corporate,172.8
1212,2014-03-25,2060.7,Corporate,700.5
1213,2014-10-24,646.4988,Consumer,-13.9812
1215,2014-07-11,890.4285,Consumer,114.7785
1217,2014-11-26,2066.4,Corporate,103.2
1219,2014-07-14,1717.848,Consumer,-133.632
1221,2014-12-16,630.15,Corporate,31.5
1226,2014-02-04,2981.58,Consumer,1192.52
1230,2014-10-29,528.009,Consumer,-72.441
1234,2014-09-05,775.56576,Corporate,83.88576
1236,2014-09-22,439.68,Consumer,153.84
1238,2014-10-13,1138.83,Corporate,187.53
1239,2014-09-09,676.0305,Consumer,151.0605
1241,2014-11-19,2060.7,Home Office,886.05
1250,2014-11-08,1703.14688,Consumer,713.22688
1251,2014-04-28,1845.72,Consumer,18.36
1253,2014-07-30,2671.452,Corporate,133.392
1258,2014-03-15,521.184,Corporate,-260.616
1261,2014-11-13,1458.96,Consumer,495.84
1263,2014-06-02,1925.88,Corporate,539.2464
1273,2014-09-21,2888.127,Consumer,609.7157
1276,2014-05-27,1953.666,Corporate,282.126
1277,2014-11-10,826.62,Corporate,355.4466
1279,2014-12-10,1399.98,Consumer,629.991
1281,2014-09-15,858.64,Corporate,171.72
1290,2014-12-19,1285.44,Corporate,449.88
1293,2014-09-12,927.72,Home Office,259.74
1300,2014-02-04,714.15,Corporate,-28.59
1301,2014-09-27,766.95,Home Office,-352.8
1302,2014-06-09,1062.534,Consumer,-175.026
1303,2014-09-21,2254.41,Consumer,375.735
1304,2014-11-06,1272.6,Home Office,496.26
1309,2014-06-09,1523.46696,Corporate,241.14696
1311,2014-10-17,529.74,Consumer,117.72
1314,2014-10-28,2970.9,Consumer,237.6
1320,2014-11-08,409.08,Home Office,110.4
1321,2014-08-18,2518.29,Corporate,654.7554
1324,2014-11-25,1411.02,Consumer,580.02
1325,2014-09-16,2357.488,Consumer,884.058
1326,2014-11-28,1849.32,Home Office,203.4
1331,2014-05-06,1266.96,Consumer,139.32
1332,2014-12-22,1000.02,Corporate,290.0058
1337,2014-03-17,2096.4555,Corporate,-429.3945
1349,2014-09-03,2804.58,Home Office,822.66
1350,2014-06-27,543.92,Home Office,135.98
1353,2014-08-16,1904.4,Corporate,418.92
1355,2014-04-03,1599.156,Home Office,37.476
1356,2014-05-15,1224.9,Home Office,318.42
1357,2014-04-22,858.06,Consumer,248.64
1360,2014-07-26,2049.84,Corporate,68.19
1361,2014-07-22,2039.0715,Consumer,109.6215
1362,2014-12-23,1272.6,Consumer,496.26
1365,2014-03-03,900.72,Consumer,45.0
1367,2014-12-11,1144.89,Consumer,-686.97
1368,2014-06-11,1287.96,Corporate,386.34
1373,2014-04-22,454.95,Consumer,190.95
1375,2014-01-24,346.29,Home Office,55.23
1380,2014-09-29,2415.42,Home Office,1134.84
1385,2014-03-04,1060.44,Corporate,360.48
1387,2014-08-23,616.44,Consumer,265.02
1389,2014-02-17,1071.84,Corporate,310.8
1392,2014-10-13,1308.48,Home Office,536.46
1394,2014-12-13,1622.3355,Consumer,248.0355
1395,2014-03-21,2092.5,Home Office,720.75
1399,2014-11-06,552.501,Consumer,110.421
1408,2014-11-21,1241.28,Consumer,434.4
1409,2014-09-13,960.0,Consumer,57.6
1410,2014-12-19,4627.368,Home Office,1439.448
1413,2014-02-25,918.459,Corporate,21.519
1415,2014-07-02,2550.0,Home Office,714.0
1416,2014-02-21,1299.684,Corporate,-15.516
1419,2014-04-02,766.5246,Consumer,288.4446
1430,2014-03-14,1243.98,Corporate,534.78
1431,2014-03-26,1884.6,Home Office,791.46
1433,2014-09-17,1715.16,Home Office,377.28
1435,2014-05-26,1182.6,Consumer,106.32
1436,2014-02-07,2830.425,Home Office,-1981.395
1437,2014-05-07,627.168,Consumer,70.5564
1439,2014-11-12,2863.35,Consumer,381.75
1445,2014-10-29,1015.92,Consumer,-24.03
1446,2014-06-12,726.78,Corporate,319.74
1451,2014-12-27,829.22,Consumer,49.7
1454,2014-10-13,2077.32,Home Office,394.68
1456,2014-07-24,932.985,Home Office,165.735
1460,2014-12-19,1704.56,Consumer,511.368
1464,2014-11-05,1123.08,Corporate,224.58
1466,2014-05-20,1274.7,Consumer,140.16
1470,2014-09-12,1471.96,Consumer,459.9875
1471,2014-12-15,2534.0175,Consumer,136.2375
1475,2014-06-20,967.896,Consumer,247.296
1477,2014-08-13,811.23,Corporate,153.93
1479,2014-12-27,750.68,Corporate,37.534
1482,2014-12-01,663.936,Home Office,82.992
1483,2014-10-27,709.56,Consumer,212.76
1485,2014-08-15,1161.16,Consumer,452.76
1493,2014-12-25,1762.68,Consumer,669.72
1494,2014-04-16,610.6,Consumer,238.12
1498,2014-11-01,1808.757,Corporate,155.457
1499,2014-12-24,2386.125,Consumer,381.675
1505,2014-08-08,1473.1,Consumer,412.468
1506,2014-11-26,578.2,Corporate,0.0
1508,2014-07-04,501.9,Consumer,215.7
1511,2014-01-24,1699.56,Consumer,441.72
1518,2014-01-03,695.7,Corporate,-27.828
1520,2014-11-12,1275.0,Consumer,357.0
1522,2014-09-05,1054.74,Consumer,379.68
1526,2014-02-08,756.6,Corporate,332.88
1527,2014-11-24,783.99,Consumer,337.14
1529,2014-05-23,321.728,Home Office,-8.112
1533,2014-11-29,1049.2,Home Office,272.792
1536,2014-12-02,963.9,Home Office,269.82
1539,2014-04-10,478.24,Consumer,219.9904
1544,2014-03-26,842.76,Consumer,210.6
1545,2014-01-17,1770.6,Home Office,495.75
1550,2014-04-21,1958.04,Corporate,509.04
1552,2014-06-19,1168.65,Corporate,292.11
1553,2014-09-25,520.464,Consumer,-14.8704
1555,2014-12-27,652.68,Corporate,169.68
1556,2014-09-18,698.04112,Consumer,131.48112
1559,2014-01-29,581.4,Consumer,273.24
1560,2014-04-28,1447.8135,Home Office,596.0535
1561,2014-07-15,1889.946,Consumer,-377.9892
1562,2014-10-12,1275.0,Corporate,140.22
1571,2014-05-21,704.76,Consumer,162.0948
1572,2014-11-27,979.95,Consumer,264.5865
1573,2014-06-17,798.75,Corporate,311.49
1576,2014-12-29,725.84,Corporate,210.4936
1578,2014-01-04,1002.9105,Corporate,-329.8095
1581,2014-12-30,1830.78,Consumer,768.88
1583,2014-09-23,1071.0,Consumer,171.36
1585,2014-09-02,2452.275,Corporate,190.575
1586,2014-03-28,1023.332,Consumer,-30.098
1587,2014-08-29,1216.53,Consumer,304.08
1589,2014-09-23,391.98,Consumer,113.6742
1590,2014-11-24,1536.84,Consumer,614.7
1596,2014-08-01,2172.0768,Corporate,628.0368
1600,2014-11-18,2129.4954,Consumer,938.7954
1607,2014-09-19,972.81048,Home Office,36.93048
1612,2014-11-21,1429.26,Corporate,199.92
1613,2014-06-13,2571.12,Consumer,179.88
1614,2014-09-05,1322.352,Corporate,-99.1764
1615,2014-12-26,931.77,Home Office,214.29
1617,2014-04-22,868.95,Corporate,217.2
1621,2014-09-26,1315.68,Consumer,328.8
1622,2014-09-04,520.8,Corporate,10.29
1626,2014-09-16,1388.73,Corporate,680.4
1628,2014-08-24,785.61,Home Office,157.05
1632,2014-11-12,1158.12,Corporate,130.2885
1633,2014-02-12,963.136,Corporate,108.3528
1638,2014-10-03,1704.87,Corporate,409.14
1649,2014-06-30,1961.0352,Home Office,-147.6048
1651,2014-11-17,482.76,Consumer,183.33
1655,2014-05-21,1940.064,Home Office,339.444
1656,2014-12-10,576.2,Home Office,242.0
1658,2014-12-15,1199.98,Home Office,467.9922
1660,2014-11-03,590.352,Home Office,206.6232
1665,2014-12-05,897.156,Corporate,-10.044
1677,2014-11-25,1409.04,Consumer,436.77
1678,2014-11-26,517.80624,Consumer,-118.11376
1679,2014-11-11,834.9,Consumer,267.15
1685,2014-09-05,1180.44,Consumer,519.3
1687,2014-01-18,840.56,Consumer,243.74
1688,2014-10-13,542.484,Consumer,126.564
1689,2014-10-28,1269.72,Consumer,88.74
1692,2014-05-15,899.43,Consumer,-12.849
1693,2014-11-25,1443.96,Home Office,375.4296
1695,2014-10-24,1935.104,Consumer,-411.216
1698,2014-05-17,2153.16,Consumer,861.24
1702,2014-12-03,286.86,Consumer,80.3208
1703,2014-10-20,1196.02,Home Office,478.38
1704,2014-05-26,1021.14,Corporate,387.9
1711,2014-08-06,1629.9075,Corporate,-802.4925
1719,2014-10-21,439.92,Consumer,197.88
1720,2014-06-26,871.4,Consumer,148.138
1725,2014-02-03,331.84,Home Office,23.2
1726,2014-12-25,378.66,Consumer,185.52
1727,2014-06-09,1052.16,Consumer,526.08
1736,2014-11-27,2679.12,Home Office,1098.24
1737,2014-07-05,1936.62,Home Office,445.41
1752,2014-07-17,636.06,Corporate,12.72
1753,2014-05-02,355.482,Consumer,-3.978
1758,2014-08-07,1218.24,Corporate,419.52
1761,2014-09-27,583.8,Home Office,-443.73
1769,2014-09-23,601.32,Corporate,246.48
1770,2014-05-08,1774.224,Corporate,492.624
1771,2014-07-29,1145.6,Corporate,100.24
1772,2014-06-02,967.552,Consumer,-205.608
1773,2014-09-27,931.176,Corporate,314.2719
1780,2014-05-16,2365.605,Consumer,551.955
1784,2014-05-27,1037.52,Consumer,456.48
1787,2014-11-16,872.13,Consumer,252.84
1790,2014-04-25,596.28,Consumer,29.76
1802,2014-11-14,2194.92,Consumer,1031.52
1804,2014-12-23,474.95,Consumer,142.485
1806,2014-09-10,1931.958,Corporate,-386.3916
1809,2014-06-23,1180.44,Consumer,519.3
1810,2014-08-02,1863.54,Corporate,708.12
1814,2014-12-22,532.5,Consumer,207.66
1816,2014-10-13,645.138,Consumer,157.698
1819,2014-07-24,399.95,Home Office,143.982
1820,2014-08-19,1496.16,Corporate,224.424
1821,2014-11-07,1464.12,Home Office,541.62
1823,2014-07-10,761.4,Corporate,266.49
1824,2014-02-27,1198.32,Corporate,0.0
1826,2014-10-01,1971.3456,Consumer,-813.6144
1831,2014-12-26,629.1,Home Office,301.968
1833,2014-08-11,1454.49,Consumer,378.1674
1837,2014-04-02,1156.68,Home Office,-12.96
1849,2014-10-03,1727.46,Consumer,690.9
1850,2014-08-28,823.8591,Corporate,97.3791
1851,2014-01-08,698.8995,Consumer,-32.2605
1852,2014-07-18,1194.165,Corporate,210.735
1855,2014-02-14,678.771,Consumer,-320.229
1858,2014-05-08,1046.376,Corporate,-52.344
1860,2014-09-12,634.95,Home Office,279.36
1863,2014-11-29,1007.232,Home Office,75.5424
1864,2014-09-12,447.3,Home Office,174.42
1868,2014-09-29,1468.44,Home Office,381.6
1869,2014-05-01,962.7345,Consumer,-385.1055
1875,2014-03-22,1718.1,Home Office,618.48
1876,2014-10-31,492.912,Corporate,73.932
1879,2014-03-12,561.54,Consumer,101.07
1880,2014-08-21,630.36,Consumer,222.36
1881,2014-03-29,795.48,Corporate,7.9548
1886,2014-07-22,578.79,Home Office,127.26
1888,2014-12-30,1207.84,Consumer,314.0384
1889,2014-05-08,951.72,Home Office,371.16
1890,2014-10-17,347.22,Consumer,83.16
1893,2014-12-26,1063.44,Home Office,63.63
1894,2014-11-06,1236.06,Consumer,-137.34
1899,2014-04-03,527.868,Consumer,73.788
1901,2014-05-10,1152.6459,Corporate,347.0859
1907,2014-02-20,1127.28,Consumer,225.36
1908,2014-11-28,1459.68,Consumer,-535.32
1910,2014-09-22,928.2,Corporate,222.74
1911,2014-01-15,334.9288,Home Office,42.9288
1917,2014-12-31,865.62,Consumer,51.84
1918,2014-07-05,1166.96,Consumer,-58.44
1919,2014-08-28,1488.424,Corporate,-297.6848
1922,2014-09-06,798.75,Consumer,239.58
1924,2014-11-20,744.0,Home Office,269.7
1926,2014-10-14,904.9,Consumer,253.372
1927,2014-08-07,1692.76768,Consumer,166.20768
1929,2014-12-11,1116.84,Consumer,0.0
1937,2014-06-06,470.376,Consumer,52.9173
1939,2014-03-27,2722.86,Consumer,408.24
1944,2014-06-03,808.731,Consumer,296.331
1945,2014-11-12,1846.11,Consumer,793.8
1946,2014-12-11,584.352,Home Office,160.632
1947,2014-09-17,802.2,Consumer,120.33
1949,2014-02-04,956.025,Corporate,-153.015
1950,2014-10-13,1762.3,Consumer,475.8
1958,2014-11-18,655.56,Home Office,91.53
1960,2014-11-22,1397.169,Home Office,155.169
1962,2014-09-25,596.7,Home Office,83.52
1963,2014-01-09,892.98,Corporate,80.3682
1967,2014-09-18,2086.98,Consumer,145.95
1970,2014-08-30,729.54,Consumer,320.94
1971,2014-12-11,1669.6,Consumer,116.872
1974,2014-05-22,892.269,Consumer,158.529
1980,2014-06-26,3200.73,Corporate,1216.02
1981,2014-10-06,714.72,Home Office,235.8
1984,2014-11-04,696.192,Consumer,121.832
1987,2014-11-18,662.775,Corporate,-212.175
1990,2014-05-21,1123.128,Consumer,70.1955
1994,2014-12-11,556.6,Consumer,22.2
1996,2014-10-13,2549.4,Consumer,280.32
2002,2014-06-04,1356.72,Corporate,433.92
2005,2014-08-13,1541.43,Corporate,445.23
2012,2014-06-25,1334.64,Consumer,373.68
2013,2014-04-09,2591.56,Home Office,621.9744
2020,2014-06-07,1811.34,Consumer,0.0
2025,2014-02-25,1652.4,Consumer,679.32
2030,2014-08-19,1629.45,Consumer,-153.36
2035,2014-04-01,2135.28,Consumer,21.12
2040,2014-02-07,541.518,Consumer,165.618
2049,2014-01-16,1377.0,Consumer,179.01
2050,2014-01-30,1272.6,Corporate,470.82
2053,2014-10-28,1718.0004,Home Office,372.5604
2061,2014-12-11,1162.89,Corporate,11.61
2062,2014-04-03,1414.611,Corporate,235.521
2064,2014-09-12,1177.173,Consumer,405.423
2066,2014-11-05,523.764,Corporate,-192.0468
2071,2014-11-08,1571.22,Home Office,785.52
2073,2014-08-07,592.56,Corporate,-52.02
2074,2014-10-02,1703.76,Corporate,681.44
2077,2014-09-18,1926.72,Consumer,712.8
2078,2014-10-20,1759.5135,Consumer,624.3135
2079,2014-08-29,2320.64,Corporate,-203.06
2080,2014-10-07,1001.76,Corporate,50.06
2084,2014-06-09,394.272,Consumer,-256.288
2086,2014-11-27,616.815,Consumer,-382.455
2087,2014-11-26,678.96,Consumer,129.0
2088,2014-12-03,631.176,Consumer,-462.8624
2090,2014-12-11,553.92,Consumer,110.76
2091,2014-08-22,1842.66,Consumer,884.46
2093,2014-09-08,1513.56,Corporate,741.6
2095,2014-09-17,1031.1,Corporate,133.98
2096,2014-05-09,343.0971,Corporate,45.4671
2100,2014-11-21,990.12,Consumer,356.4
2101,2014-12-08,1889.99,Corporate,-2929.4845
2106,2014-12-26,1271.97,Corporate,368.82
2107,2014-02-23,445.62,Consumer,218.34
2108,2014-07-22,737.64,Home Office,125.28
2114,2014-11-28,1277.82,Home Office,-0.08
2125,2014-05-08,846.288,Corporate,56.358
2129,2014-07-29,576.0,Home Office,270.72
2147,2014-12-25,313.35,Corporate,-12.6
2148,2014-07-21,1187.64,Consumer,213.66
2149,2014-09-05,949.104,Consumer,-105.456
2154,2014-11-13,636.489,Corporate,109.089
2156,2014-06-09,741.852,Consumer,197.772
2157,2014-03-12,895.92,Consumer,421.0824
2160,2014-02-12,1564.56,Corporate,782.28
2162,2014-06-17,1302.96,Consumer,521.16
2165,2014-10-03,1575.14,Home Office,204.7682
2166,2014-10-20,1633.188,Home Office,-1306.5504
2171,2014-09-02,1285.56,Consumer,51.42
2173,2014-06-19,917.9235,Consumer,75.5937
2182,2014-02-24,471.0,Consumer,226.05
2183,2014-05-09,309.8844,Corporate,-142.7556
2191,2014-12-08,2070.0,Corporate,82.8
2194,2014-08-29,871.98,Corporate,322.62
2196,2014-08-05,1076.247,Corporate,227.097
2197,2014-08-19,1054.02,Corporate,337.26
2203,2014-01-29,1611.0,Home Office,64.44
2205,2014-07-30,1363.905,Home Office,-1864.095
2206,2014-04-23,666.84,Consumer,133.36
2210,2014-07-17,1049.616,Consumer,-314.904
2211,2014-12-15,666.72,Consumer,133.2
2213,2014-09-15,589.41,Home Office,-6.549
2216,2014-02-11,318.675,Consumer,-312.375
2219,2014-10-13,1616.0625,Consumer,113.9625
2222,2014-01-21,867.96,Consumer,86.76
2224,2014-11-14,2068.335,Consumer,206.685
2226,2014-12-30,433.98,Consumer,-166.47
2228,2014-11-29,1979.89,Corporate,494.9725
2229,2014-08-11,1955.124,Home Office,608.244
2230,2014-09-04,590.94,Corporate,118.17
2233,2014-03-15,793.5879,Home Office,238.9779
2234,2014-03-18,1487.724,Consumer,-488.916
2240,2014-09-02,1117.701,Consumer,206.301
2243,2014-12-01,1242.9,Home Office,262.39
2244,2014-07-02,1838.1,Consumer,533.04
2245,2014-06-16,1436.5212,Corporate,587.1612
2247,2014-04-12,1000.26,Corporate,90.0
2249,2014-11-29,738.288,Consumer,-166.152
2253,2014-06-09,398.88,Consumer,143.52
2254,2014-12-23,290.7,Corporate,93.0
2255,2014-08-26,1006.5897,Home Office,-110.4003
2257,2014-09-18,1415.76,Home Office,88.485
2261,2014-04-11,972.81048,Consumer,36.93048
2263,2014-08-22,879.6,Consumer,96.72
2267,2014-09-16,782.94,Consumer,203.5644
2268,2014-11-26,1839.18,Consumer,238.98
2269,2014-03-20,1272.48,Consumer,458.04
2276,2014-12-03,1590.66,Corporate,540.72
2278,2014-10-17,898.38,Home Office,116.76
2282,2014-11-21,1275.12,Consumer,-1147.65
2284,2014-08-08,1102.536,Consumer,-275.634
2287,2014-02-24,896.886,Corporate,219.186
2291,2014-03-14,547.83,Consumer,153.36
2292,2014-09-19,415.08,Consumer,58.08
2293,2014-06-30,1008.0,Consumer,433.44
2302,2014-05-15,1001.7,Home Office,80.1
2304,2014-11-14,689.136,Consumer,-226.464
2306,2014-12-13,410.88,Consumer,-191.84
2311,2014-10-17,1482.84836,Consumer,308.94836
2312,2014-12-25,1003.62,Consumer,0.0
2320,2014-03-26,736.5,Corporate,0.0
2323,2014-01-23,2999.95,Home Office,1379.977
2324,2014-12-08,1192.8,Corporate,-1580.46
2328,2014-09-17,1854.495,Home Office,432.645
2329,2014-07-12,778.6935,Consumer,119.0835
2330,2014-10-08,851.57344,Corporate,356.61344
2333,2014-01-13,743.58,Home Office,371.7
2338,2014-04-18,716.1,Consumer,343.65
2339,2014-12-23,1758.0,Consumer,70.32
2347,2014-04-18,2549.985,Home Office,-3399.98
2349,2014-09-25,655.9,Corporate,275.478
2351,2014-08-22,654.6,Home Office,98.16
2352,2014-12-27,842.32,Corporate,-200.08
2354,2014-11-11,550.128,Consumer,143.088
2355,2014-08-20,2544.96,Home Office,1068.84
2356,2014-06-20,760.116,Corporate,-43.4352
2360,2014-07-19,831.789,Consumer,-0.081
2367,2014-04-07,1060.56,Consumer,-35.52
2369,2014-09-18,580.72,Corporate,40.6
2370,2014-01-15,877.92,Consumer,280.8
2374,2014-06-04,413.64,Corporate,198.54
2378,2014-01-20,887.271,Consumer,-63.3765
2381,2014-11-21,1837.56,Consumer,-114.99
2382,2014-12-10,3445.344,Corporate,-775.376
2389,2014-11-25,727.5,Home Office,121.2
2391,2014-06-18,587.16,Consumer,146.76
2392,2014-10-30,659.54,Consumer,151.62
2393,2014-06-17,1134.21,Corporate,249.48
2398,2014-08-16,1028.601,Corporate,-220.419
2400,2014-09-03,1199.8,Home Office,323.946
2408,2014-07-10,561.12,Home Office,84.0
2413,2014-11-21,1078.08,Consumer,452.76
2416,2014-01-11,2243.88,Consumer,246.72
2418,2014-08-23,578.136,Consumer,231.216
2422,2014-09-26,877.38,Home Office,394.8
2424,2014-11-13,671.984,Home Office,50.3988
2426,2014-08-22,815.796,Consumer,-95.994
2428,2014-10-14,348.56,Consumer,104.568
2430,2014-12-13,1070.16,Consumer,321.0
2433,2014-07-22,1101.33,Consumer,319.14
2437,2014-10-08,1115.91,Consumer,200.8638
2440,2014-09-29,848.07,Home Office,310.95
2443,2014-02-06,1867.136,Consumer,-93.504
2446,2014-10-07,378.405,Home Office,113.505
2447,2014-11-10,1019.904,Corporate,-408.016
2448,2014-09-30,720.42,Consumer,201.66
2452,2014-04-15,1354.95,Corporate,108.3
2462,2014-05-07,868.959,Home Office,187.119
2465,2014-09-01,569.568,Corporate,7.1196
2475,2014-06-16,2239.936,Corporate,223.9936
2476,2014-12-26,1820.7,Corporate,436.94
2491,2014-09-25,735.408,Home Office,82.728
2502,2014-12-01,1781.682,Consumer,-653.2834
2504,2014-11-06,2080.32,Home Office,603.24
2506,2014-10-10,640.08,Consumer,185.5
2509,2014-08-29,1274.3625,Corporate,314.8125
2510,2014-10-27,444.5415,Consumer,135.9315
2514,2014-05-07,772.68,Corporate,-57.951
2515,2014-12-17,275.52,Corporate,49.58
2516,2014-12-09,1052.433,Consumer,-81.927
2520,2014-11-10,2408.0925,Consumer,339.8925
2521,2014-09-11,930.0,Consumer,158.1
2522,2014-07-04,1301.44,Corporate,598.56
2524,2014-09-19,918.78,Consumer,0.0
2525,2014-03-17,445.44,Home Office,-81.664
2527,2014-09-15,2180.34,Consumer,959.22
2531,2014-11-12,3221.4,Consumer,1127.49
2535,2014-11-25,1387.68,Consumer,242.78
2536,2014-06-21,858.96,Home Office,34.2
2537,2014-08-04,613.89,Consumer,171.81
2545,2014-08-13,1218.45,Consumer,268.05
2547,2014-04-16,1393.875,Consumer,572.925
2549,2014-12-16,1058.1,Home Office,73.95
2552,2014-01-16,1040.22,Consumer,405.54
2553,2014-11-03,1380.6,Home Office,55.17
2557,2014-10-29,832.842,Consumer,212.832
2565,2014-04-23,548.64,Consumer,0.0
2567,2014-10-18,1192.56,Home Office,59.52
2574,2014-06-20,1094.22,Consumer,328.23
2575,2014-12-17,575.96,Corporate,120.82
2576,2014-12-04,785.91,Corporate,-18.54
2582,2014-04-23,1543.44,Consumer,370.32
2586,2014-01-24,970.048,Corporate,-36.432
2587,2014-12-23,1109.052,Home Office,86.202
2590,2014-08-04,1167.48,Consumer,431.82
2596,2014-05-25,951.0426,Corporate,-646.0974
2597,2014-09-02,1297.62,Consumer,64.8
2603,2014-02-12,1822.536,Consumer,385.776
2611,2014-08-13,1497.44,Home Office,299.44
2613,2014-06-27,967.552,Corporate,-205.608
2614,2014-07-27,1649.95,Corporate,659.98
2616,2014-04-07,1250.235,Corporate,486.045
2617,2014-06-21,598.104,Corporate,166.104
2618,2014-08-08,555.6,Corporate,177.7
2619,2014-12-17,1813.5,Home Office,145.08
2620,2014-07-09,500.13,Corporate,45.0
2622,2014-04-16,1431.4725,Consumer,-343.5975
2623,2014-01-10,1621.9275,Corporate,95.3775
2626,2014-03-26,898.74,Corporate,134.73
2630,2014-07-03,993.25408,Consumer,-3.40592
2633,2014-09-03,476.28,Consumer,204.66
2634,2014-07-15,2525.184,Consumer,-294.816
2645,2014-08-22,765.0,Corporate,-153.0
2649,2014-08-28,1100.16,Home Office,164.88
2651,2014-09-25,1258.7774,Home Office,375.7774
2652,2014-01-03,913.43,Consumer,-169.637
2656,2014-10-03,483.2,Home Office,57.96
2657,2014-09-06,461.052,Corporate,61.452
2661,2014-10-06,955.5,Home Office,276.99
2662,2014-02-17,735.39,Consumer,-235.35
2665,2014-10-28,642.6336,Home Office,105.5136
2668,2014-12-27,1010.34,Corporate,-44.94
2670,2014-09-06,870.24,Consumer,304.56
2673,2014-08-07,655.35,Consumer,72.0
2675,2014-03-17,1481.7,Corporate,711.0
2682,2014-09-26,769.68,Consumer,323.19
2686,2014-10-31,1702.12,Consumer,510.636
2687,2014-09-29,1059.237,Home Office,235.377
2689,2014-05-16,1601.46,Consumer,15.84
2692,2014-03-08,474.18,Corporate,18.9
2695,2014-11-18,1318.38,Consumer,382.2
2698,2014-07-21,609.52,Consumer,-411.48
2699,2014-11-13,1187.64,Home Office,23.58
2701,2014-02-20,2042.544,Corporate,255.234
2706,2014-10-17,1096.326,Corporate,-657.804
2710,2014-06-17,1859.55,Corporate,18.48
2712,2014-10-09,535.68,Consumer,246.36
2713,2014-12-01,1414.53,Consumer,-106.47
2715,2014-05-20,828.36,Consumer,230.1
2717,2014-06-30,307.314,Consumer,-39.5118
2722,2014-08-12,414.75,Consumer,8.19
2723,2014-11-10,215.976,Corporate,-2.6997
2724,2014-09-12,406.6,Consumer,113.848
2725,2014-10-30,758.85924,Corporate,21.27924
2727,2014-06-18,590.1174,Consumer,69.7374
2728,2014-04-01,671.93,Home Office,188.1404
2730,2014-12-25,1649.25488,Consumer,277.53488
2732,2014-02-28,545.4,Consumer,60.6
2736,2014-12-11,914.34,Corporate,356.58
2738,2014-06-28,240.0,Home Office,88.8
2740,2014-12-08,676.8,Consumer,162.24
2745,2014-08-08,707.88,Consumer,44.2425
2747,2014-08-20,689.22,Consumer,96.48
2750,2014-07-03,854.28,Consumer,196.35
2753,2014-06-03,714.42,Consumer,277.74
2754,2014-05-07,881.55,Home Office,185.04
2755,2014-02-20,724.248,Corporate,-446.712
2756,2014-09-15,1119.582,Consumer,198.882
2757,2014-01-11,1290.6,Corporate,25.65
2761,2014-12-17,1058.25,Corporate,-24.99
2766,2014-09-16,1715.91,Home Office,308.7
2770,2014-06-01,414.66,Home Office,107.76
2771,2014-03-08,1078.08,Consumer,323.4
2773,2014-05-20,488.88,Consumer,141.66
2775,2014-06-30,514.548,Home Office,-720.372
2783,2014-11-17,1549.296,Corporate,-438.984
2788,2014-09-05,605.61,Corporate,-1150.83
2791,2014-07-04,545.85,Consumer,114.6285
2793,2014-10-31,614.272,Consumer,-23.0352
2794,2014-04-12,1603.071,Corporate,-0.189
2795,2014-10-04,822.96,Home Office,189.18
2798,2014-09-26,2171.3,Consumer,390.8
2803,2014-01-01,677.4075,Consumer,-111.6225
2804,2014-06-04,536.43,Home Office,91.17
2813,2014-03-27,500.7,Home Office,30.0
2815,2014-10-09,1174.08,Consumer,222.96
2817,2014-11-05,342.09,Consumer,153.93
2821,2014-08-14,2124.72,Consumer,233.64
2827,2014-07-16,872.94,Corporate,157.1292
2829,2014-08-22,568.728,Consumer,28.4364
2831,2014-03-26,569.07,Consumer,187.74
2837,2014-03-13,969.36,Consumer,348.81
2843,2014-10-01,319.98,Home Office,143.97
2848,2014-01-06,1828.71,Home Office,-56.43
2849,2014-05-19,987.957,Home Office,43.857
2851,2014-11-17,292.2,Corporate,119.76
2852,2014-08-02,1439.982,Corporate,-263.9967
2854,2014-02-14,1051.7175,Consumer,308.4975
2855,2014-06-06,619.2,Home Office,108.36
2856,2014-04-24,1337.634,Consumer,311.994
2857,2014-01-15,284.16,Home Office,113.64
2858,2014-10-23,579.136,Consumer,-28.9568
2860,2014-12-02,1502.976,Corporate,-225.504
2861,2014-04-30,1048.35,Corporate,-69.89
2862,2014-08-02,785.088,Consumer,52.308
2866,2014-04-29,794.736,Corporate,99.336
2867,2014-12-18,1693.3,Consumer,220.08
2870,2014-11-25,1130.76,Consumer,414.6
2873,2014-03-25,717.408,Corporate,224.028
2879,2014-10-03,2314.116,Home Office,-1002.7836
2881,2014-05-09,1094.22,Consumer,317.16
2882,2014-11-11,931.176,Corporate,314.2719
2883,2014-07-03,1293.75,Consumer,51.75
2885,2014-06-23,992.16,Home Office,248.04
2887,2014-10-03,985.2,Consumer,78.72
2890,2014-06-30,517.92,Consumer,176.04
2892,2014-02-24,997.29,Corporate,9.87
2893,2014-08-27,999.9639,Home Office,268.8039
2898,2014-11-04,513.12,Corporate,-153.98
2900,2014-08-09,964.17,Consumer,-887.04
2907,2014-09-29,1242.36,Consumer,285.72
2908,2014-10-03,1174.56,Consumer,340.56
2912,2014-08-19,487.38,Consumer,107.22
2914,2014-03-14,1332.496,Consumer,-299.8116
2915,2014-11-10,1192.3106,Corporate,57.3106
2917,2014-12-30,457.164,Consumer,65.934
2919,2014-12-23,2379.618,Home Office,740.178
2921,2014-12-19,965.0475,Corporate,-68.1525
2923,2014-10-10,772.776,Consumer,-257.604
2925,2014-01-14,596.4,Consumer,101.28
2927,2014-03-27,1031.04,Corporate,72.0
2930,2014-09-11,636.15,Corporate,311.7
2942,2014-09-04,613.89,Consumer,153.45
2944,2014-08-18,362.151,Consumer,36.171
2945,2014-05-23,1286.67,Consumer,-2380.35
2947,2014-10-22,683.952,Home Office,42.747
2957,2014-09-24,620.298,Corporate,20.538
2959,2014-03-26,479.984,Consumer,59.998
2960,2014-08-28,849.75,Home Office,203.85
2962,2014-06-02,815.6286,Consumer,43.8486
2963,2014-12-10,1105.92,Consumer,-41.52
2968,2014-09-23,749.49,Corporate,307.23
2969,2014-07-04,1065.96,Corporate,468.96
2975,2014-09-23,980.91,Home Office,210.15
2976,2014-08-07,1708.74,Home Office,563.85
2977,2014-12-15,591.948,Corporate,216.888
2981,2014-08-02,610.47,Home Office,208.26
2982,2014-11-18,551.04,Corporate,99.16
2983,2014-12-15,458.16,Consumer,57.26
2985,2014-11-14,651.48,Consumer,260.58
2987,2014-08-26,246.48,Consumer,14.76
2989,2014-08-25,457.7616,Consumer,-82.8384
2998,2014-03-17,879.0,Home Office,35.16
3006,2014-08-08,876.3,Consumer,14.6
3008,2014-03-31,812.88,Consumer,251.88
3011,2014-06-12,1227.03,Corporate,73.5
3012,2014-12-18,459.63,Consumer,87.3
3013,2014-11-18,448.48,Corporate,49.28
3015,2014-08-28,490.32,Home Office,-127.68
3021,2014-07-08,527.92,Consumer,85.787
3022,2014-10-17,891.5256,Consumer,109.4856
3031,2014-08-07,824.95,Home Office,247.485
3032,2014-06-02,378.45,Home Office,34.05
3037,2014-11-05,1359.96,Corporate,118.9965
3038,2014-10-29,618.56,Corporate,235.04
3047,2014-06-05,1320.0,Consumer,488.4
3048,2014-06-30,409.9992,Consumer,-96.4704
3049,2014-08-01,795.6,Consumer,222.72
3053,2014-06-30,469.12,Home Office,220.48
3055,2014-12-09,759.66,Consumer,91.14
3056,2014-08-01,512.7,Consumer,199.92
3059,2014-04-22,908.82,Consumer,227.205
3062,2014-08-29,1137.75,Home Office,250.305
3064,2014-04-22,895.05,Home Office,39.75
3065,2014-11-20,718.116,Corporate,-71.8116
3070,2014-06-04,1099.5,Corporate,362.835
3071,2014-12-04,1515.24,Home Office,560.52
3072,2014-10-19,768.366,Home Office,-41.334
3078,2014-02-19,1272.6,Corporate,279.96
3081,2014-08-02,242.856,Consumer,-137.664
3092,2014-09-09,685.44,Home Office,280.92
3093,2014-10-28,429.92,Home Office,116.0
3096,2014-11-12,412.56,Corporate,56.7
3098,2014-05-20,602.28,Consumer,228.84
3102,2014-09-22,333.78,Consumer,83.4
3104,2014-06-28,831.24,Consumer,365.64
3105,2014-11-29,973.32,Corporate,9.72
3108,2014-01-16,461.6,Corporate,180.0
3116,2014-01-07,3810.996,Consumer,-42.504
3125,2014-10-20,465.24,Corporate,139.56
3129,2014-04-09,252.18,Corporate,42.84
3132,2014-01-13,1301.25,Consumer,572.55
3134,2014-01-06,919.89,Home Office,303.48
3135,2014-04-08,684.16,Consumer,0.0
3139,2014-06-09,805.707,Corporate,17.787
3147,2014-05-07,1104.48,Consumer,-690.3
3150,2014-12-01,657.776,Home Office,-65.884
3152,2014-12-07,418.446,Consumer,69.636
3155,2014-12-08,747.36,Consumer,-41.52
3157,2014-07-12,746.82,Consumer,8.28
3158,2014-05-28,1877.16,Consumer,525.6
3162,2014-10-06,799.47,Home Office,199.8
3167,2014-11-16,2503.872,Consumer,834.552
3174,2014-01-25,575.856,Corporate,243.096
3176,2014-10-20,300.18,Corporate,33.0
3180,2014-07-23,439.5,Consumer,17.58
3184,2014-05-08,374.85,Consumer,123.69
3185,2014-09-04,419.4,Home Office,201.312
3188,2014-12-23,839.43,Consumer,218.2518
3191,2014-11-25,977.292,Corporate,173.7408
3192,2014-09-08,1577.94,Home Office,757.4112
3198,2014-10-13,1350.99,Corporate,111.15
3204,2014-11-13,633.48,Consumer,69.66
3205,2014-12-12,865.62,Home Office,34.56
3207,2014-08-25,646.272,Consumer,64.6272
3212,2014-12-10,1380.1,Consumer,648.6
3215,2014-01-14,537.6,Consumer,134.4
3217,2014-04-08,526.62,Corporate,10.5
3226,2014-07-04,529.32,Corporate,264.66
3227,2014-07-05,714.72,Consumer,235.8
3231,2014-12-26,663.39,Home Office,-255.96
3233,2014-04-26,476.361,Consumer,-0.009
3240,2014-09-08,875.61,Consumer,-227.88
3247,2014-08-26,607.14,Consumer,36.36
3249,2014-05-31,296.34,Consumer,41.46
3250,2014-09-26,956.664,Consumer,201.864
3252,2014-02-26,1918.98,Home Office,633.22
3254,2014-09-03,1173.42,Home Office,129.06
3257,2014-12-15,1473.408,Consumer,-1694.592
3262,2014-08-26,410.88,Corporate,12.24
3263,2014-01-17,714.204,Consumer,309.444
3265,2014-04-14,1578.636,Corporate,613.836
3266,2014-08-22,624.24,Corporate,31.2
3269,2014-10-25,1234.359,Home Office,-0.021
3272,2014-11-21,825.792,Consumer,41.232
3277,2014-12-25,1135.8,Consumer,90.84
3279,2014-02-18,1539.36,Consumer,646.38
3282,2014-08-27,892.5768,Home Office,393.4368
3283,2014-11-20,643.8852,Home Office,-337.2948
3287,2014-08-19,843.9,Corporate,371.316
3292,2014-08-05,528.444,Consumer,88.044
3293,2014-09-19,548.694,Corporate,127.944
3296,2014-08-04,1745.34,Consumer,122.16
3298,2014-06-17,2114.64,Corporate,23.49
3300,2014-10-08,1695.87,Consumer,-37.83
3301,2014-07-01,627.9,Consumer,31.35
3302,2014-09-18,555.228,Corporate,141.888
3304,2014-10-20,1158.408,Consumer,435.888
3307,2014-06-24,1236.465,Consumer,-96.255
3315,2014-12-09,385.76,Consumer,38.56
3317,2014-11-26,1157.22,Consumer,300.78
3319,2014-06-30,1227.717,Home Office,13.617
3323,2014-12-05,1262.925,Home Office,-56.175
3326,2014-11-14,1174.56,Consumer,187.92
3328,2014-08-14,1316.448,Home Office,-526.722
3331,2014-08-29,636.36,Home Office,203.58
3332,2014-10-14,381.78,Consumer,183.12
3334,2014-06-05,756.6,Consumer,332.88
3336,2014-10-24,823.96,Consumer,51.4975
3337,2014-01-24,1226.52,Corporate,404.64
3343,2014-12-17,637.5,Consumer,178.5
3344,2014-12-29,516.0,Consumer,-392.16
3345,2014-03-22,706.65,Home Office,204.9
3348,2014-06-21,878.904,Corporate,-0.216
3349,2014-03-31,1272.12,Corporate,292.56
3354,2014-11-08,637.335,Home Office,113.235
3357,2014-08-04,504.36,Consumer,65.52
3361,2014-01-29,853.344,Consumer,-42.696
3362,2014-06-19,1360.62,Corporate,-979.65
3364,2014-09-17,408.3,Home Office,44.88
3367,2014-12-19,1599.9,Corporate,719.85
3370,2014-11-21,637.35,Consumer,70.08
3371,2014-12-15,764.28,Consumer,183.36
3372,2014-06-18,540.192,Consumer,141.792
3375,2014-09-13,1074.8,Consumer,290.0
3376,2014-11-20,868.64,Home Office,26.04
3379,2014-08-11,397.89,Home Office,19.89
3383,2014-09-02,852.498,Corporate,189.438
3391,2014-07-03,672.72,Consumer,60.48
3398,2014-06-29,1391.76,Consumer,97.38
3399,2014-07-29,504.0756,Corporate,12.0756
3405,2014-01-20,568.47,Corporate,284.22
3409,2014-08-21,412.695,Corporate,-313.875
3412,2014-10-28,972.864,Consumer,32.424
3414,2014-05-01,653.13,Home Office,-7.29
3417,2014-06-04,594.27,Consumer,89.1
3418,2014-06-23,822.852,Consumer,-411.498
3419,2014-05-19,744.066,Consumer,24.786
3421,2014-10-13,1291.65,Consumer,413.25
3422,2014-09-18,925.23,Consumer,305.31
3423,2014-07-14,574.47,Consumer,143.55
3427,2014-09-18,389.655,Consumer,-83.145
3431,2014-11-08,1193.4,Consumer,286.38
3432,2014-12-04,345.28,Consumer,117.36
3436,2014-10-16,667.56,Corporate,153.48
3438,2014-09-11,1781.19,Corporate,35.37
3439,2014-10-14,1268.96,Consumer,583.68
3442,2014-11-20,333.9,Home Office,153.58
3446,2014-11-18,262.528,Home Office,-29.552
3449,2014-11-17,899.982,Corporate,74.9985
3454,2014-05-19,1034.88,Consumer,455.2
3458,2014-05-26,634.24,Corporate,15.84
3460,2014-12-15,308.7,Consumer,77.04
3463,2014-05-29,429.48,Consumer,85.86
3467,2014-12-08,1022.22,Corporate,-22.74
3471,2014-07-25,1127.76,Corporate,112.68
3472,2014-09-11,397.44,Consumer,15.84
3474,2014-05-24,1486.53,Home Office,624.33
3475,2014-09-16,512.96,Corporate,143.6288
3476,2014-04-14,895.92,Corporate,302.373
3484,2014-11-21,432.6,Corporate,47.52
3487,2014-01-07,1788.588,Consumer,99.348
3488,2014-07-29,1744.64,Consumer,17.44
3489,2014-12-09,1336.829,Consumer,31.4548
3491,2014-09-29,1274.7,Consumer,293.16
3492,2014-09-05,327.12,Home Office,-39.27
3493,2014-07-21,229.056,Consumer,8.556
3496,2014-08-28,347.97,Home Office,100.9113
3497,2014-12-12,520.464,Consumer,-14.8704
3512,2014-11-13,370.782,Corporate,-92.6955
3513,2014-08-08,773.55,Consumer,170.1
3517,2014-09-06,1239.84,Consumer,223.11
3527,2014-02-21,805.896,Home Office,-35.994
3535,2014-03-31,745.686,Corporate,182.226
3536,2014-05-27,828.06,Consumer,405.72
3540,2014-09-29,881.55,Corporate,185.04
3542,2014-11-22,1039.992,Consumer,103.9992
3543,2014-05-19,1285.56,Consumer,89.94
3545,2014-06-09,1579.92,Home Office,142.08
3546,2014-08-08,264.384,Corporate,-23.556
3548,2014-01-08,769.86,Consumer,59.22
3550,2014-11-26,740.7,Consumer,103.68
3553,2014-03-07,692.44,Corporate,6.92
3554,2014-09-11,1094.22,Consumer,328.23
3555,2014-06-18,458.4,Consumer,73.32
3556,2014-02-25,1319.8,Corporate,214.4675
3565,2014-02-13,1726.65,Home Office,414.3
3568,2014-06-18,370.818,Consumer,-41.202
3571,2014-06-28,199.08,Corporate,65.52
3572,2014-02-28,1272.42,Corporate,356.22
3573,2014-11-26,424.8,Corporate,182.55
3576,2014-04-14,821.52,Consumer,262.88
3577,2014-07-11,972.64,Corporate,58.32
3588,2014-10-31,959.104,Corporate,11.984
3589,2014-12-10,526.5,Consumer,231.6
3590,2014-12-31,1048.7313,Corporate,-1195.2387
3591,2014-11-24,814.374,Corporate,217.134
3598,2014-08-05,781.224,Consumer,-599.616
3599,2014-08-23,1221.48,Corporate,342.0
3600,2014-12-04,189.6,Home Office,68.16
3603,2014-07-01,1085.42,Corporate,282.2092
3604,2014-12-18,1656.72,Consumer,460.2
3605,2014-09-11,406.98,Home Office,138.84
3607,2014-11-03,672.96,Consumer,228.72
3611,2014-06-18,835.056,Consumer,-27.864
3614,2014-11-19,929.988,Corporate,227.268
3616,2014-06-25,370.6425,Corporate,74.0925
3618,2014-11-07,811.104,Home Office,-20.376
3620,2014-12-23,695.16,Corporate,34.758
3627,2014-11-03,452.55,Home Office,22.6275
3629,2014-12-25,962.4712,Consumer,335.5912
3638,2014-09-04,1378.56,Consumer,441.12
3644,2014-11-14,720.064,Consumer,-63.0056
3654,2014-05-29,1893.888,Consumer,-221.112
3660,2014-10-07,910.8,Consumer,355.2
3662,2014-02-14,573.48,Corporate,200.64
3666,2014-07-09,525.69,Corporate,162.96
3672,2014-09-27,826.56,Corporate,-303.14
3678,2014-08-20,1272.42,Home Office,-1094.34
3679,2014-05-15,877.02,Home Office,394.62
3681,2014-12-25,848.08,Home Office,330.72
3682,2014-06-10,559.062,Consumer,173.922
3686,2014-07-18,816.72,Corporate,48.96
3688,2014-08-22,1244.16,Corporate,211.5
3689,2014-03-26,1526.56,Corporate,427.4368
3690,2014-11-04,760.2,Corporate,288.84
3691,2014-08-04,622.2,Consumer,124.35
3693,2014-12-04,521.96,Home Office,88.7332
3694,2014-10-25,517.405,Consumer,-81.3065
3695,2014-10-08,505.90616,Consumer,14.18616
3699,2014-01-03,1256.445,Corporate,488.595
3701,2014-04-26,950.4,Corporate,171.0
3703,2014-12-29,972.864,Consumer,205.344
3705,2014-05-01,677.58,Corporate,-158.102
3707,2014-06-08,578.79,Consumer,138.87
3709,2014-07-07,1026.90208,Consumer,131.70208
3711,2014-04-17,477.24,Corporate,9.5448
3713,2014-11-28,643.1508,Home Office,117.5508
3714,2014-12-10,223.398,Corporate,89.358
3717,2014-04-21,848.544,Home Office,-21.2136
3718,2014-02-12,655.452,Consumer,240.252
3720,2014-06-23,806.68,Consumer,338.8
3724,2014-12-24,1314.432,Consumer,377.832
3727,2014-03-18,1076.406,Corporate,-38.034
3733,2014-11-22,1162.89,Consumer,81.36
3736,2014-09-16,1209.45,Home Office,241.8
3737,2014-09-11,829.32,Home Office,215.52
3738,2014-12-09,531.36,Corporate,255.04
3739,2014-09-05,478.8404,Corporate,195.7204
3740,2014-06-09,381.576,Corporate,28.6182
3742,2014-05-05,853.65,Consumer,221.85
3743,2014-09-26,603.42,Consumer,54.3
3745,2014-02-18,951.8376,Home Office,35.8176
3747,2014-10-18,1123.1703,Consumer,-196.3197
3750,2014-09-03,642.69,Consumer,244.2
3753,2014-08-04,1533.9,Consumer,414.15
3756,2014-11-04,891.99,Consumer,445.83
3757,2014-11-22,578.976,Consumer,-125.504
3758,2014-09-02,780.75,Consumer,343.53
3759,2014-11-20,821.88,Consumer,213.6888
3764,2014-10-21,269.64,Consumer,121.24
3767,2014-05-29,1244.16,Consumer,211.5
3772,2014-03-20,327.24,Corporate,156.96
3774,2014-03-29,532.72,Corporate,53.272
3775,2014-10-27,877.02,Corporate,394.62
3778,2014-03-31,325.86,Consumer,149.8956
3779,2014-05-19,1182.8296,Home Office,9.4296
3782,2014-01-13,323.82,Consumer,109.98
3783,2014-11-27,1175.4,Consumer,246.72
3785,2014-09-06,729.99,Consumer,364.95
3787,2014-06-11,493.38,Corporate,123.3
3799,2014-12-22,261.48,Consumer,107.16
3801,2014-11-17,496.53,Corporate,178.74
3802,2014-02-13,740.775,Corporate,-88.935
3803,2014-01-31,604.768,Home Office,60.4768
3804,2014-05-23,269.865,Consumer,77.955
3805,2014-10-31,720.42,Consumer,43.2
3807,2014-03-27,1048.194,Corporate,-284.526
3809,2014-10-10,652.45,Corporate,-430.617
3813,2014-09-12,1079.784,Consumer,275.904
3830,2014-10-20,246.3,Corporate,24.6
3838,2014-07-15,470.376,Consumer,52.9173
3842,2014-12-02,541.24,Corporate,5.4124
3844,2014-11-05,788.4,Corporate,291.6
3845,2014-10-01,204.912,Consumer,-122.968
3847,2014-06-10,765.0,Home Office,-331.5
3849,2014-06-06,1161.54,Home Office,-103.41
3853,2014-09-25,783.72,Home Office,31.22
3854,2014-11-26,723.92,Consumer,-81.441
3855,2014-08-29,986.37,Consumer,108.36
3860,2014-09-01,465.24,Home Office,213.96
3862,2014-05-26,341.55,Consumer,30.6
3863,2014-10-07,487.38,Home Office,107.22
3866,2014-12-03,382.41,Consumer,-752.13
3868,2014-08-28,243.69,Consumer,41.4
3869,2014-02-17,344.5425,Consumer,-45.9675
3871,2014-09-15,1137.2235,Consumer,-13.5765
3881,2014-11-20,351.339,Consumer,114.279
3886,2014-10-02,248.82,Home Office,59.7
3887,2014-11-05,911.358,Consumer,202.398
3888,2014-09-23,776.0,Consumer,290.96
3892,2014-01-21,1745.34,Corporate,122.16
3894,2014-11-05,1173.0492,Corporate,338.4492
3899,2014-09-24,637.416,Corporate,127.476
3909,2014-08-04,1327.2,Corporate,318.48
3913,2014-07-10,524.64,Home Office,241.28
3918,2014-07-02,734.4,Consumer,128.52
3919,2014-07-07,1164.375,Consumer,-201.825
3921,2014-11-21,517.92,Consumer,243.42
3928,2014-03-22,1805.88,Consumer,523.7052
3929,2014-09-23,691.96,Consumer,318.3016
3930,2014-01-29,415.08,Corporate,58.08
3934,2014-02-11,688.74,Corporate,6.63
3936,2014-06-12,377.6,Corporate,105.7
3938,2014-08-13,890.595,Consumer,-0.105
3941,2014-11-11,664.767,Consumer,162.477
3942,2014-10-30,1269.84,Corporate,545.82
3943,2014-06-13,514.2348,Consumer,192.0348
3944,2014-05-22,639.06,Corporate,313.11
3947,2014-05-08,799.2,Consumer,207.72
3949,2014-08-21,634.848,Corporate,-74.112
3956,2014-02-12,369.09,Consumer,14.76
3967,2014-06-18,607.824,Consumer,60.744
3968,2014-04-29,751.984,Consumer,84.5982
3971,2014-07-05,523.341,Consumer,203.511
3976,2014-05-02,764.28,Consumer,183.36
3979,2014-05-19,302.94,Corporate,75.735
3980,2014-08-05,259.74,Corporate,122.04
3981,2014-06-13,228.744,Consumer,10.134
3983,2014-04-26,857.1,Corporate,171.3
3985,2014-06-28,1287.45,Corporate,244.6155
3986,2014-12-18,666.08,Corporate,119.88
3991,2014-01-08,1056.1086,Corporate,-127.2714
3992,2014-05-31,1171.53,Consumer,195.18
3995,2014-01-06,773.7975,Consumer,63.6975
3996,2014-12-03,651.96,Consumer,110.7
4001,2014-07-01,1001.584,Home Office,125.198
4002,2014-05-16,765.36,Corporate,359.64
4006,2014-05-24,292.7592,Consumer,68.1192
4007,2014-10-24,1495.92,Consumer,688.08
4008,2014-12-11,500.94,Corporate,115.2
4011,2014-10-24,210.68,Corporate,50.5632
4013,2014-04-26,449.9145,Consumer,49.8645
4014,2014-06-04,1105.956,Corporate,130.596
4016,2014-04-30,468.6381,Corporate,-134.9019
4021,2014-08-11,725.67,Home Office,355.5
4025,2014-01-24,927.84,Corporate,352.56
4026,2014-09-08,776.88,Corporate,365.13
4029,2014-04-15,187.68,Home Office,56.28
4030,2014-09-19,1157.22,Corporate,219.78
4031,2014-04-14,396.18,Consumer,-277.38
4037,2014-07-15,517.95,Home Office,82.8
4043,2014-03-31,743.25,Consumer,133.65
4047,2014-07-12,1287.45,Corporate,244.6155
4048,2014-02-05,1419.363,Corporate,110.313
4049,2014-04-28,825.36,Consumer,-495.24
4051,2014-04-10,1167.48,Corporate,431.82
4052,2014-08-18,1190.49,Consumer,404.67
4053,2014-11-03,264.222,Corporate,44.022
4057,2014-07-07,822.906,Consumer,-18.354
4059,2014-03-17,444.204,Corporate,148.044
4060,2014-08-02,668.925,Home Office,74.325
4061,2014-06-26,916.272,Corporate,81.432
4062,2014-11-25,293.58,Consumer,88.02
4066,2014-04-28,990.36,Consumer,435.51
4068,2014-08-21,511.623,Consumer,227.373
4073,2014-09-10,732.06,Corporate,219.6
4074,2014-02-27,889.536,Home Office,66.7152
4077,2014-02-07,388.92,Corporate,0.0
4083,2014-10-22,637.08,Consumer,261.18
4085,2014-06-03,1243.98,Consumer,597.06
4090,2014-09-04,564.36,Consumer,242.64
4091,2014-04-21,793.584,Home Office,-8.976
4092,2014-11-28,461.9,Consumer,101.6
4093,2014-10-22,866.0644,Consumer,232.5644
4095,2014-01-28,301.41,Consumer,92.16
4098,2014-01-03,249.15,Consumer,17.4
4100,2014-04-26,344.981,Consumer,28.4102
4112,2014-01-03,288.54,Home Office,11.52
4119,2014-06-26,400.784,Consumer,-5.0098
4130,2014-08-13,517.5,Corporate,20.7
4133,2014-06-01,391.14,Home Office,195.57
4136,2014-08-02,1336.86,Home Office,147.0
4137,2014-06-30,1295.78,Corporate,310.9872
4139,2014-08-07,595.17,Corporate,291.6
4157,2014-08-22,311.304,Corporate,-67.536
4158,2014-12-13,1002.72,Consumer,451.2
4160,2014-01-08,227.34,Corporate,47.94
4161,2014-09-11,258.9,Corporate,46.5
4162,2014-05-30,659.3625,Corporate,-184.6875
4163,2014-02-06,1640.7,Corporate,459.396
4164,2014-10-13,516.132,Consumer,68.772
4166,2014-03-17,659.976,Home Office,49.4982
4170,2014-06-18,523.41,Corporate,-179.34
4171,2014-01-08,388.08,Consumer,93.12
4172,2014-11-06,577.68,Corporate,75.0
4173,2014-12-22,919.26,Consumer,-168.54
4178,2014-06-06,755.0946,Consumer,-419.3054
4179,2014-02-12,1186.65,Consumer,-39.6
4180,2014-05-19,1010.16,Home Office,60.48
4182,2014-10-17,513.12,Consumer,0.0
4185,2014-08-12,537.28,Consumer,-26.88
4188,2014-08-14,414.72,Consumer,70.5
4192,2014-06-11,447.2,Consumer,147.5
4193,2014-01-25,534.357,Consumer,-0.063
4194,2014-09-12,358.41,Home Office,114.69
4195,2014-08-13,789.9525,Home Office,-10.5975
4196,2014-03-11,639.66,Corporate,121.5
4197,2014-09-18,1292.94,Corporate,77.5764
4199,2014-05-15,261.96,Corporate,23.5764
4203,2014-11-24,709.56,Consumer,212.76
4204,2014-10-21,928.256,Consumer,-81.224
4205,2014-12-26,940.914,Consumer,-202.716
4206,2014-12-26,459.513,Consumer,142.893
4207,2014-06-18,863.82,Home Office,0.0
4214,2014-12-19,456.96,Consumer,187.28
4217,2014-11-18,671.25,Corporate,-308.85
4219,2014-11-28,1250.04,Home Office,12.48
4221,2014-05-02,314.352,Consumer,-15.7176
4228,2014-11-26,227.28,Consumer,34.08
4229,2014-08-21,1311.552,Corporate,-306.108
4233,2014-06-26,1133.04,Home Office,294.48
4235,2014-11-18,705.348,Home Office,101.868
4237,2014-05-10,1744.64,Corporate,17.44
4240,2014-11-12,1269.72,Consumer,88.74
4245,2014-07-03,656.532,Consumer,-809.748
4246,2014-12-11,333.84,Home Office,130.08
4248,2014-12-09,632.07,Consumer,-316.17
4249,2014-01-20,1785.888,Corporate,297.648
4252,2014-08-02,788.868,Consumer,-83.592
4256,2014-08-25,392.31,Consumer,19.59
4258,2014-10-20,253.02,Corporate,106.26
4263,2014-12-05,307.62,Corporate,40.98
4265,2014-11-26,304.71,Consumer,2.94
4268,2014-03-05,687.6,Consumer,103.14
4269,2014-08-23,861.21,Corporate,60.27
4270,2014-12-18,342.08,Home Office,0.0
4271,2014-10-10,593.568,Consumer,-875.592
4273,2014-05-31,773.55,Corporate,170.1
4276,2014-10-10,636.5244,Corporate,132.6244
4282,2014-06-28,999.12,Consumer,179.82
4289,2014-05-27,916.41,Corporate,192.39
4290,2014-08-27,255.42,Consumer,119.88
4291,2014-02-14,1280.286,Consumer,298.536
4295,2014-03-25,488.6258,Consumer,-165.0742
4299,2014-10-11,737.64,Consumer,125.28
4300,2014-02-14,1235.25,Home Office,469.35
4301,2014-04-03,360.0,Home Office,129.6
4302,2014-05-28,1009.44,Consumer,343.08
4303,2014-08-08,747.405,Consumer,-269.145
4306,2014-04-17,217.28,Home Office,47.76
4307,2014-12-15,526.582,Home Office,-52.6582
4309,2014-01-04,515.184,Consumer,-386.436
4313,2014-11-27,1758.0,Consumer,70.32
4314,2014-05-16,1032.0,Consumer,123.84
4318,2014-05-28,1032.5,Home Office,340.7
4319,2014-05-03,987.45,Home Office,88.8
4321,2014-09-08,455.712,Consumer,34.1784
4323,2014-12-25,772.605,Consumer,-51.645
4325,2014-06-09,327.312,Consumer,5.352
4327,2014-12-17,1279.32,Home Office,-639.72
4328,2014-06-18,1106.19,Consumer,208.89
4331,2014-08-13,720.42,Corporate,43.2
4335,2014-09-12,928.256,Corporate,-81.224
4336,2014-11-25,890.73,Consumer,79.08
4339,2014-12-25,198.9,Corporate,55.68
4341,2014-08-21,327.24,Home Office,156.96
4343,2014-04-20,667.539,Corporate,-31.491
4344,2014-01-22,370.152,Corporate,-74.088
4345,2014-10-28,556.665,Corporate,6.549
4346,2014-03-04,656.91,Consumer,-65.88
4347,2014-06-03,1428.84,Consumer,555.48
4348,2014-02-25,672.48,Corporate,87.36
4349,2014-11-23,754.758,Corporate,201.258
4351,2014-07-28,706.4,Consumer,240.16
4354,2014-06-14,569.184,Corporate,14.224
4356,2014-12-03,715.86,Consumer,250.38
4358,2014-01-17,1008.063,Consumer,28.773
4367,2014-11-12,621.0,Consumer,99.36
4369,2014-09-03,1577.94,Consumer,757.4112
4370,2014-09-19,1003.02,Home Office,30.06
4371,2014-12-15,306.81,Consumer,64.35
4374,2014-12-04,1054.68,Consumer,263.64
4377,2014-12-03,906.68,Corporate,68.001
4381,2014-06-11,514.165,Home Office,-30.245
4382,2014-12-15,413.904,Corporate,-551.936
4384,2014-05-16,890.15612,Home Office,131.91612
4385,2014-11-21,509.4,Corporate,5.04
4393,2014-05-29,838.62,Consumer,176.04
4394,2014-11-18,356.16,Home Office,163.8
4395,2014-09-20,680.76,Consumer,258.6
4399,2014-01-09,1020.612,Corporate,-48.108
4417,2014-07-22,264.6,Consumer,121.65
4432,2014-09-25,859.2,Corporate,75.18
4433,2014-04-01,166.275,Consumer,-69.975
4438,2014-11-27,350.93672,Consumer,125.85672
4440,2014-03-15,354.564,Consumer,39.384
4442,2014-08-25,954.36,Corporate,95.4
4444,2014-12-10,231.132,Home Office,-16.428
4450,2014-12-26,262.14,Consumer,5.22
4452,2014-10-31,484.176,Consumer,-137.324
4453,2014-05-20,681.408,Home Office,42.588
4465,2014-08-18,427.68,Consumer,106.92
4466,2014-05-15,440.19,Corporate,206.8893
4472,2014-11-19,705.072,Corporate,-132.228
4473,2014-11-21,183.968,Consumer,-25.2956
4475,2014-06-24,604.908,Consumer,47.028
4480,2014-08-19,332.496,Corporate,99.696
4484,2014-08-22,572.58,Corporate,34.3548
4487,2014-04-28,667.9215,Home Office,-110.0385
4489,2014-12-07,327.564,Consumer,-14.616
4490,2014-09-05,793.206,Consumer,8.766
4492,2014-06-10,627.228,Home Office,-1087.212
4494,2014-08-22,553.92,Consumer,199.32
4497,2014-09-29,735.408,Home Office,82.728
4500,2014-10-02,390.15,Corporate,58.5
4503,2014-09-11,1162.64,Corporate,255.76
4504,2014-02-22,886.41,Home Office,98.46
4505,2014-08-22,1233.63,Consumer,234.36
4512,2014-07-10,669.12,Consumer,280.8
4515,2014-10-20,277.89,Corporate,13.89
4517,2014-12-23,566.2062,Home Office,-197.8038
4519,2014-07-16,550.2,Home Office,241.95
4522,2014-06-10,1215.36,Consumer,413.04
4526,2014-08-29,819.6975,Home Office,38.4975
4531,2014-12-19,1141.938,Consumer,139.5702
4535,2014-10-22,478.48,Corporate,47.848
4539,2014-11-10,587.79,Corporate,264.33
4540,2014-06-28,205.8,Home Office,30.84
4544,2014-11-17,743.4,Consumer,89.1
4545,2014-09-04,444.42,Consumer,153.06
4546,2014-11-05,339.192,Corporate,-62.208
4547,2014-07-08,409.8,Corporate,73.7
4549,2014-01-23,1126.02,Home Office,56.301
4553,2014-10-09,1144.5,Consumer,263.13
4554,2014-11-12,793.68,Consumer,134.88
4559,2014-03-17,856.44,Corporate,385.38
4560,2014-05-07,623.4648,Corporate,-119.1918
4561,2014-11-15,328.28,Consumer,141.16
4562,2014-10-13,610.077,Consumer,-65.703
4565,2014-09-30,923.76,Consumer,249.39
4567,2014-06-06,1682.748,Consumer,-56.172
4568,2014-05-04,772.776,Corporate,-25.764
4581,2014-06-10,583.12,Corporate,274.04
4583,2014-08-11,1158.3,Corporate,231.66
4585,2014-09-23,741.852,Home Office,197.772
4591,2014-10-30,533.82,Consumer,5.28
4592,2014-11-04,869.7,Corporate,408.75
4599,2014-11-17,275.7,Consumer,52.35
4601,2014-07-02,907.011,Consumer,-30.429
4603,2014-10-02,198.72,Corporate,65.52
4604,2014-10-28,266.72,Corporate,16.0
4607,2014-07-05,583.12,Home Office,274.04
4612,2014-07-26,1116.36,Consumer,368.34
4613,2014-06-19,263.296,Corporate,3.216
4615,2014-12-11,195.39,Consumer,46.89
4618,2014-11-08,883.792,Consumer,287.092
4621,2014-08-12,561.087,Home Office,211.887
4629,2014-08-08,1039.08,Corporate,93.48
4631,2014-11-03,459.0,Consumer,215.73
4632,2014-07-30,761.6,Corporate,114.24
4635,2014-12-10,1267.76,Consumer,221.76
4636,2014-06-26,423.3,Corporate,186.24
4637,2014-08-25,370.575,Home Office,115.275
4638,2014-07-22,207.36,Consumer,35.25
4640,2014-05-17,480.522,Consumer,-28.278
4641,2014-11-08,761.544,Home Office,66.6351
4643,2014-09-19,709.0275,Consumer,-100.2225
4646,2014-09-30,276.6,Corporate,30.42
4648,2014-07-01,569.058,Home Office,-178.8468
4655,2014-01-13,293.85,Consumer,61.68
4656,2014-08-26,580.608,Consumer,-154.952
4662,2014-06-16,2190.848,Consumer,-410.912
4663,2014-11-28,637.335,Consumer,113.235
4664,2014-12-02,575.92584,Consumer,235.36584
4666,2014-08-21,833.7,Home Office,316.8
4667,2014-11-11,717.633,Consumer,-79.737
4672,2014-02-27,892.224,Home Office,89.2224
4679,2014-06-19,274.407,Consumer,-94.143
4683,2014-10-14,818.25,Consumer,376.35
4687,2014-09-16,295.056,Consumer,106.9578
4694,2014-11-20,975.12,Consumer,-219.48
4697,2014-10-23,696.762,Corporate,247.722
4700,2014-12-18,481.32,Corporate,125.1432
4703,2014-12-25,842.376,Home Office,105.297
4712,2014-03-20,653.1,Corporate,215.5
4715,2014-09-06,788.4,Corporate,291.6
4716,2014-09-28,692.58,Consumer,110.46
4718,2014-12-08,521.82,Consumer,15.48
4733,2014-10-06,793.476,Consumer,343.836
4736,2014-06-18,1019.52,Consumer,79.2
4738,2014-12-29,486.642,Consumer,143.082
4739,2014-05-27,521.37,Corporate,26.01
4740,2014-11-20,1064.2672,Home Office,531.0672
4746,2014-04-23,386.4,Consumer,46.32
4747,2014-10-14,254.88,Consumer,109.53
4748,2014-11-19,1713.96,Corporate,228.48
4754,2014-12-30,292.44,Corporate,35.04
4757,2014-09-23,486.999,Corporate,-22.941
4758,2014-05-08,497.28,Corporate,198.72
4760,2014-09-03,421.27576,Corporate,58.23576
4761,2014-04-10,509.04,Consumer,91.62
4769,2014-07-28,915.1155,Consumer,-98.5545
4778,2014-06-18,1031.82,Home Office,20.58
4781,2014-11-03,934.185,Home Office,-915.705
4785,2014-11-28,561.87,Corporate,181.02
4789,2014-01-20,542.94,Consumer,152.0232
4790,2014-10-31,221.454,Home Office,-14.766
4796,2014-08-29,985.68,Consumer,78.84
4801,2014-08-07,342.072,Consumer,-57.048
4803,2014-04-24,366.84,Corporate,117.36
4804,2014-09-10,628.81,Corporate,12.5762
4807,2014-11-18,410.22,Consumer,135.36
4810,2014-12-19,940.32,Corporate,141.03
4815,2014-12-30,387.261,Consumer,-123.039
4817,2014-08-26,591.3,Consumer,218.7
4819,2014-08-04,340.2,Consumer,146.16
4821,2014-04-23,451.818,Corporate,75.258
4827,2014-06-30,293.04,Home Office,35.1
4830,2014-01-28,506.88,Home Office,20.16
4831,2014-11-13,712.3428,Consumer,91.8228
4835,2014-09-19,697.08304,Corporate,333.80304
4837,2014-07-03,252.84,Consumer,68.25
4843,2014-11-11,683.4,Home Office,34.05
4849,2014-10-20,396.333,Corporate,87.993
4866,2014-06-17,449.04,Home Office,-164.72
4867,2014-06-25,368.5302,Consumer,-55.7298
4868,2014-12-30,271.7631,Consumer,-69.0669
4869,2014-03-14,465.16,Consumer,120.9416
4874,2014-09-28,869.76,Consumer,208.62
4875,2014-10-24,240.744,Corporate,-13.7568
4883,2014-10-08,580.672,Home Office,65.3256
4887,2014-09-22,686.7,Home Office,343.35
4901,2014-06-14,666.84,Home Office,246.72
4902,2014-10-20,884.448,Consumer,308.928
4905,2014-10-09,197.88,Consumer,31.56
4906,2014-06-06,743.58,Home Office,-66.12
4907,2014-08-14,1614.582,Consumer,-1237.8462
4919,2014-07-21,735.98,Corporate,331.191
4925,2014-08-04,400.788,Corporate,26.658
4926,2014-10-28,566.0,Home Office,84.9
4929,2014-01-20,565.362,Consumer,65.772
4931,2014-01-15,305.3925,Corporate,8.0325
4933,2014-08-28,879.984,Corporate,329.994
4938,2014-11-14,629.95,Corporate,163.787
4942,2014-05-13,1421.52,Consumer,468.96
4943,2014-04-25,402.78,Home Office,92.61
4945,2014-02-12,681.744,Consumer,187.404
4947,2014-09-23,562.68,Consumer,5.52
4948,2014-12-11,426.79,Consumer,123.7691
4951,2014-09-08,628.2,Home Office,263.82
4952,2014-08-06,727.5,Corporate,43.65
4955,2014-11-28,536.8,Consumer,85.8
4958,2014-01-17,637.2,Corporate,49.5
4964,2014-12-12,661.905,Consumer,-36.795
4967,2014-06-12,215.592,Home Office,-48.5082
4968,2014-10-13,595.0,Corporate,95.2
4971,2014-12-10,413.28,Consumer,74.37
4974,2014-12-15,974.988,Consumer,-97.4988
4977,2014-10-20,562.68,Consumer,22.44
4981,2014-03-28,711.858,Consumer,293.118
4982,2014-04-27,591.0156,Corporate,194.1156
4983,2014-08-28,870.24,Corporate,295.88
4985,2014-08-26,346.113,Consumer,49.923
4992,2014-04-19,316.05,Consumer,104.16
4993,2014-06-09,624.18,Corporate,43.68
5000,2014-08-27,588.36,Corporate,29.4
5001,2014-11-15,735.39,Consumer,250.02
5002,2014-09-09,368.226,Corporate,44.946
5004,2014-06-27,619.4205,Home Office,218.4705
5013,2014-11-12,330.156,Corporate,80.676
5014,2014-06-24,402.894,Home Office,53.694
5015,2014-06-30,535.734,Corporate,41.634
5021,2014-04-03,411.8,Home Office,70.006
5024,2014-02-07,798.84,Home Office,351.36
5025,2014-06-12,1217.58,Corporate,267.75
5026,2014-09-12,236.952,Home Office,78.912
5027,2014-04-16,750.6,Consumer,-33.45
5029,2014-10-23,325.68,Corporate,153.0
5030,2014-11-22,1892.25,Consumer,927.15
5033,2014-09-05,487.984,Consumer,152.495
5037,2014-04-24,1190.304,Consumer,14.544
5044,2014-11-08,890.052,Consumer,-41.988
5046,2014-11-05,1053.6884,Corporate,441.2884
5050,2014-12-13,524.58,Consumer,57.66
5054,2014-08-23,210.008,Consumer,2.6251
5058,2014-08-12,623.7,Home Office,37.38
5060,2014-12-16,831.4608,Corporate,230.3808
5062,2014-11-04,443.475,Consumer,-381.465
5064,2014-04-10,851.57344,Corporate,356.61344
5066,2014-09-30,333.48,Corporate,49.98
5067,2014-09-12,822.3,Corporate,205.5
5068,2014-03-26,352.6587,Consumer,4.1787
5084,2014-07-03,433.95,Consumer,25.74
5085,2014-04-08,620.6145,Home Office,-248.2458
5087,2014-01-31,490.3059,Corporate,70.7259
5093,2014-06-09,445.95,Consumer,80.19
5097,2014-12-11,310.88,Consumer,23.316
5099,2014-08-14,534.357,Consumer,-0.063
5101,2014-11-24,513.213,Corporate,-90.567
5102,2014-08-29,783.54976,Consumer,312.44976
5104,2014-09-16,637.08,Consumer,261.18
5106,2014-04-28,553.635,Consumer,-18.465
5108,2014-09-29,338.688,Consumer,109.008
5112,2014-02-11,212.1,Corporate,80.58
5117,2014-06-24,528.444,Home Office,88.044
5119,2014-11-25,232.08,Consumer,95.04
5124,2014-02-07,706.158,Corporate,-117.702
5128,2014-07-30,261.954,Corporate,63.954
5130,2014-07-16,688.95,Home Office,89.55
5131,2014-11-27,1879.96,Home Office,545.1884
5132,2014-06-07,875.7,Consumer,420.21
5137,2014-06-13,684.606,Consumer,-63.234
5140,2014-04-10,643.977,Corporate,166.617
5141,2014-11-12,246.15,Consumer,98.4
5142,2014-09-30,476.49,Consumer,47.46
5148,2014-10-14,413.316,Consumer,-144.684
5154,2014-06-28,879.0,Corporate,35.16
5159,2014-11-12,697.2,Consumer,132.45
5165,2014-02-24,395.82,Consumer,39.54
5170,2014-08-14,702.27,Corporate,179.43
5171,2014-12-22,1120.77,Home Office,268.92
5172,2014-12-24,379.53,Corporate,159.39
5178,2014-03-26,503.51096,Corporate,150.31096
5182,2014-12-01,546.06,Home Office,163.818
5187,2014-06-24,182.76,Corporate,29.16
5196,2014-10-20,640.656,Consumer,234.876
5197,2014-04-14,211.92,Consumer,-50.43
5198,2014-04-15,227.745,Corporate,-141.255
5199,2014-06-19,800.64,Home Office,144.0
5206,2014-02-03,207.648,Consumer,-197.352
5208,2014-08-13,725.3415,Home Office,122.7015
5212,2014-08-22,866.4,Consumer,225.264
5226,2014-12-16,228.78,Consumer,36.6
5231,2014-05-10,541.77,Consumer,200.43
5234,2014-06-24,474.8,Consumer,137.6
5238,2014-12-05,2105.04,Home Office,715.68
5243,2014-03-28,634.96752,Home Office,-1.27248
5246,2014-02-12,499.56,Home Office,89.91
5247,2014-05-08,747.63,Corporate,-159.57
5257,2014-12-17,278.46,Home Office,75.18
5258,2014-11-11,551.286,Consumer,24.426
5261,2014-08-21,977.022,Home Office,271.332
5262,2014-09-26,587.79,Home Office,189.39
5266,2014-04-23,298.2,Home Office,116.28
5267,2014-05-16,602.28,Consumer,204.66
5269,2014-06-03,635.90848,Home Office,-786.17152
5274,2014-03-04,1049.44,Consumer,440.7648
5275,2014-10-25,2460.96,Consumer,49.12
5278,2014-08-19,1000.02,Corporate,290.0058
5280,2014-04-11,210.78,Corporate,86.4
5282,2014-06-06,565.32,Home Office,129.96
5284,2014-04-12,1001.76,Consumer,110.16
5288,2014-08-01,849.95,Home Office,390.977
5294,2014-05-10,207.0,Corporate,25.875
5296,2014-03-09,647.84,Corporate,168.4384
5297,2014-12-18,632.07,Consumer,-158.13
5298,2014-05-19,764.928,Corporate,-306.012
5299,2014-02-18,495.18,Consumer,79.2
5301,2014-09-12,576.0,Corporate,270.72
5305,2014-01-20,354.12,Home Office,14.16
5307,2014-08-16,725.7,Consumer,94.32
5308,2014-11-13,632.07,Consumer,101.07
5314,2014-11-26,1233.84,Consumer,407.16
5316,2014-05-31,325.44,Corporate,136.62
5317,2014-12-18,544.38,Consumer,157.8702
5319,2014-11-14,840.15,Consumer,100.8
5320,2014-04-11,879.0,Corporate,-556.7
5323,2014-01-17,685.8,Home Office,157.65
5325,2014-09-11,513.12,Corporate,215.46
5328,2014-05-27,698.04112,Consumer,131.48112
5332,2014-10-08,339.36,Consumer,61.08
5336,2014-10-07,332.0,Home Office,23.2
5337,2014-07-23,195.12,Consumer,46.8
5349,2014-09-25,473.616,Consumer,61.716
5353,2014-05-22,205.68,Corporate,80.16
5363,2014-08-04,512.19,Consumer,46.08
5364,2014-10-09,384.34656,Consumer,-162.01344
5367,2014-03-13,1582.95,Consumer,332.4
5369,2014-04-25,552.0,Consumer,34.5
5370,2014-11-01,397.8,Consumer,111.36
5380,2014-10-07,799.83,Consumer,167.94
5395,2014-08-22,1012.62,Corporate,171.99
5401,2014-06-27,170.64,Consumer,73.32
5403,2014-08-14,221.292,Consumer,-22.188
5405,2014-08-25,1518.183,Consumer,252.963
5406,2014-09-03,1928.78,Home Office,829.3754
5409,2014-10-13,339.795,Consumer,-0.045
5410,2014-12-11,217.35,Consumer,108.63
5411,2014-08-07,668.4,Home Office,300.72
5412,2014-09-11,762.594,Home Office,-1143.891
5418,2014-03-24,347.58,Corporate,17.379
5421,2014-04-01,677.58,Consumer,176.1708
5422,2014-02-18,508.32,Consumer,203.28
5423,2014-08-04,513.48,Corporate,220.68
5426,2014-08-16,719.4825,Consumer,-143.9175
5430,2014-10-28,1038.339,Consumer,149.769
5431,2014-03-25,764.82,Consumer,7.56
5433,2014-03-31,462.348,Consumer,-46.332
5434,2014-10-17,476.49,Home Office,47.46
5438,2014-06-18,618.72,Corporate,37.08
5440,2014-07-09,786.48,Consumer,385.3752
5443,2014-02-10,602.3808,Consumer,114.7008
5446,2014-06-20,460.44,Corporate,64.44
5447,2014-12-27,533.67912,Consumer,-73.28088
5449,2014-06-10,840.9,Consumer,75.6
5453,2014-04-14,159.84,Corporate,-58.62
5455,2014-02-07,616.4,Corporate,43.1
5458,2014-05-15,488.04,Home Office,180.54
5461,2014-06-13,1071.84,Home Office,107.1
5472,2014-08-23,314.532,Home Office,-83.8752
5473,2014-11-26,527.16,Consumer,0.0
5474,2014-08-27,880.416,Corporate,44.016
5480,2014-03-25,332.496,Consumer,-210.624
5483,2014-10-23,427.41,Corporate,132.48
5484,2014-06-16,426.972,Consumer,-50.358
5485,2014-03-17,344.169,Home Office,-34.461
5487,2014-11-20,933.21,Corporate,27.99
5488,2014-10-24,863.88,Consumer,107.985
5490,2014-04-08,736.5,Corporate,265.05
5493,2014-11-22,674.244,Consumer,217.224
5499,2014-12-29,687.48,Consumer,185.52
5500,2014-11-26,701.96,Corporate,168.4704
5501,2014-08-29,851.7,Consumer,51.0
5504,2014-10-24,987.7,Consumer,59.22
5508,2014-08-25,829.32,Consumer,215.52
5518,2014-05-27,762.615,Corporate,288.015
5519,2014-05-28,662.175,Home Office,264.825
5524,2014-08-25,982.125,Consumer,87.255
5529,2014-03-10,1230.66,Consumer,24.57
5530,2014-10-31,676.9728,Consumer,120.5328
5532,2014-08-07,242.838,Corporate,-13.542
5534,2014-05-12,508.26144,Consumer,192.50144
5535,2014-09-11,870.24,Consumer,295.88
5536,2014-04-06,327.981,Consumer,34.701
5537,2014-06-18,963.36,Consumer,154.08
5546,2014-07-25,1016.1,Corporate,314.85
5560,2014-08-26,234.9,Home Office,49.3
5561,2014-08-13,560.52,Home Office,-210.24
5565,2014-11-18,1247.64,Corporate,349.3392
5570,2014-09-25,955.62,Consumer,391.77
5572,2014-06-24,868.842,Consumer,66.762
5573,2014-11-18,654.24,Consumer,268.23
5575,2014-08-16,457.95,Corporate,13.71
5581,2014-10-09,1116.45,Corporate,37.05
5582,2014-08-14,351.09,Home Office,84.24
5589,2014-07-10,363.8466,Consumer,-89.7534
5590,2014-09-22,833.328,Corporate,92.538
5594,2014-12-03,464.778,Consumer,98.118
5595,2014-11-03,859.2,Corporate,-186.16
5598,2014-01-26,332.28,Home Office,43.14
5600,2014-12-29,209.76,Corporate,-209.76
5605,2014-10-18,509.76,Consumer,234.36
5606,2014-01-03,634.8,Corporate,171.3
5613,2014-03-12,735.84,Consumer,201.6
5615,2014-02-19,341.9982,Consumer,80.8182
5617,2014-09-03,779.22,Corporate,31.14
5626,2014-09-22,512.91,Consumer,0.0
5628,2014-09-02,695.88,Corporate,-167.04
5629,2014-06-10,519.93804,Consumer,217.71804
5634,2014-09-23,927.84,Corporate,64.92
5635,2014-10-21,648.0,Corporate,265.6
5638,2014-01-16,674.4,Consumer,303.48
5639,2014-10-14,1072.86,Corporate,182.34
5642,2014-03-10,292.44,Home Office,-81.96
5643,2014-06-30,385.02,Consumer,126.99
5650,2014-11-26,501.81,Home Office,0.0
5658,2014-10-10,538.38,Consumer,-506.25
5659,2014-07-29,489.0,Consumer,97.8
5662,2014-12-06,1654.668,Consumer,165.348
5664,2014-12-13,311.01,Consumer,102.48
5668,2014-10-16,207.9,Consumer,101.7
5669,2014-02-27,585.06,Corporate,0.0
5670,2014-12-29,400.95,Consumer,13.23
5673,2014-11-10,718.0186,Corporate,-314.6814
5676,2014-09-20,734.4,Consumer,247.86
5681,2014-09-06,351.09,Home Office,-93.66
5682,2014-11-06,538.755,Consumer,-146.265
5688,2014-04-15,483.57,Consumer,57.78
5689,2014-10-02,475.2486,Corporate,-15.3414
5694,2014-07-14,360.38,Corporate,93.6988
5698,2014-02-13,352.8,Corporate,165.72
5707,2014-11-30,642.0,Corporate,179.7
5708,2014-11-23,484.52,Corporate,58.12
5709,2014-03-14,615.72,Consumer,-69.3
5710,2014-09-11,362.352,Corporate,27.1764
5718,2014-10-23,333.09,Consumer,23.3163
5723,2014-08-19,256.86,Corporate,-251.82
5724,2014-01-06,511.68,Consumer,30.6
5725,2014-05-10,286.85,Home Office,63.107
5727,2014-01-31,316.44,Home Office,117.0
5728,2014-04-18,1451.511,Consumer,-256.149
5731,2014-11-21,346.08,Consumer,-207.68
5732,2014-04-22,148.32,Consumer,66.72
5738,2014-12-23,381.456,Home Office,139.776
5744,2014-11-08,751.872,Consumer,56.352
5746,2014-06-12,209.01296,Consumer,-7.70704
5747,2014-08-02,604.92,Consumer,217.74
5748,2014-03-19,453.12,Consumer,117.72
5749,2014-04-04,380.97,Consumer,143.91
5755,2014-11-12,652.37264,Consumer,129.41264
5757,2014-09-05,284.37012,Consumer,22.17012
5758,2014-01-04,327.5802,Corporate,-76.3398
5759,2014-03-12,776.85,Home Office,-181.265
5760,2014-06-23,493.8,Consumer,64.08
5767,2014-03-24,379.7,Consumer,174.6
5768,2014-10-28,1600.96,Home Office,368.16
5770,2014-06-16,560.6,Consumer,61.6
5771,2014-12-29,328.8,Corporate,147.8
5778,2014-12-02,897.15,Home Office,251.202
5782,2014-11-19,606.6396,Consumer,28.8396
5783,2014-12-04,398.61,Home Office,15.93
5784,2014-07-31,876.3,Home Office,359.28
5785,2014-10-13,724.104,Home Office,-84.576
5786,2014-11-18,710.964,Consumer,-7.956
5791,2014-04-15,597.66,Consumer,101.43
5793,2014-08-26,272.76,Consumer,57.24
5796,2014-05-19,283.611,Consumer,43.371
5797,2014-05-29,380.97,Corporate,143.91
5799,2014-04-07,339.6,Consumer,50.94
5802,2014-09-30,303.3,Consumer,33.3
5815,2014-05-21,518.272,Home Office,-97.176
5816,2014-06-25,1631.916,Home Office,-504.504
5818,2014-05-30,1119.582,Corporate,198.882
5820,2014-10-24,826.2,Corporate,181.74
5821,2014-03-22,725.84,Consumer,210.4936
5824,2014-05-27,1035.84,Corporate,455.76
5825,2014-11-13,336.393,Consumer,70.983
5826,2014-03-21,274.064,Consumer,102.774
5828,2014-09-05,714.312,Consumer,55.512
5829,2014-08-26,209.592,Home Office,-55.908
5831,2014-11-28,372.168,Consumer,16.488
5836,2014-11-27,138.45,Corporate,10.95
5842,2014-02-27,757.32,Consumer,371.04
5844,2014-02-13,681.1506,Consumer,21.8106
5845,2014-12-15,610.6,Consumer,238.12
5846,2014-12-26,321.75,Consumer,-193.05
5847,2014-10-07,457.812,Consumer,121.932
5851,2014-11-27,397.8,Consumer,-175.08
5864,2014-01-30,644.76,Consumer,77.04
5865,2014-10-14,583.584,Consumer,-330.736
5875,2014-11-17,971.808,Corporate,72.768
5878,2014-12-25,527.01,Corporate,-189.75
5890,2014-01-28,335.64,Home Office,164.4
5891,2014-04-21,203.388,Consumer,83.748
5894,2014-11-04,356.616,Consumer,-124.824
5895,2014-10-07,692.328,Consumer,-1315.552
5896,2014-11-25,672.10416,Consumer,-429.41584
5897,2014-07-28,190.56,Consumer,93.36
5905,2014-12-30,151.56,Corporate,43.92
5908,2014-09-02,720.42,Consumer,43.2
5911,2014-08-06,577.9,Consumer,167.5
5913,2014-03-12,238.65,Consumer,-162.3
5915,2014-12-23,411.8,Consumer,70.006
5916,2014-09-24,594.816,Consumer,59.4816
5917,2014-10-15,874.68,Consumer,192.42
5921,2014-08-11,254.16,Consumer,40.65
5922,2014-05-08,449.496,Corporate,-30.024
5924,2014-07-09,2616.96,Consumer,1151.4
5927,2014-05-08,945.828,Corporate,-392.892
5932,2014-10-22,289.92,Consumer,69.54
5933,2014-11-26,516.636,Corporate,-155.004
5939,2014-07-09,413.64,Home Office,8.19
5942,2014-10-13,673.344,Consumer,-76.9536
5943,2014-12-30,370.926,Consumer,98.886
5944,2014-09-09,765.625,Consumer,-566.5625
5949,2014-04-18,712.992,Consumer,213.852
5952,2014-08-13,448.74,Consumer,44.82
5953,2014-09-02,283.56,Corporate,45.3696
5954,2014-07-16,507.82232,Home Office,80.38232
5955,2014-06-11,449.46,Corporate,134.82
5965,2014-11-05,450.792,Corporate,150.252
5968,2014-06-11,380.916,Consumer,-12.744
5969,2014-07-27,612.84,Consumer,177.72
5970,2014-12-10,439.6,Corporate,87.92
5971,2014-08-21,881.34,Corporate,334.86
5972,2014-09-08,216.216,Consumer,-245.064
5974,2014-03-06,262.24,Corporate,78.672
5978,2014-09-18,434.46,Corporate,182.26
5979,2014-12-25,1200.72,Consumer,132.0
5985,2014-10-07,340.35,Home Office,33.9
5986,2014-11-21,594.72,Consumer,291.36
5990,2014-07-11,341.73,Consumer,34.11
5991,2014-08-12,397.143,Consumer,70.533
5992,2014-06-23,455.9418,Corporate,205.8618
5997,2014-11-03,800.928,Home Office,266.868
5998,2014-06-26,256.74,Corporate,0.0
6000,2014-04-05,357.552,Consumer,133.992
6002,2014-07-15,396.92,Consumer,148.845
6007,2014-03-26,211.168,Consumer,15.8376
6010,2014-10-03,259.7,Consumer,72.66
6012,2014-05-09,679.68,Home Office,190.26
6014,2014-01-02,307.872,Corporate,-118.068
6019,2014-06-05,290.52,Corporate,87.12
6020,2014-08-13,295.7175,Home Office,-67.0725
6023,2014-07-26,298.116,Home Office,-4.2588
6026,2014-11-06,795.6,Consumer,222.72
6027,2014-07-14,366.12,Consumer,84.15
6029,2014-01-16,778.1499,Consumer,149.9499
6035,2014-09-24,439.02,Home Office,105.3
6038,2014-06-30,780.57,Home Office,164.67
6049,2014-05-16,201.96,Consumer,71.76
6051,2014-06-06,373.68,Consumer,59.76
6054,2014-08-06,326.55,Home Office,146.85
6057,2014-06-05,976.5,Consumer,244.02
6059,2014-10-21,1151.928,Corporate,25.488
6060,2014-03-27,256.16664,Consumer,91.88664
6062,2014-02-21,215.968,Corporate,18.8972
6064,2014-09-30,257.004,Corporate,-599.676
6067,2014-04-16,421.47536,Consumer,176.51536
6069,2014-08-22,1216.65,Consumer,608.25
6071,2014-09-06,549.36,Consumer,0.0
6072,2014-07-29,185.92,Corporate,59.48
6073,2014-05-16,945.945,Corporate,-351.405
6077,2014-08-08,287.94,Consumer,0.0
6082,2014-12-13,174.17096,Corporate,11.85096
6085,2014-08-15,465.0,Home Office,27.9
6095,2014-08-15,513.12,Consumer,0.0
6100,2014-06-10,720.76,Corporate,54.057
6102,2014-12-27,1582.11,Consumer,-443.07
6106,2014-08-15,957.18,Corporate,191.31
6107,2014-04-23,575.4,Corporate,22.96
6109,2014-03-10,799.95,Corporate,-608.1
6111,2014-12-08,214.2,Home Office,70.56
6112,2014-12-15,481.815,Consumer,176.565
6117,2014-06-26,341.84,Consumer,164.08
6119,2014-02-28,271.05,Corporate,56.85
6121,2014-05-15,455.52,Consumer,59.19
6127,2014-08-16,1733.6,Consumer,728.1
6128,2014-10-04,585.15,Home Office,140.4
6129,2014-05-21,173.097,Consumer,69.237
6130,2014-02-28,743.028,Home Office,-114.492
6132,2014-10-21,133.824,Consumer,-75.856
6134,2014-06-03,483.78,Consumer,96.72
6135,2014-03-14,551.556,Corporate,-101.124
6137,2014-10-31,371.07,Corporate,33.39
6138,2014-09-24,351.54,Corporate,129.96
6148,2014-01-16,168.96,Home Office,40.5
6154,2014-03-24,511.575,Corporate,-225.225
6156,2014-04-17,352.512,Corporate,89.952
6157,2014-12-30,484.029,Consumer,29.709
6161,2014-09-22,688.92,Corporate,261.72
6165,2014-07-24,704.34,Consumer,21.0
6168,2014-11-28,261.63,Corporate,-29.07
6172,2014-09-09,626.625,Corporate,91.875
6174,2014-09-20,502.2,Consumer,83.64
6181,2014-08-20,790.416,Consumer,378.516
6182,2014-11-18,693.84,Home Office,0.0
6184,2014-02-11,363.384,Corporate,-98.646
6185,2014-10-17,554.85,Home Office,92.4
6192,2014-07-01,293.58,Consumer,88.02
6193,2014-11-13,634.78788,Corporate,62.32788
6197,2014-11-21,517.08,Consumer,149.94
6202,2014-10-13,791.88,Home Office,128.6805
6203,2014-08-16,299.52,Home Office,149.76
6205,2014-05-09,622.14,Consumer,18.66
6208,2014-09-01,219.28,Consumer,0.0
6211,2014-12-11,599.97,Home Office,257.9871
6215,2014-11-17,415.44,Consumer,66.24
6217,2014-11-11,201.584,Corporate,15.1188
6219,2014-09-30,395.8875,Home Office,-110.9025
6220,2014-01-13,760.98,Corporate,-1141.47
6221,2014-04-15,624.42,Consumer,124.86
6222,2014-02-23,147.84,Consumer,33.96
6225,2014-11-13,613.56,Home Office,165.66
6228,2014-09-29,209.792,Home Office,26.224
6230,2014-08-07,1033.32,Corporate,175.56
6231,2014-10-20,845.856,Consumer,9.396
6239,2014-05-15,539.97,Consumer,134.9925
6240,2014-03-20,697.16,Consumer,8.7145
6245,2014-03-31,483.66,Corporate,232.11
6262,2014-06-10,390.78,Corporate,148.32
6263,2014-06-20,378.81,Consumer,140.13
6264,2014-07-04,211.728,Corporate,-52.932
6268,2014-06-26,648.54032,Home Office,24.62032
6269,2014-01-22,874.68,Consumer,148.68
6274,2014-11-07,394.6455,Consumer,-4.3245
6276,2014-05-24,317.142,Corporate,70.422
6283,2014-09-16,323.976,Consumer,20.2485
6284,2014-12-08,354.24,Corporate,77.92
6285,2014-09-17,447.74272,Corporate,178.54272
6287,2014-08-13,1217.673,Consumer,351.513
6298,2014-01-21,586.092,Consumer,34.332
6300,2014-11-27,316.1664,Corporate,151.4064
6301,2014-08-04,111.84,Home Office,4.44
6306,2014-04-10,501.81,Home Office,0.0
6311,2014-07-30,297.84,Corporate,74.46
6313,2014-10-22,583.872,Consumer,-21.948
6316,2014-08-05,145.98,Consumer,65.67
6317,2014-06-23,418.02592,Corporate,-15.41408
6320,2014-12-26,385.86,Consumer,92.58
6328,2014-07-07,239.24,Consumer,23.924
6337,2014-04-07,413.04,Home Office,70.08
6339,2014-10-19,490.08,Consumer,19.56
6340,2014-10-28,189.576,Corporate,9.4788
6343,2014-09-26,531.48,Consumer,21.24
6344,2014-08-22,825.36,Consumer,338.34
6349,2014-07-17,448.8,Home Office,188.4
6353,2014-06-06,427.9,Home Office,0.0
6354,2014-11-22,659.976,Home Office,49.4982
6357,2014-01-08,495.3375,Consumer,-35.1225
6362,2014-03-06,262.926,Corporate,-30.834
6363,2014-12-26,990.12,Consumer,118.8
6372,2014-11-20,820.44,Corporate,270.72
6377,2014-08-28,707.049,Home Office,78.489
6381,2014-03-17,486.6,Home Office,209.2
6382,2014-12-18,368.271,Consumer,4.311
6385,2014-06-30,421.38,Consumer,105.3
6388,2014-09-21,1299.66,Consumer,350.9082
6390,2014-05-12,1533.33,Consumer,-34.11
6391,2014-11-07,551.205,Consumer,97.965
6397,2014-12-31,867.3,Corporate,251.4
6399,2014-10-31,232.344,Corporate,-23.296
6400,2014-06-15,423.3,Consumer,25.38
6403,2014-06-24,379.242,Home Office,25.242
6407,2014-06-23,372.9132,Consumer,101.8332
6408,2014-10-13,383.796,Home Office,-134.364
6409,2014-02-27,385.398,Consumer,68.508
6410,2014-10-16,634.96752,Home Office,-1.27248
6412,2014-05-24,576.384,Home Office,-122.496
6415,2014-08-12,288.84,Home Office,37.5
6420,2014-05-20,840.6,Consumer,319.35
6428,2014-08-15,468.765,Consumer,-459.405
6431,2014-06-23,487.96,Home Office,146.388
6436,2014-10-07,256.719,Consumer,46.269
6437,2014-03-01,382.51668,Consumer,-257.14332
6438,2014-04-14,465.102,Corporate,206.712
6443,2014-05-20,378.32184,Consumer,165.98184
6446,2014-03-27,329.85,Home Office,164.88
6447,2014-02-12,147.568,Consumer,-3.6892
6448,2014-11-18,260.592,Corporate,-160.708
6450,2014-11-13,412.673,Home Office,56.973
6456,2014-10-03,358.272,Consumer,-71.728
6463,2014-11-29,516.488,Home Office,-12.9122
6464,2014-11-20,508.77,Home Office,101.7
6467,2014-12-24,494.97,Corporate,148.491
6471,2014-11-13,540.048,Consumer,-47.2542
6472,2014-07-30,705.72,Corporate,70.56
6480,2014-07-17,207.12,Consumer,76.56
6483,2014-06-11,942.36,Consumer,292.08
6484,2014-10-02,574.47,Home Office,143.55
6485,2014-10-28,737.6,Corporate,228.64
6489,2014-03-14,209.986,Home Office,8.9994
6490,2014-02-15,381.63,Corporate,76.32
6494,2014-10-29,866.0644,Consumer,232.5644
6495,2014-08-29,299.1,Consumer,107.6
6501,2014-12-26,732.72,Home Office,174.0
6502,2014-02-13,722.4714,Consumer,68.7114
6506,2014-12-03,647.76,Consumer,291.36
6507,2014-08-27,619.974,Corporate,82.494
6509,2014-05-26,315.432,Home Office,-7.938
6510,2014-06-26,339.48,Corporate,27.12
6512,2014-04-25,331.8,Consumer,79.62
6526,2014-09-19,438.51,Corporate,197.31
6528,2014-08-04,848.4,Home Office,152.7
6529,2014-11-07,534.762,Corporate,-53.478
6530,2014-05-23,260.82,Consumer,-8.73
6536,2014-02-19,337.2,Corporate,80.88
6537,2014-09-04,224.4,Consumer,17.92
6540,2014-04-07,367.2,Consumer,-36.72
6545,2014-01-23,190.8,Consumer,13.2
6548,2014-04-04,356.292,Corporate,154.392
6549,2014-09-15,241.17,Consumer,-168.819
6550,2014-04-10,572.52,Consumer,211.8
6553,2014-06-19,341.9982,Consumer,80.8182
6555,2014-01-21,1136.664,Consumer,-284.256
6556,2014-09-23,425.25,Corporate,208.32
6558,2014-12-12,735.98,Consumer,331.191
6559,2014-07-01,435.999,Consumer,5.1294
6560,2014-12-31,292.7592,Corporate,68.1192
6561,2014-09-25,339.18,Home Office,108.48
6565,2014-02-10,477.3411,Corporate,87.1911
6567,2014-12-05,549.36,Corporate,0.0
6572,2014-09-16,650.7,Corporate,169.05
6588,2014-06-14,470.302,Home Office,-87.3418
6589,2014-05-16,952.2,Corporate,380.88
6593,2014-10-17,473.61,Consumer,137.34
6596,2014-07-11,1023.12,Consumer,122.64
6598,2014-08-25,459.513,Home Office,30.573
6599,2014-03-05,861.84,Corporate,-95.76
6603,2014-11-26,143.37,Corporate,31.53
6607,2014-12-31,557.28,Consumer,216.72
6611,2014-05-16,350.088,Corporate,-385.152
6612,2014-11-14,274.9545,Consumer,-0.0255
6613,2014-04-15,871.98,Corporate,357.48
6618,2014-09-22,227.08,Consumer,43.12
6621,2014-01-06,535.8825,Consumer,12.5325
6624,2014-06-06,557.28,Consumer,216.72
6625,2014-11-06,369.117,Consumer,110.607
6630,2014-02-07,182.55,Corporate,23.7
6637,2014-06-05,646.569,Home Office,-55.431
6638,2014-09-06,405.09,Consumer,105.21
6642,2014-11-25,599.16,Home Office,0.0
6643,2014-12-31,333.9,Corporate,0.0
6648,2014-02-28,643.98,Home Office,193.17
6649,2014-11-18,448.77,Home Office,170.52
6650,2014-03-01,700.176,Corporate,-35.064
6658,2014-10-23,701.6625,Corporate,177.6825
6660,2014-10-17,307.776,Corporate,111.5688
6665,2014-08-11,829.1325,Home Office,146.2125
6666,2014-11-26,853.93,Consumer,-24.398
6669,2014-09-03,756.6,Consumer,332.88
6670,2014-11-27,656.46,Home Office,-765.94
6673,2014-03-14,521.43,Corporate,229.32
6681,2014-03-26,176.04,Consumer,45.7704
6682,2014-04-23,675.06,Consumer,87.7578
6686,2014-10-17,648.9,Consumer,136.26
6690,2014-12-25,311.25,Consumer,40.44
6692,2014-10-15,312.51,Corporate,3.12
6695,2014-05-28,302.376,Consumer,22.6782
6696,2014-07-10,309.24,Home Office,86.58
6697,2014-02-19,341.8,Corporate,164.04
6698,2014-04-11,533.1588,Consumer,-301.8012
6700,2014-11-18,256.86,Consumer,2.52
6701,2014-02-17,238.5,Consumer,109.7
6702,2014-10-30,654.102,Consumer,-50.898
6703,2014-05-27,643.248,Corporate,-50.052
6706,2014-03-04,143.52,Corporate,9.12
6707,2014-04-17,332.748,Corporate,-14.832
6710,2014-08-12,252.828,Consumer,-92.712
6713,2014-06-11,711.828,Home Office,-79.092
6714,2014-10-15,378.88,Corporate,151.52
6719,2014-12-23,437.724,Corporate,165.324
6727,2014-05-28,464.13,Home Office,41.25
6728,2014-06-20,457.485,Home Office,-84.9615
6729,2014-08-12,706.32,Consumer,156.96
6730,2014-10-03,705.72,Consumer,91.68
6732,2014-05-21,538.44,Consumer,156.12
6738,2014-10-31,238.14,Corporate,23.76
6739,2014-06-19,623.168,Consumer,225.848
6741,2014-04-03,566.916,Corporate,-0.084
6744,2014-04-16,1687.392,Consumer,674.772
6752,2014-06-09,119.64,Consumer,45.42
6755,2014-11-17,811.28,Consumer,24.3384
6758,2014-06-16,526.62,Consumer,-221.22
6762,2014-12-10,872.94,Corporate,226.9644
6764,2014-06-21,166.56,Consumer,59.84
6768,2014-11-07,499.584,Consumer,43.7136
6773,2014-10-21,417.456,Home Office,-78.354
6774,2014-05-19,435.78,Home Office,130.68
6777,2014-07-28,543.92,Consumer,135.98
6779,2014-01-30,323.028,Consumer,143.568
6780,2014-07-26,321.72,Corporate,25.62
6781,2014-04-11,412.8,Consumer,132.06
6782,2014-09-30,494.532,Corporate,-24.768
6783,2014-01-22,1428.3,Consumer,-57.18
6784,2014-08-19,362.46,Corporate,36.12
6785,2014-05-04,763.44,Corporate,45.8064
6798,2014-11-25,410.8,Consumer,127.3
6799,2014-06-11,1429.44,Consumer,471.6
6801,2014-10-10,556.1,Corporate,5.5
6805,2014-09-23,241.96,Home Office,41.1332
6806,2014-11-14,652.995,Corporate,-935.9595
6807,2014-08-20,339.0,Consumer,101.64
6811,2014-12-18,532.98,Consumer,133.2
6825,2014-09-17,463.104,Corporate,92.544
6829,2014-01-21,338.4,Corporate,118.44
6830,2014-12-29,373.23,Home Office,-253.89
6834,2014-11-07,240.3,Consumer,67.23
6835,2014-01-29,449.91,Home Office,157.4685
6840,2014-08-22,1236.42,Corporate,531.63
6843,2014-02-28,486.09,Consumer,106.92
6851,2014-11-12,628.2,Consumer,270.12
6856,2014-08-20,340.08,Consumer,33.96
6859,2014-10-02,880.8,Home Office,70.32
6861,2014-01-09,294.3,Consumer,135.36
6867,2014-12-12,244.5,Consumer,36.6
6868,2014-03-13,318.03,Corporate,73.14
6869,2014-04-05,240.37,Home Office,7.2111
6870,2014-09-24,362.4,Consumer,39.84
6875,2014-08-28,211.3,Home Office,105.6
6876,2014-02-05,380.16,Home Office,-21.24
6877,2014-02-24,528.66,Consumer,137.43
6881,2014-01-03,523.98,Consumer,125.73
6882,2014-08-26,329.76,Home Office,-126.48
6885,2014-11-09,480.24,Consumer,81.6
6886,2014-11-25,361.68,Consumer,25.3
6887,2014-09-05,446.4,Consumer,44.6
6890,2014-08-02,333.6,Home Office,40.02
6891,2014-12-29,1612.872,Consumer,-143.568
6894,2014-01-22,184.758,Consumer,62.238
6895,2014-09-30,321.36,Corporate,112.47
6897,2014-02-21,573.48,Consumer,126.12
6898,2014-12-02,327.6,Consumer,62.2
6900,2014-06-11,352.35,Consumer,17.55
6903,2014-07-18,323.46,Home Office,74.34
6909,2014-06-23,491.64,Consumer,132.72
6913,2014-11-19,364.416,Home Office,-109.344
6914,2014-05-02,933.262,Consumer,-458.1468
6919,2014-11-18,639.0,Home Office,44.73
6927,2014-11-12,338.1,Corporate,40.53
6928,2014-10-31,660.312,Home Office,242.112
6932,2014-11-21,333.96,Consumer,76.8
6934,2014-08-16,289.44,Home Office,23.1
6937,2014-07-30,375.9,Consumer,0.0
6938,2014-01-17,762.48,Home Office,121.95
6941,2014-11-18,185.22,Consumer,59.22
6942,2014-09-12,464.128,Corporate,-545.352
6951,2014-09-08,566.61,Home Office,28.32
6952,2014-02-27,337.92,Corporate,16.8
6954,2014-03-26,545.52,Home Office,114.48
6957,2014-03-05,307.656,Consumer,-169.344
6959,2014-01-20,255.84,Home Office,46.02
6960,2014-05-29,500.4,Consumer,140.1
6965,2014-11-14,207.036,Consumer,-16.104
6966,2014-01-22,451.1295,Consumer,-150.4305
6967,2014-03-17,196.98,Consumer,39.39
6969,2014-01-22,467.43,Consumer,219.69
6971,2014-06-27,267.84,Consumer,109.8
6973,2014-06-06,827.52,Home Office,182.0
6975,2014-11-01,539.244,Corporate,-59.916
6985,2014-05-26,120.0,Consumer,13.2
6987,2014-04-07,348.624,Home Office,108.384
6989,2014-09-30,217.2,Corporate,71.64
6994,2014-02-07,307.44,Corporate,73.71
6995,2014-11-17,390.96,Consumer,113.28
6997,2014-12-29,1054.02,Consumer,337.26
6998,2014-02-10,354.9,Consumer,17.745
6999,2014-08-13,607.68,Home Office,36.36
7005,2014-03-24,433.62,Consumer,28.71
7010,2014-03-11,933.408,Consumer,-173.3472
7012,2014-11-17,646.425,Corporate,45.585
7013,2014-12-09,1004.024,Consumer,-112.9527
7015,2014-02-21,735.048,Consumer,-32.712
7018,2014-02-27,454.8,Consumer,77.28
7023,2014-11-27,828.6,Home Office,240.294
7029,2014-06-23,717.336,Consumer,15.936
7035,2014-04-17,567.6,Consumer,113.52
7037,2014-05-05,533.88,Consumer,-74.79
7043,2014-05-19,344.704,Consumer,38.7792
7048,2014-11-25,249.06,Consumer,59.76
7054,2014-08-06,422.82,Home Office,12.6
7056,2014-11-04,486.368,Consumer,36.4776
7061,2014-11-17,407.2626,Home Office,-192.1374
7065,2014-08-08,469.92,Consumer,51.69
7068,2014-07-12,158.58,Corporate,44.28
7071,2014-12-12,647.76,Consumer,291.36
7072,2014-12-19,758.484,Consumer,126.324
7073,2014-05-24,841.8,Corporate,227.25
7076,2014-12-05,498.42,Consumer,224.28
7077,2014-09-05,274.14,Consumer,106.74
7080,2014-12-02,226.257,Consumer,-47.043
7091,2014-10-17,1875.258,Corporate,-968.8833
7093,2014-08-16,695.808,Corporate,-301.632
7094,2014-08-21,197.94,Consumer,96.99
7096,2014-06-18,572.481,Home Office,127.101
7097,2014-05-24,735.75,Consumer,345.75
7100,2014-03-03,221.4,Consumer,35.4
7103,2014-09-23,471.21568,Corporate,79.29568
7106,2014-09-30,344.22,Home Office,-189.321
7113,2014-11-21,709.128,Corporate,-236.412
7114,2014-08-26,304.3776,Home Office,-3.7224
7115,2014-05-21,205.44,Home Office,-164.4
7117,2014-12-31,530.22,Home Office,180.24
7124,2014-12-27,204.3,Consumer,28.6
7126,2014-04-11,206.784,Consumer,-58.596
7128,2014-10-27,568.215,Consumer,-79.605
7130,2014-10-05,526.635,Consumer,81.885
7132,2014-06-30,634.78788,Corporate,62.32788
7133,2014-02-10,1128.384,Consumer,62.664
7136,2014-06-02,207.9,Consumer,41.58
7138,2014-10-06,803.04,Consumer,345.12
7141,2014-12-04,183.136,Consumer,48.056
7146,2014-08-20,1168.4,Corporate,306.7
7148,2014-11-07,449.568,Home Office,-73.0548
7150,2014-10-13,435.84,Consumer,130.752
7151,2014-09-08,301.38,Consumer,0.0
7155,2014-10-02,854.784,Corporate,-241.956
7157,2014-09-27,390.08,Corporate,-92.72
7161,2014-12-09,1089.75,Consumer,305.13
7162,2014-03-21,443.7,Corporate,44.28
7166,2014-08-21,148.44,Corporate,-100.98
7171,2014-08-07,310.14,Home Office,99.18
7174,2014-06-11,421.38,Consumer,75.84
7177,2014-07-12,285.3,Corporate,37.08
7178,2014-10-17,243.6,Corporate,102.2
7179,2014-11-27,263.1,Consumer,49.95
7181,2014-05-13,423.24,Home Office,21.12
7183,2014-09-16,632.61,Consumer,-632.61
7188,2014-10-31,251.006,Consumer,-68.1302
7192,2014-03-05,446.148,Home Office,198.228
7194,2014-09-11,718.794,Corporate,303.354
7204,2014-12-16,352.86,Consumer,35.28
7205,2014-10-29,701.298,Home Office,-257.202
7207,2014-11-12,142.08,Home Office,22.71
7209,2014-12-02,453.747,Consumer,-74.793
7213,2014-02-04,419.4,Home Office,146.79
7215,2014-02-11,670.95,Corporate,113.94
7217,2014-05-20,379.134,Consumer,-13.446
7218,2014-06-13,452.94,Home Office,67.941
7220,2014-07-21,364.392,Home Office,-60.768
7221,2014-08-18,224.856,Consumer,42.426
7222,2014-09-03,333.48,Consumer,49.98
7224,2014-06-26,484.03,Corporate,47.53
7225,2014-04-16,504.972,Home Office,127.692
7226,2014-04-27,256.86,Corporate,2.52
7230,2014-09-08,332.28,Corporate,-60.92
7236,2014-12-02,317.058,Consumer,-18.1176
7239,2014-01-06,234.0,Corporate,28.08
7242,2014-06-02,667.4244,Corporate,-155.4756
7244,2014-12-26,909.552,Home Office,30.272
7246,2014-11-17,584.2,Home Office,239.52
7248,2014-11-26,351.66,Consumer,17.58
7254,2014-07-02,661.32,Consumer,205.0
7255,2014-08-01,660.08,Home Office,131.98
7257,2014-10-21,504.09,Consumer,85.68
7260,2014-03-20,553.92,Consumer,22.08
7262,2014-11-17,618.3,Corporate,178.5
7264,2014-08-26,296.64,Consumer,-59.4
7269,2014-11-17,490.4802,Consumer,153.6102
7272,2014-11-03,384.592,Corporate,-81.7258
7283,2014-09-18,723.92,Home Office,188.2192
7286,2014-01-28,336.6,Home Office,158.16
7289,2014-11-18,161.7,Home Office,59.8
7290,2014-04-15,651.96,Corporate,12.96
7296,2014-04-17,361.86,Corporate,126.63
7298,2014-11-21,424.2,Consumer,-271.5
7301,2014-06-09,516.0,Consumer,61.92
7302,2014-09-27,1451.5,Consumer,595.1
7303,2014-06-12,479.36,Home Office,119.84
7304,2014-12-10,252.72,Home Office,50.4
7306,2014-11-11,239.952,Corporate,-35.9928
7309,2014-11-25,321.568,Consumer,-16.0784
7310,2014-11-24,408.42,Consumer,32.58
7314,2014-10-15,276.18,Corporate,60.74
7315,2014-07-28,465.156,Corporate,-255.864
7319,2014-09-16,529.9,Consumer,105.98
7320,2014-05-04,293.85,Consumer,61.68
7321,2014-10-01,375.9,Consumer,7.35
7322,2014-03-05,348.39,Home Office,97.44
7323,2014-03-25,469.99,Corporate,136.2971
7327,2014-08-18,191.31,Consumer,7.56
7329,2014-05-21,192.9,Home Office,40.5
7330,2014-10-03,246.84,Home Office,51.78
7334,2014-10-04,524.896,Corporate,-124.664
7335,2014-07-16,324.0,Home Office,38.88
7339,2014-07-16,662.448,Consumer,240.108
7340,2014-05-28,539.97,Home Office,134.9925
7341,2014-09-02,390.24,Consumer,195.12
7351,2014-08-26,274.992,Corporate,-158.208
7352,2014-05-05,408.42,Consumer,171.36
7354,2014-08-21,736.29,Consumer,8.04
7355,2014-06-27,198.24,Corporate,23.76
7363,2014-08-20,795.2064,Consumer,245.4064
7365,2014-11-25,253.92,Home Office,68.52
7372,2014-01-01,846.288,Corporate,46.998
7383,2014-12-31,258.12,Corporate,92.88
7388,2014-11-27,230.22,Consumer,62.1
7390,2014-06-12,280.792,Home Office,35.099
7391,2014-03-04,493.32,Corporate,172.56
7392,2014-06-13,858.24,Consumer,143.04
7393,2014-06-12,290.64,Consumer,92.82
7394,2014-04-22,154.26,Consumer,60.12
7395,2014-03-27,281.34,Home Office,104.04
7398,2014-02-19,876.681,Consumer,121.311
7399,2014-10-23,11199.968,Home Office,3919.9888
7400,2014-08-12,569.97,Consumer,-159.66
7401,2014-03-19,220.24,Home Office,15.36
7403,2014-06-27,545.916,Consumer,72.7888
7405,2014-06-10,359.475,Corporate,-338.025
7406,2014-01-22,1226.52,Home Office,232.92
7409,2014-06-26,781.47,Consumer,-594.09
7410,2014-02-05,379.38,Corporate,125.16
7417,2014-10-12,560.1,Home Office,5.6
7419,2014-11-11,430.88,Corporate,124.9552
7421,2014-11-25,395.32776,Consumer,50.68776
7424,2014-03-05,339.18,Home Office,67.8
7425,2014-07-04,333.6,Corporate,106.72
7428,2014-12-03,273.456,Corporate,-12.204
7430,2014-11-04,245.22,Consumer,31.86
7432,2014-06-16,698.352,Consumer,52.3764
7439,2014-08-06,517.92,Corporate,243.42
7443,2014-11-17,322.2,Corporate,25.74
7451,2014-06-30,422.928,Corporate,4.698
7452,2014-10-30,694.32,Corporate,180.48
7453,2014-05-29,581.55,Consumer,122.1
7457,2014-03-05,254.19,Corporate,-245.81
7458,2014-12-29,524.178,Consumer,-24.702
7459,2014-12-29,918.96,Consumer,128.64
7461,2014-06-27,560.655,Corporate,118.305
7465,2014-11-24,113.82,Consumer,46.62
7469,2014-12-22,228.78,Corporate,11.4
7472,2014-04-01,519.48,Consumer,93.48
7475,2014-03-31,382.14,Consumer,145.2
7477,2014-08-04,369.9,Consumer,92.43
7479,2014-09-09,230.5098,Consumer,9.8898
7480,2014-03-28,559.872,Consumer,43.542
7483,2014-12-23,607.52,Consumer,97.2032
7487,2014-10-10,447.2,Consumer,147.5
7488,2014-02-06,576.72,Home Office,28.8
7490,2014-07-18,478.56,Corporate,239.28
7498,2014-06-10,862.812,Corporate,277.992
7499,2014-11-05,157.5,Home Office,28.14
7504,2014-03-04,108.56,Corporate,24.96
7506,2014-06-17,350.406,Corporate,66.186
7507,2014-10-17,545.094,Corporate,-72.996
7508,2014-10-06,172.62,Home Office,58.68
7512,2014-03-18,822.42,Consumer,123.36
7515,2014-01-06,354.15,Home Office,173.52
7517,2014-08-07,517.47,Home Office,103.47
7520,2014-01-09,1843.17,Corporate,36.75
7521,2014-09-09,319.984,Corporate,107.9946
7522,2014-10-02,405.12,Consumer,52.64
7524,2014-05-29,358.0,Home Office,110.96
7526,2014-06-23,204.16,Consumer,79.6
7527,2014-04-29,228.285,Consumer,40.485
7532,2014-11-17,119.94,Consumer,5.997
7533,2014-11-28,497.94,Corporate,224.073
7535,2014-06-13,189.7,Consumer,94.8
7536,2014-02-04,582.894,Corporate,26.874
7537,2014-10-17,320.37,Corporate,32.01
7542,2014-03-12,346.14,Corporate,17.28
7543,2014-02-04,273.24,Corporate,62.76
7544,2014-11-04,959.984,Consumer,311.9948
7547,2014-10-03,415.2,Consumer,20.76
7548,2014-12-11,283.8,Consumer,45.36
7550,2014-02-11,262.14,Consumer,-214.98
7551,2014-07-31,330.4,Consumer,85.904
7554,2014-08-31,275.58,Corporate,35.82
7555,2014-08-11,600.48,Consumer,84.0
7563,2014-09-26,521.82,Corporate,114.75
7566,2014-07-09,145.9,Home Office,62.737
7570,2014-01-03,486.09,Corporate,106.92
7572,2014-12-30,327.4446,Consumer,-92.9754
7576,2014-11-27,263.58,Consumer,-131.82
7578,2014-03-15,298.566,Consumer,43.056
7580,2014-09-06,300.24,Corporate,42.0
7585,2014-05-22,221.94,Consumer,19.59
7587,2014-04-17,228.42,Corporate,63.45
7592,2014-07-26,259.92,Consumer,-25.992
7593,2014-06-17,216.04,Consumer,21.6
7598,2014-11-18,358.88,Corporate,49.32
7600,2014-11-27,144.585,Consumer,-0.135
7602,2014-04-28,355.968,Home Office,-11.952
7604,2014-01-16,139.65,Consumer,15.3
7606,2014-01-24,364.14,Corporate,80.1
7607,2014-12-12,309.12,Home Office,27.82
7608,2014-11-25,731.82,Consumer,146.34
7610,2014-04-24,374.058,Consumer,141.258
7611,2014-07-29,247.86,Home Office,27.24
7613,2014-12-02,629.64,Home Office,107.0388
7616,2014-10-18,594.22,Corporate,148.5
7618,2014-11-12,231.36,Home Office,85.56
7620,2014-11-14,145.8,Consumer,42.15
7623,2014-10-17,547.3,Corporate,175.136
7625,2014-02-17,574.02,Home Office,269.73
7628,2014-12-04,429.7293,Corporate,-348.6807
7630,2014-07-09,507.6,Home Office,218.16
7632,2014-01-22,264.492,Corporate,114.612
7633,2014-12-03,901.908,Consumer,100.128
7635,2014-06-02,324.744,Consumer,-77.1267
7637,2014-04-13,537.03,Corporate,107.37
7643,2014-11-27,126.3,Consumer,40.416
7645,2014-08-04,394.98,Consumer,35.52
7646,2014-10-24,423.1755,Corporate,35.6355
7648,2014-08-19,263.736,Home Office,23.076
7649,2014-11-14,341.55552,Corporate,115.63552
7650,2014-08-21,486.1725,Corporate,128.7225
7652,2014-06-03,295.29,Consumer,0.0
7660,2014-10-02,333.36,Consumer,49.86
7663,2014-06-18,533.2527,Consumer,206.3727
7664,2014-06-03,266.58,Consumer,87.84
7667,2014-06-13,330.144,Home Office,-198.096
7668,2014-07-29,507.84,Home Office,10.08
7670,2014-08-17,391.86,Consumer,90.12
7672,2014-01-06,736.8225,Home Office,207.9225
7674,2014-10-10,657.84,Consumer,236.76
7681,2014-12-04,235.92,Home Office,51.84
7682,2014-08-22,546.3612,Consumer,-104.8488
7685,2014-01-17,399.672,Corporate,-14.9877
7692,2014-10-29,722.36,Consumer,50.56
7694,2014-01-30,362.85,Corporate,32.64
7698,2014-12-10,644.88,Corporate,180.48
7699,2014-05-22,386.3,Consumer,169.9
7702,2014-02-21,386.91,Home Office,-185.7168
7708,2014-08-09,520.11,Consumer,244.44
7712,2014-08-01,366.84,Home Office,157.74
7713,2014-07-04,287.97,Consumer,77.7519
7714,2014-09-01,638.73,Consumer,166.0698
7715,2014-08-12,578.34,Consumer,277.56
7717,2014-03-20,246.0,Consumer,81.15
7720,2014-11-10,825.216,Corporate,-144.444
7726,2014-03-27,318.48,Consumer,6.24
7728,2014-12-10,419.4,Corporate,146.79
7729,2014-11-28,388.872,Consumer,-82.638
7730,2014-08-11,311.688,Corporate,-685.752
7737,2014-12-26,229.284,Consumer,-7.656
7741,2014-04-15,497.592,Corporate,-116.208
7743,2014-12-05,424.2,Corporate,161.16
7745,2014-11-04,206.784,Consumer,-27.576
7746,2014-06-17,226.557,Consumer,98.127
7747,2014-04-11,240.64,Consumer,86.56
7750,2014-08-30,1151.22,Consumer,287.7
7751,2014-04-09,529.9884,Corporate,-34.2516
7753,2014-01-20,465.0,Corporate,79.05
7754,2014-11-30,263.136,Consumer,-17.584
7756,2014-08-21,465.0372,Corporate,19.9872
7760,2014-12-26,304.45,Consumer,76.1125
7762,2014-03-12,194.448,Consumer,24.288
7764,2014-01-18,264.99,Consumer,119.22
7765,2014-04-15,642.6,Corporate,70.68
7767,2014-05-28,477.15,Consumer,28.629
7770,2014-09-11,844.02,Consumer,8.28
7775,2014-05-07,253.692,Home Office,73.242
7776,2014-06-11,172.2,Consumer,41.28
7781,2014-09-03,254.526,Corporate,-93.3262
7782,2014-02-17,600.558,Consumer,-8.5794
7786,2014-03-28,297.48,Corporate,145.74
7788,2014-09-29,166.04,Consumer,79.68
7789,2014-05-16,420.96,Corporate,79.92
7791,2014-01-16,1057.38,Consumer,285.48
7804,2014-09-04,181.764,Home Office,-8.0784
7807,2014-04-09,306.9,Corporate,79.794
7809,2014-11-21,205.7,Consumer,41.1
7812,2014-12-31,120.24,Home Office,30.0
7816,2014-09-25,892.755,Consumer,386.805
7817,2014-03-05,355.11,Consumer,113.61
7822,2014-11-20,184.5,Corporate,77.4
7823,2014-11-10,693.198,Home Office,253.998
7824,2014-06-01,418.6728,Corporate,53.1528
7825,2014-07-16,664.146,Consumer,88.5528
7826,2014-08-30,612.981,Corporate,100.731
7827,2014-02-17,574.56,Consumer,44.64
7828,2014-10-03,771.72,Consumer,185.16
7829,2014-08-12,608.58,Consumer,0.0
7830,2014-09-09,1310.7,Home Office,327.6
7831,2014-11-25,415.872,Consumer,-41.5872
7832,2014-08-19,274.32,Corporate,0.0
7833,2014-11-07,663.84,Consumer,-409.44
7836,2014-04-30,571.32,Corporate,108.36
7840,2014-03-28,600.558,Consumer,-8.5794
7843,2014-07-24,397.89,Home Office,19.89
7846,2014-09-22,845.46,Consumer,295.74
7847,2014-06-09,544.275,Consumer,-152.415
7853,2014-10-13,232.2,Consumer,15.48
7857,2014-02-14,799.96,Consumer,343.9828
7858,2014-11-11,268.03,Corporate,-230.51
7860,2014-04-08,370.737,Consumer,123.507
7862,2014-04-05,287.28,Consumer,48.72
7866,2014-04-17,192.0,Consumer,1.92
7880,2014-05-28,337.2,Consumer,151.74
7882,2014-12-17,184.068,Consumer,-263.832
7884,2014-10-06,1015.168,Consumer,329.888
7885,2014-01-25,785.79,Consumer,369.27
7887,2014-05-07,664.56,Home Office,6.6
7899,2014-04-08,528.69,Consumer,206.16
7900,2014-11-08,505.7864,Consumer,120.5864
7904,2014-10-29,773.388,Consumer,326.448
7907,2014-12-31,684.606,Corporate,-63.234
7909,2014-09-17,409.8,Home Office,73.7
7911,2014-02-21,333.576,Home Office,25.0182
7914,2014-12-15,266.352,Consumer,-292.9872
7917,2014-06-13,377.01,Consumer,82.92
7919,2014-12-17,480.2232,Corporate,-13.2168
7921,2014-10-14,384.34656,Consumer,-162.01344
7922,2014-01-06,357.21,Home Office,138.87
7927,2014-04-10,191.6,Home Office,91.968
7931,2014-05-17,221.024,Consumer,-55.256
7932,2014-07-28,384.96852,Corporate,68.64852
7933,2014-10-15,303.3,Consumer,60.66
7936,2014-07-02,757.32,Consumer,136.26
7938,2014-08-18,517.92,Consumer,243.42
7947,2014-01-09,164.2,Corporate,26.24
7949,2014-12-27,984.84,Corporate,374.16
7951,2014-10-15,236.76,Consumer,47.28
7954,2014-02-14,447.876,Consumer,-10.044
7956,2014-04-01,198.528,Consumer,-23.232
7958,2014-12-26,142.74,Corporate,39.96
7960,2014-07-22,551.3886,Home Office,-157.5714
7961,2014-01-27,428.34,Consumer,137.04
7963,2014-04-16,356.6196,Consumer,53.6796
7971,2014-09-25,769.44,Consumer,269.22
7973,2014-12-11,241.89,Consumer,48.36
7974,2014-10-06,408.36,Consumer,77.58
7979,2014-11-10,508.26144,Corporate,192.50144
7982,2014-11-27,354.564,Home Office,-590.976
7984,2014-11-05,270.594,Corporate,-306.846
7989,2014-12-02,287.58,Consumer,31.62
7992,2014-11-07,752.76,Corporate,35.4
7993,2014-09-30,500.992,Home Office,-75.168
7998,2014-08-26,513.36,Corporate,66.72
7999,2014-10-23,145.35,Corporate,62.46
8000,2014-02-18,480.96,Home Office,-269.3376
8005,2014-03-26,374.58,Consumer,134.82
8007,2014-08-06,448.341,Corporate,147.681
8011,2014-02-18,455.97,Home Office,-106.393
8016,2014-03-13,511.02,Corporate,30.6
8018,2014-06-07,342.72,Consumer,112.98
8019,2014-10-29,341.46,Consumer,160.44
8023,2014-09-15,210.5685,Corporate,54.7185
8031,2014-01-26,362.4,Home Office,39.84
8032,2014-11-06,455.52,Consumer,59.19
8033,2014-12-20,378.39,Corporate,185.4
8035,2014-04-14,169.65,Consumer,18.6
8038,2014-06-27,584.61,Consumer,175.11
8039,2014-04-21,1116.99,Consumer,446.79
8042,2014-06-24,823.5,Consumer,312.9
8048,2014-10-21,211.12,Consumer,71.68
8054,2014-07-16,256.86,Home Office,2.52
8056,2014-01-29,239.97,Home Office,26.3967
8061,2014-06-25,276.69,Consumer,49.8042
8062,2014-03-27,245.13,Home Office,83.34
8063,2014-11-07,318.96,Consumer,149.9112
8064,2014-04-10,577.53,Consumer,190.53
8065,2014-11-17,138.3,Corporate,52.5
8066,2014-03-07,138.57,Consumer,45.72
8073,2014-08-01,487.616,Consumer,79.216
8078,2014-12-29,429.6,Consumer,163.2
8082,2014-07-21,548.2,Consumer,197.3
8083,2014-06-03,573.102,Corporate,222.822
8088,2014-04-21,312.822,Home Office,72.882
8094,2014-11-07,292.896,Corporate,104.076
8096,2014-12-10,444.768,Consumer,44.4768
8097,2014-12-03,251.16,Consumer,32.64
8098,2014-05-27,151.83,Home Office,37.95
8099,2014-09-15,895.944,Corporate,190.3881
8103,2014-03-20,346.68,Home Office,69.3
8108,2014-10-02,241.96,Consumer,60.49
8111,2014-09-03,534.72,Home Office,58.8
8118,2014-08-29,450.912,Home Office,-451.008
8120,2014-11-12,385.2,Consumer,107.82
8121,2014-11-28,495.99,Consumer,74.25
8129,2014-05-14,914.97,Corporate,411.7365
8130,2014-01-02,546.72,Consumer,185.88
8131,2014-11-17,317.7045,Corporate,104.5845
8133,2014-08-19,267.12,Corporate,-40.08
8145,2014-05-02,819.54,Consumer,139.32
8146,2014-01-17,883.8,Home Office,-397.8
8147,2014-09-18,586.5246,Consumer,169.2246
8155,2014-12-29,324.66,Consumer,32.34
8156,2014-09-26,540.189,Home Office,53.859
8157,2014-01-09,1032.75,Home Office,-165.24
8160,2014-10-03,495.3606,Consumer,149.0706
8161,2014-04-30,256.74,Corporate,110.34
8164,2014-06-13,124.428,Corporate,-177.312
8168,2014-06-04,291.06,Corporate,52.38
8171,2014-09-06,703.8,Consumer,56.28
8175,2014-05-09,207.81,Corporate,91.41
8176,2014-09-12,260.52,Consumer,-113.08
8178,2014-03-17,485.28,Corporate,29.04
8180,2014-05-14,587.97,Corporate,158.7519
8181,2014-05-03,559.872,Consumer,43.542
8183,2014-11-04,239.344,Consumer,62.804
8184,2014-09-26,222.81,Consumer,62.37
8187,2014-08-14,278.88,Home Office,114.3
8190,2014-06-09,87.237,Consumer,31.887
8193,2014-10-03,352.44,Consumer,59.88
8198,2014-07-30,886.95,Consumer,79.74
8200,2014-11-25,387.224,Consumer,38.024
8203,2014-04-11,242.88,Consumer,41.28
8208,2014-10-06,423.9,Consumer,-17.01
8210,2014-09-19,371.79,Corporate,59.4
8212,2014-07-22,123.12,Home Office,20.88
8215,2014-12-15,179.496,Corporate,-12.024
8217,2014-04-11,85.44,Corporate,0.84
8219,2014-05-19,706.86,Home Office,197.9208
8220,2014-11-07,260.34,Consumer,46.86
8221,2014-08-05,734.94,Consumer,130.62
8222,2014-09-17,244.2,Consumer,34.05
8224,2014-01-15,169.064,Corporate,-14.7931
8225,2014-04-14,436.704,Corporate,-38.2116
8226,2014-03-24,403.2,Corporate,-100.8
8227,2014-11-25,526.10568,Consumer,225.56568
8228,2014-07-24,583.48,Home Office,93.32
8229,2014-09-15,231.48,Consumer,30.0
8230,2014-09-16,576.0,Consumer,194.4
8239,2014-10-13,603.3,Home Office,205.05
8240,2014-09-17,623.3175,Home Office,-191.8125
8243,2014-09-18,318.43,Home Office,-77.333
8246,2014-12-08,432.81,Consumer,25.92
8250,2014-04-25,632.07,Corporate,-316.17
8253,2014-04-09,256.8,Home Office,30.78
8256,2014-03-22,364.74,Home Office,123.96
8257,2014-02-28,415.44,Corporate,149.49
8258,2014-08-07,222.9795,Consumer,-0.0705
8262,2014-11-09,377.01,Consumer,82.92
8263,2014-12-13,445.326,Consumer,63.606
8264,2014-08-07,592.68,Home Office,213.36
8266,2014-07-10,236.4,Home Office,96.9
8268,2014-07-17,597.0,Corporate,77.55
8271,2014-02-22,552.36,Consumer,121.48
8273,2014-12-22,281.97,Consumer,78.9516
8285,2014-08-02,676.485,Home Office,195.285
8287,2014-07-04,597.132,Corporate,49.761
8294,2014-01-24,642.69,Corporate,244.2
8295,2014-11-04,508.92,Corporate,-305.36
8298,2014-06-02,550.08,Corporate,82.44
8301,2014-09-03,527.46,Corporate,226.8
8302,2014-05-28,477.3,Consumer,138.417
8304,2014-11-21,447.876,Consumer,129.336
8308,2014-10-27,402.084,Home Office,-44.676
8311,2014-12-29,340.704,Corporate,-34.0704
8315,2014-11-06,341.577,Consumer,-30.393
8316,2014-02-17,579.51,Corporate,81.1314
8318,2014-09-17,659.7,Consumer,72.54
8322,2014-11-17,409.14,Corporate,85.86
8325,2014-09-16,395.94,Corporate,102.9444
8328,2014-06-18,1950.372,Corporate,-1121.688
8336,2014-12-11,347.64,Consumer,-0.06
8337,2014-05-29,165.42,Home Office,47.97
8338,2014-08-08,290.196,Corporate,57.996
8340,2014-09-03,215.976,Home Office,-2.6997
8341,2014-11-21,414.72,Home Office,62.16
8344,2014-09-05,334.4418,Consumer,-17.6582
8345,2014-04-18,612.198,Consumer,-81.702
8349,2014-12-12,149.4,Consumer,2.88
8350,2014-02-06,346.113,Home Office,107.613
8353,2014-03-20,286.605,Corporate,-68.805
8362,2014-04-17,516.66,Consumer,87.78
8363,2014-10-16,264.96,Consumer,10.56
8366,2014-07-12,443.73,Consumer,159.6
8368,2014-04-17,232.875,Corporate,-10.425
8372,2014-11-14,230.376,Home Office,-48.9549
8375,2014-11-16,408.42,Corporate,32.58
8378,2014-12-28,237.33,Consumer,47.25
8379,2014-11-06,159.99,Corporate,54.3966
8380,2014-10-06,160.93,Home Office,3.2186
8382,2014-08-04,673.647,Corporate,-186.573
8387,2014-09-25,383.96,Home Office,38.396
8396,2014-09-12,312.48,Home Office,-312.48
8397,2014-09-17,310.35,Consumer,108.6
8399,2014-11-21,520.38,Consumer,150.84
8406,2014-03-12,111.12,Consumer,23.28
8409,2014-04-11,211.68,Consumer,86.76
8413,2014-10-08,265.44,Corporate,31.84
8414,2014-11-17,385.76,Corporate,38.56
8418,2014-02-14,268.62,Corporate,91.32
8421,2014-06-27,526.45,Consumer,31.587
8422,2014-01-21,359.976,Consumer,130.4913
8424,2014-11-18,723.72,Corporate,253.26
8426,2014-08-03,211.464,Consumer,-66.996
8427,2014-09-12,204.83064,Home Office,40.55064
8438,2014-07-22,378.0,Consumer,-20.16
8449,2014-02-24,636.768,Consumer,212.208
8450,2014-07-01,283.26,Corporate,113.28
8456,2014-09-24,199.95,Consumer,63.984
8457,2014-11-27,220.56,Consumer,41.88
8459,2014-02-07,413.82,Corporate,20.61
8460,2014-07-11,529.8,Corporate,68.82
8468,2014-07-28,590.1174,Home Office,69.7374
8472,2014-11-21,226.56,Consumer,-147.28
8474,2014-10-28,84.6,Home Office,6.72
8477,2014-03-13,242.94,Corporate,9.7176
8479,2014-06-06,254.94,Home Office,-312.33
8480,2014-09-09,408.36,Home Office,57.12
8486,2014-08-22,477.3006,Consumer,45.4206
8488,2014-06-10,241.74,Consumer,106.2
8490,2014-06-20,412.02,Corporate,206.01
8491,2014-07-07,732.9,Consumer,307.8
8493,2014-09-25,391.98,Corporate,109.7544
8496,2014-10-16,225.82,Corporate,8.96
8498,2014-03-22,731.82,Home Office,102.42
8500,2014-08-19,740.85,Corporate,266.7
8502,2014-07-15,276.69,Consumer,49.8042
8505,2014-06-11,685.755,Corporate,127.995
8506,2014-11-06,492.768,Corporate,55.4364
8508,2014-11-04,586.4,Consumer,275.6
8511,2014-12-23,219.6,Corporate,39.48
8512,2014-10-17,282.744,Consumer,62.664
8513,2014-02-14,604.575,Consumer,185.325
8514,2014-09-19,312.336,Consumer,62.316
8521,2014-12-09,459.92,Consumer,41.3928
8523,2014-08-06,457.893,Consumer,111.843
8528,2014-09-15,594.18,Consumer,47.52
8529,2014-05-22,527.76,Home Office,5.2
8532,2014-10-09,123.93,Consumer,61.95
8539,2014-06-11,346.92,Consumer,0.0
8543,2014-06-07,546.0,Consumer,158.28
8544,2014-11-07,477.12384,Consumer,147.24384
8545,2014-08-06,988.08,Consumer,276.48
8548,2014-08-15,418.296,Consumer,5.2287
8551,2014-07-30,501.47504,Consumer,84.39504
8552,2014-07-21,176.38652,Consumer,26.14652
8556,2014-12-19,658.638,Corporate,-36.642
8565,2014-12-09,954.09,Corporate,219.42
8570,2014-06-09,179.88,Consumer,53.88
8571,2014-07-11,504.09,Corporate,115.92
8576,2014-06-10,648.324,Corporate,50.364
8578,2014-11-15,558.42,Consumer,0.0
8579,2014-05-22,149.46,Corporate,56.79
8581,2014-11-15,727.56,Home Office,116.4
8585,2014-09-22,671.0598,Consumer,-73.6002
8586,2014-11-22,520.2,Corporate,124.84
8589,2014-11-17,715.38636,Corporate,34.38636
8592,2014-11-08,868.644,Corporate,366.744
8593,2014-09-24,557.0475,Home Office,-26.3025
8594,2014-07-07,373.275,Corporate,28.875
8603,2014-02-27,567.9,Corporate,45.42
8604,2014-05-02,299.04,Home Office,2.94
8605,2014-12-04,212.04,Corporate,12.72
8606,2014-06-25,555.66,Corporate,-208.53
8607,2014-08-08,561.087,Home Office,211.887
8611,2014-08-20,273.472,Corporate,95.712
8617,2014-05-15,729.48,Consumer,-492.42
8618,2014-09-19,776.25,Consumer,-326.1
8620,2014-06-11,113.28,Consumer,29.43
8621,2014-09-25,235.944,Consumer,85.5297
8622,2014-08-15,859.5,Corporate,266.4
8625,2014-03-28,292.1,Consumer,58.42
8628,2014-11-13,348.46168,Home Office,76.10168
8629,2014-08-23,207.18,Consumer,33.12
8634,2014-02-17,249.18,Home Office,107.1
8636,2014-09-16,298.14,Corporate,14.88
8637,2014-09-19,135.84,Consumer,57.0
8638,2014-11-20,654.102,Consumer,-50.898
8646,2014-11-18,131.868,Corporate,5.808
8647,2014-03-27,119.96,Consumer,33.5888
8652,2014-11-27,258.264,Corporate,-27.396
8653,2014-09-26,321.075,Corporate,-314.775
8654,2014-04-16,726.3486,Home Office,140.5386
8655,2014-12-03,401.646,Corporate,54.996
8661,2014-09-04,378.66,Consumer,185.52
8664,2014-10-09,415.008,Consumer,-228.272
8669,2014-12-04,391.608,Corporate,130.368
8670,2014-01-09,631.5,Corporate,-113.7
8671,2014-11-07,349.056,Home Office,11.616
8677,2014-06-06,505.90616,Home Office,14.18616
8678,2014-10-01,284.1098,Consumer,18.0098
8680,2014-08-16,284.1,Corporate,42.6
8684,2014-07-14,352.38,Consumer,42.24
8688,2014-09-03,480.03,Corporate,19.2
8690,2014-05-23,259.248,Corporate,-32.412
8694,2014-09-02,424.2,Corporate,161.16
8698,2014-08-18,634.86,Consumer,-349.29
8700,2014-09-06,358.68,Consumer,14.28
8701,2014-04-30,93.0762,Corporate,-15.8238
8703,2014-07-18,672.57,Consumer,59.67
8708,2014-08-12,449.64,Consumer,13.44
8711,2014-06-03,199.08,Consumer,55.68
8716,2014-12-29,607.14,Consumer,12.06
8717,2014-05-31,145.896,Consumer,-82.684
8719,2014-12-17,364.32,Consumer,18.21
8720,2014-12-23,429.4125,Consumer,-171.7875
8724,2014-04-01,314.496,Consumer,87.276
8727,2014-08-25,190.65,Corporate,51.45
8729,2014-08-04,551.7504,Corporate,195.7104
8730,2014-09-18,1983.015,Corporate,616.815
8732,2014-05-10,199.98,Home Office,87.9912
8733,2014-06-29,612.48,Consumer,18.36
8737,2014-01-22,242.94,Home Office,9.7176
8738,2014-07-28,1799.64,Home Office,719.82
8754,2014-08-14,600.48,Corporate,84.0
8761,2014-11-08,272.97,Corporate,43.6752
8762,2014-08-06,194.64,Corporate,62.28
8765,2014-08-20,435.99,Consumer,178.74
8769,2014-06-23,319.644,Consumer,-319.716
8770,2014-12-18,250.992,Consumer,4.122
8773,2014-02-28,146.56,Consumer,38.44
8774,2014-08-29,492.42,Consumer,187.08
8786,2014-03-31,920.4,Corporate,322.14
8791,2014-12-31,323.136,Consumer,12.1176
8794,2014-11-08,508.32,Home Office,5.04
8796,2014-12-05,188.552,Corporate,-2.6936
8800,2014-03-03,441.96,Corporate,101.6508
8804,2014-11-06,549.75,Corporate,60.45
8805,2014-11-10,494.64,Consumer,39.54
8812,2014-12-12,199.26,Consumer,63.72
8822,2014-03-15,685.44,Corporate,6.72
8823,2014-05-29,314.64,Consumer,-524.4
8824,2014-09-12,440.5275,Consumer,140.8575
8827,2014-05-19,241.38,Corporate,57.87
8828,2014-09-04,281.34,Corporate,104.04
8830,2014-03-12,321.9426,Consumer,-168.6474
8831,2014-11-11,341.96,Corporate,-427.45
8832,2014-10-16,407.904,Consumer,-601.776
8835,2014-11-28,250.83732,Consumer,44.73732
8836,2014-03-15,850.35,Corporate,289.05
8837,2014-12-26,277.398,Consumer,3.078
8840,2014-10-19,386.388,Consumer,-64.422
8844,2014-09-30,146.82,Consumer,42.57
8848,2014-10-30,435.357,Consumer,40.137
8849,2014-09-25,603.92,Corporate,181.176
8854,2014-12-11,1462.1445,Home Office,-17.4555
8855,2014-04-25,99.28,Corporate,12.41
8856,2014-08-20,311.25,Consumer,40.44
8859,2014-08-25,211.65,Consumer,93.12
8863,2014-10-28,96.48,Home Office,34.72
8864,2014-12-08,339.18,Consumer,108.48
8868,2014-11-14,563.024,Consumer,190.0206
8869,2014-09-20,168.48,Home Office,-29.5
8871,2014-11-20,119.92,Corporate,40.72
8872,2014-01-01,332.163,Consumer,-43.137
8874,2014-10-01,392.88,Consumer,137.28
8876,2014-06-17,192.16,Home Office,92.2368
8879,2014-10-08,222.384,Home Office,16.6788
8880,2014-09-19,411.75,Home Office,156.45
8885,2014-11-18,363.3,Consumer,76.2
8887,2014-08-12,406.44,Home Office,125.94
8890,2014-08-22,431.968,Consumer,37.7972
8894,2014-09-01,811.72,Home Office,284.06
8903,2014-12-09,592.74,Home Office,160.0398
8905,2014-07-23,368.172,Consumer,147.252
8907,2014-02-08,124.44,Corporate,24.87
8910,2014-05-14,299.52,Home Office,149.76
8911,2014-04-19,217.6,Corporate,50.0
8912,2014-09-08,207.81,Corporate,91.41
8915,2014-09-03,496.16568,Corporate,217.64568
8916,2014-09-03,355.38,Corporate,21.3
8917,2014-02-14,382.32,Corporate,29.7
8918,2014-06-09,276.72,Corporate,8.28
8927,2014-11-19,198.9,Home Office,55.68
8929,2014-01-22,264.9384,Consumer,99.6984
8935,2014-01-20,643.365,Consumer,-45.435
8936,2014-09-11,342.792,Consumer,-30.528
8939,2014-08-02,670.41,Consumer,14.76
8940,2014-08-08,217.2,Consumer,32.58
8945,2014-05-08,419.944,Consumer,52.493
8954,2014-08-09,364.5,Consumer,178.56
8956,2014-09-28,325.08,Consumer,32.34
8957,2014-07-10,244.8,Consumer,70.92
8959,2014-02-28,372.96,Home Office,149.04
8963,2014-01-14,318.132,Corporate,-196.188
8964,2014-05-02,445.28,Consumer,17.76
8966,2014-02-19,1072.08,Consumer,353.7
8969,2014-11-28,382.32,Consumer,29.7
8970,2014-09-24,127.9,Consumer,47.3
8976,2014-05-05,571.44,Consumer,165.7176
8984,2014-03-21,134.946,Consumer,36.486
8985,2014-06-06,128.37,Consumer,55.17
8986,2014-03-03,281.82,Corporate,118.32
8990,2014-11-17,293.0,Consumer,5.86
9004,2014-12-23,846.1992,Consumer,-214.2008
9010,2014-09-18,328.14,Consumer,81.9
9011,2014-12-16,387.84,Consumer,50.4
9016,2014-09-10,243.92,Consumer,-15.245
9017,2014-03-07,572.192,Consumer,21.432
9020,2014-08-04,146.28,Home Office,21.93
9023,2014-10-20,328.3992,Consumer,-91.7586
9025,2014-10-17,516.0,Corporate,175.44
9026,2014-04-21,976.08,Consumer,292.8
9027,2014-01-23,131.85,Consumer,54.0
9028,2014-08-09,168.6,Consumer,57.24
9032,2014-02-20,81.63,Consumer,8.1
9035,2014-09-15,389.9928,Corporate,-72.6072
9037,2014-06-09,332.28,Consumer,96.36
9039,2014-03-18,223.92,Consumer,66.96
9043,2014-07-19,655.776,Consumer,-36.444
9045,2014-11-19,400.32,Home Office,112.08
9047,2014-10-15,651.0,Corporate,-158.1
9049,2014-05-16,183.72,Consumer,75.32
9059,2014-04-12,493.68,Consumer,54.24
9060,2014-12-16,214.02,Corporate,29.88
9061,2014-06-17,380.538,Consumer,-29.682
9062,2014-04-02,508.32,Home Office,81.3
9070,2014-10-17,270.56,Consumer,129.76
9071,2014-11-27,189.0,Corporate,60.48
9074,2014-03-01,735.66,Consumer,95.58
9077,2014-06-09,193.68,Consumer,11.52
9080,2014-03-18,626.184,Consumer,-34.896
9087,2014-09-01,995.28,Corporate,358.2
9089,2014-11-22,245.82,Corporate,66.36
9095,2014-08-13,542.94,Consumer,152.0232
9097,2014-05-11,269.244,Consumer,-134.676
9098,2014-08-06,151.056,Home Office,7.5528
9100,2014-06-24,273.18,Corporate,76.44
9101,2014-11-24,123.39,Consumer,49.35
9108,2014-02-27,450.48,Corporate,58.56
9109,2014-06-11,1347.52,Corporate,84.22
9110,2014-09-17,131.648,Consumer,1.608
9112,2014-09-03,511.5,Home Office,132.99
9117,2014-04-02,984.18,Corporate,344.46
9122,2014-12-25,147.04,Consumer,26.4
9125,2014-08-05,268.32,Consumer,88.5
9126,2014-08-28,220.44,Corporate,17.58
9127,2014-09-14,351.84,Corporate,147.72
9128,2014-07-08,285.075,Corporate,-159.645
9131,2014-11-28,565.32,Home Office,56.52
9133,2014-07-24,396.78,Home Office,-7.98
9135,2014-06-05,177.12,Consumer,10.56
9139,2014-01-10,274.491,Consumer,-228.7425
9141,2014-09-25,247.35,Consumer,56.85
9148,2014-04-16,196.45,Corporate,70.722
9151,2014-06-25,293.52,Consumer,55.74
9154,2014-12-10,127.0,Consumer,55.8
9164,2014-12-04,166.44,Consumer,79.8912
9165,2014-08-12,182.61,Corporate,51.12
9168,2014-02-10,362.664,Consumer,140.904
9173,2014-10-22,417.216,Corporate,104.296
9174,2014-02-11,464.13,Consumer,-742.77
9179,2014-06-13,95.202,Consumer,27.462
9181,2014-09-25,713.29056,Consumer,327.31056
9189,2014-12-02,398.972,Consumer,-28.498
9196,2014-08-02,354.12,Corporate,14.16
9200,2014-06-18,529.98,Consumer,238.44
9201,2014-11-18,184.86,Corporate,-25.92
9202,2014-12-30,588.0225,Consumer,-27.1575
9205,2014-12-06,172.752,Home Office,60.4632
9206,2014-12-19,508.32,Corporate,203.28
9210,2014-10-07,509.3634,Consumer,-58.7366
9213,2014-10-29,319.68,Home Office,56.73
9214,2014-01-17,302.67,Consumer,72.6408
9215,2014-06-16,297.918,Consumer,86.058
9217,2014-10-29,646.38,Home Office,57.24
9218,2014-12-29,525.72,Corporate,94.56
9221,2014-08-20,311.4,Corporate,111.96
9223,2014-10-17,595.17,Home Office,249.93
9225,2014-11-05,261.03,Consumer,10.44
9227,2014-11-28,268.8,Corporate,-181.44
9233,2014-10-17,256.8,Home Office,71.88
9234,2014-12-27,928.8,Corporate,-92.88
9239,2014-08-06,528.69,Consumer,206.16
9243,2014-07-08,339.18,Corporate,-122.22
9245,2014-06-04,238.2,Corporate,116.7
9253,2014-12-20,281.3265,Corporate,-134.2035
9255,2014-02-18,250.4046,Home Office,47.9646
9259,2014-02-07,174.96,Consumer,76.95
9261,2014-10-04,371.97,Home Office,66.9546
9266,2014-06-24,147.75,Corporate,0.0
9270,2014-10-02,761.886,Corporate,101.466
9276,2014-12-27,175.26,Consumer,-148.98
9281,2014-07-31,152.64,Consumer,13.68
9284,2014-11-01,169.5,Corporate,15.24
9285,2014-05-14,530.34,Corporate,95.4612
9286,2014-09-23,568.608,Home Office,-322.272
9287,2014-05-28,454.5,Corporate,90.9
9288,2014-11-21,158.328,Consumer,-102.952
9290,2014-08-16,197.49,Consumer,17.76
9293,2014-06-25,550.24,Consumer,22.0
9296,2014-05-10,269.28,Consumer,110.4
9311,2014-10-06,333.24,Consumer,79.92
9313,2014-12-23,555.39,Home Office,-30.51
9316,2014-04-08,152.55,Consumer,-1.71
9320,2014-01-20,193.14,Corporate,73.26
9323,2014-11-29,457.056,Consumer,-40.704
9325,2014-11-07,259.136,Consumer,-51.8272
9326,2014-03-07,293.22,Home Office,99.54
9329,2014-12-16,493.452,Consumer,-205.608
9330,2014-10-29,567.42,Consumer,164.5
9331,2014-12-15,361.86,Corporate,10.83
9332,2014-11-01,156.204,Consumer,-270.756
9335,2014-10-21,334.68,Consumer,110.4
9336,2014-01-30,519.66,Consumer,213.06
9338,2014-10-22,380.688,Consumer,19.008
9340,2014-05-05,407.232,Consumer,-149.328
9341,2014-12-01,562.887,Home Office,129.807
9350,2014-08-01,513.6,Consumer,61.56
9351,2014-11-17,274.68,Corporate,-274.68
9358,2014-09-06,577.665,Consumer,211.665
9360,2014-12-10,399.9159,Home Office,-115.0641
9364,2014-03-26,186.786,Consumer,-14.544
9365,2014-04-17,282.66,Consumer,93.24
9366,2014-11-01,508.768,Corporate,38.1576
9370,2014-06-14,185.536,Consumer,18.536
9372,2014-12-11,437.52,Home Office,43.68
9375,2014-05-01,291.654,Consumer,-22.686
9377,2014-08-02,154.848,Corporate,-20.672
9379,2014-10-15,398.688,Consumer,-358.992
9380,2014-10-16,204.95,Corporate,100.4255
9383,2014-09-11,244.35,Home Office,70.8
9387,2014-08-27,357.156,Corporate,27.756
9389,2014-11-07,401.58,Corporate,16.02
9390,2014-12-25,585.63,Home Office,103.98
9393,2014-11-03,575.505,Home Office,12.705
9397,2014-01-22,613.287,Consumer,44.307
9398,2014-09-26,382.4253,Consumer,32.8953
9403,2014-10-07,398.52,Home Office,191.28
9404,2014-11-21,529.32,Corporate,-391.8
9405,2014-06-04,757.32,Home Office,371.04
9406,2014-11-17,146.82,Consumer,73.41
9407,2014-07-27,362.352,Corporate,45.294
9408,2014-03-18,264.96,Corporate,108.6
9418,2014-11-21,283.92,Consumer,-46.137
9419,2014-10-01,174.12,Consumer,76.56
9425,2014-08-30,1661.049,Consumer,-255.591
9426,2014-11-05,210.996,Corporate,-126.624
9427,2014-10-23,248.98,Consumer,54.7756
9435,2014-05-08,435.4,Consumer,30.4
9439,2014-07-04,489.44,Corporate,43.96
9440,2014-03-03,322.44,Consumer,90.24
9446,2014-11-17,239.148,Home Office,-39.312
9450,2014-11-20,380.55,Consumer,79.8
9451,2014-08-12,477.51,Home Office,219.6546
9455,2014-04-24,860.79,Home Office,68.67
9457,2014-09-03,236.528,Consumer,-2.9566
9458,2014-01-24,636.15,Consumer,203.55
9460,2014-06-09,457.5465,Consumer,134.5665
9476,2014-03-31,515.52,Home Office,36.0
9489,2014-10-06,409.824,Corporate,-27.456
9491,2014-03-28,135.96,Consumer,10.86
9492,2014-11-13,457.4628,Corporate,60.6228
9493,2014-06-16,392.85,Home Office,148.41
9494,2014-09-30,554.28,Consumer,77.52
9499,2014-08-22,429.48,Home Office,17.1
9501,2014-09-24,667.84,Corporate,287.16
9502,2014-08-11,246.72,Consumer,73.92
9504,2014-06-17,462.132,Consumer,-0.108
9505,2014-06-30,130.71,Consumer,39.213
9506,2014-07-24,259.56,Home Office,-145.44
9507,2014-01-06,314.364,Consumer,-7.416
9508,2014-06-17,335.205,Corporate,126.555
9509,2014-08-06,435.45,Home Office,65.31
9510,2014-11-29,391.32,Corporate,90.0
9512,2014-01-24,296.34,Consumer,142.2
9514,2014-09-24,215.19,Corporate,18.99
9515,2014-08-18,94.44,Consumer,1.8
9517,2014-08-20,209.76,Home Office,85.98
9520,2014-11-06,550.08,Consumer,-66.12
9523,2014-09-12,118.62,Corporate,49.68
9524,2014-05-26,375.3,Consumer,180.09
9525,2014-06-14,160.02,Consumer,46.2
9534,2014-03-04,391.68,Consumer,140.88
9535,2014-05-23,1086.156,Consumer,-12.084
9538,2014-09-17,267.732,Consumer,-156.258
9540,2014-11-25,268.848,Corporate,-174.752
9541,2014-11-18,379.44,Consumer,174.48
9542,2014-12-06,199.9,Home Office,39.98
9546,2014-01-03,401.355,Corporate,35.595
9554,2014-07-07,262.17,Corporate,98.97
9555,2014-07-21,389.97,Corporate,132.5898
9556,2014-04-22,369.28,Home Office,144.0
9560,2014-08-29,249.3,Corporate,0.0
9562,2014-08-30,358.8498,Consumer,57.8298
9566,2014-10-16,555.0336,Consumer,-175.0464
9568,2014-09-02,314.6,Corporate,103.818
9569,2014-02-15,330.22,Consumer,108.9
9570,2014-11-05,430.11,Consumer,94.59
9573,2014-11-25,370.44,Consumer,170.31
9574,2014-11-05,606.18,Corporate,103.04
9576,2014-12-08,245.22,Consumer,19.56
9577,2014-11-07,477.09,Home Office,42.93
9585,2014-11-26,677.4,Consumer,33.8
9592,2014-03-14,299.9,Consumer,74.975
9599,2014-12-01,440.1,Home Office,61.56
9601,2014-09-29,385.2,Home Office,107.82
9604,2014-05-02,275.616,Consumer,-0.024
9606,2014-12-31,289.35,Consumer,75.15
9609,2014-12-10,214.9,Consumer,62.321
9611,2014-10-28,221.62,Home Office,97.44
9614,2014-10-21,157.98,Consumer,37.86
9615,2014-02-17,273.564,Consumer,-6.516
9621,2014-01-28,354.15,Home Office,109.71
9631,2014-08-22,388.704,Corporate,38.8704
9633,2014-08-13,229.23,Corporate,59.4
9635,2014-06-24,473.85,Consumer,160.92
9636,2014-06-12,257.25,Corporate,64.2
9637,2014-11-04,845.424,Corporate,197.244
9650,2014-11-21,388.08,Consumer,93.12
9651,2014-10-07,487.6,Home Office,4.8
9653,2014-03-28,332.94,Consumer,9.9882
9656,2014-09-17,172.2,Consumer,41.28
9658,2014-03-25,145.86,Home Office,59.76
9660,2014-12-19,119.232,Corporate,1.302
9662,2014-01-06,821.214,Corporate,-592.146
9663,2014-03-13,167.82,Consumer,31.86
9667,2014-08-25,602.208,Consumer,213.888
9668,2014-03-11,181.656,Home Office,-4.104
9676,2014-08-04,271.32,Corporate,127.26
9677,2014-11-25,595.986,Consumer,91.146
9679,2014-11-28,86.382,Corporate,-181.458
9680,2014-10-02,451.152,Corporate,0.0
9682,2014-07-21,573.9,Consumer,39.9
9683,2014-06-30,464.67,Home Office,78.84
9686,2014-12-10,261.03,Corporate,10.44
9697,2014-01-22,268.576,Consumer,90.6444
9698,2014-10-10,379.16016,Corporate,29.56016
9702,2014-09-15,214.7514,Consumer,-2.9886
9707,2014-10-28,177.664,Consumer,-42.256
9714,2014-12-30,300.98,Consumer,87.2842
9717,2014-08-11,543.201,Corporate,25.551
9718,2014-10-20,328.995,Consumer,94.995
9719,2014-11-19,236.088,Corporate,39.348
9720,2014-04-09,195.76,Home Office,97.88
9727,2014-01-09,180.224,Consumer,8.944
9728,2014-11-14,371.79,Consumer,59.4
9736,2014-09-08,279.944,Consumer,80.4839
9741,2014-04-02,238.8,Home Office,31.02
9744,2014-10-29,234.36,Consumer,86.64
9749,2014-11-18,187.76,Consumer,76.9816
9754,2014-12-09,228.75,Corporate,105.15
9756,2014-12-29,247.158,Consumer,82.338
9760,2014-01-25,475.2,Consumer,66.48
9761,2014-04-23,222.64,Consumer,8.88
9764,2014-11-04,179.508,Corporate,2.968
9765,2014-12-08,232.95,Consumer,111.75
9768,2014-11-28,224.8911,Home Office,43.0311
9769,2014-03-11,418.5,Home Office,32.55
9774,2014-12-26,251.1,Consumer,77.7
9775,2014-07-16,465.24,Consumer,139.56
9779,2014-09-30,239.976,Home Office,65.9934
9780,2014-09-18,227.24,Corporate,6.8
9783,2014-12-08,320.64,Consumer,89.7792
9785,2014-07-30,575.1474,Corporate,62.1474
9790,2014-10-31,442.4,Consumer,-55.3
9797,2014-06-05,406.44,Corporate,125.94
9799,2014-12-03,250.2,Consumer,80.04
9801,2014-11-04,303.84,Corporate,103.26
9802,2014-11-28,143.73,Corporate,56.0547
9803,2014-08-18,540.57,Corporate,140.5482
9805,2014-11-28,315.306,Consumer,42.006
9810,2014-04-26,472.8,Corporate,193.8
9813,2014-05-11,288.0,Consumer,-14.4
9817,2014-12-02,406.368,Consumer,30.4776
9819,2014-11-07,311.4,Consumer,-373.68
9821,2014-09-19,148.14,Home Office,20.7
9822,2014-11-13,128.37,Consumer,55.17
9830,2014-01-28,217.89,Consumer,77.43
9837,2014-11-05,616.14,Corporate,197.16
9840,2014-11-27,97.8,Corporate,11.6
9846,2014-11-22,176.88,Corporate,70.74
9847,2014-04-25,269.784,Home Office,-317.016
9849,2014-09-03,195.93,Consumer,45.06
9850,2014-06-13,303.84,Home Office,-136.76
9856,2014-06-26,297.0,Consumer,38.52
9863,2014-01-20,252.828,Consumer,-63.252
9864,2014-11-24,458.3628,Consumer,-210.9972
9865,2014-09-16,109.32,Corporate,5.46
9870,2014-02-26,332.4195,Consumer,-503.4105
9873,2014-06-15,250.44,Consumer,67.56
9874,2014-05-20,1628.82,Consumer,374.6286
9875,2014-01-08,340.86,Home Office,122.7
9876,2014-05-06,282.3,Consumer,135.3
9877,2014-09-18,274.68,Consumer,0.0
9879,2014-03-26,275.76,Consumer,5.46
9892,2014-04-08,228.06,Consumer,-486.54
9899,2014-08-19,199.344,Home Office,-154.536
9904,2014-06-04,381.68,Home Office,141.2
9906,2014-02-03,474.984,Home Office,-300.936
9908,2014-06-19,225.24,Corporate,78.78
9909,2014-08-28,244.5,Consumer,48.9
9912,2014-01-29,464.61,Consumer,-32.91
9914,2014-06-28,325.92,Consumer,78.12
9918,2014-07-16,206.4,Consumer,92.88
9926,2014-09-01,565.32,Corporate,56.52
9931,2014-12-02,274.8,Consumer,112.62
9935,2014-05-10,642.6,Consumer,70.68
9936,2014-12-23,111.12,Corporate,18.84
9937,2014-12-15,248.5,Corporate,111.8
9939,2014-12-26,910.35,Consumer,391.35
9941,2014-12-11,230.04,Consumer,6.9
9947,2014-11-21,364.92,Corporate,83.91
9948,2014-10-04,332.28,Home Office,29.88
9952,2014-08-20,616.92,Corporate,203.58
9957,2014-08-28,179.25,Consumer,25.05
9959,2014-09-02,498.26,Consumer,134.5302
9960,2014-10-21,503.5908,Consumer,104.9508
9969,2014-06-23,325.062,Consumer,-357.618
9970,2014-09-20,108.24,Corporate,25.92
9974,2014-09-28,592.99164,Consumer,76.03164
9983,2014-12-30,333.6255,Consumer,-56.5245
9984,2014-08-06,171.87,Corporate,63.57
9987,2014-06-25,571.455,Consumer,215.865
9995,2014-08-13,579.45,Home Office,225.9
9996,2014-12-26,319.56,Corporate,146.97
9999,2014-10-06,375.12,Home Office,-437.68
10000,2014-11-17,473.148,Corporate,41.988
10001,2014-01-29,380.97,Consumer,143.91
10002,2014-06-22,447.84,Home Office,219.4416
10007,2014-11-08,439.8,Consumer,145.134
10010,2014-10-27,223.83,Corporate,58.14
10011,2014-08-08,251.25,Home Office,42.6
10014,2014-10-08,327.12,Corporate,114.48
10015,2014-09-02,394.98,Consumer,15.78
10018,2014-09-09,213.43,Corporate,-39.637
10019,2014-11-26,520.68,Consumer,93.72
10022,2014-02-18,160.7877,Home Office,29.3877
10023,2014-12-12,721.875,Corporate,-420.0
10026,2014-12-11,445.71,Corporate,-69.81
10028,2014-04-15,292.928,Consumer,-22.032
10029,2014-08-26,336.24,Home Office,100.86
10030,2014-08-08,455.436,Corporate,-425.124
10038,2014-07-11,359.648,Corporate,125.848
10039,2014-08-02,490.26,Home Office,88.2
10041,2014-11-11,244.44,Home Office,7.14
10042,2014-01-09,225.24,Consumer,78.78
10049,2014-12-15,393.39,Consumer,145.53
10051,2014-12-08,257.25,Consumer,30.75
10052,2014-08-02,443.808,Consumer,-199.752
10060,2014-07-03,435.51,Consumer,0.0
10064,2014-03-17,442.32,Corporate,101.64
10066,2014-10-31,105.98,Home Office,4.2392
10067,2014-03-08,385.02,Consumer,50.04
10069,2014-12-15,255.78,Consumer,30.66
10072,2014-11-10,296.922,Consumer,52.362
10074,2014-08-07,115.92,Corporate,35.88
10085,2014-01-04,183.33,Consumer,49.35
10087,2014-02-01,484.596,Consumer,56.376
10088,2014-06-24,1732.71,Consumer,207.9
10089,2014-06-10,826.2,Corporate,16.5
10093,2014-01-10,97.632,Consumer,30.372
10095,2014-06-09,461.43,Home Office,161.46
10097,2014-11-05,167.44,Corporate,14.651
10100,2014-06-20,339.36,Corporate,61.08
10101,2014-03-06,156.06,Consumer,62.28
10103,2014-05-29,301.96,Consumer,33.2156
10107,2014-04-28,98.016,Home Office,-137.244
10108,2014-10-08,196.704,Consumer,-72.176
10109,2014-09-03,269.028,Home Office,83.688
10110,2014-10-15,203.14,Corporate,89.32
10115,2014-07-23,526.344,Consumer,-75.192
10116,2014-07-04,133.44,Corporate,-93.44
10123,2014-06-04,191.85552,Consumer,74.57552
10128,2014-08-11,338.3154,Home Office,3.6354
10129,2014-10-21,623.7,Consumer,37.38
10130,2014-05-22,375.66,Consumer,112.68
10133,2014-07-07,576.6525,Consumer,-7.7175
10135,2014-09-03,238.0,Corporate,38.08
10138,2014-11-29,424.2,Corporate,161.16
10139,2014-09-17,870.9,Consumer,130.62
10141,2014-12-29,474.4116,Consumer,15.2316
10143,2014-09-25,636.36,Home Office,203.58
10145,2014-12-20,203.76,Home Office,85.5
10154,2014-12-11,255.42,Consumer,40.86
10157,2014-12-01,269.49,Home Office,5.3898
10159,2014-08-13,154.44,Consumer,43.2
10161,2014-02-25,158.58,Home Office,20.58
10163,2014-12-17,139.6815,Consumer,-81.8685
10164,2014-10-27,415.62,Consumer,8.28
10169,2014-01-24,222.345,Consumer,34.545
10170,2014-09-23,364.932,Corporate,51.012
10173,2014-05-19,239.184,Consumer,38.844
10174,2014-10-09,343.74,Consumer,164.94
10176,2014-09-10,375.744,Home Office,-197.316
10177,2014-11-13,505.42712,Corporate,226.86712
10181,2014-08-23,263.88,Consumer,-29.7
10184,2014-02-28,522.06,Consumer,20.88
10185,2014-06-03,388.608,Home Office,-14.592
10188,2014-08-28,230.28,Corporate,23.028
10193,2014-03-14,314.55,Home Office,150.984
10197,2014-10-02,135.2,Home Office,44.6
10201,2014-11-27,249.06,Corporate,12.42
10206,2014-06-06,674.163,Home Office,97.293
10209,2014-11-28,267.84,Corporate,62.4
10210,2014-10-02,267.744,Consumer,20.064
10212,2014-10-31,206.685,Consumer,-173.655
10213,2014-05-01,222.021,Home Office,29.601
10216,2014-07-21,348.792,Home Office,-104.648
10220,2014-09-08,320.166,Corporate,-170.784
10226,2014-01-09,529.47,Corporate,201.15
10227,2014-11-22,223.182,Corporate,27.222
10230,2014-11-17,351.864,Corporate,74.184
10234,2014-12-18,354.861,Home Office,-7.929
10236,2014-10-13,254.604,Home Office,-18.186
10238,2014-07-26,277.695,Home Office,-9.405
10239,2014-02-11,93.18,Consumer,-65.34
10246,2014-09-12,177.568,Consumer,8.8784
10247,2014-04-24,387.136,Home Office,-14.5176
10249,2014-11-21,168.03,Consumer,-110.91
10251,2014-05-05,302.76,Corporate,-75.72
10253,2014-10-13,369.544,Home Office,27.7158
10254,2014-12-22,661.32,Home Office,118.98
10256,2014-12-05,649.0,Consumer,-272.58
10257,2014-09-17,152.1,Home Office,42.54
10258,2014-05-20,299.97,Corporate,113.9886
10260,2014-01-23,518.112,Consumer,-570.048
10267,2014-12-29,354.861,Corporate,-7.929
10273,2014-11-21,209.568,Consumer,-23.5764
10277,2014-09-26,659.424,Corporate,-428.736
10279,2014-12-24,251.7,Consumer,118.26
10280,2014-09-01,650.034,Consumer,-23.706
10281,2014-07-18,193.68,Home Office,11.52
10283,2014-10-27,662.19296,Consumer,197.71296
10286,2014-09-29,332.16,Home Office,-11.08
10287,2014-06-21,226.56,Corporate,58.86
10289,2014-10-10,194.766,Corporate,-95.934
10295,2014-10-29,666.72,Home Office,53.28
10298,2014-12-22,243.27,Consumer,121.59
10299,2014-04-21,317.058,Consumer,-18.1176
10301,2014-11-14,344.91,Consumer,10.3473
10302,2014-11-14,239.92,Consumer,23.992
10303,2014-12-26,513.12,Home Office,-342.08
10304,2014-06-19,494.0658,Consumer,-11.9142
10309,2014-12-13,323.2125,Consumer,121.6125
10312,2014-04-10,137.12,Consumer,52.08
10313,2014-12-04,359.04,Consumer,107.52
10315,2014-05-07,549.52,Corporate,109.88
10317,2014-08-13,807.84,Consumer,250.38
10318,2014-06-26,339.15,Consumer,145.74
10320,2014-05-19,262.14,Consumer,5.22
10323,2014-06-19,413.0,Consumer,136.28
10324,2014-07-27,459.156,Corporate,-77.484
10326,2014-02-20,301.38,Consumer,0.0
10327,2014-12-04,209.0136,Consumer,-20.0664
10329,2014-08-30,329.28,Corporate,95.34
10341,2014-12-18,152.64,Corporate,35.04
10347,2014-01-03,260.49,Corporate,31.23
10350,2014-11-03,286.8,Consumer,-95.6
10354,2014-12-03,242.64,Home Office,67.92
10358,2014-02-14,106.272,Corporate,11.772
10361,2014-06-25,385.6,Corporate,111.824
10365,2014-02-05,170.28,Home Office,30.6
10372,2014-09-03,167.97,Corporate,40.3128
10377,2014-04-16,198.56,Consumer,75.44
10378,2014-10-27,266.22,Home Office,69.18
10379,2014-07-18,269.98,Home Office,67.495
10381,2014-02-03,306.342,Consumer,20.382
10382,2014-10-02,300.63,Home Office,38.94
10383,2014-11-07,406.14,Corporate,97.44
10390,2014-01-22,582.426,Consumer,26.766
10394,2014-10-31,97.568,Consumer,-6.098
10395,2014-12-10,896.328,Home Office,22.4082
10396,2014-11-27,570.9,Corporate,205.5
10397,2014-12-26,349.52,Corporate,-78.68
10401,2014-10-24,173.94,Corporate,8.67
10406,2014-08-09,152.25,Home Office,74.55
10407,2014-03-12,104.58,Consumer,33.42
10408,2014-09-01,276.48,Corporate,11.04
10409,2014-12-30,255.285,Consumer,-47.655
10410,2014-10-13,247.2768,Home Office,-149.4432
10416,2014-07-23,468.612,Consumer,78.072
10417,2014-03-04,399.672,Corporate,-14.9877
10422,2014-01-20,552.501,Corporate,110.421
10425,2014-03-03,479.94,Corporate,52.7934
10428,2014-12-24,190.98,Consumer,53.46
10433,2014-06-13,166.92,Home Office,43.38
10436,2014-11-13,223.056,Consumer,69.705
10437,2014-10-17,599.985,Home Office,-479.988
10438,2014-05-07,219.808,Corporate,-219.832
10443,2014-06-05,309.12,Home Office,27.82
10451,2014-06-03,517.14,Consumer,243.0
10456,2014-11-17,268.704,Consumer,-53.796
10461,2014-08-18,229.56,Home Office,11.4
10466,2014-08-18,462.564,Corporate,97.6524
10470,2014-12-20,311.4,Consumer,-31.14
10471,2014-12-06,385.984,Corporate,33.744
10472,2014-06-05,352.584,Home Office,29.664
10482,2014-09-12,222.24,Corporate,44.4
10483,2014-09-23,364.32,Corporate,131.13
10484,2014-06-03,127.68,Consumer,47.04
10485,2014-08-28,212.4,Home Office,8.4
10487,2014-11-19,304.8,Home Office,21.12
10492,2014-09-22,256.14,Consumer,102.45
10493,2014-09-21,743.58,Home Office,118.8
10495,2014-12-17,133.11,Home Office,63.87
10499,2014-08-28,249.426,Corporate,63.726
10500,2014-02-15,323.46,Home Office,61.38
10502,2014-08-01,159.12,Consumer,-127.32
10504,2014-10-27,329.712,Consumer,94.782
10506,2014-11-10,499.168,Home Office,31.198
10510,2014-01-24,128.223,Consumer,-2.907
10514,2014-03-31,347.88,Consumer,17.34
10522,2014-04-17,144.0,Home Office,5.76
10523,2014-12-04,256.64568,Corporate,45.76568
10527,2014-04-08,262.14,Consumer,5.22
10532,2014-05-20,286.93,Consumer,140.5957
10535,2014-06-18,180.12,Home Office,5.4
10537,2014-11-18,200.64,Corporate,62.16
10538,2014-11-03,165.96,Home Office,-112.92
10543,2014-10-05,367.578,Consumer,-0.162
10545,2014-09-16,200.52,Home Office,42.0
10546,2014-05-29,113.58,Home Office,40.86
10550,2014-06-19,174.528,Home Office,11.628
10553,2014-06-30,172.38,Consumer,34.44
10557,2014-11-06,348.48,Home Office,142.86
10559,2014-10-06,246.9,Home Office,34.56
10560,2014-06-24,546.96,Consumer,54.6
10561,2014-11-10,488.6208,Consumer,43.0208
10565,2014-05-13,871.2,Home Office,357.15
10572,2014-02-15,248.265,Consumer,-69.525
10573,2014-01-14,428.67,Home Office,42.84
10574,2014-08-05,321.6591,Consumer,-132.7509
10578,2014-05-30,396.252,Corporate,149.652
10582,2014-04-17,605.7525,Consumer,-92.6475
10583,2014-06-19,522.144,Corporate,-52.216
10584,2014-04-04,458.1564,Consumer,-511.4436
10588,2014-12-01,245.7,Consumer,98.28
10591,2014-06-30,362.94,Consumer,90.735
10599,2014-07-31,455.76,Consumer,-45.69
10600,2014-03-18,229.608,Corporate,-176.112
10602,2014-11-22,2183.979,Consumer,447.279
10603,2014-01-03,402.48,Consumer,152.88
10605,2014-11-07,224.259,Corporate,-64.101
10608,2014-01-22,184.14,Corporate,84.6
10610,2014-12-03,508.704,Corporate,0.0
10613,2014-04-12,199.95,Consumer,21.9945
10614,2014-09-12,143.952,Corporate,17.994
10618,2014-12-09,286.44,Home Office,137.46
10619,2014-01-01,156.512,Consumer,-35.2152
10626,2014-11-06,413.1,Consumer,8.25
10632,2014-12-23,363.39,Consumer,10.89
10633,2014-03-20,463.44,Corporate,120.48
10636,2014-11-26,359.499,Consumer,-29.6058
10639,2014-09-06,216.144,Home Office,-135.126
10641,2014-05-16,128.88,Consumer,9.0
10642,2014-02-12,262.29,Consumer,28.83
10644,2014-08-01,123.9,Consumer,18.48
10645,2014-10-02,171.27,Consumer,30.81
10647,2014-09-09,108.51,Consumer,40.14
10648,2014-05-09,251.55,Home Office,17.55
10650,2014-01-15,225.24,Consumer,58.56
10651,2014-06-20,249.06,Corporate,-129.54
10653,2014-09-03,334.53,Corporate,-22.47
10657,2014-01-30,495.06,Consumer,59.4
10660,2014-04-07,260.28,Consumer,78.03
10661,2014-11-08,394.72896,Corporate,113.84896
10662,2014-07-23,126.36,Consumer,-269.6
10663,2014-03-22,277.4,Consumer,133.152
10664,2014-06-24,481.6,Corporate,84.28
10666,2014-03-19,537.544,Consumer,47.0351
10669,2014-01-31,654.804,Corporate,-14.556
10670,2014-11-04,317.94,Home Office,88.83
10671,2014-03-17,163.32,Consumer,21.12
10673,2014-06-02,121.02,Home Office,53.22
10674,2014-09-15,138.3,Corporate,2.76
10675,2014-07-09,313.69884,Consumer,-111.22116
10676,2014-07-19,311.976,Consumer,-42.8967
10677,2014-08-09,494.22,Consumer,113.67
10687,2014-10-24,238.14,Consumer,19.8
10689,2014-07-30,301.5,Consumer,75.24
10691,2014-12-14,493.68,Consumer,54.24
10696,2014-12-05,245.484,Corporate,-77.796
10697,2014-01-14,330.912,Corporate,-209.688
10699,2014-04-09,74.49,Corporate,28.29
10701,2014-11-28,225.18,Corporate,95.04
10703,2014-10-10,570.15,Consumer,159.63
10706,2014-09-30,385.077,Home Office,-77.253
10709,2014-08-08,143.1,Consumer,5.7
10710,2014-10-16,208.035,Consumer,62.385
10718,2014-07-16,310.443,Consumer,-48.7839
10720,2014-01-14,358.992,Home Office,-251.388
10724,2014-04-25,266.4,Corporate,47.94
10726,2014-11-14,306.84,Corporate,122.64
10729,2014-04-30,209.3394,Corporate,-142.2006
10730,2014-06-24,98.64,Consumer,22.68
10731,2014-04-18,187.92,Corporate,67.62
10742,2014-11-08,312.15,Consumer,-87.45
10750,2014-10-03,244.74,Consumer,70.92
10753,2014-06-04,199.2,Consumer,63.68
10756,2014-01-29,196.272,Corporate,-170.118
10757,2014-07-24,202.08,Consumer,58.56
10758,2014-09-30,194.544,Corporate,-77.856
10761,2014-07-09,234.3519,Consumer,-12.8781
10762,2014-09-06,402.75,Consumer,36.15
10764,2014-11-06,566.52,Corporate,130.26
10766,2014-01-08,407.115,Corporate,29.385
10768,2014-09-17,518.496,Corporate,12.936
10772,2014-11-24,222.384,Consumer,16.6788
10773,2014-05-12,209.979,Corporate,-356.9643
10775,2014-03-28,845.019,Home Office,84.399
10778,2014-11-07,201.69,Consumer,88.56
10780,2014-01-30,174.6,Corporate,15.6
10787,2014-10-27,249.18,Consumer,59.76
10789,2014-03-06,344.4,Consumer,82.56
10793,2014-04-11,371.6,Consumer,159.76
10795,2014-10-27,526.40508,Corporate,188.78508
10796,2014-02-06,371.2,Corporate,41.76
10797,2014-10-29,303.3,Consumer,60.66
10798,2014-05-08,187.08,Corporate,80.4
10808,2014-07-24,362.952,Consumer,-60.528
10809,2014-06-20,464.464,Home Office,162.484
10811,2014-12-30,118.1007,Consumer,41.2407
10815,2014-11-25,364.08,Consumer,9.102
10818,2014-02-28,332.01,Consumer,112.77
10820,2014-08-12,226.8,Consumer,67.92
10822,2014-10-29,373.284,Corporate,49.764
10829,2014-12-27,121.188,Consumer,-136.362
10831,2014-04-04,414.072,Home Office,-32.208
10834,2014-03-24,474.0,Consumer,9.36
10839,2014-04-08,617.976,Home Office,-7.7247
10841,2014-08-13,342.18,Home Office,82.08
10846,2014-12-04,1790.7582,Consumer,560.7882
10848,2014-03-12,485.024,Corporate,-18.216
10854,2014-08-13,119.028,Corporate,-23.892
10855,2014-08-07,333.9,Home Office,26.7
10858,2014-12-18,118.17,Consumer,57.87
10862,2014-02-15,299.64,Corporate,89.88
10866,2014-06-30,293.328,Consumer,-78.372
10868,2014-02-11,204.15,Consumer,53.07
10869,2014-11-07,546.336,Consumer,75.096
10870,2014-11-11,396.84,Corporate,71.4
10871,2014-09-17,222.56,Home Office,93.44
10873,2014-05-07,199.2375,Consumer,18.0375
10874,2014-09-02,130.56,Consumer,50.88
10876,2014-06-23,156.4,Consumer,46.9
10877,2014-11-25,120.45,Corporate,46.86
10879,2014-05-10,147.92,Home Office,46.225
10880,2014-04-10,150.696,Corporate,7.476
10881,2014-09-27,419.136,Home Office,-57.6312
10882,2014-09-23,122.4,Home Office,-46.56
10886,2014-08-07,137.31,Consumer,54.9
10890,2014-10-27,204.96,Home Office,53.28
10895,2014-11-12,475.52704,Home Office,218.20704
10896,2014-09-06,153.828,Home Office,-84.672
10901,2014-05-07,408.744,Home Office,76.6395
10905,2014-08-28,483.7095,Corporate,28.3995
10906,2014-08-23,323.028,Home Office,-25.182
10907,2014-07-03,275.58,Consumer,57.84
10908,2014-12-29,584.6445,Consumer,194.7945
10910,2014-07-03,398.56,Corporate,179.28
10915,2014-12-04,940.32,Consumer,141.03
10916,2014-06-05,304.8,Consumer,103.44
10920,2014-07-28,339.18,Home Office,67.8
10926,2014-11-20,286.92,Corporate,65.88
10931,2014-06-12,154.656,Consumer,-5.184
10936,2014-01-31,419.136,Consumer,-68.1096
10938,2014-04-28,356.562,Corporate,19.782
10940,2014-10-23,349.272,Consumer,31.032
10942,2014-09-10,517.08,Corporate,180.96
10944,2014-11-18,327.7328,Consumer,-14.4588
10950,2014-06-11,139.5,Consumer,11.16
10951,2014-01-10,276.9378,Consumer,46.6578
10952,2014-12-03,183.36,Consumer,27.48
10954,2014-01-21,354.861,Corporate,31.491
10957,2014-05-08,321.912,Consumer,-4.068
10958,2014-12-03,294.62,Consumer,-766.012
10962,2014-09-22,784.728,Consumer,62.208
10963,2014-05-04,373.47,Corporate,-112.041
10966,2014-06-20,137.22,Home Office,64.44
10968,2014-05-21,343.2,Home Office,38.61
10970,2014-11-03,207.732,Consumer,-135.028
10972,2014-08-20,144.9,Consumer,70.92
10973,2014-01-06,148.95,Consumer,16.35
10975,2014-10-09,110.28,Consumer,31.98
10976,2014-04-21,126.9,Consumer,41.85
10979,2014-02-24,207.81,Consumer,91.41
10981,2014-10-29,165.6,Consumer,-202.88
10984,2014-11-19,249.543,Consumer,-11.757
10985,2014-04-22,182.58,Consumer,43.8
10986,2014-09-24,119.96,Consumer,33.5888
10991,2014-10-03,312.912,Corporate,-0.008
10994,2014-12-10,153.657,Consumer,63.117
10995,2014-06-21,503.96,Consumer,125.99
10996,2014-10-11,261.468,Home Office,49.248
10998,2014-03-24,91.746,Consumer,1.986
11001,2014-06-10,845.64,Corporate,228.24
11002,2014-12-26,243.684,Consumer,-89.376
11006,2014-04-29,959.412,Consumer,78.852
11008,2014-01-16,372.12,Corporate,107.73
11009,2014-08-20,245.13,Consumer,83.34
11010,2014-12-29,440.67,Home Office,167.43
11011,2014-01-13,270.96,Corporate,-64.38
11012,2014-02-05,571.428,Corporate,25.038
11014,2014-07-11,204.63,Home Office,57.27
11015,2014-03-04,308.16,Consumer,86.22
11016,2014-02-26,318.12,Home Office,31.8
11020,2014-10-07,138.096,Consumer,-27.624
11030,2014-04-28,198.0,Consumer,65.28
11031,2014-11-28,312.012,Consumer,41.472
11036,2014-09-12,249.93,Corporate,59.94
11039,2014-07-21,416.32,Corporate,112.4064
11045,2014-07-28,184.92,Consumer,24.03
11046,2014-12-08,237.87,Consumer,30.87
11048,2014-06-04,143.91,Corporate,63.27
11049,2014-10-30,225.84,Corporate,29.28
11050,2014-05-07,770.4,Consumer,215.64
11052,2014-08-19,323.1,Home Office,61.389
11053,2014-08-12,200.736,Home Office,-260.964
11054,2014-04-24,501.69,Consumer,205.59
11060,2014-07-21,257.52,Consumer,97.68
11061,2014-02-25,268.62,Consumer,-85.98
11062,2014-06-11,185.64,Corporate,7.32
11067,2014-02-19,447.147,Consumer,34.767
11068,2014-06-14,164.736,Home Office,-39.1248
11071,2014-09-26,257.04,Consumer,-2.88
11074,2014-11-21,316.1664,Consumer,151.4064
11076,2014-01-14,105.72,Corporate,9.48
11079,2014-05-01,163.98,Consumer,45.9
11080,2014-09-21,272.646,Consumer,18.1764
11086,2014-08-12,225.84,Home Office,56.4
11087,2014-11-30,155.628,Home Office,-134.892
11088,2014-05-16,100.56,Corporate,14.04
11092,2014-08-07,289.32,Corporate,49.14
11095,2014-08-19,102.168,Corporate,10.128
11096,2014-03-19,571.32,Consumer,-571.32
11100,2014-09-30,130.14,Consumer,33.81
11110,2014-04-29,94.38,Corporate,33.96
11114,2014-06-11,276.6,Consumer,94.0
11118,2014-09-25,506.28,Corporate,177.198
11120,2014-06-04,503.96,Consumer,50.396
11121,2014-11-26,299.96,Consumer,37.495
11122,2014-04-14,250.5,Consumer,15.0
11125,2014-05-26,280.65,Consumer,0.0
11127,2014-01-20,597.24,Consumer,92.88
11129,2014-03-19,182.994,Consumer,-320.2395
11130,2014-12-10,89.04,Home Office,44.52
11132,2014-09-09,277.185,Consumer,26.085
11133,2014-10-24,140.94,Consumer,4.2
11137,2014-08-19,176.88,Home Office,-28.32
11144,2014-02-24,64.8,Corporate,-6.48
11148,2014-11-29,233.568,Consumer,67.128
11150,2014-09-08,151.164,Consumer,15.804
11151,2014-08-28,354.9,Corporate,17.745
11152,2014-08-26,291.96,Corporate,137.16
11158,2014-02-13,259.038,Home Office,-23.922
11165,2014-08-08,152.4,Consumer,42.6
11166,2014-05-20,281.34,Corporate,109.7226
11168,2014-03-20,140.96,Corporate,35.2
11170,2014-01-22,127.296,Corporate,-4.344
11172,2014-12-02,219.8,Consumer,24.7275
11179,2014-10-11,503.82,Consumer,196.47
11180,2014-03-06,234.36,Corporate,112.4928
11193,2014-09-08,478.08,Corporate,133.8624
11195,2014-04-16,128.88,Corporate,9.0
11198,2014-10-09,404.04,Consumer,100.8
11200,2014-02-27,356.79,Consumer,99.9012
11202,2014-11-21,781.776,Consumer,-482.124
11203,2014-12-28,440.64,Home Office,-44.16
11204,2014-10-23,171.36,Corporate,-157.71
11205,2014-12-09,272.94,Consumer,0.0
11212,2014-10-17,173.25,Home Office,0.0
11213,2014-09-05,385.56,Consumer,89.88
11214,2014-07-28,75.28,Consumer,-11.32
11218,2014-09-01,659.9,Consumer,217.767
11219,2014-12-26,275.712,Home Office,-255.048
11220,2014-09-18,327.0,Consumer,88.26
11222,2014-10-17,178.0857,Corporate,22.9557
11223,2014-06-03,323.028,Corporate,50.148
11225,2014-03-31,164.792,Consumer,18.5391
11230,2014-12-02,182.304,Consumer,-82.056
11231,2014-03-04,2951.442,Home Office,226.962
11233,2014-03-26,185.92,Consumer,62.748
11235,2014-02-26,190.836,Corporate,-2.124
11237,2014-09-17,274.176,Home Office,4.496
11238,2014-12-06,197.28,Consumer,19.68
11241,2014-12-17,219.48,Consumer,70.2
11244,2014-07-24,199.53,Consumer,15.93
11247,2014-03-24,705.4,Home Office,21.1
11249,2014-08-11,504.09,Corporate,115.92
11251,2014-11-18,268.24,Consumer,93.884
11253,2014-02-11,132.768,Home Office,-146.112
11269,2014-10-13,201.12,Consumer,3.96
11270,2014-03-04,347.16,Corporate,138.84
11275,2014-08-13,126.9,Consumer,41.85
11278,2014-04-24,588.816,Consumer,110.376
11279,2014-07-18,479.984,Home Office,89.997
11283,2014-07-10,246.9,Home Office,32.04
11289,2014-03-20,228.42,Consumer,43.2
11290,2014-11-24,166.536,Corporate,29.556
11301,2014-03-22,260.715,Corporate,-177.345
11304,2014-05-24,454.41,Home Office,186.75
11308,2014-11-19,139.032,Home Office,2.232
11312,2014-09-08,126.56,Consumer,47.46
11314,2014-03-10,173.7,Consumer,24.3
11318,2014-12-03,202.095,Consumer,89.775
11320,2014-03-04,173.592,Corporate,-34.728
11322,2014-10-22,281.82,Consumer,98.58
11323,2014-09-09,95.16,Home Office,4.74
11325,2014-07-26,623.592,Corporate,62.352
11326,2014-11-12,159.2,Consumer,23.84
11327,2014-09-09,599.676,Consumer,-1399.244
11328,2014-11-27,158.13,Consumer,-63.42
11329,2014-06-15,97.632,Consumer,30.372
11331,2014-05-09,131.0955,Corporate,-59.4045
11333,2014-05-07,933.4014,Consumer,-78.7386
11342,2014-03-28,341.6,Consumer,88.8
11343,2014-06-04,145.1,Consumer,63.8
11345,2014-06-10,158.1,Corporate,1.5
11348,2014-07-30,302.67,Consumer,72.6408
11351,2014-06-30,246.48,Home Office,68.88
11353,2014-05-13,184.76,Home Office,40.64
11356,2014-05-09,132.87,Consumer,-55.83
11357,2014-07-05,144.0,Home Office,30.24
11358,2014-08-18,496.2,Consumer,64.44
11363,2014-03-31,291.78,Consumer,-204.3
11372,2014-06-23,306.774,Consumer,129.474
11375,2014-06-08,118.17,Corporate,25.92
11376,2014-12-05,98.94,Consumer,15.78
11378,2014-05-12,238.734,Consumer,-139.266
11380,2014-09-20,394.2,Consumer,145.8
11383,2014-06-26,379.44,Consumer,128.88
11384,2014-08-09,325.08,Corporate,32.4
11386,2014-12-02,284.94,Consumer,28.44
11388,2014-09-16,417.231,Consumer,49.041
11389,2014-08-14,189.435,Corporate,23.235
11390,2014-12-16,322.1271,Corporate,-4.4829
11392,2014-08-07,81.9,Consumer,31.92
11397,2014-11-10,268.92,Corporate,110.52
11398,2014-08-09,527.688,Consumer,187.608
11400,2014-05-09,594.6,Consumer,118.92
11401,2014-11-25,276.18,Consumer,60.74
11410,2014-07-26,223.2,Corporate,-39.06
11413,2014-12-26,396.336,Home Office,-0.024
11416,2014-05-05,277.8,Home Office,130.5
11420,2014-09-10,217.84,Home Office,54.4
11423,2014-06-18,155.25,Consumer,46.575
11427,2014-05-08,476.8,Corporate,119.2
11429,2014-11-06,276.96,Consumer,11.04
11430,2014-12-23,317.66,Corporate,133.28
11433,2014-06-05,485.0,Consumer,242.48
11434,2014-10-24,350.64,Consumer,-46.8
11436,2014-10-01,167.94,Corporate,82.2906
11439,2014-08-09,353.124,Consumer,-45.756
11440,2014-04-23,120.0,Home Office,7.2
11443,2014-12-09,215.544,Consumer,-58.5048
11444,2014-12-01,456.84,Consumer,132.48
11447,2014-11-12,81.84,Corporate,-17.46
11449,2014-08-21,241.65,Home Office,-21.6
11450,2014-09-03,201.584,Consumer,12.599
11451,2014-09-05,136.08,Consumer,20.16
11457,2014-11-08,277.14,Corporate,60.96
11462,2014-10-17,145.2,Corporate,23.1
11465,2014-10-23,158.58,Home Office,20.58
11467,2014-06-24,248.856,Consumer,33.176
11469,2014-02-28,179.352,Consumer,-310.968
11470,2014-11-01,278.2,Consumer,116.8
11472,2014-12-02,147.9654,Consumer,8.2854
11480,2014-01-28,248.022,Consumer,8.262
11483,2014-05-12,227.24,Consumer,6.8
11484,2014-08-09,81.3,Consumer,40.65
11487,2014-07-16,197.1,Home Office,72.9
11488,2014-08-25,79.8,Consumer,13.56
11492,2014-05-12,378.27,Home Office,75.63
11497,2014-03-14,210.96,Consumer,56.88
11498,2014-05-30,307.44,Corporate,73.71
11500,2014-08-07,668.8638,Consumer,-32.2362
11505,2014-08-05,198.45,Corporate,89.28
11507,2014-12-24,152.28,Corporate,44.16
11508,2014-04-28,439.344,Home Office,63.384
11510,2014-10-16,336.24,Consumer,100.86
11511,2014-07-08,398.52,Consumer,87.66
11513,2014-07-31,468.6,Consumer,32.76
11516,2014-04-07,200.76,Corporate,86.28
11518,2014-07-03,111.168,Consumer,-163.152
11521,2014-10-21,346.08,Home Office,108.08
11523,2014-10-20,139.8,Consumer,68.4
11524,2014-10-28,336.6,Consumer,158.13
11527,2014-09-03,501.66,Consumer,50.1
11528,2014-05-30,166.68,Consumer,49.86
11529,2014-10-10,572.76,Consumer,91.62
11530,2014-03-06,339.012,Corporate,-62.208
11531,2014-09-28,317.52,Consumer,149.16
11532,2014-10-15,425.0,Corporate,59.5
11533,2014-12-27,179.88,Corporate,84.48
11535,2014-01-31,257.952,Consumer,22.512
11538,2014-08-16,498.744,Consumer,33.144
11542,2014-11-18,396.09,Corporate,-31.05
11543,2014-02-17,218.79,Consumer,-123.33
11547,2014-10-07,306.16,Consumer,58.16
11550,2014-04-06,110.484,Consumer,-9.876
11551,2014-06-10,169.7961,Consumer,-118.5639
11552,2014-05-22,246.12,Home Office,66.42
11557,2014-12-24,149.31,Consumer,41.76
11558,2014-08-01,285.576,Consumer,-57.1152
11561,2014-10-21,358.02,Consumer,71.58
11563,2014-08-02,286.2,Corporate,11.4
11564,2014-03-08,117.84,Consumer,-29.48
11566,2014-07-15,239.456,Consumer,17.9592
11569,2014-04-23,254.352,Home Office,0.0
11570,2014-01-02,474.43,Consumer,199.2606
11572,2014-03-19,114.76,Home Office,35.56
11573,2014-04-09,90.36,Consumer,17.1
11574,2014-01-22,619.95,Home Office,111.591
11575,2014-05-07,152.94,Consumer,41.2938
11582,2014-10-31,427.41,Home Office,4.23
11586,2014-11-05,505.656,Corporate,-202.344
11593,2014-09-12,472.122,Consumer,162.582
11598,2014-09-01,734.22,Consumer,212.76
11601,2014-07-14,346.5,Consumer,114.24
11602,2014-10-22,795.8295,Consumer,-74.9205
11604,2014-06-19,459.36,Home Office,13.77
11606,2014-08-03,216.108,Consumer,-82.872
11608,2014-06-30,140.67,Home Office,1.38
11612,2014-12-29,113.76,Consumer,1.08
11619,2014-06-11,225.909,Home Office,57.699
11621,2014-08-04,183.372,Consumer,-36.6744
11630,2014-05-28,130.41,Corporate,56.43
11632,2014-05-28,475.86,Consumer,185.58
11634,2014-10-06,344.16,Corporate,13.68
11638,2014-11-06,91.5,Consumer,42.06
11639,2014-09-04,112.509,Consumer,17.469
11644,2014-01-04,168.96,Consumer,6.72
11647,2014-12-26,429.318,Consumer,60.588
11650,2014-06-26,137.6,Consumer,31.6
11654,2014-11-04,464.67,Corporate,-836.43
11656,2014-11-26,172.62,Consumer,0.0
11662,2014-04-08,237.528,Consumer,-150.492
11668,2014-09-03,206.988,Consumer,-207.012
11669,2014-06-14,220.56,Home Office,41.88
11670,2014-01-05,275.94,Home Office,135.03
11672,2014-07-16,179.94,Corporate,50.3832
11676,2014-12-05,167.8,Consumer,23.4
11678,2014-05-28,236.376,Consumer,11.796
11679,2014-09-18,480.0,Consumer,225.6
11680,2014-07-02,154.6,Consumer,20.0
11681,2014-12-10,284.07,Corporate,100.23
11684,2014-08-11,121.32,Consumer,16.96
11687,2014-10-22,165.18,Consumer,52.8
11690,2014-04-17,223.5,Home Office,42.45
11692,2014-12-15,313.95,Corporate,-238.68
11693,2014-01-09,111.24,Consumer,11.07
11696,2014-12-13,107.244,Consumer,-2.436
11698,2014-12-30,157.8,Corporate,9.36
11699,2014-06-14,410.22,Consumer,135.36
11704,2014-01-20,238.788,Consumer,84.888
11706,2014-03-07,82.32,Consumer,5.76
11707,2014-06-02,333.78,Consumer,50.04
11710,2014-05-15,172.62,Consumer,53.49
11713,2014-05-03,340.62,Consumer,160.02
11716,2014-11-04,527.46,Corporate,226.8
11717,2014-12-19,724.104,Consumer,-1472.376
11719,2014-12-25,479.97,Consumer,239.985
11720,2014-09-03,512.28,Corporate,204.9
11721,2014-10-10,100.32,Consumer,49.14
11725,2014-10-10,165.9,Consumer,-74.76
11729,2014-01-29,266.4,Corporate,47.94
11730,2014-11-14,283.8,Corporate,14.16
11732,2014-02-07,429.48,Home Office,17.1
11739,2014-05-08,158.76,Corporate,72.99
11742,2014-01-03,129.76,Corporate,60.96
11743,2014-05-30,219.456,Consumer,24.636
11750,2014-09-17,92.0,Corporate,29.44
11751,2014-03-19,461.484,Consumer,143.484
11755,2014-10-07,290.336,Consumer,32.6628
11756,2014-05-10,495.06,Consumer,59.4
11759,2014-05-20,289.8,Consumer,139.05
11761,2014-08-26,652.68,Consumer,169.68
11765,2014-08-08,128.385,Consumer,4.275
11766,2014-09-26,258.75,Corporate,75.03
11769,2014-06-04,132.624,Corporate,-149.256
11772,2014-08-07,874.3635,Consumer,-10.6365
11780,2014-06-12,385.8,Consumer,130.2075
11781,2014-08-04,202.2,Consumer,22.2
11790,2014-08-12,327.12,Consumer,114.48
11791,2014-08-21,131.85,Home Office,-79.2
11794,2014-04-12,306.63,Consumer,101.16
11795,2014-01-29,441.609,Consumer,31.149
11796,2014-01-27,381.22,Consumer,175.28
11799,2014-07-29,342.72,Corporate,13.65
11801,2014-04-18,218.352,Consumer,-19.1058
11802,2014-06-14,291.136,Home Office,-25.4744
11809,2014-08-26,344.76,Corporate,68.88
11811,2014-09-05,228.68,Corporate,13.72
11813,2014-11-05,120.042,Consumer,43.902
11814,2014-02-05,354.15,Home Office,109.71
11817,2014-12-26,232.62,Home Office,104.64
11818,2014-06-11,323.46,Corporate,138.96
11820,2014-11-13,293.58,Consumer,129.06
11821,2014-11-06,390.75,Consumer,171.93
11822,2014-11-26,111.45,Corporate,34.5
11825,2014-07-31,100.56,Consumer,-8.44
11829,2014-09-04,284.4,Consumer,68.22
11832,2014-08-15,415.3,Corporate,112.1
11843,2014-09-13,159.138,Consumer,52.878
11847,2014-10-06,435.168,Corporate,-59.8356
11850,2014-06-12,603.24,Home Office,205.08
11851,2014-03-12,428.4,Home Office,38.52
11852,2014-09-25,437.85,Corporate,131.355
11853,2014-06-29,187.02,Home Office,26.1
11854,2014-05-26,144.18,Consumer,18.72
11855,2014-08-15,351.675,Consumer,-344.775
11856,2014-05-09,233.6664,Consumer,-167.6136
11857,2014-06-27,273.552,Corporate,-13.6776
11862,2014-11-12,124.68,Home Office,17.4
11867,2014-09-02,255.78,Consumer,30.66
11868,2014-08-09,397.44,Consumer,15.84
11870,2014-10-21,176.38652,Consumer,26.14652
11874,2014-01-16,362.85,Consumer,130.62
11875,2014-09-11,73.629,Home Office,26.109
11877,2014-08-08,207.184,Consumer,25.898
11881,2014-08-25,256.23,Consumer,-17.22
11882,2014-08-18,88.41,Consumer,0.0
11883,2014-08-08,204.15,Corporate,53.07
11885,2014-02-06,130.3488,Consumer,-34.0512
11886,2014-05-20,307.98,Corporate,89.3142
11887,2014-08-14,239.28,Consumer,50.16
11893,2014-01-01,159.768,Corporate,53.9217
11904,2014-12-03,109.92,Corporate,53.8608
11906,2014-06-27,216.72,Corporate,86.64
11908,2014-09-12,126.9,Consumer,41.85
11910,2014-05-07,253.92,Consumer,5.04
11911,2014-04-24,203.688,Consumer,-67.932
11914,2014-06-18,350.6193,Consumer,82.9293
11916,2014-04-23,397.224,Consumer,-450.216
11917,2014-10-16,227.24,Consumer,6.8
11919,2014-09-16,227.6,Consumer,43.24
11924,2014-12-23,182.55,Consumer,-135.087
11930,2014-08-05,214.8,Consumer,0.0
11932,2014-11-03,83.9,Consumer,20.975
11933,2014-04-25,149.58,Consumer,47.85
11938,2014-01-29,828.546,Consumer,19.386
11940,2014-01-18,411.624,Home Office,107.964
11946,2014-11-14,378.39,Consumer,151.35
11950,2014-03-13,127.68,Home Office,39.9
11954,2014-03-23,240.45,Consumer,21.6
11955,2014-10-13,243.36,Consumer,80.28
11957,2014-10-14,114.72,Corporate,49.28
11959,2014-11-25,69.75,Consumer,13.23
11963,2014-08-15,136.6,Consumer,61.4
11965,2014-07-11,285.89184,Home Office,-43.98816
11971,2014-08-11,812.88,Consumer,357.6
11972,2014-12-30,302.376,Consumer,22.6782
11975,2014-08-19,200.64,Corporate,38.04
11982,2014-11-24,136.38,Consumer,28.62
11983,2014-05-27,150.12,Corporate,21.0
11988,2014-08-06,220.56,Consumer,68.28
11990,2014-04-28,524.28,Home Office,131.04
11991,2014-09-01,689.408,Home Office,77.5584
11994,2014-09-05,217.85,Consumer,65.355
11996,2014-06-09,163.98,Consumer,21.24
12002,2014-12-10,126.0,Consumer,54.18
12003,2014-05-16,405.1,Home Office,121.5
12004,2014-10-09,256.74,Corporate,0.0
12005,2014-09-03,212.85,Consumer,-144.81
12013,2014-05-12,470.232,Consumer,-7.848
12014,2014-11-27,348.16,Corporate,80.0
12019,2014-07-14,446.04,Consumer,53.46
12025,2014-08-15,110.7,Consumer,6.6
12027,2014-09-05,133.11,Home Office,63.87
12030,2014-11-20,204.228,Consumer,-51.192
12037,2014-03-26,372.96,Consumer,40.8
12045,2014-02-06,330.24,Corporate,39.6
12053,2014-10-05,108.288,Consumer,-7.272
12055,2014-09-02,137.25,Corporate,38.4
12056,2014-12-05,399.95,Consumer,143.982
12061,2014-06-27,713.88,Corporate,214.164
12062,2014-01-22,190.32,Consumer,53.28
12063,2014-02-21,426.5514,Corporate,-426.5886
12065,2014-03-14,288.24,Home Office,138.3552
12067,2014-12-16,418.35,Home Office,204.9
12073,2014-08-08,267.72,Home Office,7.92
12074,2014-06-30,182.304,Consumer,9.024
12084,2014-09-01,100.17,Home Office,-207.03
12088,2014-03-12,346.08,Home Office,108.08
12092,2014-11-24,287.92,Corporate,138.2016
12093,2014-06-18,537.705,Consumer,-213.495
12096,2014-09-17,350.136,Corporate,-30.654
12099,2014-08-22,235.05,Home Office,61.05
12100,2014-12-25,169.92,Consumer,73.02
12103,2014-05-14,458.43,Home Office,-124.431
12105,2014-10-29,288.944,Consumer,-382.856
12111,2014-06-09,162.54,Corporate,81.24
12112,2014-11-07,207.9,Corporate,-9.3
12113,2014-05-24,338.418,Home Office,131.598
12115,2014-01-06,724.9338,Corporate,208.5138
12116,2014-03-11,497.64,Home Office,9.84
12117,2014-05-16,355.56,Corporate,14.22
12118,2014-11-03,211.62,Consumer,14.79
12120,2014-10-10,207.864,Consumer,-90.096
12128,2014-12-30,115.68,Consumer,42.78
12129,2014-12-19,76.92,Consumer,16.92
12131,2014-11-18,262.95,Consumer,110.4
12144,2014-01-08,153.78,Consumer,44.5962
12145,2014-12-23,505.986,Consumer,29.386
12147,2014-05-16,118.44,Home Office,48.48
12153,2014-10-30,528.003,Consumer,142.863
12155,2014-12-08,374.376,Consumer,46.797
12156,2014-11-12,181.86,Consumer,50.9208
12159,2014-01-07,195.72,Corporate,17.52
12162,2014-11-24,195.96,Consumer,19.596
12163,2014-12-24,367.96,Corporate,14.7184
12165,2014-11-30,390.368,Consumer,48.796
12166,2014-09-17,95.936,Consumer,16.736
12172,2014-03-17,310.12,Corporate,80.6312
12173,2014-09-30,308.34,Consumer,33.9
12179,2014-11-27,263.6,Consumer,71.12
12186,2014-12-03,78.66,Home Office,9.36
12191,2014-10-22,194.292,Consumer,-3.288
12194,2014-06-30,216.3294,Consumer,-113.3706
12195,2014-11-04,678.7512,Home Office,72.9312
12198,2014-12-25,264.32,Consumer,19.824
12205,2014-10-21,206.74584,Home Office,59.06584
12206,2014-09-15,230.88,Corporate,99.24
12211,2014-04-10,240.16,Corporate,69.64
12213,2014-12-09,1199.976,Consumer,434.9913
12217,2014-12-09,224.37,Consumer,-80.82
12219,2014-05-24,205.68,Consumer,18.48
12220,2014-08-19,159.296,Home Office,3.976
12221,2014-08-07,283.986,Consumer,44.046
12222,2014-10-16,197.64,Consumer,-21.96
12224,2014-08-28,167.832,Consumer,55.872
12225,2014-09-15,211.968,Consumer,-23.892
12227,2014-06-13,399.735,Corporate,-48.015
12229,2014-08-05,105.72,Consumer,43.32
12232,2014-11-10,191.976,Home Office,38.3952
12235,2014-12-04,222.56,Corporate,13.28
12243,2014-07-31,157.968,Consumer,39.438
12248,2014-05-03,132.555,Consumer,-42.435
12250,2014-11-07,315.0,Corporate,91.14
12256,2014-06-18,133.2,Consumer,11.85
12258,2014-09-12,293.58,Corporate,108.57
12260,2014-03-11,231.15,Consumer,85.5
12263,2014-02-05,283.26,Home Office,-136.02
12269,2014-01-15,336.06,Home Office,57.12
12274,2014-05-20,287.28,Consumer,48.72
12275,2014-12-15,159.8,Corporate,70.312
12276,2014-08-18,512.28,Corporate,86.94
12277,2014-03-28,520.38,Home Office,150.84
12284,2014-03-13,113.16,Consumer,53.16
12285,2014-12-12,155.52,Corporate,44.82
12288,2014-06-12,459.0,Consumer,215.73
12290,2014-04-28,168.6,Consumer,79.23
12297,2014-11-01,481.68,Home Office,178.2
12298,2014-12-23,379.044,Consumer,63.144
12302,2014-08-16,204.624,Corporate,-23.936
12304,2014-12-04,274.68,Consumer,137.34
12306,2014-08-21,244.35,Consumer,70.8
12307,2014-06-08,88.26,Corporate,28.2
12308,2014-10-22,162.3978,Consumer,-23.5422
12309,2014-04-07,130.92,Corporate,-147.3
12310,2014-08-01,519.33,Home Office,98.67
12312,2014-10-07,159.408,Home Office,-47.832
12314,2014-10-09,214.92,Consumer,36.48
12317,2014-12-22,103.68,Corporate,43.5
12319,2014-04-21,558.576,Consumer,-18.624
12327,2014-03-08,149.508,Consumer,-32.412
12332,2014-01-24,210.98,Corporate,21.098
12333,2014-11-22,150.8,Consumer,56.55
12337,2014-11-10,97.92,Corporate,20.52
12341,2014-06-26,234.92,Consumer,32.76
12344,2014-01-26,581.55,Corporate,261.6
12346,2014-02-04,299.052,Corporate,-3.348
12347,2014-08-01,371.7,Consumer,43.32
12348,2014-10-20,309.576,Corporate,-56.7556
12350,2014-02-11,387.63,Consumer,3.87
12352,2014-02-17,342.51,Home Office,30.66
12358,2014-10-07,109.08,Corporate,31.5
12367,2014-12-25,408.72,Corporate,118.32
12375,2014-07-04,151.936,Corporate,17.056
12377,2014-08-28,242.25,Home Office,0.0
12380,2014-08-12,364.65,Consumer,149.4
12381,2014-11-14,593.73,Consumer,11.79
12382,2014-06-11,488.3214,Consumer,150.6214
12385,2014-07-10,424.1,Home Office,16.96
12386,2014-11-12,368.352,Consumer,18.392
12388,2014-12-27,473.847,Consumer,-5.853
12390,2014-06-01,290.1312,Corporate,-91.4688
12394,2014-12-11,455.9688,Corporate,181.2888
12397,2014-05-08,203.14,Home Office,89.32
12401,2014-09-16,218.352,Consumer,0.0
12402,2014-08-02,294.3,Consumer,138.3
12403,2014-11-14,153.063,Consumer,10.203
12409,2014-12-09,186.786,Consumer,8.286
12412,2014-11-10,523.392,Corporate,52.3392
12414,2014-03-12,111.4,Consumer,51.24
12417,2014-10-06,242.64,Corporate,-18.26
12418,2014-12-17,347.4375,Corporate,16.2375
12419,2014-12-17,152.5125,Corporate,-18.4875
12427,2014-08-12,153.584,Corporate,13.4386
12431,2014-12-04,148.5,Home Office,1.44
12432,2014-03-15,426.6,Consumer,-5.76
12433,2014-02-11,173.82,Corporate,24.33
12434,2014-08-13,291.06,Home Office,72.72
12435,2014-11-04,193.68,Consumer,11.52
12439,2014-04-16,263.5416,Consumer,76.1616
12440,2014-02-06,255.744,Consumer,17.004
12444,2014-01-02,395.88,Consumer,193.98
12445,2014-10-22,251.16,Consumer,107.94
12448,2014-07-23,132.03,Corporate,54.09
12453,2014-12-10,81.405,Consumer,19.755
12457,2014-09-08,157.41,Consumer,-108.87
12460,2014-12-24,461.16,Consumer,-25.62
12463,2014-02-07,340.4826,Home Office,12.2526
12465,2014-11-27,521.22,Consumer,-260.61
12470,2014-01-09,124.056,Consumer,-26.904
12472,2014-05-05,243.16,Consumer,72.948
12475,2014-09-12,512.19,Consumer,-65.853
12477,2014-04-11,234.816,Corporate,-82.224
12478,2014-08-07,340.68,Home Office,20.4
12485,2014-02-04,285.552,Consumer,35.694
12487,2014-08-09,164.322,Consumer,-1.878
12489,2014-10-17,270.27,Consumer,10.8
12491,2014-02-07,359.97,Consumer,79.1934
12497,2014-08-20,233.76,Home Office,30.24
12500,2014-07-31,135.63,Consumer,40.68
12504,2014-06-05,371.268,Consumer,-61.932
12509,2014-12-19,158.976,Consumer,-95.424
12512,2014-09-17,148.08,Home Office,3.68
12514,2014-11-24,402.96,Home Office,-725.36
12515,2014-03-25,510.57,Consumer,193.95
12517,2014-05-10,354.12,Consumer,14.16
12520,2014-11-24,211.68,Consumer,68.13
12526,2014-11-10,245.52,Consumer,36.72
12532,2014-07-08,163.98,Consumer,54.06
12533,2014-12-31,78.12,Home Office,35.92
12534,2014-04-18,145.05,Consumer,26.1
12539,2014-11-24,626.7,Home Office,300.75
12541,2014-06-25,342.09,Consumer,153.93
12547,2014-05-28,243.972,Corporate,13.392
12548,2014-11-17,90.18,Consumer,26.1
12550,2014-10-22,409.824,Consumer,-81.996
12557,2014-08-07,295.515,Consumer,-224.895
12558,2014-09-19,552.501,Consumer,110.421
12559,2014-07-03,278.88,Consumer,114.3
12560,2014-12-02,191.8455,Consumer,-0.0945
12564,2014-10-07,195.885,Consumer,-19.665
12565,2014-04-09,244.55,Home Office,114.9385
12569,2014-01-22,112.9392,Consumer,37.6392
12570,2014-09-20,256.473,Consumer,82.593
12571,2014-06-16,102.9,Home Office,12.3
12572,2014-09-09,144.0,Home Office,5.76
12576,2014-12-25,444.42,Consumer,153.06
12580,2014-10-04,496.08,Corporate,124.02
12581,2014-12-25,623.7,Consumer,37.38
12582,2014-09-25,274.8,Consumer,96.15
12585,2014-08-13,304.92,Corporate,-270.18
12588,2014-10-17,466.704,Consumer,-62.356
12591,2014-01-01,302.376,Consumer,22.6782
12592,2014-06-27,431.928,Consumer,64.7892
12595,2014-11-20,523.98,Home Office,157.14
12598,2014-03-15,260.6976,Home Office,-75.0624
12599,2014-12-18,504.9,Consumer,80.784
12601,2014-10-07,366.75,Consumer,73.35
12605,2014-05-02,475.86,Corporate,185.58
12607,2014-12-24,78.534,Corporate,-154.476
12610,2014-04-30,254.1792,Corporate,-21.4608
12615,2014-09-19,411.98,Corporate,119.4742
12619,2014-06-03,271.44,Corporate,73.26
12621,2014-02-13,358.668,Consumer,75.708
12624,2014-07-10,526.45,Home Office,31.587
12625,2014-08-26,446.4,Home Office,8.82
12626,2014-02-13,99.2,Consumer,23.8
12629,2014-12-23,182.898,Corporate,42.648
12630,2014-10-06,474.3,Consumer,55.74
12631,2014-11-10,243.9,Consumer,121.95
12635,2014-04-17,210.78,Home Office,18.9
12636,2014-04-25,123.99,Consumer,26.01
12637,2014-12-02,527.49,Consumer,26.37
12643,2014-12-24,218.352,Consumer,-54.588
12646,2014-11-21,155.7,Consumer,13.95
12651,2014-06-18,529.98,Home Office,238.44
12653,2014-10-08,247.86,Consumer,59.46
12659,2014-01-14,580.392,Corporate,77.292
12660,2014-12-03,302.25312,Corporate,19.13312
12662,2014-01-02,116.712,Corporate,-54.528
12668,2014-06-06,100.26,Consumer,42.06
12671,2014-06-11,330.966,Home Office,69.786
12678,2014-07-04,321.75,Consumer,-193.05
12682,2014-08-02,381.78,Home Office,118.74
12685,2014-03-27,292.896,Consumer,-170.904
12688,2014-10-10,254.058,Consumer,-32.6646
12690,2014-08-29,214.14,Corporate,87.78
12692,2014-11-10,260.496,Corporate,-5.844
12693,2014-10-23,238.5,Corporate,7.02
12695,2014-04-02,1357.725,Consumer,-325.875
12696,2014-10-20,118.665,Home Office,18.945
12698,2014-10-10,203.952,Corporate,66.252
12700,2014-03-18,117.0,Corporate,17.46
12702,2014-08-08,340.62,Consumer,74.76
12707,2014-11-11,313.7265,Home Office,-40.6035
12712,2014-09-26,357.68,Consumer,14.24
12714,2014-03-15,246.6945,Consumer,-125.2755
12715,2014-10-24,259.136,Consumer,-58.3056
12716,2014-12-15,95.232,Consumer,24.9984
12717,2014-05-27,208.44,Corporate,62.532
12725,2014-08-01,364.48,Home Office,-36.52
12727,2014-12-23,210.924,Home Office,-31.836
12728,2014-07-14,113.76,Consumer,1.08
12732,2014-03-28,229.2,Corporate,68.76
12733,2014-03-04,265.26,Corporate,13.26
12736,2014-05-21,207.81,Consumer,-24.99
12739,2014-11-04,307.136,Corporate,26.8744
12740,2014-11-04,156.816,Corporate,-177.984
12741,2014-11-26,91.71,Consumer,10.98
12744,2014-09-17,210.24,Home Office,7.88
12746,2014-04-19,269.19,Consumer,32.79
12748,2014-04-19,279.0,Consumer,16.74
12749,2014-04-16,344.64,Corporate,165.42
12754,2014-10-15,97.68,Consumer,11.7
12760,2014-12-04,60.6,Consumer,18.12
12763,2014-02-11,411.93,Corporate,164.7
12764,2014-01-20,429.6,Consumer,-93.08
12765,2014-04-02,128.43,Consumer,-125.91
12768,2014-04-29,275.886,Consumer,3.006
12773,2014-10-09,366.66,Corporate,56.91
12776,2014-06-18,340.2585,Consumer,32.7285
12778,2014-07-17,102.9,Corporate,15.42
12786,2014-07-30,438.56,Consumer,157.84
12790,2014-01-14,212.94,Corporate,53.235
12793,2014-03-17,460.50984,Consumer,119.94984
12796,2014-10-14,213.1938,Home Office,64.2138
12800,2014-06-26,241.05,Home Office,79.5
12804,2014-12-27,533.2212,Consumer,-153.4188
12807,2014-05-29,361.56,Consumer,43.38
12811,2014-01-03,184.92,Consumer,24.03
12812,2014-06-13,109.38,Consumer,42.6
12813,2014-09-12,166.08,Consumer,53.04
12814,2014-11-18,185.01,Consumer,16.59
12816,2014-11-12,317.142,Corporate,-35.238
12819,2014-10-14,354.942,Consumer,70.812
12823,2014-09-24,399.648,Home Office,-419.652
12824,2014-09-27,505.90616,Corporate,14.18616
12826,2014-12-18,168.4,Corporate,3.3
12828,2014-11-11,132.8,Consumer,18.56
12831,2014-11-27,136.14,Consumer,10.86
12835,2014-06-02,315.87,Consumer,28.41
12837,2014-09-20,409.216,Corporate,61.3824
12843,2014-01-02,382.21404,Corporate,41.35404
12847,2014-03-11,364.428,Consumer,-546.732
12855,2014-04-01,205.3328,Corporate,-36.2352
12857,2014-08-07,341.46,Home Office,30.72
12860,2014-09-03,118.68,Consumer,8.28
12861,2014-07-29,92.79,Home Office,25.02
12863,2014-11-20,305.312,Corporate,-8.7232
12864,2014-03-07,286.93,Home Office,140.5957
12868,2014-04-08,164.4,Consumer,73.9
12872,2014-08-22,329.07,Consumer,62.37
12873,2014-03-10,479.984,Consumer,59.998
12875,2014-03-20,99.54,Consumer,10.9494
12876,2014-06-30,94.8,Consumer,0.0
12879,2014-10-07,121.3128,Home Office,48.1128
12880,2014-10-14,348.81,Home Office,156.87
12886,2014-12-11,324.9,Corporate,38.988
12888,2014-10-31,272.28,Consumer,100.68
12892,2014-09-13,259.05,Consumer,124.2
12893,2014-08-22,195.39,Corporate,-117.36
12896,2014-10-01,339.885,Home Office,-24.615
12898,2014-03-07,818.28,Home Office,171.72
12900,2014-09-30,375.48752,Consumer,18.04752
12901,2014-09-17,165.408,Home Office,14.448
12903,2014-05-13,94.5,Consumer,42.48
12904,2014-03-31,154.2,Corporate,1.44
12905,2014-02-05,244.14,Consumer,82.98
12907,2014-07-21,236.376,Home Office,-23.664
12911,2014-12-11,416.721,Consumer,93.141
12915,2014-02-28,277.14,Home Office,91.44
12921,2014-04-15,86.94,Home Office,33.9
12922,2014-09-04,237.492,Corporate,-118.788
12925,2014-11-04,395.4,Consumer,181.8
12929,2014-08-15,99.66,Corporate,6.96
12934,2014-11-03,177.96,Consumer,-124.59
12935,2014-07-17,223.83,Consumer,-67.17
12936,2014-07-24,390.582,Consumer,30.312
12942,2014-06-24,73.26,Corporate,10.98
12944,2014-02-08,281.88,Corporate,14.04
12947,2014-06-04,265.26,Consumer,50.34
12949,2014-07-04,102.3,Consumer,26.598
12963,2014-01-09,204.225,Corporate,-8.175
12964,2014-04-22,162.6,Consumer,34.146
12969,2014-04-22,65.4,Corporate,19.5
12975,2014-12-01,321.5088,Home Office,116.0688
12976,2014-11-25,368.334,Consumer,73.614
12978,2014-11-13,113.888,Home Office,9.9652
12983,2014-06-26,264.6,Corporate,121.65
12985,2014-11-01,254.16,Consumer,101.64
12987,2014-01-20,151.2,Home Office,72.54
12990,2014-09-06,510.12,Consumer,50.94
12999,2014-09-20,349.02,Consumer,0.0
13002,2014-12-19,158.1,Consumer,64.8
13003,2014-06-13,447.678,Corporate,-761.082
13004,2014-09-29,147.184,Home Office,-29.4368
13006,2014-04-17,103.2,Consumer,44.34
13007,2014-12-31,300.24,Consumer,84.06
13010,2014-09-24,180.588,Consumer,-240.784
13011,2014-11-10,154.7,Corporate,0.0
13016,2014-01-14,157.95,Consumer,69.48
13017,2014-01-25,355.482,Consumer,-3.978
13023,2014-12-10,318.09,Consumer,152.67
13026,2014-03-06,241.32,Corporate,-77.28
13027,2014-02-10,482.4855,Home Office,-5.7645
13028,2014-06-26,97.05,Corporate,25.2
13029,2014-12-22,349.6828,Home Office,-151.2172
13034,2014-06-26,364.14,Consumer,80.1
13035,2014-12-23,478.98,Corporate,100.44
13039,2014-01-17,231.44,Consumer,39.32
13040,2014-09-19,244.55,Corporate,114.9385
13041,2014-05-01,220.704,Home Office,-8.2764
13045,2014-05-23,102.18,Consumer,1.02
13047,2014-09-05,88.074,Corporate,-58.716
13050,2014-11-23,338.91,Corporate,94.71
13051,2014-09-30,232.68,Consumer,9.24
13052,2014-01-08,324.45,Consumer,35.64
13055,2014-08-07,571.32,Consumer,251.28
13057,2014-01-25,276.784,Corporate,89.9548
13062,2014-06-25,172.764,Consumer,32.6332
13068,2014-10-07,298.92,Consumer,24.82
13073,2014-02-18,222.618,Consumer,-157.902
13075,2014-04-02,86.3052,Consumer,-53.8548
13080,2014-06-02,347.355,Corporate,-37.665
13086,2014-02-05,66.696,Consumer,-75.054
13088,2014-02-28,183.6,Corporate,56.88
13089,2014-11-14,311.7825,Home Office,-45.7875
13097,2014-12-30,135.672,Consumer,-135.708
13103,2014-11-19,389.056,Corporate,48.632
13108,2014-03-06,245.88,Corporate,44.22
13109,2014-02-27,154.08,Consumer,26.16
13110,2014-10-02,411.75,Consumer,156.45
13111,2014-07-28,109.008,Consumer,39.468
13113,2014-06-14,58.86,Consumer,-19.14
13116,2014-08-20,223.2,Corporate,4.41
13120,2014-02-24,134.082,Consumer,41.682
13124,2014-07-08,243.33,Corporate,-238.47
13125,2014-07-29,1252.3455,Consumer,437.5455
13129,2014-08-14,423.648,Consumer,47.6604
13132,2014-06-12,122.97,Consumer,60.2553
13134,2014-11-18,272.76,Home Office,57.24
13135,2014-02-13,334.68,Corporate,110.4
13138,2014-02-24,128.85,Consumer,-74.85
13139,2014-06-24,387.3,Home Office,19.35
13140,2014-08-21,239.12,Consumer,77.714
13146,2014-09-16,369.544,Consumer,32.3351
13148,2014-05-24,227.955,Home Office,-118.545
13149,2014-06-28,126.3,Corporate,40.416
13150,2014-03-22,359.32,Home Office,7.1864
13155,2014-04-15,75.6,Corporate,10.35
13160,2014-11-19,334.773,Corporate,133.893
13161,2014-06-17,479.952,Consumer,107.9892
13164,2014-05-16,169.92,Consumer,73.02
13165,2014-11-15,260.88,Consumer,96.48
13166,2014-06-27,325.8,Consumer,107.46
13168,2014-12-26,133.2,Corporate,61.26
13172,2014-12-15,255.15,Consumer,76.41
13179,2014-08-23,300.51,Consumer,50.07
13181,2014-10-31,201.24,Consumer,30.12
13182,2014-07-30,461.97,Consumer,133.9713
13184,2014-06-13,519.33,Consumer,98.67
13185,2014-08-18,248.3,Corporate,124.1
13188,2014-11-03,150.66,Home Office,9.0
13189,2014-11-17,263.64,Home Office,0.0
13191,2014-02-10,319.98,Corporate,143.97
13192,2014-11-18,641.835,Corporate,241.515
13193,2014-08-20,495.51,Corporate,-79.29
13195,2014-03-17,195.156,Home Office,64.956
13198,2014-07-22,447.74272,Corporate,178.54272
13203,2014-03-26,150.66,Consumer,9.0
13207,2014-04-11,338.4,Consumer,64.26
13209,2014-04-25,327.3,Consumer,49.08
13213,2014-09-26,299.16,Consumer,0.0
13216,2014-03-20,158.76,Corporate,55.44
13217,2014-09-19,317.331,Consumer,123.291
13221,2014-06-28,69.6,Corporate,5.52
13229,2014-03-21,238.0,Consumer,38.08
13231,2014-10-17,226.32,Consumer,-36.78
13234,2014-11-02,189.7,Consumer,91.056
13235,2014-04-02,253.69552,Corporate,-34.82448
13236,2014-12-24,620.415,Consumer,218.865
13237,2014-04-22,439.5,Corporate,-404.34
13246,2014-04-02,110.4855,Consumer,-30.3645
13247,2014-02-11,52.731,Consumer,9.891
13249,2014-12-12,106.32,Consumer,34.02
13252,2014-11-20,484.596,Consumer,102.276
13253,2014-05-01,275.13,Consumer,16.47
13255,2014-08-20,105.48,Consumer,21.0
13258,2014-03-06,528.66,Consumer,137.43
13264,2014-11-11,400.8,Consumer,112.224
13266,2014-11-21,179.712,Home Office,-15.048
13270,2014-11-08,290.826,Consumer,-271.494
13274,2014-01-15,178.875,Corporate,19.875
13278,2014-09-23,251.91,Home Office,47.01
13281,2014-06-26,310.65,Corporate,15.45
13282,2014-10-27,109.32,Consumer,12.0
13286,2014-12-25,208.548,Corporate,48.588
13289,2014-12-12,311.01,Consumer,102.48
13290,2014-10-25,216.0,Corporate,64.8
13293,2014-01-22,409.26,Consumer,114.54
13294,2014-09-27,275.3,Corporate,19.2
13298,2014-11-07,83.88,Consumer,41.04
13301,2014-02-28,308.7,Consumer,77.04
13302,2014-12-12,170.52,Consumer,56.24
13303,2014-10-07,112.752,Corporate,-48.888
13304,2014-11-22,412.8,Corporate,181.62
13306,2014-05-02,194.64,Corporate,9.72
13308,2014-12-08,339.52,Home Office,-59.44
13312,2014-09-12,152.37,Home Office,19.8
13313,2014-03-12,357.76,Corporate,58.06
13314,2014-08-12,154.89,Home Office,26.28
13316,2014-12-24,197.49,Consumer,17.76
13320,2014-09-18,256.56,Consumer,107.73
13325,2014-04-02,486.6,Consumer,228.6
13328,2014-12-25,271.764,Consumer,48.3136
13329,2014-12-25,232.88,Consumer,60.5488
13333,2014-09-17,840.15,Corporate,142.8
13334,2014-12-26,75.87,Corporate,22.68
13335,2014-11-14,46.305,Consumer,16.905
13336,2014-12-16,464.8,Consumer,148.7
13339,2014-03-11,583.872,Consumer,-14.628
13341,2014-11-29,330.966,Corporate,73.386
13342,2014-12-05,255.968,Corporate,-28.7964
13345,2014-06-18,474.0,Consumer,9.36
13348,2014-04-11,268.26,Consumer,10.68
13349,2014-08-29,148.878,Corporate,14.868
13353,2014-11-17,439.416,Corporate,41.346
13354,2014-10-11,324.216,Corporate,-25.224
13368,2014-08-16,208.95,Corporate,91.8
13370,2014-11-19,132.52,Consumer,54.3332
13377,2014-11-14,115.992,Consumer,14.172
13379,2014-09-04,284.97,Home Office,85.491
13385,2014-11-06,243.992,Consumer,30.499
13389,2014-07-19,289.30044,Consumer,-102.61956
13390,2014-06-09,618.56,Consumer,235.04
13393,2014-01-28,240.84,Consumer,-62.64
13395,2014-01-31,217.89,Consumer,55.59
13396,2014-05-20,377.97,Consumer,98.2722
13398,2014-04-21,122.382,Home Office,-24.4764
13403,2014-05-21,79.632,Consumer,-37.168
13406,2014-04-23,161.91,Home Office,25.89
13407,2014-11-25,203.952,Consumer,20.352
13408,2014-08-28,260.76,Corporate,104.3
13409,2014-10-07,402.246,Consumer,8.856
13411,2014-11-27,250.95708,Corporate,39.69708
13412,2014-07-04,208.728,Consumer,-62.712
13414,2014-05-10,84.75,Consumer,25.41
13415,2014-05-08,214.8,Consumer,0.0
13417,2014-08-07,179.76,Consumer,0.0
13423,2014-09-23,234.92,Corporate,32.76
13424,2014-03-03,388.608,Corporate,29.128
13427,2014-09-04,201.08,Consumer,36.16
13428,2014-12-17,220.44,Consumer,39.66
13429,2014-11-24,275.616,Consumer,-21.444
13432,2014-09-11,249.75,Consumer,114.75
13445,2014-11-18,307.62,Corporate,40.98
13447,2014-02-13,153.9,Consumer,12.3
13454,2014-02-19,167.976,Corporate,10.4985
13456,2014-12-08,81.99,Home Office,3.24
13458,2014-03-06,110.25,Consumer,19.8
13460,2014-07-04,215.148,Home Office,-103.9882
13469,2014-06-06,752.9193,Consumer,-131.6007
13471,2014-11-09,274.2,Corporate,112.422
13474,2014-12-29,169.344,Consumer,54.504
13475,2014-11-14,668.22,Consumer,106.89
13480,2014-10-06,252.045,Home Office,-191.565
13481,2014-11-26,511.65,Consumer,51.03
13483,2014-01-10,256.74,Home Office,110.34
13485,2014-05-07,187.68,Consumer,41.28
13487,2014-12-23,83.7322,Consumer,10.7322
13490,2014-11-12,87.96,Consumer,19.32
13494,2014-06-26,377.79,Home Office,128.31
13500,2014-11-27,58.98,Corporate,12.36
13501,2014-10-20,137.538,Consumer,16.578
13502,2014-05-31,339.12,Consumer,135.6
13506,2014-11-03,347.88,Home Office,76.44
13507,2014-10-03,440.64,Consumer,102.72
13508,2014-08-09,539.04,Consumer,183.27
13516,2014-07-08,298.14,Consumer,14.88
13517,2014-11-13,467.04,Corporate,70.0
13519,2014-09-11,219.75,Consumer,35.1
13520,2014-11-21,569.99,Corporate,170.997
13525,2014-03-28,211.246,Consumer,-66.3916
13530,2014-05-17,109.08,Corporate,25.32
13532,2014-05-13,528.9,Home Office,79.32
13535,2014-10-14,152.1,Consumer,-36.54
13536,2014-11-14,154.95,Corporate,30.99
13549,2014-03-10,199.98,Corporate,69.993
13550,2014-01-15,226.12,Corporate,97.2
13558,2014-02-21,384.48,Consumer,-123.12
13566,2014-09-03,352.38,Home Office,81.0474
13575,2014-01-18,229.68,Home Office,-23.04
13577,2014-01-22,179.97,Home Office,86.3856
13580,2014-02-03,528.7425,Consumer,6.1425
13585,2014-03-15,209.16,Home Office,10.08
13586,2014-10-10,162.576,Consumer,-65.064
13588,2014-09-05,163.2,Consumer,50.5
13589,2014-08-15,175.52,Consumer,-15.38
13591,2014-08-12,138.24,Home Office,-3.21
13592,2014-09-29,261.48,Corporate,99.36
13593,2014-04-28,345.06,Home Office,0.0
13602,2014-03-21,385.02,Home Office,127.02
13605,2014-08-04,358.2,Home Office,110.97
13606,2014-02-20,314.262,Consumer,-33.318
13609,2014-08-08,66.096,Corporate,2.856
13617,2014-07-30,522.48,Corporate,84.88
13619,2014-04-21,334.8,Home Office,-189.72
13621,2014-05-26,104.16,Consumer,35.4
13623,2014-08-04,993.66,Consumer,168.9
13626,2014-03-13,110.64,Home Office,37.6
13629,2014-05-26,130.248,Home Office,31.608
13630,2014-09-04,259.875,Corporate,95.175
13633,2014-10-14,232.08,Consumer,55.68
13634,2014-06-09,380.1,Consumer,22.8
13635,2014-11-11,168.6,Home Office,79.23
13644,2014-05-23,181.986,Consumer,-54.5958
13646,2014-10-07,210.192,Corporate,-59.568
13649,2014-05-31,342.495,Consumer,27.315
13651,2014-09-29,152.1,Corporate,53.1
13652,2014-04-29,243.44,Consumer,29.2
13655,2014-09-29,505.986,Home Office,29.386
13656,2014-01-14,97.02,Consumer,13.56
13659,2014-12-26,151.464,Consumer,-41.676
13663,2014-10-20,436.0728,Consumer,-149.4072
13664,2014-11-18,148.92,Consumer,37.23
13667,2014-09-09,94.128,Corporate,-29.872
13669,2014-12-19,770.3811,Corporate,232.0011
13674,2014-12-12,647.13,Consumer,70.95
13676,2014-02-14,346.92,Corporate,97.08
13678,2014-09-29,76.776,Home Office,-58.8616
13681,2014-04-23,287.96292,Corporate,117.68292
13683,2014-04-17,273.36,Corporate,-87.48
13688,2014-04-02,367.2,Corporate,-36.72
13691,2014-12-05,302.94,Consumer,18.1764
13692,2014-11-06,305.37,Consumer,85.5
13693,2014-01-27,235.32,Consumer,25.8
13697,2014-03-20,121.53,Corporate,57.09
13698,2014-06-12,78.0,Corporate,37.44
13705,2014-06-17,462.132,Corporate,169.332
13706,2014-04-15,131.274,Corporate,-2.946
13707,2014-07-04,217.32,Corporate,36.9
13714,2014-11-04,130.23,Consumer,32.49
13715,2014-03-05,260.352,Corporate,-48.848
13716,2014-11-20,80.352,Home Office,-32.208
13726,2014-07-27,142.08,Consumer,7.04
13728,2014-10-09,302.625,Consumer,-36.375
13734,2014-12-29,380.54328,Consumer,-52.23672
13742,2014-09-17,218.4,Home Office,89.46
13743,2014-06-09,342.08,Corporate,0.0
13747,2014-05-25,156.1728,Corporate,-3.7872
13748,2014-10-22,205.68,Consumer,18.48
13754,2014-05-20,97.16,Consumer,28.1764
13757,2014-03-18,485.68668,Home Office,8.74668
13758,2014-10-05,81.108,Consumer,-42.012
13764,2014-06-14,92.3,Consumer,7.3
13765,2014-11-12,161.91,Consumer,54.99
13767,2014-01-20,139.32,Consumer,13.86
13768,2014-03-15,200.016,Home Office,6.576
13772,2014-09-17,504.711,Corporate,67.041
13775,2014-12-16,277.56,Consumer,61.56
13777,2014-10-14,63.312,Consumer,20.5764
13781,2014-07-08,109.674,Consumer,-7.326
13784,2014-03-27,268.5,Corporate,72.48
13788,2014-09-26,269.97,Consumer,51.2943
13791,2014-12-06,104.976,Consumer,39.636
13792,2014-05-06,99.42,Consumer,31.8
13800,2014-03-05,259.248,Corporate,-129.632
13801,2014-03-04,113.82,Home Office,56.88
13805,2014-11-11,167.82,Consumer,30.18
13808,2014-10-07,145.896,Corporate,-65.664
13809,2014-08-16,135.48,Consumer,17.58
13811,2014-11-02,602.76,Corporate,0.0
13817,2014-12-10,143.856,Consumer,48.5514
13821,2014-10-03,144.33,Consumer,44.73
13822,2014-12-31,107.505,Home Office,-19.395
13836,2014-05-08,263.73,Consumer,-179.37
13837,2014-06-30,62.31,Consumer,22.4316
13843,2014-02-21,364.2975,Consumer,67.9275
13845,2014-08-20,414.9,Consumer,8.28
13847,2014-09-05,230.202,Consumer,5.082
13850,2014-05-15,383.46,Home Office,114.66
13852,2014-04-17,205.92,Consumer,2.0592
13858,2014-04-08,365.25,Corporate,149.7
13859,2014-09-08,166.176,Corporate,2.736
13860,2014-05-29,195.96,Corporate,19.596
13861,2014-09-30,387.09,Home Office,127.71
13863,2014-11-14,172.44,Home Office,-94.92
13864,2014-10-09,146.7,Consumer,20.52
13868,2014-08-18,221.056,Corporate,77.3696
13876,2014-11-11,642.78,Consumer,44.97
13877,2014-07-25,65.68,Home Office,15.04
13879,2014-03-18,81.96,Consumer,32.76
13881,2014-08-11,372.6,Corporate,29.7
13884,2014-09-26,162.0,Consumer,38.88
13891,2014-09-04,268.812,Consumer,83.592
13895,2014-12-16,78.12,Corporate,5.4
13903,2014-07-03,202.23,Home Office,16.17
13906,2014-05-15,110.052,Consumer,-53.208
13908,2014-03-06,127.96,Consumer,62.7004
13909,2014-11-04,199.75,Home Office,87.89
13910,2014-10-03,109.38,Home Office,28.38
13914,2014-03-01,360.24,Consumer,126.06
13917,2014-10-29,414.0,Consumer,45.52
13920,2014-12-28,202.2,Home Office,22.2
13921,2014-09-11,85.056,Corporate,28.7064
13924,2014-12-01,912.6,Consumer,428.76
13931,2014-02-03,248.184,Home Office,104.784
13937,2014-09-25,132.048,Corporate,-55.032
13938,2014-06-11,77.46,Corporate,3.09
13946,2014-06-18,248.418,Consumer,-173.922
13948,2014-05-19,230.256,Consumer,20.436
13949,2014-12-31,276.6,Corporate,105.0
13955,2014-08-06,197.94,Home Office,-126.72
13961,2014-12-18,266.22,Consumer,69.18
13962,2014-08-26,309.54,Consumer,-49.56
13965,2014-03-18,67.41,Corporate,-67.41
13966,2014-04-13,1076.406,Home Office,-38.034
13970,2014-11-17,321.912,Corporate,-112.728
13973,2014-08-20,155.85,Consumer,4.65
13976,2014-12-24,113.52,Corporate,21.48
13977,2014-02-13,276.444,Consumer,-304.116
13978,2014-09-19,117.15,Consumer,8.19
13982,2014-07-16,173.58,Corporate,69.42
13983,2014-03-19,242.1,Corporate,14.4
13986,2014-06-23,146.76,Consumer,42.54
13987,2014-05-15,90.8,Corporate,31.76
13989,2014-01-24,232.47,Consumer,-112.56
13990,2014-05-13,87.534,Consumer,-160.506
13991,2014-04-01,104.436,Consumer,46.416
13996,2014-12-09,148.17,Consumer,53.34
13997,2014-11-28,163.32,Consumer,21.12
13998,2014-08-20,111.22,Corporate,1.1
13999,2014-06-02,159.768,Home Office,13.818
14001,2014-05-28,342.08,Consumer,0.0
14003,2014-10-30,255.08,Home Office,30.52
14004,2014-11-10,171.396,Home Office,-114.264
14005,2014-11-13,369.99,Home Office,129.42
14007,2014-12-30,244.98,Corporate,39.06
14008,2014-07-29,249.7725,Corporate,17.6025
14009,2014-10-23,129.22,Home Office,10.22
14010,2014-05-30,457.2,Consumer,132.5
14019,2014-03-13,165.888,Corporate,-178.332
14021,2014-06-24,247.7514,Consumer,15.6514
14024,2014-06-17,88.563,Consumer,-71.937
14025,2014-06-06,330.0,Corporate,3.2
14027,2014-11-19,92.52,Corporate,24.9804
14029,2014-06-06,203.22,Consumer,62.97
14030,2014-03-21,143.472,Home Office,25.092
14031,2014-11-27,135.3,Consumer,37.884
14037,2014-09-11,244.8,Corporate,88.05
14038,2014-09-17,190.5,Home Office,64.65
14040,2014-09-16,272.76,Home Office,57.24
14042,2014-09-08,256.14,Home Office,102.45
14044,2014-06-25,229.32,Corporate,-41.4
14051,2014-12-12,116.312,Corporate,23.2624
14060,2014-08-05,307.683,Corporate,68.733
14062,2014-03-27,362.85,Consumer,32.64
14065,2014-11-21,68.97,Consumer,19.3116
14066,2014-01-29,279.9,Consumer,137.151
14067,2014-10-03,369.16,Consumer,32.3015
14071,2014-12-12,180.288,Consumer,-135.312
14072,2014-08-18,264.5958,Consumer,-58.1742
14078,2014-03-20,381.36,Corporate,106.7808
14082,2014-07-29,250.74,Consumer,0.0
14083,2014-10-22,195.84,Consumer,-66.72
14086,2014-12-03,179.9,Corporate,44.975
14088,2014-12-04,59.22,Consumer,28.98
14096,2014-12-10,119.556,Consumer,-15.984
14097,2014-09-10,258.696,Corporate,64.674
14098,2014-12-10,148.257,Home Office,15.6978
14099,2014-09-18,89.97,Consumer,37.7874
14100,2014-08-27,290.83716,Consumer,31.45716
14101,2014-09-23,260.592,Home Office,-160.708
14107,2014-08-02,67.14,Consumer,5.34
14109,2014-12-13,88.06,Corporate,12.32
14110,2014-02-24,161.91,Corporate,54.99
14114,2014-10-16,123.8526,Consumer,7.4526
14118,2014-08-09,216.3294,Consumer,-113.3706
14121,2014-12-22,319.68,Corporate,18.96
14122,2014-12-25,222.66,Consumer,33.3
14125,2014-06-20,236.97,Consumer,-102.78
14129,2014-11-17,304.3,Home Office,36.5
14130,2014-06-02,79.8,Corporate,11.97
14134,2014-09-25,187.8,Home Office,13.0
14140,2014-11-28,375.66,Home Office,112.68
14142,2014-11-17,321.3,Consumer,35.34
14143,2014-06-08,460.26,Home Office,151.74
14145,2014-01-17,219.3,Home Office,26.25
14147,2014-03-06,299.97,Corporate,125.9874
14148,2014-06-04,205.992,Consumer,-2.5749
14149,2014-01-15,343.8,Consumer,106.56
14152,2014-01-11,169.308,Consumer,8.448
14153,2014-03-28,599.28,Consumer,17.88
14154,2014-02-15,308.16,Corporate,58.5
14155,2014-03-06,122.22,Corporate,-50.96
14156,2014-09-18,173.25,Consumer,74.43
14160,2014-09-25,175.824,Consumer,-140.886
14163,2014-11-17,167.28,Consumer,13.38
14165,2014-06-24,202.72,Consumer,3.92
14166,2014-11-21,151.02,Corporate,9.0
14171,2014-04-04,205.392,Consumer,-136.928
14173,2014-11-08,376.74,Consumer,48.96
14180,2014-02-21,412.2,Home Office,70.02
14206,2014-05-19,293.4,Corporate,73.26
14210,2014-10-14,209.94,Corporate,39.8886
14212,2014-01-27,220.185,Corporate,48.885
14215,2014-09-03,181.818,Consumer,-27.342
14217,2014-07-31,76.776,Home Office,-53.7432
14218,2014-08-22,88.608,Corporate,-21.052
14219,2014-05-05,288.84,Corporate,37.5
14221,2014-11-27,257.94,Home Office,67.0644
14222,2014-10-27,224.262,Corporate,34.842
14223,2014-01-04,168.72,Consumer,84.24
14225,2014-01-14,364.257,Corporate,-20.313
14231,2014-05-15,300.72,Corporate,129.08
14235,2014-08-21,163.38,Home Office,45.72
14237,2014-12-23,934.956,Consumer,-249.3216
14238,2014-12-18,90.76,Home Office,38.08
14245,2014-10-23,286.902,Corporate,-203.778
14249,2014-03-07,263.655,Home Office,79.005
14251,2014-09-30,285.84,Corporate,140.04
14253,2014-03-07,206.384,Home Office,23.2182
14258,2014-06-04,209.34,Consumer,33.48
14261,2014-10-07,267.48,Corporate,128.16
14262,2014-04-11,191.7,Corporate,70.92
14265,2014-06-09,188.4,Home Office,37.68
14266,2014-10-27,356.85,Consumer,60.6645
14269,2014-11-08,239.598,Consumer,33.798
14271,2014-05-07,346.5882,Home Office,-104.8518
14278,2014-01-29,330.27,Consumer,46.23
14279,2014-08-19,170.46,Consumer,73.26
14280,2014-03-22,105.45,Consumer,32.55
14281,2014-08-06,502.578,Consumer,-55.842
14289,2014-11-28,114.87,Corporate,16.08
14291,2014-02-18,127.89,Consumer,28.95
14293,2014-07-04,273.896,Corporate,92.4399
14294,2014-08-07,227.88,Home Office,68.364
14299,2014-01-14,371.952,Corporate,33.042
14302,2014-07-21,182.94,Corporate,27.441
14305,2014-10-02,540.82,Consumer,237.86
14306,2014-06-04,333.072,Corporate,73.872
14309,2014-07-22,210.564,Home Office,-52.641
14310,2014-07-31,287.28,Consumer,-191.52
14311,2014-01-28,107.982,Consumer,-26.9955
14313,2014-07-23,58.32,Consumer,16.86
14318,2014-05-23,158.76,Consumer,-59.58
14319,2014-12-23,162.54,Consumer,17.82
14322,2014-11-27,240.336,Consumer,-136.224
14330,2014-11-22,140.535,Consumer,48.285
14332,2014-08-09,306.78,Consumer,82.83
14337,2014-09-17,255.84,Consumer,46.02
14338,2014-03-12,449.91,Consumer,-90.0
14341,2014-10-27,212.208,Consumer,-74.352
14342,2014-12-29,189.36,Consumer,60.48
14343,2014-12-23,341.523,Home Office,41.643
14346,2014-02-24,90.3,Corporate,29.76
14347,2014-03-17,145.89,Home Office,21.87
14352,2014-08-13,192.16,Consumer,92.2368
14355,2014-10-01,247.32,Consumer,2.46
14356,2014-08-20,418.6188,Home Office,105.8688
14361,2014-07-10,278.9,Home Office,128.2
14365,2014-11-30,95.424,Consumer,34.464
14372,2014-10-06,755.0946,Corporate,-419.3054
14376,2014-08-19,345.24,Consumer,37.8
14379,2014-11-27,83.6,Corporate,35.9
14382,2014-08-04,187.936,Consumer,-18.824
14383,2014-09-30,138.567,Home Office,14.487
14386,2014-09-26,288.36,Consumer,14.4
14395,2014-02-11,68.175,Consumer,15.825
14401,2014-03-10,359.85,Consumer,147.51
14406,2014-10-11,215.73,Consumer,-22.89
14407,2014-06-16,91.665,Consumer,-42.315
14411,2014-09-04,293.76,Consumer,61.56
14413,2014-05-19,148.68,Home Office,47.52
14414,2014-04-22,99.96,Consumer,25.83
14415,2014-06-30,59.28,Consumer,11.2
14418,2014-09-11,192.6,Consumer,32.7
14423,2014-11-07,195.72,Consumer,17.52
14424,2014-03-14,58.8,Home Office,12.3
14435,2014-09-15,113.372,Consumer,-29.1528
14444,2014-11-26,64.0,Consumer,19.2
14445,2014-11-20,98.1,Consumer,-1.68
14447,2014-06-19,340.83,Home Office,112.35
14450,2014-05-23,242.1,Corporate,65.25
14472,2014-08-16,1954.17,Corporate,429.84
14473,2014-09-04,659.178,Corporate,-0.162
14475,2014-11-06,260.34,Consumer,46.86
14476,2014-09-30,145.05,Corporate,59.4
14480,2014-06-15,394.98,Consumer,35.52
14485,2014-07-21,242.944,Corporate,-230.816
14488,2014-12-06,378.81,Corporate,-98.55
14490,2014-09-11,175.8,Consumer,79.08
14493,2014-01-28,181.44,Home Office,72.36
14495,2014-08-09,289.35,Corporate,54.9
14496,2014-03-26,470.376,Consumer,47.0376
14501,2014-04-06,71.46,Consumer,18.54
14502,2014-04-30,276.885,Consumer,18.375
14503,2014-07-18,143.1,Home Office,9.9
14505,2014-11-20,291.924,Consumer,12.924
14510,2014-09-26,177.55,Consumer,47.9385
14512,2014-11-19,213.12,Consumer,18.96
14513,2014-09-15,162.18,Corporate,22.68
14515,2014-08-09,180.7,Consumer,16.2
14516,2014-09-26,129.12,Consumer,64.56
14519,2014-11-06,369.99,Corporate,129.42
14522,2014-02-07,240.784,Consumer,30.098
14523,2014-04-08,219.184,Home Office,19.1786
14525,2014-02-27,246.42,Corporate,19.71
14529,2014-12-29,113.372,Corporate,-3.2392
14530,2014-06-23,178.88,Consumer,59.0
14531,2014-05-07,222.615,Consumer,32.115
14533,2014-08-28,409.95,Corporate,102.42
14536,2014-09-02,415.152,Corporate,-498.348
14537,2014-10-13,122.94,Consumer,17.19
14538,2014-05-13,285.48,Corporate,-10.7055
14541,2014-05-29,247.44,Corporate,101.4504
14546,2014-05-01,47.52,Consumer,23.28
14548,2014-01-17,418.05,Consumer,79.38
14551,2014-10-30,338.4,Consumer,118.44
14552,2014-12-28,135.45,Consumer,54.15
14553,2014-03-11,166.68,Consumer,18.33
14554,2014-04-28,220.2656,Corporate,-42.1096
14555,2014-06-04,384.768,Corporate,-115.4304
14556,2014-11-12,88.92,Consumer,14.4495
14557,2014-11-25,197.94,Home Office,96.99
14560,2014-07-09,75.18,Consumer,35.3346
14567,2014-05-31,204.6664,Consumer,-6.0196
14572,2014-12-06,254.9,Corporate,68.823
14575,2014-07-07,130.704,Corporate,-176.496
14577,2014-08-26,168.68,Home Office,74.2
14578,2014-12-22,278.7,Home Office,83.58
14580,2014-11-16,529.29,Corporate,68.76
14582,2014-07-15,140.97,Consumer,19.7358
14584,2014-08-02,336.36,Consumer,117.72
14585,2014-08-27,290.3502,Home Office,-107.3898
14591,2014-03-17,159.984,Consumer,43.9956
14593,2014-12-22,76.248,Consumer,-8.912
14594,2014-08-16,520.776,Corporate,-199.764
14599,2014-02-19,102.9,Consumer,25.68
14600,2014-10-21,113.68,Consumer,44.32
14604,2014-07-16,219.9,Consumer,109.92
14609,2014-02-05,51.156,Consumer,-61.404
14610,2014-03-12,239.96,Corporate,91.14
14611,2014-11-18,144.18,Consumer,5.67
14612,2014-03-24,143.728,Consumer,-32.3388
14613,2014-05-10,104.28,Home Office,26.07
14620,2014-08-26,224.3504,Home Office,1.7904
14622,2014-05-10,130.32,Consumer,12.96
14623,2014-06-19,875.16,Consumer,-493.32
14629,2014-09-11,308.46,Consumer,86.34
14631,2014-09-09,158.376,Home Office,13.8579
14636,2014-12-04,192.0,Corporate,-38.4
14638,2014-02-06,207.12,Consumer,37.2
14640,2014-04-15,74.56,Home Office,32.8
14641,2014-04-26,326.88,Corporate,26.08
14644,2014-08-22,118.44,Consumer,41.4
14649,2014-10-30,179.46,Corporate,69.93
14651,2014-08-12,149.28,Corporate,11.94
14652,2014-03-02,114.81,Home Office,25.23
14653,2014-10-27,67.78928,Home Office,-11.57072
14668,2014-03-08,99.0,Corporate,32.64
14678,2014-03-24,291.024,Consumer,-116.416
14681,2014-10-02,215.1,Home Office,30.06
14684,2014-06-02,113.52,Home Office,6.72
14687,2014-09-09,258.528,Consumer,-47.3968
14688,2014-04-02,127.95,Corporate,21.7515
14689,2014-08-19,259.75944,Consumer,72.31944
14695,2014-03-12,123.42,Consumer,8.58
14696,2014-08-18,459.3,Consumer,188.3
14697,2014-08-18,428.22,Consumer,111.33
14699,2014-03-20,199.96,Consumer,85.9828
14708,2014-09-03,197.97,Corporate,57.4113
14709,2014-11-26,245.82,Consumer,66.36
14712,2014-05-20,532.8,Consumer,95.88
14719,2014-08-26,199.056,Consumer,26.496
14720,2014-05-01,373.896,Consumer,41.526
14722,2014-11-06,317.574,Consumer,10.554
14725,2014-09-16,117.96,Consumer,15.24
14726,2014-12-19,327.816,Consumer,32.736
14727,2014-11-04,170.424,Consumer,-108.036
14729,2014-09-04,279.68,Home Office,-38.52
14732,2014-07-22,271.96,Consumer,67.99
14734,2014-05-19,172.5,Consumer,41.4
14737,2014-05-19,198.96,Home Office,47.64
14739,2014-04-08,258.072,Home Office,0.0
14742,2014-07-24,271.136,Consumer,71.136
14744,2014-04-17,192.78,Corporate,46.26
14745,2014-12-04,57.93,Home Office,17.94
14747,2014-08-13,1779.9,Corporate,373.779
14748,2014-12-23,154.68,Consumer,9.27
14750,2014-09-10,268.1748,Corporate,17.2548
14753,2014-04-16,423.31168,Corporate,-0.84832
14757,2014-04-21,301.89,Consumer,3.0
14762,2014-09-27,135.576,Corporate,15.736
14769,2014-05-29,271.968,Corporate,54.3936
14770,2014-07-21,313.44,Corporate,50.13
14774,2014-05-08,322.974,Consumer,-0.006
14776,2014-06-14,48.68,Consumer,9.72
14782,2014-09-04,124.53,Consumer,29.88
14794,2014-11-26,645.966,Consumer,212.706
14795,2014-05-14,188.37,Corporate,71.4
14796,2014-07-09,174.95,Corporate,45.487
14801,2014-10-30,163.2,Corporate,45.6
14803,2014-09-23,92.64,Home Office,-4.66
14805,2014-08-26,143.172,Home Office,-64.428
14806,2014-11-11,261.54,Corporate,109.84
14808,2014-01-30,124.32,Corporate,42.24
14809,2014-10-03,112.12,Home Office,42.045
14814,2014-02-24,157.872,Home Office,7.272
14815,2014-06-27,358.2,Consumer,41.79
14818,2014-02-10,450.603,Corporate,24.993
14820,2014-09-25,642.0,Home Office,179.7
14821,2014-03-14,89.768,Home Office,-2.5648
14823,2014-12-19,168.24,Home Office,57.18
14826,2014-07-30,245.94,Corporate,61.44
14829,2014-01-11,349.32,Consumer,83.82
14833,2014-02-24,187.74376,Consumer,9.02376
14834,2014-08-28,123.06,Corporate,50.4
14835,2014-10-08,225.08,Consumer,92.28
14836,2014-09-16,107.4,Corporate,8.58
14843,2014-03-24,13999.96,Consumer,6719.9808
14844,2014-04-06,310.716,Consumer,72.456
14845,2014-11-14,121.8855,Consumer,48.3855
14846,2014-12-29,214.515,Consumer,16.485
14848,2014-03-15,263.73,Consumer,113.4
14852,2014-07-09,177.876,Consumer,-0.084
14853,2014-06-30,638.82,Corporate,185.2578
14855,2014-07-28,284.76,Home Office,14.22
14857,2014-08-28,152.28,Consumer,50.22
14861,2014-07-19,218.3868,Home Office,-50.8932
14862,2014-12-08,127.984,Consumer,25.5968
14863,2014-08-08,118.16,Consumer,-25.109
14866,2014-10-07,170.28,Consumer,-306.6
14868,2014-08-27,340.992,Corporate,-85.248
14877,2014-08-26,130.98,Consumer,-89.0664
14885,2014-12-17,68.48,Corporate,5.44
14886,2014-12-04,111.12,Consumer,23.28
14891,2014-10-02,257.76,Home Office,18.0
14893,2014-09-20,101.88,Corporate,17.28
14894,2014-05-01,85.185,Home Office,4.635
14895,2014-11-14,241.434,Consumer,101.934
14897,2014-08-26,60.552,Home Office,-5.088
14899,2014-04-14,191.7,Consumer,70.92
14900,2014-01-28,101.04,Corporate,29.28
14901,2014-10-24,236.34,Consumer,115.74
14905,2014-09-03,147.92,Home Office,46.225
14911,2014-11-08,147.582,Corporate,-16.398
14915,2014-04-16,118.62,Consumer,49.68
14916,2014-03-22,181.12,Consumer,-11.32
14917,2014-08-29,92.76,Consumer,12.0
14922,2014-03-20,245.13,Consumer,85.77
14923,2014-06-01,253.32,Corporate,-233.1
14928,2014-02-19,154.3752,Consumer,-68.6448
14930,2014-10-29,200.44,Consumer,82.16
14932,2014-05-29,84.96,Home Office,38.16
14933,2014-02-13,274.4658,Consumer,-67.3542
14934,2014-12-01,351.9,Consumer,28.14
14938,2014-11-13,143.58,Home Office,51.66
14940,2014-09-15,283.49984,Consumer,-185.86016
14943,2014-08-02,137.25,Consumer,63.09
14944,2014-04-24,263.412,Consumer,99.432
14945,2014-09-10,333.84,Home Office,9.96
14946,2014-10-02,149.04,Home Office,11.88
14948,2014-03-06,373.68,Consumer,-4.32
14949,2014-03-24,386.64,Corporate,-245.16
14951,2014-11-25,327.84,Corporate,157.3632
14952,2014-11-18,206.604,Corporate,-6.996
14954,2014-01-06,246.15,Consumer,98.4
14955,2014-05-08,176.76,Corporate,-79.56
14956,2014-09-16,242.48,Consumer,116.3904
14958,2014-08-06,355.56,Consumer,14.22
14959,2014-04-01,132.352,Consumer,-89.408
14960,2014-06-24,221.2,Home Office,64.12
14962,2014-06-02,759.66,Corporate,91.14
14978,2014-11-20,412.695,Consumer,9.045
14979,2014-12-17,143.532,Consumer,19.092
14980,2014-08-26,100.08,Home Office,-51.72
14981,2014-11-16,339.136,Consumer,0.0
14983,2014-05-28,141.6,Consumer,24.06
14986,2014-05-02,448.6344,Consumer,-355.6056
14990,2014-07-28,194.848,Consumer,12.178
14997,2014-06-17,301.96,Consumer,90.588
14999,2014-03-31,122.88,Consumer,9.72
15000,2014-02-24,83.46,Consumer,32.52
15001,2014-04-06,205.8,Consumer,51.36
15004,2014-05-21,236.7,Home Office,47.34
15006,2014-12-19,138.96,Consumer,36.09
15009,2014-10-24,146.5425,Corporate,-1.9575
15017,2014-06-17,327.3,Consumer,150.54
15019,2014-12-02,141.96,Consumer,41.1684
15021,2014-11-19,212.52,Consumer,4.2
15025,2014-06-24,262.95,Home Office,63.0
15026,2014-05-01,767.34,Consumer,22.86
15027,2014-03-26,100.0611,Consumer,19.1511
15028,2014-12-05,363.75,Home Office,39.99
15032,2014-08-08,292.11,Corporate,113.82
15037,2014-04-09,230.526,Consumer,66.546
15038,2014-03-12,61.2,Consumer,18.96
15041,2014-09-08,289.71,Corporate,109.89
15045,2014-02-21,246.48,Consumer,55.38
15051,2014-05-15,89.97,Corporate,18.8937
15055,2014-11-18,287.58,Home Office,8.58
15060,2014-04-03,300.402,Consumer,16.662
15061,2014-04-25,297.6,Home Office,92.16
15064,2014-06-23,132.972,Corporate,-37.688
15066,2014-03-24,211.84,Home Office,76.2624
15075,2014-07-08,99.6,Corporate,11.94
15076,2014-10-16,346.44,Corporate,48.48
15079,2014-12-23,300.72,Corporate,18.0
15085,2014-06-24,218.79,Home Office,89.64
15086,2014-07-24,241.968,Consumer,-181.512
15087,2014-05-16,235.24,Home Office,49.4
15088,2014-04-18,95.28,Corporate,11.4
15089,2014-12-24,262.74,Consumer,-63.06
15092,2014-10-09,239.96,Corporate,115.1808
15095,2014-04-02,482.664,Corporate,85.176
15097,2014-05-15,138.18,Corporate,53.76
15103,2014-08-22,277.4,Home Office,133.152
15106,2014-12-26,125.064,Consumer,22.194
15112,2014-08-14,150.0,Consumer,28.5
15114,2014-08-25,75.72,Corporate,27.24
15116,2014-06-27,272.94,Consumer,0.0
15117,2014-09-15,62.13,Corporate,3.09
15118,2014-10-13,129.519,Corporate,11.439
15119,2014-01-15,260.28,Consumer,67.62
15120,2014-09-02,169.047,Corporate,37.557
15121,2014-11-10,96.53,Home Office,40.5426
15126,2014-12-03,94.35,Consumer,23.55
15134,2014-03-14,140.736,Home Office,49.2576
15138,2014-12-11,284.19048,Consumer,47.79048
15139,2014-04-02,359.64,Home Office,31.95
15142,2014-02-03,428.706,Consumer,10.026
15148,2014-06-21,429.12,Consumer,107.28
15150,2014-09-11,96.6,Home Office,-61.86
15151,2014-02-17,111.12,Consumer,18.84
15161,2014-05-12,211.62,Consumer,10.56
15162,2014-08-20,153.24,Consumer,16.8
15167,2014-01-25,185.46,Consumer,59.07
15172,2014-09-03,79.8,Consumer,1.47
15175,2014-07-02,299.85,Home Office,98.94
15176,2014-01-13,365.52,Consumer,142.32
15180,2014-12-05,239.96,Corporate,-10.284
15184,2014-02-07,82.08,Home Office,24.48
15188,2014-09-23,219.84,Corporate,107.7216
15192,2014-10-11,303.912,Consumer,64.152
15194,2014-05-30,193.104,Consumer,-51.576
15198,2014-09-17,177.48,Consumer,40.8
15199,2014-11-13,236.7,Home Office,4.65
15201,2014-03-03,199.08,Consumer,81.62
15203,2014-06-06,475.794,Home Office,58.104
15205,2014-06-28,49.47,Corporate,7.89
15206,2014-02-13,248.292,Home Office,79.992
15220,2014-12-11,220.2156,Corporate,66.3156
15223,2014-12-16,89.73,Consumer,35.82
15224,2014-11-28,245.13,Consumer,44.1
15225,2014-02-25,198.024,Consumer,-237.636
15226,2014-12-26,191.984,Consumer,4.7996
15229,2014-03-04,227.8872,Corporate,4.8672
15231,2014-05-23,396.9,Corporate,178.56
15236,2014-07-28,52.08,Corporate,17.7
15237,2014-07-15,76.05,Home Office,20.52
15238,2014-12-01,500.22,Consumer,190.08
15239,2014-03-27,257.568,Consumer,-28.9764
15250,2014-11-13,562.68,Corporate,208.08
15253,2014-09-03,379.87872,Corporate,162.83872
15254,2014-03-06,339.36,Consumer,61.08
15256,2014-08-20,412.02,Home Office,-412.02
15257,2014-10-02,110.3103,Corporate,-22.7097
15258,2014-11-11,95.994,Corporate,-63.996
15260,2014-05-21,245.13,Consumer,83.34
15266,2014-11-05,56.7,Home Office,27.78
15267,2014-11-20,233.058,Consumer,-53.2704
15268,2014-04-11,286.15,Home Office,71.5375
15272,2014-11-03,209.088,Consumer,-20.952
15273,2014-10-22,291.456,Consumer,58.266
15278,2014-12-31,245.16,Corporate,90.66
15280,2014-05-05,183.96,Corporate,20.6955
15281,2014-01-21,108.6,Corporate,35.82
15282,2014-11-13,151.01892,Consumer,-83.86108
15283,2014-08-30,142.68,Consumer,32.76
15287,2014-10-21,99.3,Consumer,15.8
15289,2014-06-05,356.508,Home Office,-231.732
15291,2014-12-08,201.312,Consumer,-301.968
15292,2014-10-01,350.37784,Home Office,37.89784
15293,2014-12-15,115.02,Consumer,0.0
15295,2014-04-30,143.475,Consumer,-123.525
15296,2014-03-29,193.32,Home Office,-166.32
15297,2014-03-25,221.92,Corporate,106.5216
15300,2014-12-08,244.728,Consumer,-2.832
15308,2014-10-03,157.74,Consumer,56.7864
15309,2014-12-22,71.0,Consumer,27.69
15310,2014-02-06,164.2,Corporate,82.1
15312,2014-11-15,133.02,Consumer,38.52
15314,2014-10-21,284.364,Corporate,-75.8304
15315,2014-11-22,108.84,Corporate,10.8
15316,2014-09-15,162.84,Consumer,-54.36
15320,2014-08-15,119.052,Consumer,-45.648
15321,2014-10-10,224.98,Corporate,29.12
15322,2014-04-22,115.02,Home Office,8.04
15327,2014-03-18,363.68,Corporate,18.16
15329,2014-12-03,238.2,Consumer,116.7
15330,2014-10-17,110.16,Consumer,39.6
15333,2014-07-16,718.97916,Consumer,99.35916
15335,2014-08-22,135.84,Corporate,28.32
15339,2014-09-11,336.24,Consumer,43.68
15341,2014-12-04,1114.854,Consumer,-223.026
15344,2014-11-07,148.98,Corporate,65.52
15346,2014-08-26,151.98,Consumer,66.87
15349,2014-03-10,46.08,Home Office,16.0
15356,2014-04-16,106.56,Consumer,37.26
15357,2014-06-25,58.98,Corporate,12.36
15358,2014-09-20,145.98,Corporate,68.58
15364,2014-06-17,460.08,Consumer,13.8
15366,2014-03-31,308.34,Corporate,33.9
15367,2014-06-02,163.92,Home Office,22.92
15368,2014-10-03,72.54,Home Office,19.56
15369,2014-12-11,241.056,Home Office,-26.784
15373,2014-09-07,321.03,Consumer,73.8
15374,2014-08-02,271.96,Consumer,16.9975
15377,2014-12-08,214.8,Corporate,88.0
15378,2014-11-19,159.408,Consumer,-47.832
15380,2014-12-16,173.16,Consumer,43.2
15384,2014-10-08,174.56,Corporate,-15.28
15387,2014-07-26,165.42,Home Office,46.26
15395,2014-03-25,271.764,Consumer,60.392
15399,2014-06-10,138.45,Consumer,10.95
15401,2014-03-28,206.1,Consumer,55.647
15402,2014-08-20,321.3,Consumer,35.34
15403,2014-12-27,269.088,Consumer,-130.112
15405,2014-02-04,170.24,Consumer,53.2
15408,2014-12-02,330.12,Consumer,26.37
15409,2014-05-29,763.92,Consumer,84.0
15414,2014-10-30,279.72,Consumer,93.12
15416,2014-08-14,243.8424,Consumer,-202.4376
15419,2014-06-10,336.393,Corporate,123.273
15423,2014-08-06,239.28,Consumer,86.08
15424,2014-11-20,78.3,Home Office,13.3
15425,2014-11-25,220.56,Consumer,74.88
15429,2014-01-22,259.248,Consumer,-55.092
15431,2014-01-25,771.39,Consumer,154.17
15432,2014-09-03,742.59,Consumer,267.3
15435,2014-10-16,201.14,Consumer,38.2
15438,2014-10-04,180.6,Consumer,73.92
15439,2014-10-24,169.068,Consumer,-39.432
15443,2014-09-30,126.9,Consumer,7.59
15444,2014-06-25,175.92,Home Office,82.68
15446,2014-11-12,163.2,Consumer,45.6
15447,2014-07-16,207.33,Corporate,53.88
15448,2014-04-07,175.608,Home Office,56.568
15450,2014-11-05,548.865,Corporate,-395.235
15457,2014-01-03,216.72,Corporate,108.24
15462,2014-07-09,163.35,Home Office,75.0
15463,2014-08-31,86.76,Consumer,22.5
15466,2014-05-19,238.32,Corporate,0.0
15470,2014-06-18,305.3625,Home Office,104.0625
15474,2014-05-08,383.22,Consumer,122.58
15476,2014-11-28,136.5,Corporate,5.4
15478,2014-02-07,274.68,Consumer,0.0
15481,2014-11-03,226.4,Consumer,33.96
15482,2014-12-08,193.872,Home Office,48.412
15483,2014-01-22,86.4,Consumer,8.64
15485,2014-11-30,227.61,Corporate,56.7
15487,2014-04-16,399.52,Consumer,147.76
15488,2014-03-05,145.95,Home Office,21.84
15493,2014-08-09,259.605,Consumer,-14.445
15495,2014-12-01,407.862,Home Office,83.412
15496,2014-08-26,192.16,Consumer,67.256
15498,2014-10-01,164.88,Consumer,80.7912
15499,2014-09-15,70.98,Home Office,3.549
15500,2014-12-09,243.0,Corporate,119.04
15504,2014-01-08,98.8875,Consumer,-0.0225
15515,2014-05-07,122.12,Consumer,39.689
15517,2014-12-10,170.92,Corporate,82.04
15524,2014-10-29,131.4876,Consumer,25.1676
15525,2014-05-05,99.954,Consumer,16.614
15527,2014-04-14,58.83,Corporate,6.45
15532,2014-07-17,78.327,Consumer,6.957
15535,2014-10-22,329.988,Consumer,-76.9972
15546,2014-09-08,73.152,Consumer,-1.248
15547,2014-04-17,246.3,Consumer,24.6
15549,2014-04-07,247.212,Consumer,109.872
15552,2014-10-02,246.21,Home Office,93.54
15553,2014-12-10,301.77,Corporate,9.03
15557,2014-12-23,192.78,Consumer,96.3
15558,2014-03-04,155.34,Consumer,4.59
15561,2014-08-08,138.693,Home Office,31.743
15566,2014-03-20,80.64,Corporate,3.96
15572,2014-11-11,141.4,Home Office,32.48
15576,2014-01-27,333.48,Consumer,110.04
15580,2014-01-31,89.76,Corporate,26.88
15582,2014-03-07,161.352,Consumer,-7.368
15586,2014-04-11,138.51,Corporate,26.28
15588,2014-04-09,262.872,Consumer,8.712
15593,2014-12-30,166.12,Corporate,44.84
15594,2014-06-24,127.1,Consumer,47.0
15595,2014-06-27,186.69,Corporate,7.35
15597,2014-08-22,97.68,Home Office,11.7
15598,2014-07-14,170.64,Consumer,20.4
15600,2014-05-19,220.644,Corporate,46.524
15602,2014-01-26,132.48,Home Office,14.55
15611,2014-08-05,314.22,Corporate,3.12
15614,2014-12-05,147.63,Corporate,72.24
15615,2014-08-21,129.1224,Corporate,-47.7576
15621,2014-10-07,110.12,Corporate,7.68
15623,2014-04-30,148.014,Consumer,54.234
15625,2014-08-27,184.0902,Consumer,-159.8898
15628,2014-11-05,201.96,Consumer,82.98
15630,2014-12-15,48.789,Consumer,5.949
15632,2014-12-06,92.94,Consumer,41.823
15640,2014-09-03,193.8,Corporate,48.36
15641,2014-12-04,138.48,Consumer,5.52
15643,2014-10-19,174.42,Consumer,20.34
15647,2014-10-06,136.404,Consumer,24.174
15653,2014-05-15,120.288,Corporate,-51.352
15661,2014-11-28,184.76,Consumer,-175.54
15663,2014-02-28,92.556,Consumer,-1.044
15666,2014-12-21,279.9,Corporate,137.151
15671,2014-02-10,79.29,Corporate,32.49
15675,2014-05-31,156.792,Home Office,17.6391
15676,2014-05-06,228.36,Corporate,-137.04
15682,2014-06-19,492.12,Home Office,19.68
15688,2014-10-17,287.1,Corporate,129.15
15692,2014-09-03,102.84,Consumer,-3.46
15694,2014-05-07,297.84,Corporate,113.16
15701,2014-08-14,124.92,Home Office,48.6
15702,2014-11-26,338.7,Corporate,148.98
15705,2014-09-08,310.24,Corporate,12.32
15706,2014-10-07,333.66,Home Office,3.3
15707,2014-01-06,148.014,Consumer,54.234
15710,2014-12-26,178.884,Consumer,-98.406
15712,2014-02-03,210.58,Corporate,12.6348
15713,2014-06-30,105.84,Home Office,43.38
15714,2014-12-06,134.16,Corporate,12.06
15715,2014-11-23,497.64,Corporate,79.56
15721,2014-10-15,88.44,Consumer,15.84
15722,2014-02-10,160.992,Consumer,-229.488
15727,2014-07-08,252.0,Corporate,93.24
15729,2014-12-16,196.776,Consumer,14.7582
15731,2014-12-16,260.793,Corporate,109.863
15734,2014-09-11,172.08,Corporate,27.48
15736,2014-01-06,418.7682,Corporate,90.8082
15739,2014-03-12,279.72,Consumer,81.0
15744,2014-07-22,71.928,Consumer,6.2937
15745,2014-09-12,228.24,Corporate,47.76
15746,2014-07-09,263.31,Consumer,5.25
15761,2014-09-03,207.36,Consumer,57.96
15762,2014-11-28,195.84,Home Office,70.44
15767,2014-08-27,154.413,Corporate,22.113
15771,2014-12-30,209.7,Corporate,100.656
15773,2014-03-07,110.48,Consumer,22.08
15779,2014-12-27,177.3,Corporate,0.0
15782,2014-09-10,55.296,Consumer,-25.824
15787,2014-01-23,227.1,Consumer,111.2
15794,2014-10-28,60.24,Home Office,18.04
15797,2014-03-17,169.4445,Corporate,18.3645
15798,2014-04-28,123.92,Consumer,33.4584
15799,2014-03-18,189.44,Corporate,75.76
15801,2014-08-14,124.7424,Corporate,-44.4576
15802,2014-03-10,125.685,Consumer,1.335
15803,2014-07-16,95.1,Corporate,12.36
15808,2014-12-26,1248.912,Consumer,-1779.768
15810,2014-07-25,179.442,Consumer,-394.818
15816,2014-09-24,568.332,Corporate,-142.128
15824,2014-06-10,194.8,Consumer,60.32
15828,2014-06-13,182.4048,Consumer,-106.7952
15830,2014-04-09,168.12,Home Office,36.96
15833,2014-03-04,90.981,Consumer,-23.229
15836,2014-11-14,88.06,Corporate,12.32
15839,2014-09-24,549.54,Consumer,-338.94
15840,2014-09-09,116.832,Corporate,33.5892
15842,2014-12-12,237.072,Corporate,-142.248
15845,2014-09-02,213.84,Home Office,53.46
15849,2014-09-16,288.192,Home Office,-180.168
15852,2014-02-06,243.992,Consumer,-426.986
15855,2014-01-22,206.01,Corporate,-206.01
15857,2014-10-24,160.2,Consumer,35.1
15859,2014-07-19,801.6,Consumer,-448.896
15861,2014-08-08,264.816,Consumer,-66.204
15863,2014-11-28,203.952,Consumer,20.352
15865,2014-04-17,245.04,Corporate,9.78
15867,2014-12-08,64.242,Consumer,-62.118
15872,2014-09-03,166.83,Consumer,4.98
15876,2014-11-18,165.312,Consumer,-173.598
15878,2014-12-18,273.24,Home Office,62.76
15880,2014-01-20,145.35,Consumer,46.5
15882,2014-11-16,220.064,Consumer,55.016
15885,2014-05-27,437.481,Consumer,-34.029
15886,2014-12-09,281.34,Corporate,104.04
15890,2014-06-12,241.8,Consumer,62.82
15891,2014-08-04,246.12,Corporate,93.48
15892,2014-08-29,102.9,Corporate,25.68
15897,2014-08-28,73.2,Consumer,30.72
15908,2014-08-08,244.55,Consumer,114.9385
15911,2014-05-19,203.52,Home Office,12.12
15918,2014-09-16,206.9535,Consumer,31.8135
15920,2014-12-01,383.976,Consumer,81.5949
15921,2014-05-22,121.5,Consumer,59.52
15925,2014-03-30,130.56,Consumer,50.88
15926,2014-10-21,112.35,Corporate,32.55
15929,2014-12-22,258.75,Consumer,10.35
15933,2014-07-14,116.235,Consumer,10.305
15940,2014-10-29,294.66,Corporate,46.98
15942,2014-04-26,257.1,Consumer,23.1
15943,2014-10-21,295.05,Consumer,123.9
15945,2014-01-03,251.01,Corporate,62.73
15950,2014-03-11,111.96,Corporate,21.2724
15951,2014-06-02,322.2,Home Office,132.0
15953,2014-12-22,317.88,Consumer,3.06
15954,2014-12-29,117.74,Corporate,22.26
15959,2014-07-24,103.86,Home Office,41.52
15960,2014-11-05,239.96,Corporate,91.14
15966,2014-07-29,279.54,Consumer,95.04
15969,2014-12-03,153.84,Consumer,26.08
15970,2014-09-30,200.44,Consumer,82.16
15974,2014-02-14,222.36,Corporate,57.78
15980,2014-06-12,98.808,Consumer,4.928
15981,2014-12-20,182.295,Consumer,-11.025
15984,2014-09-12,184.66,Home Office,84.9436
15990,2014-05-23,289.32,Corporate,86.76
15992,2014-10-25,140.94,Corporate,28.14
15993,2014-11-22,132.972,Consumer,-37.688
15996,2014-07-04,129.39,Consumer,54.3438
15998,2014-03-04,170.352,Consumer,-17.0352
16000,2014-12-16,49.2,Corporate,18.15
16001,2014-11-12,124.14,Consumer,43.44
16002,2014-02-27,223.92,Home Office,109.7208
16008,2014-11-20,61.392,Consumer,-3.088
16011,2014-09-30,72.784,Consumer,0.0
16013,2014-10-11,239.358,Consumer,-47.8716
16015,2014-10-15,237.504,Home Office,-261.336
16017,2014-03-20,64.08,Corporate,17.28
16018,2014-10-22,698.64,Corporate,209.52
16020,2014-12-01,77.5,Corporate,3.8
16021,2014-04-23,146.22,Consumer,13.14
16023,2014-08-27,58.32,Corporate,7.02
16026,2014-04-19,113.4,Consumer,54.36
16028,2014-09-29,94.5,Consumer,-21.45
16029,2014-10-20,259.4712,Consumer,49.7112
16034,2014-08-06,133.2,Consumer,66.6
16035,2014-10-27,251.58,Consumer,113.211
16036,2014-11-18,238.08,Corporate,26.16
16037,2014-11-11,275.12,Corporate,11.0
16040,2014-10-14,145.584,Corporate,-82.536
16044,2014-11-12,101.76,Corporate,0.0
16049,2014-05-22,520.05,Corporate,72.807
16050,2014-11-13,113.568,Home Office,-5.6784
16054,2014-07-15,166.1,Consumer,58.1
16057,2014-06-17,104.856,Consumer,-133.704
16059,2014-06-06,247.14,Home Office,14.76
16064,2014-10-10,71.46,Home Office,18.54
16068,2014-04-21,283.2,Consumer,48.12
16077,2014-12-14,287.976,Corporate,7.1994
16078,2014-12-09,276.858,Consumer,-636.822
16081,2014-11-25,235.32,Consumer,25.8
16083,2014-06-18,677.46,Consumer,210.0
16084,2014-12-25,293.64,Corporate,85.14
16085,2014-11-26,262.14,Corporate,5.22
16086,2014-11-04,252.0,Consumer,73.08
16088,2014-02-05,101.76,Home Office,46.8
16090,2014-01-08,202.6845,Corporate,-5.6655
16095,2014-03-31,227.28,Corporate,34.08
16098,2014-12-01,322.44,Consumer,90.24
16100,2014-11-25,115.92,Consumer,38.22
16101,2014-01-09,174.06,Corporate,41.76
16102,2014-12-24,109.92,Consumer,38.46
16103,2014-12-12,345.303,Consumer,7.623
16109,2014-04-08,233.86,Home Office,-102.048
16111,2014-08-29,67.815,Corporate,-27.135
16112,2014-09-25,427.14,Consumer,187.92
16115,2014-08-28,166.92,Corporate,70.08
16117,2014-12-09,99.48,Consumer,26.82
16118,2014-04-03,63.3297,Home Office,-15.6303
16126,2014-05-26,298.68,Consumer,113.46
16127,2014-10-17,389.28,Consumer,19.44
16128,2014-10-27,71.91,Home Office,20.79
16129,2014-03-25,172.152,Home Office,-71.748
16133,2014-05-17,161.91,Consumer,54.99
16134,2014-02-07,311.688,Consumer,114.228
16138,2014-07-18,220.08,Corporate,17.58
16141,2014-06-10,263.7,Corporate,71.1
16148,2014-05-07,89.46,Consumer,38.43
16151,2014-11-21,269.46,Corporate,119.7
16152,2014-12-09,60.12,Consumer,28.8576
16153,2014-10-07,344.91,Home Office,10.3473
16155,2014-04-25,204.15,Corporate,53.07
16161,2014-09-19,50.97,Home Office,6.09
16162,2014-09-29,99.432,Consumer,-64.668
16164,2014-11-10,138.56,Home Office,49.76
16171,2014-04-11,79.29,Corporate,23.76
16173,2014-11-14,171.51,Home Office,58.29
16177,2014-02-21,167.751,Corporate,-9.369
16178,2014-07-17,141.882,Corporate,3.282
16181,2014-12-12,185.28,Home Office,64.8
16187,2014-02-07,122.4,Corporate,37.92
16189,2014-01-10,503.4,Home Office,236.52
16192,2014-06-18,90.855,Home Office,2.955
16194,2014-09-06,89.568,Consumer,-1.1196
16195,2014-05-03,235.332,Consumer,-251.028
16196,2014-09-18,50.4,Consumer,14.58
16203,2014-07-02,162.0,Consumer,38.88
16215,2014-02-20,130.95,Home Office,40.59
16216,2014-09-23,364.9815,Home Office,107.3115
16218,2014-01-28,241.6008,Corporate,49.4508
16219,2014-12-22,166.44,Consumer,79.8912
16222,2014-06-05,91.04,Consumer,0.8
16225,2014-08-14,346.248,Corporate,-207.792
16228,2014-05-29,184.437,Consumer,59.427
16231,2014-05-05,304.32,Corporate,48.48
16242,2014-03-19,260.28,Consumer,78.03
16245,2014-02-15,221.832,Consumer,91.032
16250,2014-06-05,244.98,Consumer,-118.44
16252,2014-07-16,496.044,Home Office,16.524
16253,2014-07-24,108.864,Home Office,-6.156
16254,2014-04-10,251.64,Consumer,88.074
16255,2014-09-03,235.92,Corporate,-44.235
16256,2014-09-24,169.68,Consumer,30.54
16257,2014-03-04,261.84,Consumer,-117.84
16258,2014-03-12,393.96,Home Office,78.78
16261,2014-01-03,308.556,Corporate,34.236
16263,2014-04-16,79.14,Corporate,36.4044
16265,2014-11-13,248.08284,Home Office,108.82284
16266,2014-09-07,249.06,Consumer,12.42
16268,2014-09-03,197.352,Consumer,-13.188
16269,2014-11-14,131.904,Home Office,6.504
16270,2014-06-04,79.68,Consumer,-55.84
16275,2014-12-09,128.9,Consumer,15.468
16277,2014-12-22,202.92,Corporate,64.92
16278,2014-12-10,494.1,Consumer,-197.64
16284,2014-05-31,248.937,Consumer,-61.323
16294,2014-05-23,142.9758,Consumer,48.2058
16295,2014-01-31,207.0,Corporate,51.75
16297,2014-11-23,565.8,Corporate,271.56
16300,2014-09-26,244.14,Corporate,82.98
16309,2014-10-01,159.98,Home Office,47.994
16314,2014-08-06,107.595,Consumer,3.495
16317,2014-08-04,169.5,Corporate,50.82
16319,2014-10-02,310.14,Consumer,43.38
16320,2014-12-06,61.44,Consumer,16.5888
16329,2014-08-21,92.592,Home Office,28.932
16330,2014-12-26,119.763,Home Office,-88.977
16332,2014-07-03,163.96,Home Office,59.4355
16333,2014-04-29,109.52,Home Office,27.32
16334,2014-08-15,309.555,Consumer,-24.195
16336,2014-12-08,162.4476,Consumer,52.7676
16337,2014-02-14,551.4,Corporate,170.7
16340,2014-09-24,291.96,Consumer,102.186
16345,2014-05-23,124.32,Consumer,59.6
16347,2014-12-02,235.0755,Corporate,-149.6745
16349,2014-08-13,219.9,Corporate,59.373
16350,2014-06-21,83.82,Consumer,39.38
16357,2014-04-23,230.016,Home Office,-40.384
16361,2014-01-09,63.99,Corporate,-7.11
16363,2014-11-04,228.78,Corporate,34.26
16366,2014-03-11,383.04,Home Office,119.7
16371,2014-09-12,87.96,Corporate,19.32
16382,2014-09-02,203.98,Consumer,0.0
16386,2014-06-18,123.93,Corporate,-84.33
16387,2014-12-19,76.368,Corporate,-84.012
16388,2014-03-17,118.88,Home Office,13.04
16391,2014-11-15,158.22,Consumer,31.5
16398,2014-08-18,325.68,Consumer,123.72
16401,2014-08-02,61.92,Corporate,-34.08
16405,2014-11-24,118.584,Corporate,17.064
16406,2014-09-08,113.52,Consumer,46.5432
16407,2014-06-11,56.76,Corporate,11.88
16409,2014-06-12,68.448,Home Office,7.7004
16413,2014-07-12,132.6,Consumer,17.238
16414,2014-08-22,129.92,Consumer,10.3936
16415,2014-09-17,227.96,Consumer,36.44
16417,2014-06-06,181.0977,Corporate,-30.5823
16419,2014-12-18,161.22,Corporate,45.12
16424,2014-06-04,136.5,Home Office,5.4
16425,2014-12-26,342.624,Consumer,61.884
16427,2014-02-04,190.344,Consumer,-99.936
16428,2014-08-12,125.5,Consumer,36.3
16429,2014-06-25,99.0,Home Office,12.8
16434,2014-10-05,55.032,Consumer,-18.368
16440,2014-03-17,165.96,Consumer,26.52
16441,2014-10-29,136.1781,Consumer,-23.0319
16442,2014-03-21,265.93,Corporate,63.8232
16445,2014-06-17,255.78,Home Office,-29.92
16448,2014-08-13,189.0,Home Office,58.5
16449,2014-04-30,132.912,Corporate,-83.088
16452,2014-07-10,58.464,Corporate,-146.16
16457,2014-11-18,53.7,Consumer,4.29
16460,2014-10-08,49.44,Consumer,14.31
16464,2014-09-18,231.12,Home Office,103.92
16469,2014-09-18,171.84,Corporate,65.28
16474,2014-11-24,47.61,Consumer,9.03
16480,2014-08-22,203.52,Consumer,54.9504
16481,2014-06-11,229.392,Corporate,-141.488
16482,2014-08-28,259.248,Consumer,-32.412
16483,2014-06-02,99.66,Consumer,34.86
16484,2014-04-15,200.16,Corporate,-60.12
16488,2014-06-25,105.84,Corporate,48.66
16493,2014-08-01,168.21,Corporate,65.34
16496,2014-03-31,155.925,Consumer,-155.925
16497,2014-04-17,222.66,Home Office,33.3
16499,2014-08-28,841.568,Corporate,294.5488
16509,2014-03-03,196.776,Corporate,14.7582
16512,2014-07-14,86.94,Corporate,28.62
16515,2014-12-02,79.12,Consumer,13.846
16516,2014-08-17,142.8,Consumer,12.84
16518,2014-10-21,264.384,Home Office,-26.496
16522,2014-09-04,88.74,Corporate,15.03
16523,2014-05-25,88.3722,Corporate,-78.3678
16524,2014-12-29,114.156,Consumer,34.146
16525,2014-12-17,189.95,Corporate,45.588
16526,2014-04-28,224.82,Corporate,92.16
16527,2014-10-29,53.82,Corporate,19.32
16529,2014-05-29,137.34,Consumer,0.0
16531,2014-12-13,241.488,Home Office,-124.812
16532,2014-02-07,46.53,Corporate,-21.45
16537,2014-05-12,168.18,Consumer,11.76
16538,2014-01-10,193.68,Consumer,58.08
16539,2014-04-28,109.92,Home Office,38.46
16540,2014-12-13,206.4,Home Office,24.75
16545,2014-03-12,96.42,Corporate,12.48
16548,2014-10-23,281.52,Home Office,61.92
16550,2014-04-21,332.704,Corporate,33.2704
16553,2014-09-23,121.5,Consumer,19.44
16558,2014-08-12,88.53,Corporate,3.54
16559,2014-01-14,214.92,Home Office,25.68
16570,2014-07-01,148.17,Corporate,71.1
16572,2014-11-18,226.56,Consumer,-243.6
16574,2014-03-19,163.32,Consumer,26.04
16578,2014-08-06,359.64,Consumer,31.95
16580,2014-04-11,195.104,Consumer,21.9492
16581,2014-08-25,114.84,Consumer,57.42
16583,2014-08-16,175.44,Corporate,12.24
16586,2014-06-21,239.97,Consumer,71.991
16590,2014-10-22,246.6,Consumer,88.65
16596,2014-03-10,218.76,Consumer,54.6
16597,2014-07-05,401.94,Consumer,11.88
16598,2014-04-27,121.52,Corporate,43.68
16607,2014-09-24,306.24,Corporate,30.6
16609,2014-12-16,147.888,Consumer,-4.992
16610,2014-06-28,248.5,Consumer,111.8
16617,2014-10-22,165.8,Consumer,44.7
16618,2014-12-25,204.876,Home Office,70.476
16621,2014-06-23,92.934,Consumer,12.384
16622,2014-12-30,232.4133,Consumer,-107.0667
16624,2014-12-15,365.52,Consumer,58.32
16628,2014-05-07,41.64,Consumer,14.04
16631,2014-08-26,103.425,Corporate,-2.205
16633,2014-09-20,191.976,Corporate,19.1976
16636,2014-09-10,130.104,Consumer,-41.256
16638,2014-01-21,556.632,Corporate,111.312
16645,2014-11-08,84.375,Corporate,5.625
16647,2014-07-19,198.744,Consumer,-14.196
16650,2014-06-26,158.76,Corporate,72.99
16651,2014-04-09,42.66,Home Office,17.46
16652,2014-11-28,169.6188,Home Office,-12.3012
16658,2014-04-21,155.763,Home Office,62.253
16662,2014-09-10,205.8,Home Office,80.16
16664,2014-08-01,72.0,Consumer,12.96
16670,2014-03-17,190.98,Corporate,53.46
16672,2014-05-18,124.836,Corporate,-165.414
16673,2014-11-10,244.8,Consumer,17.1
16679,2014-11-07,396.9,Home Office,178.56
16680,2014-01-24,231.984,Home Office,-7.776
16685,2014-08-18,206.685,Corporate,-152.955
16689,2014-11-10,215.424,Corporate,-32.516
16690,2014-11-02,290.85,Corporate,17.4
16697,2014-10-13,65.3013,Home Office,-8.6787
16698,2014-07-10,150.894,Consumer,41.814
16701,2014-06-18,326.18632,Corporate,64.70632
16703,2014-11-04,167.34,Consumer,-83.7
16706,2014-01-01,106.92,Consumer,26.73
16715,2014-04-11,244.48,Corporate,75.76
16722,2014-05-01,170.73,Home Office,80.19
16726,2014-10-16,270.96,Home Office,13.52
16728,2014-09-23,245.94,Corporate,61.44
16731,2014-10-28,142.56,Consumer,69.84
16733,2014-12-26,270.62,Corporate,2.7062
16736,2014-08-15,186.0,Home Office,-251.1
16737,2014-07-29,240.57,Corporate,58.77
16739,2014-01-09,336.528,Consumer,74.688
16744,2014-04-03,69.04,Home Office,22.76
16745,2014-01-31,64.08,Consumer,2.52
16746,2014-02-18,155.7528,Home Office,34.0728
16748,2014-02-28,170.28,Consumer,23.76
16750,2014-10-06,348.66,Consumer,146.4
16751,2014-09-20,471.92,Consumer,29.495
16752,2014-03-07,57.39,Consumer,3.99
16753,2014-01-16,197.1,Consumer,72.9
16755,2014-10-06,75.792,Home Office,25.5798
16760,2014-09-26,188.84,Corporate,41.52
16762,2014-11-13,97.89,Corporate,-45.03
16763,2014-01-21,161.94,Corporate,72.84
16766,2014-05-30,465.16,Consumer,120.9416
16768,2014-05-19,183.735,Corporate,-12.315
16772,2014-11-24,79.76,Corporate,30.28
16778,2014-12-31,171.99,Corporate,6.84
16779,2014-05-08,156.06,Consumer,-175.59
16783,2014-03-13,62.4,Consumer,25.56
16787,2014-06-06,264.6,Consumer,124.3
16789,2014-09-22,124.32,Consumer,12.42
16790,2014-08-25,78.9828,Consumer,10.4628
16795,2014-12-04,163.56,Home Office,57.24
16798,2014-10-31,78.0,Corporate,3.9
16801,2014-05-08,191.34,Corporate,89.91
16802,2014-06-24,146.52,Consumer,40.95
16809,2014-02-28,217.98,Consumer,74.1
16811,2014-04-07,346.74,Consumer,135.18
16813,2014-01-01,203.31,Corporate,13.41
16817,2014-11-27,79.9,Consumer,31.9
16819,2014-01-14,80.1,Consumer,22.41
16820,2014-08-22,298.7325,Consumer,-28.1475
16823,2014-08-16,48.42,Corporate,-22.32
16825,2014-08-14,163.98,Consumer,0.0
16827,2014-10-02,341.72,Consumer,136.68
16830,2014-03-26,368.97,Corporate,40.5867
16835,2014-06-20,82.89,Consumer,12.42
16836,2014-06-10,155.52,Consumer,23.31
16839,2014-03-05,103.5,Home Office,-77.625
16855,2014-12-12,149.6,Home Office,68.8
16861,2014-11-14,204.63,Corporate,57.27
16866,2014-04-14,169.2,Corporate,25.32
16875,2014-09-17,71.976,Consumer,19.7934
16876,2014-07-06,332.028,Corporate,-348.6294
16878,2014-02-20,213.12,Home Office,106.56
16882,2014-11-26,223.68,Consumer,46.8
16885,2014-03-31,382.32,Corporate,29.7
16892,2014-11-01,182.88,Consumer,60.24
16897,2014-06-18,345.597,Consumer,9.867
16898,2014-11-04,124.86,Consumer,48.69
16900,2014-12-08,99.48,Consumer,23.82
16903,2014-08-31,50.94,Home Office,14.22
16909,2014-05-05,151.83,Home Office,42.42
16910,2014-11-25,229.544,Corporate,83.2097
16911,2014-10-06,221.382,Corporate,2.4598
16912,2014-04-18,295.92,Corporate,32.4
16915,2014-08-11,231.39,Consumer,-189.81
16921,2014-07-10,274.8,Consumer,134.652
16923,2014-05-07,295.65,Consumer,26.58
16924,2014-11-12,224.82,Corporate,29.22
16928,2014-07-09,370.251,Corporate,29.331
16929,2014-11-18,50.94,Consumer,14.2632
16933,2014-07-25,184.14,Corporate,84.6
16934,2014-03-19,116.3,Home Office,18.6
16935,2014-01-31,59.4,Corporate,4.5
16936,2014-02-24,123.24,Corporate,3.69
16940,2014-12-30,217.2,Corporate,25.3
16943,2014-05-23,169.092,Corporate,-81.768
16945,2014-06-18,267.96,Home Office,77.7
16946,2014-10-02,56.88,Consumer,0.54
16951,2014-08-19,85.5,Consumer,34.2
16957,2014-04-30,119.55,Corporate,5.85
16963,2014-08-21,248.52,Corporate,104.28
16971,2014-08-14,84.9,Home Office,12.6
16973,2014-08-20,387.99,Corporate,182.3553
16974,2014-07-22,271.0155,Home Office,-5.1345
16983,2014-11-27,145.5,Consumer,8.73
16985,2014-11-19,242.512,Corporate,-9.108
16989,2014-09-13,63.84,Consumer,8.88
17000,2014-03-20,159.3,Consumer,27.0
17001,2014-11-14,60.864,Corporate,9.1296
17004,2014-09-15,74.352,Corporate,23.235
17005,2014-07-21,63.48,Consumer,30.44
17008,2014-12-24,182.94,Corporate,85.9818
17009,2014-03-28,211.68,Consumer,73.92
17014,2014-01-01,152.19,Corporate,48.69
17018,2014-08-19,218.025,Consumer,-24.225
17019,2014-05-09,72.72,Corporate,5.8
17023,2014-11-14,154.26,Corporate,13.86
17025,2014-07-11,298.464,Home Office,26.1156
17026,2014-05-09,150.6,Consumer,28.5
17028,2014-06-28,191.646,Home Office,31.941
17030,2014-02-20,141.63,Consumer,36.81
17032,2014-06-30,286.32,Corporate,57.24
17035,2014-08-26,117.6,Consumer,-37.4
17037,2014-08-21,80.1,Consumer,22.41
17038,2014-09-03,274.5,Corporate,49.35
17040,2014-05-19,298.56,Corporate,14.88
17045,2014-12-01,126.96,Consumer,50.64
17046,2014-06-23,84.84,Consumer,12.72
17047,2014-06-27,146.6,Consumer,5.84
17048,2014-01-16,285.20844,Corporate,65.12844
17049,2014-11-12,360.0,Consumer,169.2
17053,2014-04-19,170.73,Corporate,-140.01
17057,2014-10-28,191.205,Corporate,-376.065
17058,2014-01-15,118.8,Consumer,53.4
17060,2014-10-08,315.36,Corporate,-89.36
17068,2014-02-13,211.65,Home Office,93.12
17070,2014-11-08,206.26,Corporate,61.86
17071,2014-11-12,297.84,Consumer,0.0
17072,2014-11-11,242.04,Home Office,21.78
17075,2014-05-22,148.68,Consumer,17.82
17076,2014-12-02,444.88,Corporate,4.4
17077,2014-12-19,171.828,Consumer,20.988
17081,2014-06-11,112.49576,Corporate,-66.22424
17082,2014-01-22,377.6,Home Office,3.76
17084,2014-10-09,176.4,Corporate,7.56
17085,2014-11-04,201.816,Consumer,-10.104
17086,2014-04-25,113.568,Corporate,-21.294
17096,2014-05-20,71.94,Consumer,15.78
17097,2014-12-24,119.64,Consumer,59.82
17100,2014-08-29,146.34,Consumer,18.99
17105,2014-07-29,295.8,Consumer,70.92
17106,2014-09-29,182.07,Consumer,40.05
17107,2014-10-09,81.69,Consumer,4.89
17111,2014-12-01,237.72,Consumer,52.29
17112,2014-09-04,90.801,Home Office,14.1246
17113,2014-07-22,225.296,Consumer,22.5296
17119,2014-08-06,125.88,Consumer,60.4224
17120,2014-10-28,71.96,Corporate,7.196
17122,2014-08-02,163.32,Home Office,21.12
17124,2014-03-14,62.34,Home Office,8.7
17128,2014-06-25,286.008,Consumer,63.888
17129,2014-10-27,137.8962,Corporate,18.2562
17131,2014-05-07,68.541,Consumer,-52.5481
17141,2014-02-26,297.96,Home Office,77.46
17144,2014-01-06,286.92,Corporate,65.88
17145,2014-05-14,142.074,Consumer,14.184
17148,2014-11-03,59.92,Corporate,16.7776
17150,2014-01-24,43.344,Home Office,-10.206
17155,2014-11-18,196.65,Consumer,82.5
17169,2014-11-26,120.6,Corporate,-46.32
17172,2014-10-06,162.18,Home Office,22.68
17173,2014-02-07,111.06,Corporate,27.72
17174,2014-03-22,168.8625,Consumer,35.9625
17179,2014-10-29,180.12,Consumer,63.03
17180,2014-06-14,248.82,Consumer,89.55
17187,2014-04-08,126.45,Consumer,6.3
17190,2014-03-19,195.72,Home Office,97.8
17191,2014-07-07,170.04,Consumer,83.31
17195,2014-01-15,312.21,Consumer,62.43
17200,2014-06-06,191.28,Home Office,24.84
17203,2014-06-24,164.724,Consumer,-79.716
17204,2014-05-12,224.289,Consumer,87.219
17208,2014-01-21,207.846,Corporate,2.3094
17213,2014-04-08,150.66,Corporate,54.18
17214,2014-07-16,63.24,Corporate,25.92
17222,2014-01-22,180.0,Consumer,5.4
17224,2014-11-27,436.4,Corporate,-38.2
17230,2014-11-28,107.424,Consumer,36.2556
17231,2014-11-06,109.38,Consumer,27.3
17233,2014-12-19,268.32,Corporate,88.5
17235,2014-11-07,59.94,Home Office,28.1718
17236,2014-01-16,62.592,Consumer,13.3008
17242,2014-02-18,101.97,Consumer,13.59
17245,2014-08-11,97.32,Corporate,17.46
17252,2014-09-08,249.57,Corporate,4.98
17254,2014-11-29,128.25,Home Office,28.17
17260,2014-06-17,134.496,Consumer,-158.064
17263,2014-09-22,109.64,Corporate,0.0
17265,2014-06-25,70.2,Consumer,5.46
17270,2014-08-19,86.592,Home Office,20.472
17271,2014-09-25,311.62,Consumer,34.26
17273,2014-06-13,130.944,Consumer,-153.936
17276,2014-12-25,90.48,Home Office,33.93
17281,2014-07-26,67.86,Corporate,0.0
17283,2014-09-08,411.75,Home Office,156.45
17285,2014-11-20,170.9,Corporate,82.02
17286,2014-07-14,220.59,Consumer,88.02
17287,2014-05-22,155.85,Consumer,35.7
17294,2014-06-11,86.688,Consumer,-80.352
17295,2014-09-05,53.4,Consumer,19.74
17296,2014-10-28,80.04,Corporate,25.56
17297,2014-09-24,280.665,Corporate,106.005
17299,2014-08-18,162.864,Consumer,68.664
17303,2014-08-07,287.78328,Corporate,111.86328
17304,2014-01-16,784.74,Corporate,227.48
17306,2014-03-11,222.36,Corporate,60.0
17309,2014-08-12,178.119,Consumer,-15.861
17311,2014-10-12,257.256,Corporate,39.996
17312,2014-10-18,194.34,Corporate,36.9
17313,2014-11-15,119.94,Consumer,15.992
17315,2014-02-19,95.04,Consumer,23.76
17317,2014-03-04,146.988,Consumer,-7.452
17319,2014-06-21,126.6912,Corporate,-25.9488
17320,2014-09-04,117.288,Consumer,32.238
17322,2014-10-08,307.666,Consumer,-14.4784
17325,2014-03-11,137.16,Consumer,26.01
17326,2014-06-11,132.52,Consumer,54.3332
17331,2014-11-13,74.88,Corporate,0.0
17332,2014-05-27,117.234,Corporate,36.414
17334,2014-04-12,176.22,Corporate,45.81
17335,2014-06-05,60.6,Consumer,13.92
17336,2014-03-27,173.6,Consumer,62.4
17338,2014-11-12,126.27,Consumer,56.79
17341,2014-10-03,726.78,Consumer,319.74
17346,2014-08-13,203.52,Home Office,93.6
17347,2014-03-05,57.645,Corporate,8.295
17348,2014-09-26,488.646,Consumer,86.8704
17350,2014-12-24,171.36,Consumer,-34.3
17354,2014-07-19,599.97,Consumer,69.9965
17355,2014-08-12,71.076,Consumer,-47.994
17361,2014-04-30,398.16,Corporate,111.36
17362,2014-12-05,380.916,Home Office,-800.064
17370,2014-06-19,774.18,Consumer,185.76
17377,2014-02-19,568.32,Consumer,90.84
17379,2014-12-31,260.82,Consumer,12.96
17382,2014-09-18,272.4,Corporate,43.44
17387,2014-10-30,233.7,Consumer,109.8
17388,2014-10-07,100.62,Consumer,38.22
17390,2014-06-05,109.6305,Home Office,4.0005
17391,2014-11-28,158.28,Corporate,72.8088
17395,2014-01-03,372.144,Consumer,27.9108
17397,2014-12-29,40.416,Corporate,-31.344
17400,2014-08-29,197.28,Consumer,19.68
17401,2014-09-26,85.644,Consumer,-0.036
17402,2014-08-26,258.426,Corporate,-11.214
17404,2014-10-10,314.352,Consumer,-15.7176
17405,2014-04-20,148.5,Consumer,19.26
17409,2014-08-12,99.036,Consumer,29.706
17411,2014-07-08,87.21,Consumer,-45.3492
17412,2014-08-11,177.2,Corporate,83.284
17416,2014-10-30,164.46,Home Office,0.0
17417,2014-01-28,91.84,Consumer,34.86
17419,2014-02-11,124.68,Home Office,17.4
17420,2014-06-30,100.08,Consumer,18.0
17422,2014-12-09,62.4,Corporate,8.58
17423,2014-07-22,160.704,Corporate,-16.096
17424,2014-10-28,53.7,Home Office,13.4
17426,2014-06-22,100.5039,Corporate,-3.8661
17427,2014-09-05,47.82,Corporate,12.42
17428,2014-09-23,90.3,Consumer,29.76
17429,2014-02-17,90.48,Consumer,7.92
17434,2014-08-15,55.26,Consumer,-38.7
17447,2014-08-22,191.28,Corporate,53.52
17450,2014-10-02,147.94,Consumer,56.16
17454,2014-10-31,280.7361,Corporate,-15.4539
17459,2014-06-12,49.62,Consumer,-31.48
17460,2014-06-24,95.013,Home Office,34.803
17463,2014-09-26,73.95,Corporate,-59.19
17477,2014-03-02,196.98,Corporate,39.39
17482,2014-05-16,47.844,Consumer,10.584
17484,2014-05-22,149.04,Corporate,65.52
17485,2014-07-17,71.372,Consumer,-1.0196
17489,2014-07-01,156.249,Corporate,24.219
17490,2014-05-26,109.74,Consumer,35.1
17492,2014-11-13,310.0797,Corporate,-44.8803
17497,2014-09-10,258.48,Consumer,-3.231
17498,2014-09-24,211.04,Consumer,97.0784
17500,2014-03-25,52.104,Consumer,-72.996
17504,2014-10-06,91.5,Corporate,42.06
17506,2014-05-10,201.7647,Corporate,58.3047
17508,2014-04-21,51.354,Home Office,9.654
17520,2014-09-05,149.22,Consumer,35.73
17521,2014-12-27,341.94,Corporate,-102.66
17523,2014-11-25,112.509,Consumer,17.469
17524,2014-10-27,61.02,Home Office,0.0
17526,2014-02-14,163.908,Consumer,16.368
17531,2014-05-20,195.64,Consumer,91.9508
17533,2014-11-14,288.3556,Consumer,-25.0844
17534,2014-11-20,59.24,Home Office,5.32
17537,2014-02-05,41.904,Consumer,-20.016
17538,2014-11-07,226.56,Consumer,101.76
17539,2014-11-07,184.8,Home Office,42.45
17541,2014-09-29,99.0522,Home Office,6.9822
17546,2014-03-24,78.288,Corporate,-58.752
17549,2014-11-20,165.8,Consumer,44.7
17550,2014-09-21,212.8,Consumer,95.76
17557,2014-11-21,58.3,Consumer,15.1
17558,2014-11-22,164.0,Corporate,36.0
17559,2014-12-03,99.696,Consumer,-58.224
17560,2014-10-03,246.3,Home Office,39.36
17561,2014-07-01,771.336,Corporate,-424.284
17565,2014-07-30,231.92,Consumer,64.92
17567,2014-12-30,216.0,Consumer,86.4
17568,2014-10-10,125.865,Corporate,40.245
17572,2014-09-15,551.76,Corporate,27.48
17574,2014-06-19,284.37012,Consumer,22.17012
17588,2014-06-27,239.97,Consumer,67.1916
17589,2014-09-09,61.68,Home Office,5.397
17590,2014-09-04,101.58,Consumer,13.2
17591,2014-03-17,246.48,Consumer,76.38
17592,2014-11-12,174.465,Corporate,-69.795
17597,2014-08-15,112.92,Consumer,9.0
17598,2014-11-10,266.688,Consumer,-142.272
17603,2014-02-19,192.84,Corporate,24.96
17609,2014-09-23,257.04,Corporate,95.04
17610,2014-05-31,121.419,Consumer,49.869
17611,2014-07-11,128.7,Home Office,25.74
17619,2014-10-25,285.7,Consumer,97.1
17620,2014-09-04,46.92,Consumer,15.9
17621,2014-04-24,230.256,Corporate,20.436
17622,2014-10-13,130.44,Corporate,30.0
17627,2014-11-20,63.792,Consumer,9.552
17629,2014-07-16,171.42,Consumer,34.26
17630,2014-09-19,143.7,Corporate,68.976
17631,2014-12-19,119.98,Consumer,57.5904
17639,2014-12-11,52.83,Consumer,18.99
17644,2014-12-03,393.84,Consumer,157.44
17645,2014-08-02,600.3,Home Office,102.0
17647,2014-02-16,144.42,Corporate,23.1
17652,2014-05-13,145.557,Corporate,53.307
17654,2014-12-09,182.24,Consumer,21.84
17656,2014-12-18,199.12,Consumer,43.8
17658,2014-06-27,318.96,Consumer,102.06
17659,2014-03-05,61.47,Consumer,10.98
17660,2014-12-04,252.585,Consumer,-11.235
17663,2014-11-04,105.552,Consumer,3.492
17667,2014-03-10,446.658,Consumer,120.858
17670,2014-09-23,198.72,Corporate,93.36
17674,2014-11-04,62.7,Corporate,13.74
17678,2014-08-12,114.192,Consumer,-247.488
17679,2014-12-17,719.88,Home Office,64.68
17680,2014-05-15,204.408,Consumer,-276.012
17681,2014-01-28,107.28,Corporate,-53.64
17683,2014-11-24,82.296,Consumer,16.416
17684,2014-05-30,337.104,Consumer,-8.436
17692,2014-07-02,144.342,Consumer,35.262
17694,2014-07-17,242.352,Consumer,15.147
17699,2014-08-02,215.64,Home Office,49.56
17703,2014-01-21,198.42,Consumer,33.72
17705,2014-05-12,187.54416,Consumer,24.02416
17708,2014-06-18,268.164,Corporate,5.904
17709,2014-06-09,73.53,Consumer,29.34
17710,2014-03-31,98.88,Consumer,37.56
17711,2014-05-29,219.33,Corporate,78.93
17713,2014-09-13,45.36,Corporate,21.7728
17717,2014-12-09,138.3,Corporate,2.76
17718,2014-10-30,115.68,Corporate,32.34
17719,2014-12-06,83.92,Home Office,29.372
17732,2014-12-03,370.737,Corporate,123.507
17734,2014-05-31,212.355,Consumer,63.705
17736,2014-05-22,166.92,Consumer,66.72
17737,2014-12-02,114.96,Consumer,24.0
17738,2014-12-19,43.56,Consumer,15.66
17740,2014-12-26,142.848,Consumer,46.368
17742,2014-09-09,157.95,Home Office,69.48
17747,2014-12-29,131.274,Corporate,45.174
17750,2014-08-13,60.48,Consumer,21.72
17753,2014-06-02,82.5,Consumer,6.6
17755,2014-09-23,58.02,Corporate,13.92
17757,2014-05-05,85.44,Home Office,0.84
17758,2014-09-04,53.136,Corporate,22.986
17760,2014-11-17,139.92,Consumer,23.7864
17761,2014-07-22,231.72,Consumer,11.586
17765,2014-07-28,158.1,Consumer,64.8
17767,2014-10-20,123.256,Corporate,9.2442
17769,2014-12-17,158.9,Home Office,7.945
17773,2014-10-31,164.7,Corporate,11.5
17774,2014-10-27,170.92,Corporate,82.04
17775,2014-08-25,133.2,Consumer,11.85
17776,2014-02-06,78.3,Consumer,20.34
17777,2014-06-03,341.46,Consumer,44.31
17784,2014-02-14,90.64,Consumer,38.9752
17785,2014-11-29,229.2,Corporate,34.38
17790,2014-12-25,67.284,Corporate,-85.806
17791,2014-11-28,166.16,Corporate,59.8176
17798,2014-08-21,117.6,Consumer,47.04
17801,2014-02-20,85.32,Consumer,1.62
17806,2014-10-17,195.72,Consumer,97.8
17807,2014-06-13,65.22,Consumer,24.12
17813,2014-06-03,49.95,Home Office,23.94
17815,2014-04-21,151.2,Consumer,-136.08
17816,2014-10-06,124.32,Consumer,3.72
17817,2014-03-08,61.12,Consumer,7.64
17818,2014-04-18,128.385,Corporate,4.275
17819,2014-12-02,170.91,Home Office,13.5
17822,2014-09-20,104.004,Consumer,13.824
17831,2014-05-08,148.56,Consumer,32.64
17835,2014-03-25,40.608,Consumer,-14.352
17844,2014-07-27,50.7,Corporate,10.14
17847,2014-12-10,195.12,Home Office,25.32
17854,2014-07-11,73.71,Consumer,16.8
17855,2014-05-16,305.532,Consumer,-6.828
17861,2014-12-22,111.72,Consumer,12.24
17864,2014-08-30,123.84,Home Office,49.44
17865,2014-05-30,210.36,Corporate,50.4
17867,2014-12-29,245.16,Consumer,73.44
17872,2014-08-13,103.224,Home Office,-47.016
17873,2014-06-21,142.89,Corporate,14.28
17878,2014-08-20,110.7702,Consumer,4.3902
17880,2014-12-15,110.7,Consumer,12.12
17881,2014-07-30,137.62,Consumer,60.5528
17882,2014-12-09,178.11,Consumer,32.0598
17884,2014-08-09,137.136,Consumer,-0.024
17886,2014-03-20,362.4,Consumer,39.84
17887,2014-07-16,109.8,Home Office,38.4
17888,2014-08-04,124.86,Corporate,48.69
17889,2014-11-18,148.59,Home Office,28.23
17890,2014-09-17,87.06,Consumer,0.84
17891,2014-11-06,110.96,Consumer,53.2608
17892,2014-09-09,99.672,Consumer,-42.408
17893,2014-11-08,140.232,Home Office,-154.328
17896,2014-09-05,48.06,Consumer,1.89
17904,2014-06-02,181.008,Home Office,33.858
17907,2014-09-09,244.48,Consumer,75.76
17908,2014-12-04,40.8,Corporate,0.0
17910,2014-04-02,252.3,Home Office,55.5
17911,2014-12-13,125.4,Consumer,15.0
17914,2014-01-30,169.92,Corporate,27.18
17915,2014-08-04,88.02,Consumer,31.68
17918,2014-02-24,224.01,Consumer,-143.37
17919,2014-05-24,193.32,Consumer,7.68
17920,2014-01-08,306.225,Corporate,-147.015
17923,2014-06-09,96.0,Consumer,-56.0
17924,2014-08-06,161.59616,Corporate,30.43616
17927,2014-08-06,79.78,Consumer,29.5186
17929,2014-05-26,192.0288,Consumer,25.3488
17932,2014-07-06,79.96,Corporate,22.3888
17933,2014-10-28,107.4,Consumer,0.0
17934,2014-08-08,258.75,Corporate,10.35
17937,2014-09-26,80.475,Corporate,-19.425
17939,2014-10-14,475.86,Consumer,114.18
17940,2014-04-09,170.208,Consumer,60.408
17942,2014-06-26,217.4,Consumer,80.4
17952,2014-09-06,111.51,Consumer,24.48
17953,2014-05-05,300.904,Corporate,11.2839
17959,2014-07-02,304.384,Consumer,60.864
17962,2014-05-28,194.67,Home Office,5.19
17972,2014-12-22,375.34,Consumer,18.767
17973,2014-07-01,204.95,Consumer,100.4255
17974,2014-12-19,144.66,Consumer,43.38
17981,2014-06-27,189.58008,Corporate,14.78008
17984,2014-09-26,151.52,Consumer,68.16
17985,2014-04-11,68.6,Consumer,26.72
17990,2014-08-08,247.71,Corporate,116.4
17994,2014-04-28,412.896,Home Office,20.616
17995,2014-11-05,265.26,Consumer,13.26
17997,2014-08-18,186.93,Consumer,29.88
18003,2014-10-27,141.48,Corporate,9.84
18006,2014-06-10,108.925,Home Office,-71.8905
18012,2014-06-23,151.5,Corporate,62.1
18013,2014-06-14,131.76,Consumer,9.2
18016,2014-10-24,151.38,Corporate,52.92
18025,2014-03-17,140.67,Corporate,54.8613
18027,2014-07-28,47.58,Corporate,2.37
18041,2014-02-25,237.6,Consumer,116.4
18042,2014-06-21,91.53,Consumer,0.9
18045,2014-01-15,234.0,Consumer,28.08
18048,2014-10-22,199.9,Consumer,83.94
18051,2014-05-21,57.984,Corporate,-66.696
18054,2014-09-25,566.4,Consumer,96.24
18055,2014-11-17,338.88,Corporate,47.4
18057,2014-06-12,207.9,Corporate,4.14
18058,2014-12-16,139.0914,Corporate,28.3914
18059,2014-03-20,134.64,Corporate,40.32
18062,2014-11-20,291.654,Consumer,38.874
18069,2014-06-11,127.968,Consumer,-175.962
18070,2014-04-30,128.32284,Consumer,22.88284
18072,2014-12-12,130.26,Consumer,31.26
18073,2014-10-09,144.9678,Consumer,12.2178
18074,2014-04-24,122.71,Consumer,36.813
18078,2014-11-27,119.28,Home Office,35.76
18081,2014-03-11,207.36,Home Office,35.25
18085,2014-07-30,60.12,Consumer,22.2444
18087,2014-11-11,209.76,Consumer,85.98
18089,2014-08-28,150.0,Home Office,28.5
18090,2014-04-09,44.388,Home Office,3.918
18092,2014-11-18,98.64,Corporate,-59.2
18097,2014-01-23,93.87,Consumer,7.35
18100,2014-06-15,185.58,Corporate,59.31
18102,2014-12-26,273.06,Consumer,-104.673
18103,2014-08-18,186.48,Consumer,16.59
18106,2014-08-07,160.2,Home Office,7.92
18112,2014-05-26,207.33,Consumer,-29.07
18116,2014-08-19,227.04,Home Office,-249.84
18119,2014-06-24,302.22,Consumer,0.0
18121,2014-12-02,195.52816,Consumer,13.28816
18122,2014-02-03,78.304,Corporate,29.364
18126,2014-06-19,158.912,Consumer,5.952
18127,2014-07-27,129.132,Corporate,10.632
18129,2014-05-26,66.528,Consumer,22.128
18133,2014-09-03,387.09,Corporate,127.71
18135,2014-12-18,185.13,Consumer,-101.97
18137,2014-05-26,287.136,Consumer,-280.224
18140,2014-12-23,273.18,Consumer,76.44
18142,2014-11-10,272.2,Consumer,65.2
18143,2014-12-04,143.475,Consumer,-123.525
18144,2014-06-24,91.26,Home Office,4.98
18145,2014-01-11,117.5625,Consumer,-55.6875
18158,2014-12-29,196.884,Corporate,6.444
18161,2014-04-10,166.83,Corporate,4.98
18164,2014-02-28,204.66,Corporate,-15.99
18165,2014-09-03,126.9,Consumer,7.59
18168,2014-12-19,315.252,Consumer,41.832
18169,2014-12-17,98.7471,Corporate,2.6271
18173,2014-08-22,83.97,Consumer,27.63
18174,2014-12-05,157.77,Home Office,37.8
18176,2014-04-29,433.3098,Corporate,-10.4502
18177,2014-12-02,470.376,Consumer,52.9173
18178,2014-07-19,161.568,Consumer,10.098
18183,2014-03-05,238.272,Home Office,-7.968
18191,2014-02-28,95.904,Consumer,-9.666
18193,2014-09-09,80.28,Home Office,30.42
18194,2014-10-31,378.92064,Home Office,63.72064
18195,2014-03-19,178.32,Corporate,19.56
18199,2014-11-24,1401.84,Consumer,108.9
18200,2014-12-28,164.388,Corporate,-35.6174
18203,2014-03-25,207.846,Corporate,2.3094
18212,2014-08-22,177.952,Consumer,-42.288
18218,2014-10-03,115.74,Consumer,30.06
18221,2014-02-28,287.24436,Corporate,65.60436
18222,2014-09-23,204.96,Consumer,77.88
18225,2014-08-22,175.4703,Consumer,46.5003
18228,2014-08-29,484.596,Consumer,199.116
18233,2014-10-09,58.83,Consumer,6.45
18234,2014-07-03,146.72,Corporate,33.72
18240,2014-05-31,215.872,Corporate,45.872
18251,2014-11-24,138.672,Consumer,13.842
18252,2014-10-08,281.151,Consumer,-95.229
18253,2014-12-10,128.43,Home Office,-20.55
18256,2014-08-08,374.4,Corporate,48.6
18257,2014-08-27,198.64,Consumer,99.28
18264,2014-09-05,216.72,Home Office,75.84
18267,2014-01-10,90.9,Consumer,15.3
18273,2014-04-09,243.33,Home Office,121.65
18275,2014-11-28,102.09,Consumer,-89.85
18276,2014-12-17,97.184,Corporate,6.074
18278,2014-11-22,97.74,Consumer,-8.16
18279,2014-06-18,192.528,Corporate,-275.112
18281,2014-03-19,403.785,Corporate,62.685
18283,2014-12-05,182.37,Corporate,52.86
18287,2014-01-15,203.52,Home Office,93.6
18297,2014-11-18,225.828,Corporate,-5.022
18304,2014-12-15,174.06,Corporate,50.4
18307,2014-08-01,148.512,Consumer,16.872
18313,2014-05-09,111.84,Consumer,3.24
18314,2014-11-18,224.82,Consumer,6.72
18315,2014-12-30,154.953,Consumer,58.473
18316,2014-10-22,262.11,Home Office,62.9064
18318,2014-01-08,318.03,Corporate,73.14
18324,2014-08-13,86.4,Home Office,22.08
18327,2014-11-28,87.9504,Home Office,-7.3296
18336,2014-02-18,89.0664,Home Office,-17.0274
18337,2014-01-30,94.85,Consumer,45.528
18338,2014-01-09,432.16,Consumer,108.0
18341,2014-10-04,135.72,Home Office,31.2
18342,2014-06-30,312.552,Consumer,101.5794
18345,2014-09-26,169.3,Consumer,3.3
18350,2014-08-14,272.048,Consumer,30.6054
18354,2014-02-12,220.482,Corporate,-14.778
18357,2014-02-27,95.16,Corporate,9.48
18360,2014-05-05,70.65,Consumer,16.2
18364,2014-08-25,99.09,Consumer,-9.93
18365,2014-07-09,198.46,Consumer,99.23
18370,2014-07-10,144.42,Home Office,23.1
18371,2014-05-19,226.6,Home Office,18.1
18373,2014-09-05,57.12,Consumer,0.48
18386,2014-03-11,152.1,Corporate,42.54
18394,2014-03-06,77.56,Corporate,3.08
18397,2014-07-07,449.3475,Consumer,-53.9325
18404,2014-10-15,60.9,Consumer,30.42
18406,2014-04-21,54.54,Home Office,-27.36
18408,2014-10-31,93.3,Home Office,44.7
18409,2014-06-24,252.585,Consumer,-11.235
18410,2014-08-26,104.22,Home Office,-12.18
18418,2014-01-15,81.27,Consumer,40.62
18423,2014-07-01,153.36,Corporate,65.88
18424,2014-06-23,190.08,Corporate,60.72
18427,2014-08-04,194.4,Consumer,83.52
18428,2014-08-26,126.18,Corporate,63.09
18431,2014-03-17,155.8989,Corporate,1.8189
18434,2014-09-03,78.4188,Home Office,-35.5212
18436,2014-12-26,269.28,Consumer,-40.44
18443,2014-11-14,360.96,Consumer,61.32
18444,2014-12-01,303.66,Consumer,75.9
18452,2014-04-01,64.12,Corporate,30.7776
18453,2014-06-12,176.22,Consumer,45.81
18458,2014-06-05,83.592,Home Office,3.672
18464,2014-03-31,43.2,Consumer,0.96
18466,2014-05-29,106.869,Corporate,-29.0073
18469,2014-08-05,62.46,Consumer,25.56
18474,2014-06-23,61.47,Consumer,24.57
18475,2014-12-30,129.033,Consumer,17.193
18477,2014-09-08,111.738,Consumer,-30.582
18483,2014-02-07,204.57,Home Office,-118.71
18485,2014-06-10,213.975,Corporate,7.125
18488,2014-06-07,109.8054,Corporate,-53.8746
18489,2014-11-18,145.216,Home Office,39.856
18502,2014-06-18,245.04,Corporate,9.78
18507,2014-10-17,56.64,Home Office,20.88
18510,2014-06-05,362.733,Home Office,-119.187
18512,2014-10-28,184.92,Consumer,24.03
18519,2014-12-25,230.1033,Corporate,44.0433
18520,2014-10-29,59.004,Corporate,-7.536
18523,2014-09-19,107.82,Consumer,24.78
18524,2014-10-22,86.19,Corporate,17.22
18525,2014-03-11,126.72,Home Office,28.42
18526,2014-03-19,263.676,Corporate,57.756
18527,2014-09-23,125.79,Home Office,57.75
18530,2014-12-30,288.54,Consumer,17.28
18534,2014-04-10,139.032,Corporate,-32.448
18538,2014-12-22,163.4436,Consumer,57.0036
18542,2014-07-02,260.64,Consumer,44.28
18544,2014-09-11,149.46,Consumer,26.88
18548,2014-12-06,133.35,Consumer,5.25
18549,2014-03-19,62.34,Consumer,8.7
18552,2014-12-01,68.472,Home Office,23.1093
18555,2014-11-22,285.89184,Consumer,-43.98816
18556,2014-06-27,184.86,Corporate,51.66
18563,2014-08-02,53.784,Consumer,-0.936
18570,2014-04-28,215.46,Consumer,-71.84
18573,2014-10-13,340.41,Consumer,20.37
18576,2014-01-31,120.784,Home Office,-13.5882
18577,2014-12-10,189.0,Home Office,68.04
18579,2014-05-21,92.544,Home Office,-53.256
18580,2014-06-09,268.2,Corporate,67.05
18582,2014-06-13,88.92,Consumer,39.96
18583,2014-12-16,122.031,Home Office,-20.979
18585,2014-07-28,93.51,Consumer,2.79
18588,2014-12-15,41.28,Consumer,18.12
18589,2014-11-28,151.92,Consumer,65.28
18591,2014-11-20,74.7747,Home Office,16.1847
18593,2014-02-18,438.336,Home Office,-87.6672
18594,2014-05-05,65.88,Corporate,23.04
18603,2014-03-14,33.0,Home Office,13.5
18608,2014-09-10,145.86,Consumer,11.64
18611,2014-01-23,79.74,Home Office,26.31
18615,2014-05-13,127.92,Corporate,-15.99
18620,2014-10-22,134.61,Corporate,39.03
18621,2014-11-07,117.6,Corporate,37.59
18628,2014-07-26,167.496,Corporate,-5.684
18630,2014-08-30,105.24,Consumer,19.98
18631,2014-11-24,176.4,Consumer,36.9
18633,2014-03-22,346.32,Home Office,13.77
18638,2014-08-13,249.18,Consumer,72.24
18639,2014-03-06,231.12,Home Office,39.24
18640,2014-01-10,148.23,Consumer,-39.57
18641,2014-08-13,233.28,Corporate,67.44
18648,2014-10-20,209.763,Consumer,61.683
18649,2014-05-29,158.1,Consumer,-28.5
18652,2014-02-10,252.784,Consumer,-417.0936
18653,2014-07-10,257.98,Consumer,74.8142
18657,2014-09-05,97.32,Consumer,17.46
18660,2014-08-18,158.58,Consumer,20.58
18661,2014-11-07,169.296,Corporate,-27.534
18662,2014-04-21,147.663,Consumer,-0.027
18664,2014-09-20,47.96,Home Office,15.8
18668,2014-06-24,164.754,Consumer,52.974
18669,2014-10-03,217.764,Consumer,-384.7164
18673,2014-06-09,58.68,Consumer,-3.92
18677,2014-07-13,187.572,Consumer,-192.948
18679,2014-12-04,432.6615,Consumer,-394.2585
18682,2014-10-21,77.46,Corporate,3.09
18683,2014-05-04,80.55,Consumer,33.0
18687,2014-03-21,190.89,Home Office,59.37
18688,2014-03-11,90.3,Corporate,38.82
18689,2014-07-24,159.75,Consumer,11.1825
18690,2014-09-04,44.037,Consumer,-86.613
18691,2014-08-08,65.24,Corporate,22.16
18695,2014-03-14,68.6,Home Office,26.72
18699,2014-11-18,218.16,Consumer,104.64
18700,2014-06-02,155.7744,Corporate,18.7344
18703,2014-09-22,115.5,Corporate,49.62
18708,2014-04-17,206.76,Consumer,28.92
18709,2014-06-10,159.354,Corporate,-10.626
18710,2014-03-11,139.59,Consumer,69.75
18713,2014-05-07,180.6,Consumer,59.52
18715,2014-05-30,184.167,Home Office,36.807
18718,2014-12-10,146.45,Consumer,48.3285
18720,2014-01-29,73.926,Corporate,-51.894
18721,2014-05-16,142.89,Consumer,14.28
18728,2014-02-11,102.72,Corporate,19.5
18730,2014-10-16,218.736,Corporate,71.036
18731,2014-03-17,250.44,Consumer,75.12
18735,2014-08-07,196.92,Consumer,90.48
18739,2014-11-20,272.28,Consumer,40.8
18741,2014-12-29,172.788,Consumer,-57.652
18742,2014-09-12,55.92,Consumer,3.34
18744,2014-10-08,154.764,Home Office,-36.1116
18752,2014-10-10,449.9154,Consumer,203.1354
18757,2014-07-10,119.04,Consumer,48.8064
18760,2014-12-27,200.16,Corporate,36.0
18761,2014-12-29,112.158,Corporate,7.458
18762,2014-08-16,113.4,Corporate,35.1
18763,2014-08-18,98.16,Home Office,9.816
18764,2014-08-30,148.02,Corporate,41.4456
18773,2014-07-30,355.0,Consumer,170.4
18776,2014-11-15,127.008,Consumer,40.878
18779,2014-12-01,305.91,Consumer,47.55
18782,2014-03-13,126.0,Corporate,13.68
18786,2014-09-04,245.43,Consumer,41.58
18790,2014-10-24,71.28,Corporate,17.82
18793,2014-12-30,67.74,Consumer,-62.34
18796,2014-08-28,120.576,Consumer,33.1584
18801,2014-05-26,50.4,Consumer,3.0
18803,2014-08-20,73.02,Corporate,14.58
18805,2014-02-25,94.35,Corporate,23.55
18809,2014-03-04,272.88,Consumer,8.1
18810,2014-09-04,199.71,Consumer,13.26
18811,2014-12-29,161.0034,Consumer,32.9634
18812,2014-05-22,184.536,Corporate,-134.304
18814,2014-09-10,141.372,Corporate,-48.4704
18815,2014-03-18,197.94,Consumer,96.99
18817,2014-07-14,106.4,Corporate,47.88
18819,2014-12-25,42.48,Corporate,-3.42
18820,2014-09-26,152.712,Home Office,-13.608
18823,2014-04-18,114.372,Corporate,-133.548
18824,2014-11-12,146.52,Consumer,71.76
18825,2014-12-16,196.884,Corporate,-0.036
18826,2014-05-19,114.95,Home Office,2.299
18827,2014-12-11,87.92,Consumer,15.386
18829,2014-09-19,137.34,Home Office,0.0
18830,2014-01-13,47.64,Consumer,23.34
18831,2014-02-26,189.69,Home Office,37.92
18833,2014-10-17,203.20272,Consumer,45.32272
18835,2014-12-12,102.546,Corporate,12.366
18837,2014-03-27,136.08,Home Office,54.27
18838,2014-10-24,201.648,Consumer,55.428
18839,2014-07-25,166.0,Consumer,23.2
18841,2014-09-27,44.7,Home Office,-27.72
18844,2014-06-19,136.728,Corporate,-41.022
18846,2014-09-18,147.663,Consumer,24.543
18853,2014-12-24,220.2,Consumer,17.58
18857,2014-01-14,130.95,Corporate,40.59
18858,2014-11-25,167.96,Consumer,78.9412
18859,2014-07-21,183.92,Corporate,31.2664
18860,2014-06-16,188.4,Corporate,54.6
18863,2014-08-12,217.89,Home Office,77.43
18864,2014-12-16,157.86,Home Office,29.97
18866,2014-08-19,200.064,Consumer,12.504
18870,2014-08-25,258.96,Corporate,121.71
18876,2014-01-29,212.16,Corporate,80.52
18879,2014-03-11,192.807,Consumer,-205.683
18884,2014-01-13,63.9,Home Office,23.64
18886,2014-03-21,199.44,Home Office,0.0
18888,2014-08-12,277.56,Consumer,61.56
18889,2014-08-30,47.36,Corporate,17.76
18890,2014-04-05,119.02,Home Office,33.3256
18894,2014-05-19,297.36,Corporate,-119.07
18898,2014-05-23,81.672,Corporate,-110.268
18899,2014-10-22,185.28,Consumer,27.72
18900,2014-02-09,127.89,Corporate,15.33
18907,2014-10-10,45.888,Corporate,9.1776
18909,2014-03-28,110.96,Home Office,53.2608
18911,2014-09-01,134.91,Corporate,6.72
18912,2014-08-29,255.78,Consumer,30.66
18914,2014-04-16,301.77,Home Office,9.03
18916,2014-12-15,155.34,Consumer,4.59
18918,2014-08-29,73.44,Corporate,-25.02
18920,2014-06-30,143.4,Corporate,2.85
18921,2014-09-26,99.3012,Consumer,16.7412
18923,2014-10-03,80.64,Corporate,38.7
18926,2014-05-12,168.3,Consumer,-10.17
18927,2014-05-30,204.39,Home Office,96.03
18930,2014-01-02,310.744,Consumer,-26.6352
18931,2014-03-17,44.376,Consumer,-7.396
18932,2014-06-03,139.08,Consumer,54.24
18933,2014-06-02,48.93,Home Office,4.38
18937,2014-03-13,52.86,Consumer,11.58
18939,2014-12-31,173.76,Consumer,-117.36
18945,2014-01-21,138.6,Consumer,30.42
18946,2014-07-22,189.42,Corporate,52.92
18948,2014-04-24,54.9,Consumer,15.372
18953,2014-02-06,146.1,Consumer,18.9
18954,2014-04-21,143.856,Consumer,-6.504
18955,2014-08-14,256.74,Home Office,110.34
18957,2014-09-02,116.397,Consumer,24.327
18962,2014-02-26,146.6,Consumer,58.6
18967,2014-03-05,148.878,Consumer,14.868
18969,2014-11-19,199.584,Home Office,11.064
18972,2014-12-28,116.04,Home Office,26.64
18978,2014-12-29,98.04,Consumer,39.12
18981,2014-11-12,153.657,Home Office,63.117
18984,2014-09-25,199.8,Consumer,71.928
18985,2014-09-13,175.92,Consumer,82.68
18986,2014-05-19,83.6,Consumer,25.04
18989,2014-12-23,84.99,Consumer,30.5964
18991,2014-08-01,155.88,Corporate,54.558
18993,2014-11-11,241.424,Home Office,-36.2136
18998,2014-06-20,122.328,Corporate,1.5291
19005,2014-05-29,149.58,Consumer,14.94
19007,2014-07-29,155.052,Consumer,-228.708
19008,2014-03-21,188.88,Home Office,-377.84
19010,2014-10-30,42.66,Consumer,-4.74
19018,2014-09-04,149.184,Consumer,31.584
19027,2014-06-11,200.88,Home Office,32.04
19029,2014-11-07,277.65,Corporate,38.85
19031,2014-11-20,101.64,Home Office,29.4
19037,2014-10-31,86.895,Corporate,-33.075
19039,2014-04-07,122.97,Home Office,30.72
19041,2014-08-19,194.4,Consumer,83.52
19050,2014-07-08,242.56,Corporate,12.0
19053,2014-08-04,139.68,Consumer,44.64
19057,2014-08-22,154.35,Consumer,38.52
19058,2014-12-31,293.6208,Corporate,88.4208
19065,2014-09-17,47.984,Consumer,14.3952
19066,2014-04-18,274.89,Consumer,46.7313
19067,2014-08-13,299.99,Consumer,89.997
19069,2014-09-24,145.17,Home Office,0.0
19071,2014-11-20,47.04,Corporate,0.9
19072,2014-10-02,135.72,Home Office,55.56
19074,2014-08-25,219.78,Consumer,9.63
19075,2014-11-06,128.124,Consumer,24.2012
19077,2014-09-11,248.64,Home Office,19.8
19078,2014-06-23,113.64,Corporate,17.04
19084,2014-03-21,100.92,Corporate,45.36
19085,2014-06-18,118.0629,Corporate,-12.9771
19087,2014-02-05,1715.91,Corporate,840.63
19088,2014-06-02,158.376,Consumer,-34.3148
19091,2014-09-18,266.736,Consumer,56.676
19092,2014-11-12,119.9,Corporate,38.3
19097,2014-06-25,182.994,Corporate,-320.2395
19102,2014-11-08,359.97,Consumer,-71.994
19104,2014-10-02,97.02,Corporate,35.88
19106,2014-05-27,83.754,Consumer,13.914
19111,2014-02-28,163.5,Corporate,31.02
19112,2014-12-29,198.09,Consumer,29.7
19121,2014-10-22,154.2,Home Office,66.24
19122,2014-10-07,227.84,Home Office,66.0736
19124,2014-08-25,149.436,Corporate,-39.864
19125,2014-06-13,169.74,Home Office,79.74
19127,2014-10-14,99.54,Consumer,33.84
19128,2014-10-06,172.86,Consumer,57.03
19136,2014-09-28,73.08,Consumer,29.16
19137,2014-04-04,96.6,Consumer,10.62
19138,2014-12-19,119.833,Consumer,-12.6882
19141,2014-12-30,173.52,Consumer,29.34
19143,2014-11-17,289.17,Corporate,144.45
19147,2014-04-23,55.584,Home Office,-81.576
19148,2014-07-05,585.456,Consumer,-0.024
19151,2014-03-15,245.484,Corporate,29.964
19161,2014-06-18,138.768,Corporate,-92.512
19167,2014-12-14,201.04,Consumer,54.2808
19168,2014-01-18,265.65,Consumer,2.64
19169,2014-06-11,122.25,Consumer,24.45
19170,2014-01-07,170.34,Corporate,10.2
19174,2014-03-18,178.776,Corporate,-345.744
19176,2014-02-16,216.72,Consumer,43.2
19180,2014-03-27,94.98,Home Office,8.52
19181,2014-12-10,88.26,Corporate,44.1
19182,2014-08-19,75.24,Home Office,9.0
19184,2014-12-19,211.65,Corporate,93.12
19185,2014-06-26,120.933,Corporate,44.253
19188,2014-10-03,157.0,Home Office,18.8
19189,2014-09-09,42.96,Consumer,8.52
19192,2014-08-20,130.221,Consumer,-14.859
19193,2014-06-01,148.68,Corporate,-3.0
19195,2014-05-16,102.8,Corporate,26.72
19198,2014-06-11,129.843,Consumer,-8.667
19202,2014-09-25,184.59,Consumer,75.6
19208,2014-01-22,145.53,Corporate,20.34
19209,2014-02-24,162.54,Corporate,81.18
19210,2014-04-22,86.562,Corporate,26.922
19212,2014-02-04,232.848,Consumer,-97.032
19215,2014-11-06,206.664,Consumer,-79.256
19228,2014-06-20,103.12,Corporate,10.312
19232,2014-11-25,66.4976,Consumer,-3.5624
19234,2014-07-10,100.26,Consumer,25.02
19236,2014-06-24,41.2596,Corporate,9.5796
19241,2014-08-20,102.72,Consumer,37.236
19242,2014-11-18,166.89,Consumer,25.02
19243,2014-12-26,80.736,Consumer,-117.144
19247,2014-05-30,290.7,Corporate,93.0
19249,2014-10-21,43.936,Consumer,6.0412
19253,2014-05-12,107.4,Consumer,0.0
19256,2014-01-22,63.2025,Consumer,-34.6275
19257,2014-12-17,56.52,Consumer,23.7
19258,2014-09-30,243.92,Consumer,-54.882
19259,2014-09-15,35.24,Consumer,13.72
19263,2014-01-30,73.89,Corporate,7.38
19264,2014-09-12,79.96,Consumer,-17.991
19266,2014-08-13,244.74,Consumer,70.92
19269,2014-10-22,227.328,Consumer,56.808
19271,2014-12-08,80.9205,Consumer,-0.0795
19274,2014-09-16,99.3,Consumer,41.706
19286,2014-10-22,161.568,Home Office,16.1568
19287,2014-06-18,146.352,Consumer,-32.9292
19293,2014-06-22,221.535,Home Office,73.785
19301,2014-04-03,112.92,Corporate,28.2
19302,2014-02-28,171.45,Corporate,-5.85
19304,2014-04-26,137.4,Consumer,49.44
19305,2014-08-08,188.532,Corporate,-433.668
19306,2014-12-22,70.32,Consumer,28.8
19308,2014-12-12,143.046,Corporate,3.006
19319,2014-08-28,78.12,Consumer,26.55
19322,2014-12-22,58.98,Consumer,12.96
19325,2014-04-05,383.84,Consumer,47.98
19330,2014-12-17,101.9445,Corporate,16.7445
19333,2014-08-09,145.05,Corporate,26.1
19335,2014-08-20,67.98,Home Office,6.09
19343,2014-10-16,173.61,Corporate,22.5
19344,2014-04-13,39.96,Consumer,17.982
19348,2014-10-18,144.42,Corporate,23.1
19350,2014-11-05,215.856,Corporate,59.316
19351,2014-09-13,114.28,Consumer,38.84
19358,2014-01-01,99.48,Corporate,23.82
19370,2014-11-27,145.5,Corporate,8.73
19371,2014-04-09,63.66,Corporate,17.82
19373,2014-06-26,216.04,Corporate,21.6
19381,2014-11-10,128.37,Consumer,55.17
19382,2014-10-25,171.16,Consumer,0.0
19383,2014-08-05,191.6,Home Office,13.36
19385,2014-03-01,278.64,Corporate,55.62
19386,2014-05-01,129.762,Home Office,4.302
19389,2014-09-13,111.06,Corporate,15.54
19392,2014-04-22,708.96,Home Office,92.12
19393,2014-12-27,179.5878,Consumer,-19.9722
19395,2014-10-29,209.655,Consumer,34.905
19398,2014-06-18,302.04,Corporate,-151.08
19401,2014-06-18,130.455,Corporate,-73.125
19402,2014-11-18,295.326,Corporate,-0.054
19408,2014-06-18,226.08,Home Office,18.0
19412,2014-12-13,177.792,Corporate,-94.848
19415,2014-04-16,41.472,Corporate,-46.668
19420,2014-09-04,351.864,Corporate,46.824
19421,2014-01-19,194.04,Corporate,34.92
19424,2014-08-30,48.84,Consumer,0.0
19427,2014-02-26,145.35,Consumer,0.0
19429,2014-09-17,85.464,Consumer,2.844
19431,2014-03-01,185.64,Home Office,90.96
19433,2014-08-08,119.448,Consumer,-13.4379
19434,2014-12-03,381.96,Consumer,42.0
19437,2014-11-21,50.22,Corporate,21.09
19439,2014-04-25,129.87,Consumer,61.02
19440,2014-10-22,205.08,Consumer,36.84
19445,2014-10-31,42.6,Consumer,10.56
19446,2014-11-20,358.668,Consumer,-24.012
19447,2014-12-08,94.98,Consumer,9.48
19448,2014-06-09,90.6,Corporate,18.0
19460,2014-11-21,103.95,Consumer,24.93
19467,2014-03-04,76.56,Home Office,4.56
19468,2014-12-10,205.44,Consumer,39.0
19469,2014-01-29,215.73,Corporate,4.05
19474,2014-12-16,124.26,Consumer,6.18
19483,2014-04-26,107.97,Consumer,22.6737
19484,2014-11-03,54.336,Corporate,5.4336
19485,2014-08-02,87.84,Home Office,32.46
19486,2014-09-02,171.0,Corporate,17.1
19487,2014-08-14,136.485,Corporate,37.845
19496,2014-03-14,216.432,Consumer,-37.908
19497,2014-12-26,98.82,Corporate,11.61
19506,2014-09-09,85.2,Corporate,20.235
19508,2014-06-04,136.26,Home Office,5.4504
19517,2014-08-03,740.6685,Corporate,68.3685
19525,2014-08-23,46.2,Consumer,14.25
19527,2014-07-03,147.75,Consumer,0.0
19528,2014-09-03,110.7,Consumer,17.7
19533,2014-12-09,140.784,Consumer,28.014
19537,2014-04-16,40.56,Corporate,-33.48
19538,2014-11-06,156.24,Home Office,50.74
19546,2014-02-03,239.984,Corporate,38.9974
19552,2014-09-06,42.768,Corporate,-27.812
19555,2014-09-11,148.41,Corporate,23.67
19557,2014-06-04,202.716,Corporate,-13.554
19559,2014-04-29,80.109,Consumer,15.939
19560,2014-03-20,102.114,Corporate,16.974
19564,2014-10-29,248.856,Corporate,-74.664
19568,2014-03-14,214.95,Home Office,88.1295
19569,2014-02-07,79.2,Corporate,39.6
19573,2014-09-04,102.54,Corporate,18.42
19576,2014-02-26,231.92,Consumer,5.798
19578,2014-09-24,251.93512,Home Office,65.11512
19579,2014-10-30,164.724,Consumer,-79.716
19589,2014-11-21,96.78,Consumer,44.46
19594,2014-03-06,200.52,Home Office,42.0
19597,2014-07-04,56.46,Corporate,4.5
19598,2014-05-26,127.8,Home Office,47.28
19599,2014-01-06,155.7,Home Office,34.2
19600,2014-05-12,157.59,Home Office,28.35
19601,2014-01-24,181.134,Home Office,-117.756
19611,2014-11-18,84.978,Home Office,-124.662
19612,2014-06-16,187.56,Home Office,7.48
19613,2014-09-17,464.52,Corporate,-100.66
19616,2014-09-11,69.648,Corporate,20.868
19619,2014-08-26,133.245,Consumer,45.795
19624,2014-03-09,171.2,Consumer,64.2
19627,2014-11-10,195.84,Consumer,70.44
19628,2014-07-07,165.24,Corporate,-239.61
19637,2014-11-24,220.464,Consumer,-19.296
19643,2014-05-20,35.94,Consumer,14.7
19645,2014-07-11,43.2,Consumer,1.2
19650,2014-06-16,96.84,Consumer,-60.12
19651,2014-06-05,118.2,Consumer,48.36
19652,2014-04-29,86.265,Consumer,13.365
19654,2014-11-28,117.488,Consumer,41.1208
19656,2014-07-22,41.202,Consumer,-96.138
19659,2014-11-05,84.672,Corporate,7.512
19661,2014-12-02,115.5006,Consumer,-34.9794
19662,2014-11-27,220.752,Consumer,-40.4712
19664,2014-12-10,148.32,Consumer,66.72
19665,2014-03-06,84.18,Corporate,-53.32
19673,2014-10-10,95.64,Consumer,14.34
19674,2014-10-01,277.7166,Consumer,52.8966
19676,2014-07-02,89.248,Corporate,6.688
19680,2014-02-21,124.011,Consumer,4.131
19682,2014-05-28,120.45,Consumer,22.8
19683,2014-07-24,243.495,Home Office,-141.435
19689,2014-12-15,58.68,Consumer,15.84
19690,2014-03-19,152.1,Consumer,41.04
19694,2014-08-26,65.16,Consumer,-52.2
19696,2014-08-04,123.96,Consumer,11.1564
19699,2014-05-21,263.376,Home Office,-17.664
19705,2014-11-27,86.4,Home Office,4.32
19706,2014-10-13,178.56,Consumer,10.68
19711,2014-06-02,194.4,Consumer,83.52
19712,2014-08-22,118.5,Corporate,42.6
19714,2014-06-21,149.95,Consumer,14.995
19715,2014-02-11,203.983,Home Office,16.7986
19716,2014-10-10,67.144,Consumer,5.8751
19719,2014-02-06,81.0,Consumer,17.82
19720,2014-04-01,63.504,Consumer,-146.136
19729,2014-10-13,217.728,Consumer,31.428
19730,2014-12-23,131.868,Home Office,2.898
19731,2014-08-25,241.299,Consumer,2.619
19732,2014-10-29,90.45,Consumer,40.5
19738,2014-10-22,141.12,Corporate,40.86
19741,2014-12-12,146.88,Consumer,44.04
19743,2014-06-05,90.0,Consumer,32.4
19748,2014-07-10,198.4797,Corporate,46.1997
19749,2014-09-11,170.586,Corporate,64.386
19751,2014-04-28,183.24,Corporate,18.18
19752,2014-12-31,155.392,Corporate,40.752
19759,2014-12-25,285.48,Corporate,128.46
19760,2014-11-14,96.714,Consumer,-45.216
19764,2014-09-06,179.352,Home Office,-5.988
19766,2014-12-27,248.08284,Consumer,108.82284
19768,2014-09-17,253.56,Home Office,91.2
19769,2014-05-01,194.64,Home Office,9.72
19770,2014-05-31,150.084,Consumer,-62.856
19771,2014-09-18,164.88,Corporate,80.7912
19773,2014-05-21,278.28,Consumer,27.72
19777,2014-06-30,63.2502,Home Office,-28.8198
19779,2014-09-16,108.96,Consumer,30.5088
19782,2014-03-28,290.73,Home Office,119.13
19783,2014-08-27,155.43,Consumer,55.89
19793,2014-04-22,67.92,Consumer,14.94
19794,2014-06-10,61.95,Corporate,7.35
19795,2014-11-21,150.12,Consumer,-66.06
19798,2014-05-02,153.738,Consumer,-13.842
19811,2014-10-02,156.87,Consumer,39.15
19814,2014-11-18,347.88,Consumer,97.38
19818,2014-10-13,340.08,Consumer,33.96
19822,2014-11-26,306.78,Corporate,82.83
19824,2014-03-10,40.28,Home Office,0.8
19825,2014-08-04,155.34,Home Office,57.42
19826,2014-08-25,63.3456,Consumer,16.7856
19830,2014-05-07,318.03,Consumer,73.14
19836,2014-09-26,210.24,Corporate,10.44
19838,2014-12-27,160.32,Corporate,24.0
19839,2014-03-20,253.32,Consumer,108.9
19840,2014-05-20,100.8,Corporate,-42.84
19841,2014-05-23,37.5,Home Office,16.08
19843,2014-06-25,315.936,Home Office,78.876
19848,2014-03-14,152.604,Consumer,40.644
19850,2014-10-04,171.288,Corporate,-6.4233
19852,2014-09-01,193.95,Consumer,9.6975
19859,2014-12-02,166.74,Home Office,43.26
19860,2014-04-25,62.64,Consumer,1.2
19864,2014-08-20,3410.82,Consumer,136.26
19867,2014-09-25,165.92,Consumer,11.6
19869,2014-10-23,81.96,Corporate,32.76
19870,2014-12-24,79.11,Corporate,21.33
19876,2014-08-28,198.46,Corporate,99.23
19881,2014-08-11,107.4,Corporate,8.58
19883,2014-10-02,434.91,Corporate,182.49
19884,2014-03-15,147.258,Consumer,62.118
19886,2014-09-19,193.68,Corporate,96.84
19889,2014-08-27,170.73,Corporate,44.37
19892,2014-04-04,194.52,Corporate,23.28
19893,2014-06-30,63.504,Consumer,1.044
19894,2014-12-16,164.016,Consumer,-95.724
19895,2014-12-23,220.98,Corporate,50.8254
19906,2014-10-24,111.84,Consumer,41.28
19909,2014-04-09,273.96,Corporate,71.2296
19911,2014-10-23,60.42,Corporate,9.66
19912,2014-11-20,162.12,Consumer,77.7
19917,2014-12-29,56.652,Corporate,-48.168
19919,2014-01-04,116.04,Home Office,27.84
19924,2014-03-25,221.7,Home Office,64.2
19925,2014-09-12,94.08,Corporate,27.24
19927,2014-12-15,167.58,Consumer,18.36
19931,2014-08-28,63.84,Home Office,16.5984
19935,2014-10-22,168.03,Corporate,38.64
19937,2014-09-01,252.16,Home Office,90.72
19938,2014-05-02,64.638,Consumer,-107.742
19941,2014-10-29,177.525,Consumer,41.325
19943,2014-08-18,267.96,Home Office,48.12
19945,2014-04-18,90.48,Home Office,7.92
19948,2014-02-10,152.28,Corporate,50.22
19952,2014-07-15,182.625,Consumer,-65.775
19961,2014-11-27,207.12,Consumer,76.56
19964,2014-10-04,94.122,Home Office,36.282
19972,2014-03-19,82.524,Consumer,-41.262
19974,2014-11-19,93.636,Corporate,1.476
19976,2014-05-30,155.34,Home Office,17.01
19982,2014-06-24,256.16664,Consumer,86.72664
19983,2014-03-18,113.82,Consumer,53.46
19984,2014-07-10,61.56,Consumer,20.88
19985,2014-11-18,79.68,Corporate,23.04
19986,2014-03-07,127.413,Home Office,38.223
19991,2014-05-19,84.3,Consumer,20.22
19999,2014-11-16,41.94,Consumer,7.92
20002,2014-06-18,56.64,Corporate,-60.9
20003,2014-06-04,58.04,Consumer,-23.26
20005,2014-09-01,122.325,Consumer,-0.075
20006,2014-08-15,146.9052,Consumer,-40.2948
20008,2014-09-26,307.557,Consumer,-34.173
20010,2014-02-19,137.772,Home Office,-27.588
20016,2014-06-24,68.04,Consumer,16.92
20019,2014-04-13,156.006,Corporate,20.736
20020,2014-09-04,166.05,Corporate,26.55
20024,2014-10-13,62.4,Consumer,3.12
20032,2014-11-19,95.94,Consumer,9.594
20036,2014-11-04,61.04,Consumer,10.64
20037,2014-08-26,161.514,Corporate,19.674
20039,2014-12-19,212.1,Corporate,97.44
20042,2014-06-14,181.86,Consumer,50.9208
20043,2014-09-04,83.46,Corporate,40.05
20048,2014-03-04,127.9,Corporate,47.3
20055,2014-08-24,161.376,Consumer,12.1032
20061,2014-08-11,122.22,Home Office,49.98
20062,2014-11-26,374.058,Home Office,141.258
20067,2014-12-05,272.544,Consumer,-54.576
20073,2014-05-02,310.5,Consumer,49.68
20075,2014-05-02,88.128,Consumer,-7.872
20076,2014-04-02,94.2,Consumer,23.55
20077,2014-05-20,133.12,Consumer,49.92
20078,2014-12-26,120.0,Consumer,-7.2
20079,2014-04-08,85.104,Consumer,-73.836
20081,2014-10-16,282.24,Corporate,2.72
20083,2014-02-11,126.684,Corporate,14.004
20084,2014-11-24,27.5706,Consumer,-2.1294
20085,2014-12-18,166.72,Consumer,41.68
20087,2014-11-20,137.07,Consumer,21.87
20089,2014-05-14,63.504,Consumer,-5.706
20090,2014-11-17,107.82,Consumer,23.7
20093,2014-09-24,87.804,Home Office,13.644
20094,2014-06-30,45.0288,Home Office,-27.3312
20096,2014-10-01,162.1488,Consumer,-5.9712
20097,2014-05-21,131.94,Consumer,35.6238
20099,2014-12-05,142.8,Consumer,29.988
20105,2014-06-25,158.76,Consumer,15.84
20108,2014-02-15,63.27,Consumer,-24.21
20109,2014-12-05,447.876,Corporate,-283.824
20110,2014-06-20,153.584,Consumer,-32.6366
20112,2014-04-07,128.34,Home Office,0.0
20121,2014-07-26,187.92,Consumer,67.62
20123,2014-09-30,124.53,Consumer,29.88
20124,2014-12-26,133.6455,Consumer,-12.6045
20129,2014-06-24,121.074,Consumer,37.014
20130,2014-02-04,99.5181,Home Office,-24.5619
20132,2014-09-11,286.29,Consumer,17.1774
20133,2014-09-20,89.584,Consumer,4.4792
20135,2014-06-11,49.02,Consumer,19.56
20136,2014-09-18,151.44,Consumer,54.48
20138,2014-03-11,108.7,Home Office,23.9
20141,2014-08-25,334.611,Consumer,3.681
20145,2014-10-31,54.192,Consumer,4.0644
20146,2014-05-16,48.9,Consumer,1.44
20147,2014-08-19,180.84,Consumer,54.24
20152,2014-01-16,145.32,Consumer,14.52
20154,2014-07-01,174.42,Corporate,71.7
20155,2014-08-04,62.46,Consumer,24.3
20161,2014-06-27,76.068,Consumer,12.648
20164,2014-12-01,225.9,Corporate,60.84
20167,2014-10-23,279.936,Consumer,111.816
20168,2014-04-21,500.4,Consumer,245.16
20169,2014-11-28,90.558,Consumer,-3.042
20170,2014-11-03,76.58,Home Office,38.29
20173,2014-05-05,353.76,Consumer,141.48
20174,2014-04-03,76.5,Corporate,-5.1
20177,2014-11-20,48.86,Corporate,11.2
20178,2014-06-16,175.68,Corporate,-102.48
20182,2014-10-02,169.2,Consumer,25.38
20183,2014-08-15,295.1,Corporate,17.7
20185,2014-04-09,33.57,Consumer,3.96
20187,2014-07-23,41.22,Corporate,18.54
20192,2014-09-09,149.112,Home Office,-87.048
20196,2014-01-23,203.55,Consumer,28.35
20197,2014-08-22,169.44,Consumer,33.84
20202,2014-04-03,115.992,Consumer,-3.888
20208,2014-11-10,99.99,Corporate,43.9956
20210,2014-09-05,148.32,Consumer,66.72
20212,2014-08-11,96.78,Corporate,30.0
20213,2014-06-23,109.44,Corporate,32.64
20216,2014-11-12,88.074,Consumer,19.554
20217,2014-02-14,126.45,Corporate,17.7
20218,2014-08-13,344.82,Consumer,72.24
20220,2014-09-23,245.7,Consumer,95.76
20225,2014-02-06,104.4,Consumer,27.12
20227,2014-02-13,454.6242,Corporate,38.2842
20230,2014-02-28,141.6,Home Office,24.06
20233,2014-03-21,134.3,Corporate,60.4
20235,2014-05-15,148.41,Corporate,23.67
20237,2014-03-03,125.1,Corporate,14.94
20238,2014-09-03,167.58,Consumer,18.36
20242,2014-04-02,66.6,Corporate,31.95
20249,2014-06-14,153.576,Consumer,3.336
20251,2014-07-09,95.04,Home Office,46.56
20255,2014-04-10,41.04,Consumer,16.4
20256,2014-06-30,139.8,Corporate,57.3
20263,2014-09-04,108.4,Consumer,-105.69
20264,2014-10-06,206.352,Corporate,5.1588
20265,2014-11-12,35.184,Consumer,12.3144
20266,2014-10-23,50.13,Consumer,10.5
20267,2014-09-06,65.82,Corporate,26.31
20271,2014-04-08,148.23,Corporate,14.76
20272,2014-08-21,47.64,Corporate,19.5
20274,2014-06-06,129.12,Home Office,6.44
20276,2014-06-25,54.82,Consumer,0.0
20278,2014-11-28,117.0,Consumer,14.04
20279,2014-04-23,75.36,Home Office,25.56
20284,2014-05-02,128.43,Corporate,1.26
20286,2014-05-11,93.68,Consumer,1.84
20289,2014-11-20,45.45,Corporate,6.3
20291,2014-01-15,143.1,Home Office,9.96
20292,2014-10-18,152.2584,Consumer,-86.3016
20293,2014-03-07,61.8,Corporate,14.82
20296,2014-11-26,105.2,Consumer,21.04
20297,2014-05-23,77.49,Consumer,27.09
20299,2014-05-08,93.15,Consumer,6.21
20301,2014-06-05,108.08,Home Office,54.04
20305,2014-03-08,125.36,Consumer,-11.04
20306,2014-12-28,124.08,Home Office,0.0
20309,2014-06-23,84.6,Consumer,12.66
20311,2014-02-13,195.048,Consumer,36.828
20312,2014-06-02,208.032,Home Office,-171.648
20315,2014-05-20,54.72,Consumer,16.4
20324,2014-03-08,73.52,Corporate,35.28
20325,2014-09-01,179.9,Corporate,46.76
20326,2014-11-17,72.88,Consumer,26.96
20327,2014-09-10,98.46,Consumer,39.36
20332,2014-11-20,305.01,Consumer,76.2525
20336,2014-01-22,348.208,Home Office,30.4682
20341,2014-09-18,142.38,Consumer,7.11
20342,2014-08-26,47.61,Consumer,9.03
20343,2014-06-04,4363.35,Corporate,305.4
20346,2014-11-17,115.6356,Consumer,40.3956
20349,2014-09-12,71.28,Consumer,34.2144
20352,2014-11-29,355.38,Consumer,-201.42
20356,2014-05-06,115.857,Corporate,2.457
20358,2014-02-03,289.92,Consumer,40.56
20360,2014-06-20,146.176,Consumer,47.5072
20369,2014-09-11,301.77,Consumer,138.81
20372,2014-09-22,71.98,Consumer,15.1158
20375,2014-08-12,130.458,Consumer,-20.022
20376,2014-08-20,153.2844,Home Office,3.6444
20377,2014-12-02,118.08,Consumer,25.92
20388,2014-03-28,138.348,Consumer,58.338
20390,2014-06-26,252.27,Consumer,93.33
20392,2014-11-03,155.372,Home Office,-35.5136
20393,2014-07-28,228.24,Consumer,104.94
20395,2014-08-04,295.65,Corporate,26.58
20401,2014-12-09,146.9598,Consumer,8.8398
20403,2014-10-19,217.02,Consumer,19.5
20406,2014-07-01,248.82,Consumer,4.92
20409,2014-07-04,59.98,Home Office,26.3912
20417,2014-08-16,154.116,Corporate,5.136
20421,2014-06-10,77.688,Home Office,-59.562
20427,2014-07-28,115.71,Consumer,51.87
20429,2014-06-28,52.857,Corporate,-70.503
20431,2014-12-06,226.12,Consumer,97.2
20436,2014-10-18,163.65,Corporate,75.27
20438,2014-10-31,235.8528,Consumer,-25.6272
20446,2014-12-09,69.48,Corporate,20.844
20450,2014-07-28,142.83,Consumer,41.4
20456,2014-12-15,73.85,Home Office,2.2155
20457,2014-05-08,117.024,Consumer,-131.676
20458,2014-10-19,166.92,Consumer,80.1
20461,2014-06-09,146.4,Corporate,65.85
20462,2014-11-06,199.92,Corporate,93.96
20466,2014-09-05,175.8,Consumer,79.08
20467,2014-11-13,55.104,Consumer,-31.836
20468,2014-09-25,73.68,Consumer,25.76
20470,2014-06-21,68.1,Corporate,32.55
20473,2014-11-27,146.592,Consumer,7.152
20474,2014-07-22,302.94,Consumer,69.6762
20476,2014-03-21,122.94,Consumer,1.2
20482,2014-02-22,139.5,Home Office,26.46
20488,2014-06-13,256.17,Corporate,56.34
20492,2014-08-26,254.88,Consumer,40.77
20495,2014-11-21,46.76,Consumer,22.4448
20501,2014-03-21,74.76,Corporate,2.16
20504,2014-11-14,205.9992,Corporate,-27.2646
20509,2014-10-13,93.03,Consumer,46.41
20510,2014-05-05,70.065,Consumer,20.115
20511,2014-08-09,218.64,Home Office,0.0
20514,2014-12-15,227.976,Home Office,28.497
20524,2014-09-10,66.112,Consumer,-9.0904
20526,2014-10-28,63.39,Consumer,17.73
20529,2014-05-07,94.65,Home Office,37.8
20530,2014-07-24,73.44,Home Office,-20.61
20539,2014-08-13,146.28,Consumer,21.93
20544,2014-08-01,130.56,Consumer,27.36
20546,2014-03-31,104.004,Home Office,13.824
20547,2014-09-11,147.168,Corporate,16.5564
20551,2014-06-24,244.08,Corporate,56.1
20553,2014-08-21,141.4,Corporate,45.24
20556,2014-08-11,121.3,Consumer,25.473
20557,2014-01-24,95.984,Home Office,11.998
20560,2014-03-19,240.3,Consumer,11.88
20566,2014-09-01,149.73,Corporate,43.4217
20568,2014-12-04,102.336,Consumer,14.0712
20574,2014-11-12,71.67,Consumer,29.37
20580,2014-04-24,224.565,Consumer,-77.595
20582,2014-08-22,165.408,Consumer,-190.272
20584,2014-06-30,194.616,Corporate,-223.884
20587,2014-12-25,125.685,Consumer,40.485
20590,2014-01-06,77.14,Corporate,36.12
20592,2014-01-22,157.14,Consumer,4.59
20595,2014-01-22,84.98,Home Office,18.6956
20600,2014-12-12,213.84,Consumer,53.46
20601,2014-10-13,32.346,Consumer,12.906
20602,2014-08-07,140.22,Corporate,42.03
20604,2014-11-06,173.94,Home Office,38.22
20605,2014-07-14,30.21,Consumer,4.83
20606,2014-03-17,55.14,Home Office,18.72
20611,2014-05-16,169.38,Consumer,0.0
20616,2014-07-31,94.08,Corporate,15.96
20621,2014-10-20,229.68,Consumer,103.32
20626,2014-06-25,48.33,Corporate,1.92
20630,2014-08-18,243.81,Consumer,121.77
20635,2014-11-18,206.1,Corporate,55.647
20638,2014-05-06,131.568,Consumer,-32.892
20641,2014-08-03,55.98,Consumer,18.42
20644,2014-03-17,169.68,Consumer,30.54
20648,2014-09-04,239.5,Corporate,16.7
20650,2014-10-19,71.46,Consumer,18.54
20652,2014-04-24,129.8871,Corporate,-46.6029
20658,2014-01-13,391.86,Corporate,90.12
20663,2014-06-21,76.005,Corporate,9.255
20664,2014-12-23,178.2,Consumer,-115.92
20665,2014-11-21,84.056,Consumer,27.3182
20667,2014-08-17,67.136,Consumer,-0.8392
20671,2014-08-28,108.36,Consumer,21.6
20676,2014-11-17,76.56,Home Office,-42.96
20679,2014-01-28,66.672,Home Office,7.752
20680,2014-05-01,64.96,Corporate,21.4368
20682,2014-04-19,70.08,Corporate,32.88
20683,2014-06-10,146.79,Corporate,20.52
20685,2014-02-14,79.35,Corporate,22.2
20687,2014-08-14,139.44,Home Office,57.15
20691,2014-12-06,73.92,Consumer,22.8
20692,2014-08-02,108.54,Consumer,34.56
20694,2014-03-31,110.7,Consumer,12.12
20701,2014-01-28,67.56,Consumer,27.6
20707,2014-07-14,119.16,Home Office,1.08
20715,2014-04-17,193.2,Home Office,23.16
20717,2014-09-15,140.94,Consumer,-44.66
20719,2014-04-08,100.02,Consumer,0.96
20720,2014-01-14,58.56,Consumer,9.84
20725,2014-06-16,239.976,Corporate,26.9973
20726,2014-12-20,84.402,Corporate,-54.888
20728,2014-12-13,192.6,Corporate,86.6
20733,2014-03-31,82.035,Consumer,-65.655
20734,2014-06-12,53.136,Corporate,3.456
20737,2014-12-02,338.4,Consumer,97.92
20738,2014-06-13,91.2,Home Office,41.952
20740,2014-12-24,72.704,Consumer,19.0848
20746,2014-02-10,161.4,Corporate,32.2
20747,2014-06-18,222.24,Home Office,44.4
20748,2014-11-28,68.25,Corporate,9.45
20751,2014-08-28,48.492,Home Office,17.232
20753,2014-12-04,351.84,Consumer,147.72
20755,2014-08-21,107.88,Corporate,10.788
20756,2014-12-31,378.3,Corporate,166.44
20757,2014-09-10,95.616,Home Office,-112.374
20759,2014-07-30,74.88,Corporate,11.88
20760,2014-10-09,136.72,Consumer,17.76
20762,2014-11-07,34.425,Consumer,13.725
20763,2014-06-20,153.684,Corporate,44.364
20766,2014-06-26,148.48,Consumer,16.704
20771,2014-05-07,37.566,Consumer,-6.264
20777,2014-06-05,94.02,Home Office,1.86
20779,2014-12-27,228.48,Consumer,-95.2
20780,2014-04-03,78.72,Corporate,-23.68
20783,2014-12-10,145.44,Consumer,18.9
20794,2014-09-26,173.21288,Consumer,46.51288
20795,2014-12-23,67.86,Consumer,1.32
20797,2014-06-10,126.84,Consumer,46.83
20798,2014-10-31,70.56,Corporate,-49.41
20799,2014-10-27,76.815,Home Office,20.415
20803,2014-04-13,29.88,Consumer,2.64
20807,2014-12-05,49.44,Home Office,23.16
20808,2014-05-16,220.96,Consumer,24.858
20812,2014-10-03,35.88,Home Office,12.88
20813,2014-07-24,63.375,Home Office,-29.175
20821,2014-09-11,41.931,Consumer,-50.319
20823,2014-12-19,332.28,Home Office,43.14
20824,2014-05-19,111.06,Consumer,24.42
20825,2014-04-10,160.0,Consumer,8.0
20827,2014-08-23,227.07,Consumer,37.83
20828,2014-01-02,139.23,Consumer,68.22
20829,2014-10-13,101.84,Home Office,36.917
20830,2014-07-26,138.588,Consumer,-34.647
20839,2014-09-09,183.136,Consumer,48.056
20841,2014-10-30,74.97,Consumer,17.91
20846,2014-03-22,64.384,Corporate,8.048
20847,2014-09-15,129.87,Consumer,5.19
20849,2014-09-03,164.32,Consumer,44.32
20850,2014-08-12,127.12524,Consumer,53.22524
20853,2014-01-31,243.864,Consumer,-142.296
20855,2014-11-10,192.6,Corporate,32.7
20857,2014-10-10,213.12,Consumer,-490.2
20859,2014-09-20,75.114,Consumer,11.634
20860,2014-06-13,63.92,Consumer,19.176
20861,2014-06-17,59.52,Consumer,6.54
20863,2014-12-26,71.04,Home Office,0.48
20866,2014-07-16,64.7625,Consumer,-14.1375
20867,2014-10-31,46.59,Consumer,11.64
20869,2014-12-02,131.98,Consumer,35.6346
20872,2014-06-03,168.12,Consumer,21.84
20878,2014-09-12,39.96,Home Office,16.38
20879,2014-01-20,54.75,Home Office,15.75
20884,2014-07-25,45.03,Consumer,9.45
20886,2014-10-13,56.1,Corporate,15.1
20887,2014-11-12,228.45,Consumer,36.45
20889,2014-05-07,174.42,Consumer,-19.38
20894,2014-11-07,108.96,Home Office,32.688
20897,2014-06-06,84.48,Corporate,4.2
20901,2014-05-14,55.944,Consumer,4.914
20910,2014-09-19,109.8,Home Office,30.72
20912,2014-08-22,197.637,Consumer,-78.573
20918,2014-12-18,55.62,Consumer,25.56
20929,2014-07-10,228.92,Consumer,14.3075
20930,2014-04-11,99.99,Home Office,41.9958
20931,2014-06-14,47.64,Home Office,12.36
20932,2014-08-11,333.6,Corporate,40.02
20936,2014-07-25,175.9914,Corporate,-74.2086
20943,2014-09-12,90.072,Consumer,11.952
20944,2014-06-30,84.186,Consumer,-40.734
20952,2014-08-12,157.95,Home Office,31.5
20955,2014-04-21,51.84,Home Office,2.88
20957,2014-09-30,97.84,Consumer,25.4384
20960,2014-12-31,126.72,Consumer,20.16
20961,2014-11-20,38.76,Consumer,1.92
20962,2014-01-28,48.86,Home Office,17.1
20963,2014-10-09,144.732,Consumer,21.672
20964,2014-08-22,128.22,Consumer,48.72
20966,2014-04-18,57.06,Consumer,2.7
20967,2014-02-22,153.6,Home Office,35.28
20970,2014-02-05,107.676,Home Office,13.116
20971,2014-08-07,134.352,Home Office,-33.588
20972,2014-04-30,55.029,Corporate,3.879
20976,2014-06-05,181.44,Consumer,8.04
20977,2014-03-18,54.6,Consumer,7.56
20978,2014-06-05,101.358,Home Office,29.268
20983,2014-02-23,112.5,Home Office,11.1
20988,2014-04-02,121.68,Consumer,38.025
20991,2014-06-30,152.652,Corporate,-152.658
20994,2014-06-27,115.2,Home Office,13.8
20998,2014-12-19,173.64,Home Office,36.36
20999,2014-04-29,89.248,Home Office,6.688
21000,2014-02-25,233.7,Corporate,109.8
21001,2014-12-19,205.6065,Corporate,12.0765
21006,2014-10-09,88.56,Home Office,14.04
21009,2014-08-05,78.08,Consumer,2.92
21020,2014-03-11,59.24,Consumer,5.32
21022,2014-11-26,164.7,Consumer,29.61
21024,2014-11-12,148.17,Home Office,-5.97
21028,2014-05-22,100.008,Corporate,-163.392
21032,2014-11-10,203.616,Home Office,16.956
21038,2014-05-02,40.26,Consumer,10.44
21041,2014-12-07,134.13,Corporate,25.47
21048,2014-07-07,121.68,Consumer,37.62
21049,2014-06-13,198.7644,Corporate,27.1644
21050,2014-03-04,463.2225,Home Office,-35.6775
21052,2014-06-27,98.64,Consumer,-34.56
21056,2014-06-20,88.896,Corporate,-88.944
21064,2014-02-13,105.18,Consumer,49.38
21069,2014-09-18,113.256,Corporate,-110.484
21070,2014-04-25,134.82,Consumer,0.0
21075,2014-09-18,93.48,Consumer,43.92
21080,2014-11-29,88.768,Consumer,31.0688
21082,2014-02-27,258.576,Consumer,19.3932
21083,2014-08-07,102.48,Home Office,24.57
21085,2014-08-15,197.352,Consumer,56.682
21086,2014-11-14,168.03,Consumer,20.16
21088,2014-10-21,24.55,Home Office,12.0295
21089,2014-06-23,148.32,Consumer,41.4
21092,2014-09-23,48.0,Home Office,2.4
21093,2014-06-16,45.09,Consumer,-0.03
21094,2014-09-03,253.65,Consumer,81.15
21096,2014-03-11,449.874,Home Office,69.894
21100,2014-06-04,110.4,Consumer,-4.14
21101,2014-12-29,118.25,Consumer,34.2925
21104,2014-04-25,50.73,Consumer,16.23
21106,2014-08-18,201.285,Consumer,64.845
21113,2014-11-07,84.9,Home Office,32.25
21118,2014-05-20,84.75,Consumer,6.75
21119,2014-03-14,34.36,Home Office,-7.3015
21127,2014-01-14,87.48,Consumer,32.04
21133,2014-12-20,48.96,Corporate,17.61
21140,2014-09-16,98.028,Home Office,-19.632
21141,2014-09-18,106.32,Home Office,49.9704
21143,2014-05-27,309.78,Consumer,52.56
21146,2014-09-09,77.472,Corporate,8.992
21148,2014-06-07,107.82,Home Office,24.78
21149,2014-08-13,145.98,Consumer,65.67
21154,2014-07-24,121.536,Consumer,15.192
21155,2014-03-06,122.58,Corporate,42.9
21156,2014-02-22,76.44,Consumer,0.0
21157,2014-12-09,146.61,Consumer,-44.01
21160,2014-08-16,114.3,Corporate,-39.0
21163,2014-12-27,185.0688,Consumer,-102.8712
21164,2014-02-17,46.512,Consumer,9.192
21165,2014-08-16,116.64,Corporate,33.72
21166,2014-04-11,62.3712,Home Office,-22.2288
21169,2014-01-06,169.38,Home Office,72.72
21171,2014-04-10,135.96,Corporate,10.86
21175,2014-08-18,162.6,Consumer,60.1
21177,2014-09-16,140.265,Consumer,6.165
21178,2014-08-20,207.33,Home Office,-99.57
21181,2014-10-31,42.675,Consumer,-13.725
21185,2014-03-07,85.293,Home Office,32.193
21188,2014-08-09,170.19,Home Office,27.21
21191,2014-05-07,94.98,Corporate,21.84
21193,2014-12-15,179.232,Corporate,-42.568
21194,2014-12-22,126.927,Home Office,9.837
21196,2014-06-03,38.88,Consumer,-3.12
21197,2014-05-31,241.96,Consumer,33.8744
21198,2014-06-20,129.3,Corporate,6.465
21199,2014-10-05,156.8,Corporate,31.3
21203,2014-04-19,81.69,Consumer,6.51
21206,2014-09-25,77.1,Consumer,33.12
21208,2014-10-08,128.744,Consumer,-28.9674
21213,2014-09-12,156.24,Consumer,26.52
21215,2014-05-09,87.99,Consumer,11.34
21216,2014-07-11,219.78,Consumer,59.34
21217,2014-12-08,101.76,Consumer,31.44
21218,2014-09-11,112.8,Consumer,6.768
21219,2014-01-30,119.616,Consumer,40.3704
21220,2014-09-10,148.74,Consumer,72.87
21223,2014-09-05,69.92,Corporate,0.0
21230,2014-11-06,173.88,Consumer,8.64
21241,2014-12-30,207.12,Consumer,76.56
21242,2014-07-14,105.32,Consumer,25.24
21244,2014-10-28,43.12,Home Office,5.04
21246,2014-12-02,117.396,Home Office,-5.904
21248,2014-11-17,123.12,Home Office,20.88
21251,2014-03-17,54.224,Consumer,3.389
21254,2014-04-15,87.84,Home Office,32.46
21256,2014-08-12,93.555,Consumer,-199.605
21259,2014-10-01,147.987,Consumer,65.637
21265,2014-10-20,116.88,Corporate,15.12
21267,2014-11-06,98.4,Corporate,42.3
21268,2014-07-04,144.9,Consumer,15.93
21270,2014-02-25,61.62,Home Office,26.49
21271,2014-06-18,43.95,Corporate,1.74
21274,2014-11-12,138.96,Consumer,20.79
21275,2014-09-27,158.22,Home Office,61.5
21277,2014-04-23,96.552,Consumer,-25.788
21282,2014-10-16,47.04,Consumer,19.74
21285,2014-12-04,92.43,Corporate,25.83
21287,2014-03-03,46.5,Consumer,9.3
21293,2014-04-30,60.96,Corporate,5.46
21295,2014-07-07,149.82,Consumer,44.94
21297,2014-07-21,114.528,Consumer,-105.972
21298,2014-11-14,254.88,Home Office,-22.32
21300,2014-12-26,128.8,Corporate,33.48
21307,2014-09-05,421.1,Consumer,105.275
21309,2014-01-03,130.62,Consumer,10.44
21314,2014-09-17,146.9052,Corporate,24.1452
21315,2014-07-02,139.77,Consumer,29.34
21316,2014-07-01,248.57,Consumer,67.1139
21321,2014-11-14,289.35,Consumer,69.3
21325,2014-10-15,325.92,Consumer,78.12
21327,2014-10-31,59.4,Consumer,7.11
21330,2014-04-07,137.31,Corporate,54.9
21333,2014-10-19,109.8,Corporate,43.92
21340,2014-05-14,189.12,Corporate,83.16
21344,2014-06-24,168.12,Corporate,36.96
21348,2014-07-05,132.867,Home Office,58.947
21349,2014-05-23,266.688,Corporate,-30.012
21350,2014-08-26,75.492,Consumer,9.162
21351,2014-10-30,93.18,Corporate,23.28
21354,2014-09-11,141.9,Consumer,4.2
21357,2014-11-13,221.024,Consumer,-55.256
21358,2014-06-11,257.85,Consumer,56.7
21360,2014-06-23,44.94,Corporate,0.0
21362,2014-06-12,111.78,Consumer,26.73
21370,2014-11-27,96.3,Corporate,7.56
21371,2014-09-11,296.85,Consumer,53.433
21372,2014-09-13,166.44,Consumer,79.8912
21377,2014-06-26,253.44,Home Office,12.6
21378,2014-03-25,185.28,Consumer,48.12
21381,2014-06-03,158.94,Home Office,50.76
21390,2014-11-06,166.5,Consumer,-66.6
21396,2014-03-11,659.424,Home Office,-0.036
21397,2014-07-24,170.64,Corporate,73.32
21398,2014-11-25,226.9,Consumer,95.2
21402,2014-01-03,69.498,Corporate,6.138
21403,2014-12-30,101.12,Corporate,37.4144
21407,2014-05-10,96.66,Consumer,30.87
21415,2014-06-02,95.85,Corporate,22.95
21420,2014-12-04,35.8,Corporate,17.5
21421,2014-10-22,145.152,Consumer,-87.108
21422,2014-01-21,144.096,Consumer,-26.424
21423,2014-09-13,190.44,Consumer,0.0
21429,2014-05-29,115.96,Corporate,-64.9376
21430,2014-12-13,65.31,Consumer,18.93
21435,2014-01-28,137.94,Consumer,35.8644
21438,2014-07-27,149.38,Consumer,13.44
21439,2014-02-11,210.69,Corporate,-105.39
21440,2014-04-03,168.3,Corporate,-50.52
21441,2014-05-14,53.406,Consumer,-0.594
21447,2014-04-21,162.96,Consumer,47.22
21449,2014-12-29,108.36,Consumer,43.32
21457,2014-04-24,92.88,Consumer,30.186
21462,2014-03-15,146.121,Home Office,-96.579
21463,2014-03-22,169.68,Home Office,79.68
21468,2014-08-28,98.4,Corporate,21.6
21471,2014-09-08,121.92,Corporate,10.92
21473,2014-06-24,138.96,Consumer,36.09
21475,2014-08-30,156.1032,Consumer,-29.9568
21478,2014-11-26,195.72,Corporate,31.2
21479,2014-03-21,61.96,Consumer,27.882
21480,2014-06-12,124.32,Home Office,9.9
21482,2014-04-21,169.68,Consumer,30.54
21483,2014-02-22,123.12,Home Office,33.24
21484,2014-11-27,91.68,Corporate,-103.14
21485,2014-02-21,63.24,Corporate,9.48
21487,2014-08-18,86.4,Consumer,22.08
21491,2014-04-07,208.2375,Home Office,-0.1125
21492,2014-08-22,121.6116,Consumer,16.0416
21497,2014-07-02,222.81,Consumer,62.37
21507,2014-06-19,74.352,Home Office,23.235
21511,2014-10-24,67.92,Consumer,28.5
21520,2014-04-10,65.043,Home Office,6.453
21526,2014-08-13,174.95,Consumer,12.2465
21527,2014-11-13,61.44,Consumer,4.86
21530,2014-07-11,112.86,Corporate,18.0
21532,2014-09-16,95.42,Consumer,35.3
21533,2014-09-06,94.32,Consumer,44.32
21534,2014-09-25,92.88,Consumer,-46.56
21536,2014-10-17,114.17,Consumer,-6.93
21537,2014-06-19,146.58,Corporate,51.3
21544,2014-07-05,158.736,Home Office,-170.664
21546,2014-10-14,167.4,Consumer,-94.86
21547,2014-11-03,126.96,Corporate,44.36
21549,2014-12-04,74.208,Corporate,-2.792
21556,2014-09-10,99.87,Corporate,23.9688
21559,2014-09-16,144.2,Home Office,-132.68
21563,2014-05-09,169.44,Consumer,33.84
21564,2014-12-03,242.352,Corporate,-363.528
21566,2014-09-16,300.904,Home Office,11.2839
21569,2014-04-09,121.84,Home Office,47.44
21571,2014-12-31,135.48,Home Office,17.58
21576,2014-11-25,82.5,Consumer,11.4
21577,2014-10-30,42.84,Consumer,21.42
21578,2014-08-06,1113.264,Consumer,-705.096
21581,2014-03-31,77.52,Corporate,36.36
21582,2014-10-02,168.2,Consumer,74.0
21584,2014-06-05,184.76,Consumer,40.64
21588,2014-05-29,190.296,Consumer,18.846
21590,2014-06-16,145.557,Home Office,14.517
21592,2014-09-20,95.616,Corporate,9.5616
21593,2014-05-23,136.5,Consumer,-90.09
21600,2014-10-23,88.68,Consumer,-37.32
21601,2014-05-27,78.246,Consumer,-44.424
21604,2014-02-23,34.101,Consumer,-3.789
21605,2014-11-19,169.68,Consumer,45.8136
21609,2014-11-18,239.96,Consumer,83.986
21610,2014-09-16,184.752,Consumer,-20.7846
21611,2014-08-22,237.096,Consumer,20.7459
21616,2014-08-13,166.92,Home Office,19.92
21623,2014-05-27,186.0,Corporate,38.88
21629,2014-01-25,144.9,Consumer,72.42
21632,2014-04-17,115.89,Home Office,21.99
21635,2014-11-03,117.504,Home Office,-23.616
21639,2014-06-11,172.53,Home Office,86.25
21641,2014-06-10,93.195,Corporate,-83.925
21642,2014-09-16,94.38,Consumer,19.8
21651,2014-02-12,88.776,Corporate,7.7679
21653,2014-02-19,109.53,Corporate,47.0979
21656,2014-07-03,178.5,Consumer,14.1
21663,2014-03-28,62.04,Consumer,1.8
21664,2014-12-04,70.308,Home Office,13.188
21666,2014-03-15,128.9025,Consumer,30.2625
21668,2014-11-28,169.56,Home Office,35.46
21669,2014-08-04,101.46,Consumer,32.46
21678,2014-11-20,64.8,Consumer,-35.64
21679,2014-12-30,167.58,Home Office,77.04
21684,2014-12-19,118.32,Corporate,1.08
21688,2014-04-24,155.34,Consumer,55.9224
21690,2014-08-01,36.792,Consumer,4.1391
21691,2014-06-03,88.86,Consumer,29.28
21692,2014-06-04,107.82,Consumer,51.72
21696,2014-04-28,137.16,Home Office,49.32
21700,2014-02-12,186.786,Consumer,8.286
21703,2014-03-14,174.3,Consumer,81.921
21708,2014-01-08,95.28,Consumer,46.68
21714,2014-11-27,205.7286,Corporate,-45.1314
21723,2014-05-01,101.4,Consumer,45.6
21724,2014-12-18,131.49,Corporate,4.29
21735,2014-06-23,83.016,Consumer,-12.464
21736,2014-10-04,171.36,Home Office,-34.3
21741,2014-12-18,155.04,Home Office,44.52
21749,2014-12-15,151.2,Consumer,75.6
21756,2014-11-27,213.136,Corporate,23.9778
21757,2014-03-06,221.16,Consumer,57.5016
21758,2014-06-17,110.28,Corporate,30.84
21760,2014-12-20,62.28,Home Office,11.76
21761,2014-12-18,67.36,Corporate,-97.74
21767,2014-04-01,75.04,Consumer,36.0192
21769,2014-11-19,172.98,Home Office,20.73
21775,2014-12-11,53.91,Consumer,12.33
21777,2014-09-11,96.42,Consumer,31.8
21779,2014-02-11,52.08,Corporate,17.7
21780,2014-10-22,72.45,Corporate,7.23
21781,2014-06-30,148.17,Corporate,53.34
21785,2014-01-25,109.92,Home Office,38.46
21786,2014-06-20,118.746,Corporate,-2.664
21788,2014-03-22,276.4656,Corporate,-72.0144
21790,2014-09-27,103.77,Consumer,14.52
21791,2014-04-09,25.2,Consumer,0.18
21792,2014-08-06,176.4,Home Office,84.63
21797,2014-05-15,46.2,Consumer,5.775
21798,2014-09-25,89.9,Home Office,25.172
21799,2014-11-27,59.82,Consumer,12.54
21801,2014-12-15,178.38,Consumer,-53.52
21812,2014-12-04,49.02,Home Office,1.44
21814,2014-11-26,112.92,Corporate,14.64
21819,2014-01-06,234.92,Corporate,28.16
21820,2014-03-28,154.624,Consumer,15.424
21821,2014-12-26,944.2,Consumer,217.1
21823,2014-06-18,161.4,Consumer,35.5
21825,2014-11-18,143.04,Corporate,48.48
21829,2014-03-25,137.88,Home Office,66.18
21831,2014-06-10,100.2,Corporate,6.0
21832,2014-09-22,90.99,Home Office,19.08
21836,2014-06-18,76.96,Consumer,9.92
21839,2014-03-27,145.35,Home Office,1.44
21841,2014-02-14,106.8,Corporate,44.76
21845,2014-11-17,69.861,Home Office,-6.789
21847,2014-09-27,130.24,Consumer,39.04
21848,2014-09-17,333.234,Corporate,66.564
21850,2014-03-20,115.5,Consumer,49.62
21854,2014-08-18,102.93,Home Office,48.3771
21855,2014-12-12,116.98,Consumer,29.245
21859,2014-03-17,60.372,Corporate,-2.028
21867,2014-12-19,87.96,Corporate,37.8
21868,2014-04-24,78.288,Consumer,9.088
21870,2014-12-09,64.692,Consumer,-36.708
21873,2014-05-16,85.995,Consumer,16.065
21875,2014-06-26,94.5,Home Office,9.45
21877,2014-10-15,168.372,Corporate,1.812
21885,2014-05-31,79.29,Home Office,34.83
21886,2014-07-04,34.2,Consumer,0.27
21897,2014-09-19,101.34,Consumer,8.1072
21900,2014-12-26,48.6,Consumer,20.88
21902,2014-08-18,74.16,Consumer,4.92
21905,2014-11-08,152.28,Consumer,50.22
21908,2014-06-16,57.825,Consumer,-8.145
21911,2014-02-18,137.16,Consumer,0.0
21912,2014-10-13,415.71,Consumer,137.16
21914,2014-10-31,199.98,Consumer,37.9962
21924,2014-03-25,188.58,Corporate,86.73
21931,2014-05-09,128.058,Corporate,-23.7822
21933,2014-06-04,76.51152,Consumer,-40.76848
21934,2014-08-15,382.21404,Corporate,41.35404
21936,2014-11-18,51.4,Corporate,13.36
21937,2014-07-30,200.97,Home Office,74.34
21940,2014-11-06,235.32,Home Office,0.0
21942,2014-08-07,145.74,Consumer,23.3184
21943,2014-09-13,90.86,Consumer,26.3494
21948,2014-10-29,39.96,Consumer,16.38
21951,2014-12-29,121.905,Corporate,-12.195
21955,2014-05-16,170.28,Home Office,27.24
21959,2014-08-14,73.92,Consumer,22.8
21960,2014-06-12,151.56,Corporate,22.68
21961,2014-07-11,139.968,Corporate,43.488
21963,2014-09-23,124.62,Home Office,19.92
21966,2014-11-04,95.22,Consumer,16.14
21969,2014-11-20,219.075,Consumer,-131.445
21971,2014-12-28,108.66,Consumer,2.16
21974,2014-11-05,600.36,Consumer,66.0
21976,2014-01-22,115.8,Consumer,16.2
21981,2014-11-18,30.72,Consumer,2.43
21983,2014-05-27,39.39,Home Office,19.29
21985,2014-09-26,132.44,Consumer,7.84
21988,2014-08-12,90.0,Home Office,17.1
21993,2014-11-24,69.57,Consumer,14.58
21997,2014-10-01,143.22,Consumer,-128.94
21999,2014-05-19,154.08,Consumer,-86.4
22004,2014-11-18,155.712,Consumer,-163.728
22006,2014-03-18,37.8,Corporate,16.2
22011,2014-10-17,93.18,Home Office,36.3
22012,2014-08-13,138.69,Consumer,51.3
22015,2014-03-07,71.97,Consumer,16.5531
22017,2014-09-10,177.536,Consumer,62.1376
22021,2014-11-15,134.46,Consumer,60.48
22026,2014-09-09,50.46,Consumer,22.68
22027,2014-03-11,124.02,Home Office,-70.2
22034,2014-04-07,101.4408,Home Office,-23.6592
22035,2014-05-13,81.8712,Home Office,14.7912
22040,2014-07-21,58.8,Consumer,28.8
22042,2014-10-23,213.108,Consumer,-81.732
22045,2014-08-09,126.48,Home Office,51.84
22047,2014-03-12,242.25,Home Office,0.0
22048,2014-01-09,82.8,Corporate,-4.14
22051,2014-11-26,113.04,Corporate,38.4
22053,2014-10-29,147.184,Consumer,-29.4368
22058,2014-11-13,132.8319,Corporate,52.8219
22060,2014-07-18,99.9,Home Office,47.952
22063,2014-05-29,65.28,Corporate,3.9
22066,2014-05-07,232.389,Consumer,85.149
22067,2014-09-05,116.8425,Consumer,-14.1075
22073,2014-05-08,1371.42,Consumer,137.07
22079,2014-10-06,123.12,Consumer,54.16
22081,2014-09-10,142.592,Corporate,28.512
22082,2014-10-31,131.96,Home Office,2.62
22084,2014-08-05,67.98,Consumer,-55.8
22085,2014-08-21,87.156,Home Office,16.416
22089,2014-01-29,82.386,Consumer,8.226
22091,2014-11-08,305.472,Consumer,-57.288
22092,2014-08-03,108.216,Home Office,-27.144
22095,2014-08-26,35.175,Corporate,-3.675
22096,2014-07-14,95.904,Consumer,-3.216
22097,2014-06-14,47.984,Home Office,5.998
22098,2014-09-27,181.68,Consumer,69.0
22101,2014-02-06,49.95,Consumer,13.95
22103,2014-11-26,99.84,Consumer,35.94
22106,2014-01-21,160.776,Consumer,10.0485
22107,2014-06-25,102.93,Consumer,48.3771
22109,2014-08-01,109.8,Consumer,19.74
22110,2014-11-13,124.32,Corporate,45.92
22114,2014-11-17,186.84,Corporate,29.88
22119,2014-11-27,162.84,Consumer,78.12
22120,2014-02-21,138.48,Home Office,27.69
22123,2014-10-28,93.18,Consumer,13.92
22124,2014-06-26,99.4,Home Office,44.72
22125,2014-06-07,200.51816,Home Office,-0.40184
22129,2014-01-07,116.1675,Consumer,35.6175
22135,2014-04-02,70.88,Consumer,29.04
22137,2014-08-04,106.08,Corporate,48.72
22141,2014-10-21,127.47,Consumer,1.26
22143,2014-08-01,98.64,Consumer,9.84
22144,2014-08-05,158.76,Home Office,10.98
22145,2014-06-25,277.08,Home Office,5.52
22146,2014-11-12,90.3,Corporate,3.6
22148,2014-09-04,309.12,Home Office,27.82
22149,2014-01-20,63.18,Consumer,6.3
22150,2014-11-04,105.312,Consumer,38.172
22154,2014-06-10,158.328,Home Office,-102.952
22156,2014-08-04,194.1867,Corporate,-121.1733
22158,2014-12-04,132.3,Consumer,10.44
22160,2014-10-21,44.4,Consumer,3.96
22164,2014-05-24,273.45,Corporate,27.3
22166,2014-04-28,47.3,Consumer,12.298
22173,2014-09-29,107.4,Home Office,44.0
22174,2014-11-12,71.28,Corporate,31.68
22176,2014-06-22,214.656,Home Office,-29.544
22179,2014-12-04,77.52,Consumer,20.88
22182,2014-08-12,126.9,Home Office,7.59
22183,2014-09-02,171.968,Corporate,15.008
22190,2014-09-05,97.02,Corporate,23.1
22191,2014-10-19,79.38,Consumer,12.6
22192,2014-08-19,34.83,Corporate,11.16
22193,2014-11-05,112.725,Consumer,-5.025
22200,2014-12-16,123.24,Consumer,52.98
22203,2014-08-18,84.69,Consumer,0.0
22212,2014-10-02,148.5,Consumer,44.52
22213,2014-05-09,178.78,Consumer,49.98
22214,2014-02-28,51.57,Consumer,17.67
22218,2014-06-24,33.66,Consumer,5.7
22219,2014-10-24,69.08,Corporate,29.0136
22221,2014-06-26,220.56,Consumer,61.68
22228,2014-09-25,108.36,Corporate,43.32
22235,2014-12-12,178.56,Consumer,17.84
22237,2014-10-02,173.16,Corporate,13.84
22238,2014-04-02,4799.984,Corporate,359.9988
22242,2014-06-30,50.46,Home Office,17.64
22243,2014-11-20,116.88,Consumer,38.52
22245,2014-05-12,37.44,Consumer,16.848
22246,2014-01-15,159.8,Home Office,70.312
22247,2014-10-29,156.744,Consumer,-214.296
22255,2014-09-03,146.82,Consumer,73.41
22261,2014-08-18,178.2,Consumer,21.33
22263,2014-06-05,90.9321,Home Office,-75.5979
22264,2014-09-03,169.725,Home Office,-44.175
22269,2014-10-09,32.19,Consumer,12.21
22273,2014-02-07,88.74,Corporate,-57.81
22283,2014-01-03,66.96,Corporate,5.31
22284,2014-01-03,157.41,Consumer,34.56
22285,2014-11-03,168.1,Consumer,43.706
22288,2014-04-05,90.36,Consumer,27.06
22290,2014-06-16,63.808,Home Office,14.328
22294,2014-11-12,188.37,Corporate,13.02
22297,2014-12-30,247.59,Consumer,39.6
22298,2014-12-10,104.88,Consumer,41.952
22299,2014-05-16,278.7,Consumer,83.58
22307,2014-06-18,97.56,Consumer,12.66
22308,2014-11-17,141.48,Corporate,9.84
22309,2014-02-25,101.16,Consumer,-65.88
22311,2014-03-27,64.8,Home Office,-6.48
22321,2014-12-29,73.656,Corporate,19.596
22322,2014-12-26,302.2908,Consumer,-131.3592
22329,2014-09-03,34.02,Consumer,14.28
22332,2014-06-30,55.4751,Home Office,-32.4549
22333,2014-04-10,51.138,Corporate,5.658
22334,2014-06-10,147.33,Home Office,51.48
22337,2014-12-04,75.92,Consumer,2.24
22341,2014-11-14,222.6,Consumer,95.64
22343,2014-05-03,129.93,Corporate,12.993
22349,2014-12-29,148.284,Corporate,23.004
22352,2014-09-25,129.15,Consumer,30.96
22354,2014-08-09,87.96,Consumer,7.02
22355,2014-11-17,86.352,Corporate,5.397
22357,2014-02-21,60.6,Home Office,7.2
22358,2014-10-07,421.47536,Home Office,176.51536
22360,2014-12-24,382.14,Consumer,91.68
22365,2014-07-21,76.7169,Consumer,27.6669
22366,2014-03-11,81.324,Home Office,4.464
22369,2014-10-09,42.76,Corporate,11.1176
22371,2014-11-19,37.76,Corporate,10.5728
22372,2014-02-17,350.58,Consumer,98.16
22373,2014-01-08,101.76,Home Office,46.8
22374,2014-01-31,96.84,Consumer,29.04
22375,2014-07-11,72.0,Consumer,4.32
22379,2014-06-13,127.08,Corporate,-86.43
22382,2014-12-26,90.48,Home Office,23.5248
22384,2014-07-12,168.1,Corporate,43.706
22390,2014-08-12,57.78,Home Office,-0.06
22391,2014-11-11,103.356,Corporate,45.936
22393,2014-09-02,155.88,Consumer,21.78
22394,2014-07-14,93.03,Home Office,5.46
22395,2014-12-15,112.08,Consumer,4.32
22396,2014-05-05,89.4408,Corporate,-10.8792
22397,2014-04-09,75.708,Consumer,23.508
22399,2014-12-24,181.95,Corporate,38.2095
22401,2014-11-09,109.9,Home Office,32.97
22405,2014-07-03,141.354,Consumer,-98.976
22408,2014-07-31,88.56,Corporate,5.76
22410,2014-02-10,173.556,Consumer,44.316
22411,2014-02-13,109.9485,Consumer,-18.7515
22415,2014-07-09,818.02,Consumer,302.54
22418,2014-10-30,146.523,Consumer,8.583
22420,2014-03-28,76.482,Consumer,-49.728
22422,2014-12-03,114.9384,Corporate,33.2184
22427,2014-05-14,87.78,Consumer,-75.54
22431,2014-01-23,253.95,Consumer,76.05
22435,2014-01-03,87.9,Consumer,21.96
22438,2014-12-02,104.68,Home Office,35.3295
22439,2014-11-08,350.352,Consumer,-140.1408
22441,2014-12-12,128.85,Corporate,3.8655
22444,2014-09-26,126.8,Consumer,26.56
22447,2014-07-30,84.564,Consumer,-26.796
22448,2014-10-24,74.556,Consumer,-43.524
22451,2014-01-21,121.08,Consumer,41.16
22454,2014-02-17,202.1808,Home Office,24.8808
22455,2014-06-14,108.0,Consumer,31.68
22457,2014-11-25,43.86,Consumer,3.06
22460,2014-06-21,97.56,Consumer,-4.94
22462,2014-05-20,137.58,Consumer,28.86
22465,2014-12-23,199.95,Consumer,63.984
22470,2014-09-26,75.536,Corporate,-71.784
22473,2014-10-24,318.5622,Corporate,68.4822
22477,2014-03-05,89.4,Corporate,16.98
22480,2014-08-25,91.962,Consumer,1.002
22481,2014-08-16,297.432,Corporate,-143.808
22483,2014-09-26,93.6,Corporate,42.9
22485,2014-10-02,747.18,Consumer,358.56
22486,2014-12-17,75.36,Corporate,30.12
22490,2014-03-17,138.8241,Corporate,17.0541
22491,2014-05-22,164.349,Home Office,-7.311
22498,2014-06-11,175.875,Home Office,-12.675
22507,2014-08-08,103.14,Consumer,39.06
22508,2014-07-28,83.4,Consumer,3.3
22513,2014-11-06,51.111,Consumer,2.781
22515,2014-11-15,96.36,Corporate,25.0536
22519,2014-08-28,128.8,Corporate,1.28
22520,2014-09-12,60.39,Home Office,15.66
22526,2014-02-15,118.935,Consumer,26.385
22528,2014-09-06,84.96,Consumer,39.06
22530,2014-10-22,122.76,Consumer,56.4
22532,2014-05-15,36.32,Corporate,-22.72
22535,2014-08-25,77.7,Consumer,4.62
22536,2014-11-07,244.8,Corporate,33.6
22539,2014-01-09,37.38,Consumer,1.08
22544,2014-09-12,78.99,Corporate,23.67
22550,2014-06-11,105.72,Corporate,9.48
22551,2014-11-14,216.0,Consumer,30.24
22552,2014-09-04,119.25,Consumer,21.42
22555,2014-12-02,70.68,Corporate,31.0992
22560,2014-04-11,338.6616,Home Office,-92.7984
22563,2014-11-07,41.4,Home Office,19.872
22565,2014-06-06,77.472,Consumer,8.992
22569,2014-06-05,121.9212,Home Office,-101.2188
22574,2014-07-14,43.92,Consumer,19.32
22576,2014-06-09,85.464,Corporate,-71.256
22577,2014-06-27,201.0,Home Office,52.2
22584,2014-04-11,95.736,Consumer,20.3439
22586,2014-11-11,111.79,Consumer,43.5981
22587,2014-06-18,101.34,Home Office,8.1072
22589,2014-10-09,102.696,Corporate,-154.044
22590,2014-06-13,64.3,Consumer,17.3
22594,2014-09-01,101.58,Consumer,13.2
22595,2014-06-10,162.54,Consumer,81.24
22602,2014-07-19,156.456,Consumer,-39.114
22603,2014-12-09,56.46,Consumer,14.1
22604,2014-04-12,121.32,Corporate,7.26
22606,2014-08-02,88.155,Corporate,-144.015
22608,2014-06-06,109.848,Home Office,-47.632
22614,2014-05-10,66.96,Home Office,2.6784
22615,2014-12-18,150.744,Consumer,-128.136
22616,2014-09-17,112.32,Home Office,6.72
22618,2014-06-25,124.593,Consumer,39.573
22619,2014-05-26,74.655,Consumer,-3.345
22625,2014-01-27,72.009,Corporate,-4.851
22626,2014-08-26,74.565,Consumer,-26.865
22628,2014-07-24,56.448,Consumer,-23.532
22630,2014-10-22,58.08,Consumer,2.28
22631,2014-12-09,230.22,Corporate,108.18
22632,2014-09-29,194.4,Consumer,83.52
22633,2014-11-04,109.272,Corporate,-49.208
22634,2014-01-28,255.45,Consumer,73.95
22635,2014-02-10,123.6534,Consumer,-1.5066
22641,2014-05-06,123.93,Corporate,61.95
22645,2014-10-06,64.233,Consumer,15.633
22646,2014-11-07,31.0365,Consumer,-20.8935
22647,2014-09-09,155.7,Corporate,55.98
22648,2014-04-09,54.918,Home Office,13.338
22649,2014-05-09,81.08,Consumer,22.7024
22650,2014-07-06,109.74,Corporate,35.1
22651,2014-11-22,122.88,Corporate,9.72
22659,2014-02-22,94.65,Consumer,37.8
22663,2014-12-19,117.4472,Consumer,-45.5928
22667,2014-03-20,39.54,Consumer,16.56
22669,2014-11-11,136.5,Consumer,15.0
22671,2014-09-19,56.736,Consumer,-3.804
22672,2014-06-09,266.895,Corporate,74.115
22677,2014-01-22,99.696,Home Office,33.6474
22679,2014-06-27,68.52,Corporate,31.5192
22681,2014-01-08,61.02,Consumer,0.6102
22683,2014-06-14,136.74,Home Office,13.65
22685,2014-09-18,37.5,Consumer,16.08
22687,2014-03-31,115.08,Corporate,26.46
22688,2014-07-02,79.74,Consumer,0.0
22691,2014-12-27,192.555,Home Office,-154.125
22692,2014-05-19,236.97,Corporate,-102.78
22693,2014-11-19,166.92,Consumer,66.72
22695,2014-03-14,48.7,Home Office,17.5
22696,2014-06-25,123.76,Consumer,0.0
22697,2014-08-16,88.11,Corporate,30.78
22699,2014-10-24,462.132,Consumer,169.332
22711,2014-07-28,98.88,Consumer,6.9
22713,2014-06-09,45.216,Consumer,-17.064
22714,2014-12-29,176.94,Corporate,37.08
22722,2014-02-26,196.784,Consumer,-22.1382
22725,2014-07-21,53.64,Consumer,13.41
22727,2014-09-15,138.36,Consumer,42.88
22736,2014-06-18,135.594,Consumer,-6.066
22738,2014-08-22,103.14,Consumer,-98.01
22743,2014-08-08,87.42,Consumer,32.34
22744,2014-08-16,105.552,Corporate,-56.328
22745,2014-12-19,99.95,Corporate,22.9885
22753,2014-01-09,94.05,Consumer,15.9
22754,2014-05-09,78.57,Consumer,24.3
22766,2014-11-04,137.088,Consumer,-8.592
22767,2014-12-16,94.788,Consumer,-41.112
22773,2014-06-30,94.896,Corporate,-33.264
22782,2014-08-12,107.82,Home Office,24.78
22783,2014-09-14,151.56,Corporate,39.33
22797,2014-02-18,74.6505,Home Office,-49.3995
22800,2014-12-22,69.5,Consumer,20.155
22801,2014-04-01,61.0,Home Office,25.62
22802,2014-10-04,83.92,Home Office,21.8192
22806,2014-11-24,168.3,Corporate,58.89
22808,2014-09-25,104.196,Consumer,-125.064
22812,2014-01-21,382.51668,Consumer,-257.14332
22815,2014-05-13,39.555,Corporate,-7.155
22816,2014-10-24,280.125,Consumer,9.315
22817,2014-05-21,116.55,Consumer,31.29
22820,2014-02-27,81.92,Home Office,22.1184
22821,2014-02-20,44.67,Home Office,12.0609
22826,2014-12-15,57.0,Consumer,5.7
22829,2014-10-01,49.968,Home Office,2.448
22830,2014-12-02,143.04,Consumer,48.48
22833,2014-07-05,95.49,Consumer,39.15
22837,2014-09-29,74.55,Corporate,12.66
22838,2014-10-17,44.784,Corporate,-20.256
22841,2014-11-13,120.888,Consumer,-16.632
22842,2014-05-03,102.9,Corporate,20.58
22849,2014-08-11,46.98,Consumer,19.26
22856,2014-12-09,174.96,Consumer,50.58
22859,2014-09-12,100.116,Consumer,42.066
22860,2014-11-27,189.432,Consumer,-22.248
22861,2014-12-31,43.8,Consumer,13.56
22864,2014-11-17,96.0,Corporate,48.0
22867,2014-12-02,105.584,Consumer,9.2386
22868,2014-11-11,38.388,Corporate,-25.592
22871,2014-06-05,101.58,Consumer,13.2
22872,2014-03-05,91.424,Home Office,15.984
22878,2014-11-26,98.76,Consumer,-44.48
22881,2014-08-05,127.17,Consumer,32.49
22886,2014-11-05,94.38,Corporate,19.8
22887,2014-06-03,272.5,Consumer,106.2
22889,2014-10-25,102.32,Consumer,37.84
22892,2014-08-01,87.84,Corporate,12.24
22895,2014-02-20,49.842,Consumer,-103.158
22899,2014-06-24,82.32,Home Office,39.48
22900,2014-06-09,125.064,Home Office,34.704
22903,2014-03-07,100.2,Home Office,6.0
22904,2014-05-19,272.24,Corporate,51.72
22905,2014-05-02,154.89,Consumer,26.28
22906,2014-01-26,313.4205,Corporate,44.2305
22912,2014-09-20,149.95,Corporate,31.4895
22923,2014-07-11,41.91,Corporate,10.8966
22924,2014-07-11,64.02,Corporate,5.76
22927,2014-07-25,116.76,Consumer,-44.8
22929,2014-08-26,114.66,Consumer,46.98
22932,2014-10-22,57.6,Home Office,0.96
22934,2014-02-24,71.96,Corporate,25.186
22937,2014-01-05,150.72,Consumer,10.32
22945,2014-09-11,259.896,Consumer,-56.3108
22947,2014-06-02,74.88,Corporate,-25.47
22950,2014-10-02,269.244,Home Office,65.784
22952,2014-10-27,118.65,Consumer,19.775
22955,2014-04-14,114.0,Corporate,11.4
22962,2014-04-22,109.095,Home Office,-102.585
22969,2014-08-16,113.304,Consumer,-34.016
22973,2014-10-18,115.11,Corporate,13.77
22980,2014-11-06,174.24,Consumer,59.22
22987,2014-05-21,82.89,Consumer,36.45
22989,2014-08-22,322.1271,Consumer,-4.4829
22991,2014-08-07,115.296,Corporate,40.3536
22995,2014-10-22,154.7,Consumer,0.0
22996,2014-10-17,117.6,Consumer,57.6
22998,2014-03-25,47.01,Corporate,22.0947
23005,2014-08-13,76.32,Consumer,23.58
23006,2014-12-31,90.93,Consumer,2.7279
23010,2014-12-19,47.82,Home Office,10.5
23013,2014-12-13,76.9401,Home Office,-1.5399
23015,2014-09-26,119.96,Consumer,35.988
23017,2014-07-02,197.91,Home Office,19.77
23018,2014-03-08,151.2,Corporate,75.6
23020,2014-09-11,82.86,Home Office,16.56
23033,2014-06-26,50.46,Home Office,0.99
23037,2014-10-20,114.92,Consumer,13.76
23038,2014-10-08,108.48,Corporate,21.66
23044,2014-09-03,254.58,Consumer,45.81
23045,2014-03-03,43.164,Corporate,-72.036
23046,2014-03-20,75.6,Corporate,12.0
23054,2014-01-24,90.3,Consumer,29.76
23066,2014-09-19,113.94,Corporate,34.182
23067,2014-06-23,52.59,Consumer,12.6
23068,2014-11-13,121.05,Home Office,50.82
23069,2014-01-21,206.4,Consumer,92.88
23071,2014-08-21,121.32,Consumer,7.26
23073,2014-11-22,158.58,Consumer,22.2
23074,2014-09-23,92.7,Corporate,30.51
23079,2014-12-05,70.308,Home Office,-14.112
23080,2014-02-10,31.935,Consumer,-11.505
23081,2014-12-23,97.713,Home Office,-60.507
23084,2014-09-30,65.124,Consumer,15.804
23085,2014-09-23,79.984,Consumer,22.9954
23088,2014-12-16,90.96,Consumer,2.7
23094,2014-12-16,129.06,Corporate,46.44
23097,2014-03-13,83.88,Consumer,30.96
23100,2014-11-20,196.83,Corporate,6.39
23102,2014-07-04,167.968,Consumer,62.988
23108,2014-10-14,149.13,Corporate,47.7
23109,2014-03-27,91.44,Home Office,17.34
23114,2014-12-26,153.552,Corporate,51.8238
23121,2014-07-31,88.65,Corporate,0.0
23123,2014-09-11,133.5,Corporate,55.95
23128,2014-08-13,242.624,Consumer,27.2952
23129,2014-10-14,71.22,Corporate,14.94
23132,2014-06-13,100.992,Consumer,-11.808
23136,2014-05-07,58.44,Home Office,19.2
23138,2014-11-12,38.85,Consumer,0.0
23140,2014-05-04,118.224,Corporate,-37.536
23141,2014-09-24,31.44,Consumer,8.4888
23142,2014-10-31,33.94,Home Office,9.1638
23145,2014-07-10,63.0,Home Office,6.84
23147,2014-11-10,84.52,Corporate,42.24
23149,2014-07-24,229.446,Corporate,-22.974
23154,2014-10-15,322.1271,Consumer,-4.4829
23158,2014-10-04,196.8,Corporate,84.6
23159,2014-09-22,57.402,Home Office,-44.028
23160,2014-09-24,111.552,Corporate,-14.888
23165,2014-02-05,92.82,Corporate,3.66
23170,2014-01-28,65.22,Corporate,15.0
23175,2014-12-29,90.848,Home Office,9.068
23185,2014-06-10,137.16,Corporate,0.0
23186,2014-10-07,54.636,Corporate,5.456
23188,2014-10-07,127.296,Consumer,28.566
23189,2014-03-19,38.34,Consumer,16.47
23190,2014-08-11,49.5,Corporate,16.32
23197,2014-09-05,68.07,Home Office,10.2
23199,2014-12-02,29.55,Corporate,3.54
23200,2014-10-16,287.24436,Consumer,65.60436
23201,2014-09-13,90.3,Home Office,3.6
23202,2014-05-19,144.48,Corporate,-41.02
23204,2014-11-25,142.2,Consumer,2.7
23205,2014-11-20,100.17,Consumer,24.84
23208,2014-06-18,51.312,Consumer,17.9592
23211,2014-06-20,103.08,Consumer,21.6
23212,2014-12-24,220.536,Consumer,-485.244
23216,2014-02-03,54.18,Home Office,8.1
23226,2014-09-11,46.9974,Consumer,-14.2026
23227,2014-05-01,57.6,Corporate,8.64
23229,2014-09-08,81.568,Corporate,7.1372
23234,2014-05-30,153.81,Corporate,53.82
23235,2014-07-31,107.4,Consumer,8.58
23239,2014-12-15,56.328,Consumer,-26.7558
23240,2014-03-25,40.32,Consumer,-12.12
23242,2014-12-05,56.58,Consumer,24.87
23244,2014-08-19,76.14,Home Office,25.11
23246,2014-09-25,96.66,Consumer,3.78
23250,2014-12-01,155.94,Consumer,45.2226
23251,2014-04-02,38.16,Consumer,17.91
23252,2014-06-17,70.47,Consumer,3.51
23255,2014-11-10,84.672,Corporate,-1.458
23266,2014-03-20,170.19,Home Office,64.65
23270,2014-05-15,70.596,Consumer,-22.404
23274,2014-03-18,107.44,Consumer,27.9344
23276,2014-11-26,125.34,Corporate,60.15
23277,2014-06-16,78.12,Corporate,11.7
23279,2014-07-11,80.0,Corporate,16.0
23282,2014-01-16,67.584,Home Office,-60.876
23289,2014-05-02,53.568,Consumer,0.588
23290,2014-05-26,147.69,Consumer,59.04
23292,2014-03-28,144.1458,Corporate,43.4358
23293,2014-03-20,80.622,Home Office,29.502
23296,2014-11-26,87.84,Consumer,32.46
23297,2014-09-17,32.64,Corporate,4.56
23301,2014-03-31,72.27,Corporate,13.68
23304,2014-07-24,61.92,Consumer,-29.94
23309,2014-03-17,70.464,Corporate,22.9008
23310,2014-06-03,128.22,Consumer,58.98
23311,2014-10-04,76.85496,Corporate,-27.26504
23315,2014-10-17,176.4,Home Office,82.86
23316,2014-05-06,162.84,Consumer,63.48
23317,2014-12-19,117.288,Corporate,7.488
23318,2014-09-24,160.96,Consumer,48.288
23321,2014-07-01,121.5,Corporate,59.52
23329,2014-08-18,53.91,Consumer,12.39
23331,2014-08-11,157.464,Home Office,59.454
23335,2014-09-01,229.544,Consumer,83.2097
23336,2014-11-13,57.96,Consumer,0.48
23340,2014-10-22,41.7,Corporate,6.24
23341,2014-02-25,198.732,Consumer,-213.648
23342,2014-11-10,30.528,Consumer,-8.232
23343,2014-02-28,205.92,Home Office,51.36
23345,2014-08-13,34.38,Consumer,8.91
23348,2014-02-11,267.3,Home Office,11.88
23351,2014-04-18,40.68,Consumer,12.96
23352,2014-08-22,83.88,Corporate,29.358
23353,2014-09-23,101.976,Home Office,-150.444
23356,2014-09-04,117.12,Corporate,52.68
23361,2014-10-25,112.86,Consumer,12.24
23363,2014-05-13,44.928,Home Office,12.978
23366,2014-11-07,45.36,Home Office,22.2264
23367,2014-05-15,74.0,Corporate,37.0
23368,2014-09-16,81.96,Corporate,0.0
23371,2014-06-16,203.52,Corporate,18.24
23372,2014-09-15,29.85,Consumer,6.84
23373,2014-09-26,144.096,Corporate,-90.084
23376,2014-10-23,122.067,Corporate,14.877
23384,2014-09-22,159.2,Home Office,23.84
23386,2014-09-26,80.28,Consumer,30.42
23396,2014-09-23,40.176,Corporate,14.5638
23399,2014-01-01,54.0,Consumer,4.86
23400,2014-08-27,363.06,Consumer,-314.94
23408,2014-07-21,62.4,Consumer,8.1
23411,2014-06-04,136.242,Consumer,-6.138
23414,2014-12-16,110.04,Consumer,8.79
23419,2014-04-10,111.06,Corporate,24.42
23421,2014-11-03,184.8,Consumer,73.8
23424,2014-12-06,205.03,Corporate,67.6599
23427,2014-01-15,111.984,Consumer,6.999
23431,2014-10-28,561.0,Consumer,44.8
23432,2014-04-08,112.824,Corporate,-50.856
23434,2014-01-10,86.4,Home Office,12.0
23443,2014-04-22,97.264,Consumer,-243.16
23444,2014-02-18,166.45,Home Office,39.948
23446,2014-07-18,83.46,Home Office,33.36
23447,2014-06-11,86.96,Consumer,22.6
23456,2014-05-10,127.584,Consumer,-23.496
23461,2014-08-08,47.04,Corporate,18.33
23462,2014-07-02,96.6,Consumer,11.58
23463,2014-10-21,42.18,Consumer,5.46
23471,2014-04-18,195.136,Corporate,-43.9056
23472,2014-08-28,62.16,Consumer,4.95
23477,2014-11-20,193.68,Consumer,73.56
23479,2014-03-12,91.2024,Consumer,-53.3976
23482,2014-06-09,85.056,Corporate,28.7064
23483,2014-08-08,79.992,Consumer,21.9978
23485,2014-11-14,206.76,Consumer,66.12
23492,2014-12-12,125.19,Home Office,29.97
23494,2014-10-01,116.388,Consumer,-103.212
23503,2014-09-24,135.324,Home Office,29.964
23505,2014-06-12,174.42,Consumer,41.8608
23506,2014-05-07,191.968,Consumer,28.7952
23509,2014-09-17,43.92,Consumer,19.32
23512,2014-07-14,109.08,Consumer,52.32
23518,2014-12-26,105.912,Consumer,-50.328
23521,2014-01-24,83.4,Consumer,3.3
23529,2014-12-12,47.52,Consumer,23.28
23531,2014-12-26,158.928,Consumer,41.7186
23534,2014-05-07,97.74,Consumer,10.74
23541,2014-01-24,95.04,Consumer,30.36
23542,2014-07-21,70.34252,Consumer,-79.89748
23550,2014-04-20,143.13,Corporate,57.24
23555,2014-03-14,164.6,Home Office,21.36
23556,2014-06-17,42.96,Home Office,-16.48
23560,2014-06-03,170.52,Consumer,68.04
23561,2014-08-27,455.49,Consumer,86.49
23565,2014-06-11,144.096,Corporate,-26.424
23566,2014-11-12,99.72,Corporate,39.84
23567,2014-04-16,121.2,Consumer,27.84
23572,2014-12-30,49.3515,Consumer,-4.5585
23573,2014-08-22,89.16,Consumer,32.94
23574,2014-02-15,76.896,Consumer,-7.704
23576,2014-12-03,55.35,Consumer,22.65
23577,2014-03-22,90.9348,Corporate,14.1348
23579,2014-09-04,42.616,Consumer,-68.1856
23580,2014-08-02,95.984,Consumer,5.999
23581,2014-08-08,159.96,Consumer,17.9955
23584,2014-06-18,101.04,Corporate,29.28
23587,2014-11-07,106.816,Corporate,36.016
23588,2014-11-10,116.712,Home Office,-40.888
23589,2014-05-14,100.4,Consumer,8.0
23591,2014-03-17,75.006,Corporate,26.646
23593,2014-02-10,185.598,Consumer,-2.982
23595,2014-01-22,164.99,Home Office,49.497
23598,2014-06-13,118.8,Consumer,49.8
23599,2014-11-10,140.76,Consumer,-178.36
23601,2014-12-13,65.7,Home Office,5.2
23602,2014-04-07,68.67,Home Office,10.98
23606,2014-07-07,368.55,Consumer,4.05
23608,2014-10-27,29.28,Home Office,2.34
23610,2014-10-04,79.08,Home Office,33.96
23613,2014-12-20,102.018,Consumer,-183.6324
23616,2014-10-20,73.44,Home Office,20.52
23617,2014-12-27,67.28,Consumer,6.04
23622,2014-09-18,261.74,Corporate,65.435
23627,2014-07-24,83.67,Home Office,-28.47
23630,2014-12-12,94.284,Corporate,31.374
23631,2014-04-29,106.542,Consumer,46.122
23636,2014-06-03,76.176,Consumer,-172.704
23638,2014-08-11,113.76,Corporate,1.08
23640,2014-12-06,58.8,Consumer,15.84
23641,2014-05-29,69.12,Home Office,2.76
23645,2014-12-12,77.72,Consumer,-66.062
23651,2014-09-29,135.09,Consumer,28.35
23657,2014-03-18,134.16,Consumer,12.06
23659,2014-04-25,148.44,Consumer,23.73
23665,2014-08-29,136.14,Consumer,13.56
23666,2014-06-18,122.148,Consumer,-13.572
23667,2014-12-01,143.13,Home Office,57.24
23668,2014-11-12,88.2,Consumer,7.92
23674,2014-01-26,74.763,Corporate,29.073
23675,2014-12-19,79.56,Corporate,36.54
23676,2014-06-30,110.25,Corporate,11.97
23677,2014-01-16,141.507,Corporate,-4.743
23678,2014-03-07,169.65,Consumer,39.0
23680,2014-05-12,99.0,Home Office,13.86
23681,2014-08-22,51.75,Consumer,24.84
23682,2014-03-12,130.32,Consumer,51.84
23685,2014-09-03,68.56,Consumer,-37.74
23687,2014-09-01,129.519,Consumer,11.439
23694,2014-12-09,90.48,Corporate,33.93
23699,2014-12-03,229.44,Corporate,27.36
23702,2014-10-08,172.206,Consumer,9.546
23704,2014-11-28,244.55,Corporate,114.9385
23707,2014-12-03,67.86,Consumer,-45.24
23708,2014-11-29,62.65,Consumer,29.4455
23711,2014-11-25,461.3,Consumer,124.46
23712,2014-12-20,132.132,Corporate,-2.268
23713,2014-09-17,163.38,Consumer,40.8
23716,2014-12-15,122.22,Consumer,58.59
23719,2014-12-26,201.84,Consumer,3.96
23722,2014-08-18,77.4,Home Office,33.21
23725,2014-09-29,157.59,Home Office,18.9
23727,2014-01-15,154.9,Consumer,69.705
23729,2014-05-12,76.452,Corporate,-87.948
23735,2014-12-01,146.79,Corporate,73.35
23740,2014-04-15,198.272,Corporate,-32.2192
23744,2014-04-14,118.65,Corporate,42.63
23746,2014-05-19,146.79,Corporate,-0.09
23747,2014-01-31,136.344,Consumer,47.694
23752,2014-10-08,37.92,Consumer,2.22
23758,2014-11-06,129.276,Consumer,6.966
23763,2014-08-28,56.58,Corporate,24.87
23767,2014-02-18,53.208,Consumer,-2.712
23771,2014-11-14,90.96,Consumer,2.7
23776,2014-08-21,226.56,Corporate,63.4368
23777,2014-07-15,71.92,Consumer,20.8568
23778,2014-11-24,127.785,Corporate,-31.0335
23780,2014-09-27,94.08,Corporate,18.78
23781,2014-04-08,83.2,Consumer,6.64
23782,2014-12-13,129.12,Consumer,48.42
23785,2014-01-03,106.218,Corporate,25.788
23786,2014-11-15,321.568,Corporate,28.1372
23787,2014-07-11,265.11,Home Office,90.12
23791,2014-02-26,103.08,Consumer,26.76
23794,2014-07-10,155.52,Home Office,5.12
23796,2014-06-19,274.8,Home Office,96.15
23797,2014-12-27,189.96,Consumer,15.12
23800,2014-08-05,123.8526,Consumer,7.4526
23802,2014-05-21,39.3324,Consumer,8.0724
23804,2014-05-10,65.232,Corporate,22.0158
23807,2014-08-13,51.54,Consumer,10.8
23812,2014-11-04,84.1,Consumer,21.0
23813,2014-11-25,151.875,Consumer,-3.075
23816,2014-08-08,62.64,Consumer,19.35
23817,2014-05-16,129.843,Corporate,40.383
23819,2014-04-10,270.9,Corporate,27.0
23820,2014-12-15,76.74,Consumer,36.06
23827,2014-12-30,84.84,Home Office,12.72
23828,2014-05-31,132.39,Corporate,42.3
23829,2014-10-11,69.84,Corporate,27.9
23833,2014-01-17,27.92,Corporate,8.0968
23834,2014-10-18,52.792,Corporate,4.6193
23835,2014-11-05,194.352,Corporate,-43.7292
23841,2014-08-06,175.56,Corporate,-27.69
23842,2014-03-25,100.2,Corporate,6.0
23845,2014-04-18,60.312,Consumer,5.2773
23846,2014-11-20,58.408,Home Office,18.2525
23848,2014-01-31,70.56,Consumer,-22.44
23850,2014-10-15,52.2,Home Office,-14.64
23853,2014-08-22,56.85,Consumer,10.8
23855,2014-09-09,65.12,Corporate,16.9312
23856,2014-12-18,142.152,Consumer,-95.988
23864,2014-05-02,105.72,Consumer,2.04
23865,2014-12-29,74.205,Home Office,-50.535
23871,2014-12-03,151.188,Corporate,-25.198
23874,2014-08-18,146.1,Consumer,18.9
23875,2014-10-02,252.3,Home Office,4.95
23876,2014-11-11,81.45,Corporate,21.9
23884,2014-09-04,103.5,Corporate,-27.6
23886,2014-09-16,114.84,Consumer,25.2
23887,2014-01-24,54.6,Consumer,18.45
23890,2014-06-18,48.195,Corporate,19.275
23891,2014-12-05,166.284,Corporate,-72.096
23894,2014-10-24,35.0,Corporate,14.7
23895,2014-11-05,95.976,Consumer,15.5961
23896,2014-05-29,125.13,Corporate,36.2877
23897,2014-09-19,57.6,Corporate,25.92
23901,2014-09-12,143.36,Corporate,8.96
23903,2014-06-26,204.75,Corporate,79.8
23905,2014-11-28,80.676,Consumer,3.876
23906,2014-06-23,121.8855,Home Office,48.3855
23914,2014-11-25,70.38,Home Office,32.22
23916,2014-12-06,42.09,Home Office,-26.13
23917,2014-04-03,258.0,Consumer,123.75
23918,2014-11-25,93.18,Consumer,-65.34
23919,2014-11-07,128.37,Corporate,55.17
23921,2014-07-10,155.1165,Corporate,-3.0135
23922,2014-08-27,30.51,Corporate,-0.69
23927,2014-10-02,58.74,Home Office,20.52
23928,2014-12-09,178.24,Consumer,64.16
23931,2014-10-21,96.6,Home Office,11.58
23932,2014-09-01,48.357,Consumer,1.047
23937,2014-09-03,79.92,Consumer,37.5624
23938,2014-06-28,22.8,Corporate,5.22
23945,2014-12-10,90.45,Home Office,28.8
23950,2014-10-31,64.8,Home Office,-4.32
23951,2014-08-29,101.04,Consumer,29.28
23959,2014-06-02,126.09,Consumer,21.42
23960,2014-11-03,65.22,Consumer,24.12
23967,2014-03-02,61.18,Home Office,7.28
23968,2014-09-16,795.2064,Home Office,245.4064
23969,2014-11-29,103.2,Home Office,49.5
23970,2014-11-21,138.96,Corporate,36.09
23973,2014-06-03,207.36,Corporate,31.08
23977,2014-11-27,107.55,Consumer,-30.15
23978,2014-03-25,121.08,Corporate,41.16
23984,2014-10-21,49.02,Corporate,1.44
23986,2014-04-23,79.74,Consumer,26.31
23990,2014-03-19,1048.8,Home Office,157.32
23996,2014-08-13,52.59,Home Office,12.6
24000,2014-12-01,103.896,Corporate,-145.464
24001,2014-02-21,133.2,Consumer,23.97
24005,2014-11-24,75.6,Consumer,36.24
24017,2014-06-05,61.08,Consumer,6.06
24018,2014-09-18,194.74,Consumer,23.24
24019,2014-05-28,101.7,Consumer,11.16
24022,2014-10-23,180.48,Corporate,61.2
24023,2014-01-02,454.56,Consumer,-107.958
24024,2014-06-02,83.97,Corporate,15.9543
24026,2014-07-07,41.7,Home Office,4.98
24028,2014-11-19,90.048,Home Office,-1.132
24029,2014-11-26,106.05,Consumer,14.7
24038,2014-11-08,38.16,Consumer,19.08
24042,2014-05-13,87.4,Consumer,34.96
24045,2014-11-24,113.76,Corporate,1.08
24051,2014-09-24,80.1,Home Office,37.62
24052,2014-06-25,120.0,Consumer,-40.0
24053,2014-01-26,118.86,Consumer,55.86
24055,2014-05-07,62.55,Home Office,9.36
24056,2014-08-27,141.66,Home Office,2.7
24061,2014-04-02,218.352,Corporate,-19.1058
24064,2014-06-06,73.08,Corporate,-17.16
24066,2014-06-16,100.764,Consumer,-45.396
24067,2014-11-25,146.688,Home Office,-22.032
24068,2014-09-23,73.52,Corporate,20.56
24069,2014-11-20,102.78,Consumer,29.76
24071,2014-02-14,55.92,Home Office,27.36
24074,2014-10-25,62.58,Consumer,14.28
24075,2014-02-04,174.24,Home Office,59.22
24078,2014-05-19,88.1,Corporate,34.3
24080,2014-11-19,94.2,Consumer,27.3
24081,2014-07-12,109.32,Consumer,4.32
24083,2014-01-10,222.282,Consumer,-176.268
24085,2014-11-04,73.656,Consumer,11.016
24087,2014-01-08,110.11,Consumer,31.9319
24097,2014-10-07,103.2,Consumer,49.5
24100,2014-11-15,167.952,Consumer,-27.2922
24111,2014-10-22,108.04,Consumer,27.0
24114,2014-06-16,191.835,Consumer,-145.845
24116,2014-04-09,82.56,Consumer,1.02
24117,2014-06-18,175.4703,Consumer,35.8803
24118,2014-08-07,140.67,Consumer,-36.63
24124,2014-06-12,229.56,Consumer,15.96
24126,2014-02-03,23.34,Consumer,7.2
24127,2014-09-26,69.804,Home Office,-41.916
24128,2014-05-08,320.6115,Corporate,26.4015
24133,2014-04-10,88.83,Consumer,36.36
24138,2014-05-27,109.35,Corporate,17.01
24139,2014-09-04,134.73,Consumer,59.85
24140,2014-09-10,159.96,Corporate,51.1872
24141,2014-11-24,78.304,Corporate,29.364
24142,2014-06-13,71.976,Consumer,8.997
24151,2014-08-25,168.63,Consumer,31.92
24152,2014-12-05,91.692,Consumer,11.052
24158,2014-11-21,112.35,Consumer,0.0
24161,2014-04-06,45.846,Consumer,8.106
24166,2014-08-28,96.96,Consumer,12.6
24171,2014-08-18,85.26,Corporate,28.12
24174,2014-10-09,31.86,Consumer,-13.32
24175,2014-04-01,67.776,Consumer,-44.064
24176,2014-06-23,85.32,Consumer,34.98
24179,2014-06-09,56.97,Corporate,4.5
24181,2014-12-18,69.84,Consumer,2.04
24183,2014-04-02,32.508,Consumer,-21.132
24185,2014-09-06,147.184,Home Office,-29.4368
24188,2014-07-30,115.96,Consumer,25.5112
24190,2014-05-12,86.928,Corporate,-126.072
24197,2014-06-07,171.84,Corporate,65.28
24201,2014-05-27,255.42,Consumer,16.98
24204,2014-08-01,92.7,Corporate,22.23
24206,2014-09-30,60.6,Corporate,8.4
24207,2014-11-06,196.98,Consumer,39.39
24208,2014-11-19,99.96,Consumer,46.98
24210,2014-07-31,78.048,Corporate,-137.952
24211,2014-10-04,252.41416,Consumer,34.89416
24222,2014-10-02,61.776,Consumer,20.8494
24226,2014-02-18,175.44,Home Office,52.632
24230,2014-12-03,124.5,Home Office,-146.31
24232,2014-03-04,57.96,Consumer,-37.68
24235,2014-07-10,84.84,Consumer,39.84
24238,2014-07-10,195.64,Consumer,3.9128
24243,2014-11-10,67.92,Home Office,7.44
24245,2014-08-05,56.97,Consumer,4.5
24252,2014-09-26,190.896,Corporate,-42.9516
24254,2014-07-09,77.616,Consumer,-3.904
24258,2014-07-10,43.83,Consumer,-32.49
24267,2014-10-14,96.784,Consumer,-145.176
24269,2014-10-28,48.87,Consumer,14.16
24271,2014-06-24,98.88,Consumer,21.72
24272,2014-05-27,146.64,Consumer,65.96
24275,2014-06-19,40.008,Corporate,-22.672
24278,2014-07-24,127.71,Corporate,-86.94
24287,2014-05-15,80.58,Consumer,6.68
24291,2014-12-29,52.488,Corporate,19.818
24293,2014-03-31,52.86,Corporate,1.02
24295,2014-12-16,81.375,Corporate,-50.505
24296,2014-05-13,67.23,Home Office,26.13
24298,2014-05-20,60.3,Consumer,1.8
24299,2014-09-26,221.85,Corporate,102.0
24300,2014-06-27,147.78,Consumer,-73.92
24311,2014-09-09,64.2,Corporate,6.36
24316,2014-11-28,49.1787,Home Office,-18.5913
24317,2014-11-13,101.61,Consumer,6.75
24323,2014-11-06,144.33,Consumer,44.73
24327,2014-09-20,131.76,Consumer,48.69
24331,2014-09-25,99.12,Consumer,27.72
24337,2014-05-28,114.78,Home Office,5.7
24342,2014-08-14,81.42,Consumer,40.68
24345,2014-07-04,143.1,Consumer,5.7
24347,2014-11-26,146.79,Consumer,64.53
24353,2014-09-18,20.2,Consumer,4.64
24364,2014-07-09,141.9,Corporate,58.179
24367,2014-10-17,105.44,Corporate,32.64
24371,2014-02-26,123.9405,Consumer,-84.2595
24375,2014-07-22,25.99,Consumer,7.5371
24376,2014-12-26,112.92,Corporate,28.2
24379,2014-11-15,1245.6,Corporate,62.28
24384,2014-02-10,71.2161,Corporate,-5.4639
24387,2014-07-21,163.764,Corporate,25.4744
24393,2014-10-17,56.52,Home Office,5.58
24394,2014-09-18,177.3,Consumer,40.05
24395,2014-06-09,59.994,Consumer,-3.366
24402,2014-06-12,141.63,Consumer,36.81
24406,2014-08-28,84.159,Consumer,3.699
24413,2014-11-04,54.648,Corporate,-56.472
24416,2014-08-26,64.68,Home Office,23.92
24418,2014-11-20,84.69,Consumer,0.0
24422,2014-12-08,109.38,Consumer,14.16
24426,2014-06-25,47.88,Home Office,-84.6
24439,2014-08-14,59.52,Consumer,15.4752
24442,2014-11-06,164.688,Consumer,55.5822
24445,2014-12-19,121.536,Consumer,-164.124
24449,2014-09-02,107.94,Corporate,36.66
24457,2014-03-02,53.76,Home Office,12.36
24458,2014-05-07,169.76,Corporate,74.56
24459,2014-03-10,45.2,Home Office,14.88
24464,2014-02-04,54.45,Corporate,-30.69
24467,2014-06-26,117.18,Corporate,13.86
24470,2014-10-21,145.85,Consumer,70.008
24474,2014-11-10,133.2,Consumer,23.97
24477,2014-06-05,146.79,Consumer,73.35
24482,2014-10-29,127.413,Consumer,38.223
24483,2014-06-25,60.9765,Consumer,-51.8235
24484,2014-03-13,35.478,Consumer,13.338
24486,2014-10-08,50.454,Home Office,-33.636
24490,2014-08-06,45.69,Consumer,7.29
24491,2014-12-01,127.92,Consumer,23.01
24495,2014-06-26,56.76,Home Office,11.88
24498,2014-11-20,147.888,Consumer,-91.212
24499,2014-09-17,125.22,Consumer,37.56
24500,2014-06-13,169.92,Corporate,73.02
24501,2014-03-04,81.315,Consumer,-43.965
24503,2014-06-16,78.66,Consumer,33.0
24506,2014-08-09,197.49,Home Office,17.76
24510,2014-06-26,32.22,Consumer,10.62
24512,2014-12-02,45.72,Corporate,-4.59
24516,2014-11-17,118.32,Consumer,23.6
24519,2014-12-09,83.97,Corporate,27.63
24523,2014-06-10,95.04,Corporate,47.52
24525,2014-11-12,51.66,Consumer,17.52
24526,2014-01-25,76.62,Consumer,0.72
24530,2014-07-28,91.032,Consumer,-2.2758
24532,2014-05-13,58.14,Consumer,-135.66
24543,2014-10-10,73.41,Consumer,-30.84
24544,2014-03-03,59.94,Corporate,3.24
24546,2014-05-28,38.7693,Consumer,8.3493
24547,2014-02-13,55.56,Corporate,22.68
24548,2014-06-18,103.599,Consumer,2.259
24549,2014-10-23,63.9,Home Office,28.755
24551,2014-03-27,143.96,Corporate,1.7995
24560,2014-12-12,114.3,Home Office,13.68
24562,2014-12-03,701.96,Consumer,168.4704
24567,2014-09-25,151.36,Home Office,-28.4
24568,2014-08-26,91.314,Consumer,22.314
24569,2014-04-07,218.16,Consumer,104.64
24571,2014-12-12,29.079,Corporate,-3.231
24574,2014-12-01,81.99,Consumer,27.03
24575,2014-12-16,62.8,Consumer,7.52
24580,2014-02-14,225.471,Corporate,-26.529
24582,2014-05-08,101.952,Consumer,-17.028
24584,2014-10-07,143.7,Consumer,68.976
24586,2014-12-01,79.29,Consumer,10.29
24588,2014-11-14,72.96,Consumer,6.56
24589,2014-02-27,56.64,Corporate,20.88
24595,2014-04-24,121.94,Consumer,35.3626
24596,2014-08-22,50.52,Consumer,14.64
24597,2014-05-14,92.64,Home Office,24.06
24601,2014-10-28,303.3,Home Office,42.4
24603,2014-03-01,59.4,Consumer,-25.8
24606,2014-02-04,65.584,Home Office,23.7742
24607,2014-06-12,61.44,Consumer,16.5888
24611,2014-06-13,42.92,Consumer,16.28
24614,2014-12-10,100.8,Consumer,5.04
24615,2014-03-13,45.36,Consumer,6.24
24619,2014-10-24,507.12,Corporate,182.4
24624,2014-09-15,127.936,Consumer,4.7976
24625,2014-06-26,68.13,Consumer,34.05
24630,2014-12-10,48.3,Corporate,5.31
24638,2014-11-03,25.02,Home Office,10.5084
24640,2014-10-29,144.33,Consumer,44.73
24643,2014-12-29,31.08,Corporate,-10.68
24645,2014-08-22,99.12,Home Office,27.72
24647,2014-05-06,89.991,Consumer,-152.9847
24649,2014-12-10,141.09,Consumer,31.02
24660,2014-02-26,53.568,Corporate,-2.412
24661,2014-08-19,386.856,Consumer,29.976
24664,2014-09-17,139.5,Consumer,34.86
24665,2014-12-23,86.7,Consumer,35.5
24668,2014-12-27,55.36,Consumer,25.44
24669,2014-09-04,50.4,Consumer,24.18
24675,2014-01-24,56.52,Consumer,5.58
24678,2014-04-07,101.04,Consumer,43.44
24679,2014-12-11,21.9,Consumer,6.3
24686,2014-03-18,99.72,Corporate,39.84
24689,2014-05-10,88.26,Consumer,44.1
24690,2014-09-18,413.451,Corporate,-45.939
24691,2014-11-21,119.07,Corporate,38.07
24693,2014-12-25,97.86,Consumer,48.93
24694,2014-10-17,124.75,Consumer,57.385
24702,2014-12-26,98.4,Home Office,42.3
24705,2014-01-31,83.8248,Corporate,-3.1752
24708,2014-06-18,101.52,Consumer,26.97
24709,2014-10-09,45.4176,Consumer,-1.1424
24713,2014-11-25,33.29,Corporate,7.9896
24714,2014-02-04,99.72,Consumer,0.0
24716,2014-09-29,110.784,Home Office,-110.796
24717,2014-03-28,41.6,Consumer,8.72
24718,2014-11-28,88.032,Consumer,-36.688
24722,2014-11-25,109.08,Corporate,52.32
24723,2014-08-04,295.56,Consumer,-157.68
24726,2014-05-04,61.2,Consumer,18.96
24729,2014-03-13,97.02,Home Office,31.02
24731,2014-05-20,100.8,Consumer,42.3
24743,2014-08-16,45.72,Consumer,7.76
24745,2014-02-01,97.2,Consumer,-38.88
24746,2014-04-08,151.38,Consumer,-90.84
24750,2014-06-25,41.472,Corporate,0.912
24753,2014-09-25,94.05,Consumer,33.84
24754,2014-05-17,109.7895,Home Office,-31.2105
24755,2014-11-06,117.18,Home Office,43.32
24758,2014-09-11,21.222,Consumer,-44.598
24762,2014-12-02,118.8,Consumer,56.88
24763,2014-09-17,61.392,Home Office,13.032
24767,2014-08-27,52.704,Consumer,-8.576
24775,2014-07-26,41.16,Consumer,-8.24
24776,2014-02-28,110.025,Consumer,-12.225
24781,2014-02-21,114.3,Corporate,7.92
24788,2014-05-05,116.04,Corporate,58.02
24790,2014-05-19,113.94,Corporate,54.6912
24792,2014-09-18,40.4,Consumer,2.8
24794,2014-11-19,49.76,Corporate,6.4
24795,2014-12-13,36.0,Corporate,6.48
24800,2014-10-01,95.616,Corporate,-2.304
24806,2014-03-06,200.88,Consumer,32.04
24807,2014-10-22,120.08,Consumer,34.82
24808,2014-08-12,131.52,Consumer,9.2
24813,2014-05-30,52.0,Consumer,16.12
24814,2014-10-13,37.44,Corporate,2.56
24816,2014-09-11,54.75,Consumer,22.35
24818,2014-09-29,108.7881,Consumer,14.4081
24821,2014-02-24,99.0,Home Office,32.64
24823,2014-12-01,50.1,Consumer,3.0
24824,2014-05-30,58.74,Consumer,20.52
24829,2014-06-26,88.695,Consumer,-4.005
24834,2014-12-31,209.3,Home Office,56.511
24835,2014-12-17,80.46,Home Office,10.44
24841,2014-11-05,101.1,Home Office,20.22
24843,2014-12-02,64.88,Consumer,12.32
24845,2014-04-07,123.456,Corporate,38.576
24854,2014-09-30,51.168,Corporate,-6.396
24855,2014-06-06,41.364,Consumer,-30.336
24858,2014-10-01,96.42,Consumer,-43.48
24860,2014-10-22,102.88,Consumer,27.68
24863,2014-02-10,88.47,Corporate,11.43
24864,2014-06-25,66.6,Consumer,18.6
24870,2014-09-17,55.992,Consumer,5.5992
24872,2014-01-29,36.459,Corporate,-27.981
24876,2014-09-30,55.44,Corporate,3.68
24880,2014-02-21,315.252,Corporate,-155.178
24887,2014-09-01,155.142,Consumer,-258.678
24891,2014-03-08,111.06,Consumer,24.42
24892,2014-09-23,141.12,Corporate,6.93
24895,2014-05-09,56.9214,Consumer,20.5614
24900,2014-11-14,43.6,Corporate,12.208
24905,2014-06-21,98.055,Consumer,-23.535
24907,2014-05-01,47.0799,Corporate,-6.2901
24908,2014-05-06,69.0945,Consumer,-11.4555
24909,2014-04-24,110.646,Consumer,38.106
24912,2014-10-31,16.192,Consumer,-8.5008
24913,2014-05-08,244.5,Consumer,48.9
24914,2014-05-22,181.884,Corporate,-222.816
24915,2014-03-20,53.28,Corporate,26.64
24918,2014-12-19,89.504,Consumer,-1.136
24920,2014-12-12,88.1,Consumer,34.3
24921,2014-11-12,154.2,Consumer,1.44
24922,2014-12-05,123.6,Consumer,54.3
24927,2014-06-03,207.684,Corporate,83.004
24929,2014-11-04,43.5,Consumer,10.875
24930,2014-12-23,141.96,Home Office,35.49
24932,2014-06-27,100.74,Corporate,9.06
24933,2014-08-14,200.88,Consumer,62.16
24937,2014-05-29,117.6,Consumer,24.6
24942,2014-09-21,104.85,Consumer,28.3095
24945,2014-09-04,87.456,Consumer,-8.784
24946,2014-09-09,95.06948,Consumer,21.70948
24950,2014-02-18,280.92,Consumer,50.56
24956,2014-10-04,52.74,Home Office,19.5
24958,2014-09-23,98.16,Corporate,9.816
24964,2014-09-03,79.74,Consumer,26.31
24966,2014-12-23,54.0,Corporate,3.78
24973,2014-12-19,134.46,Consumer,52.26
24974,2014-10-08,114.84,Consumer,22.86
24976,2014-11-04,139.86,Corporate,65.7342
24979,2014-12-03,79.47,Corporate,22.2516
24980,2014-05-15,76.864,Consumer,26.9024
24984,2014-12-24,121.14,Corporate,58.14
24986,2014-12-04,60.16,Corporate,10.16
24990,2014-08-22,153.972,Corporate,-55.008
24991,2014-12-16,105.3,Home Office,46.32
24992,2014-09-30,90.36,Corporate,17.1
24993,2014-10-14,105.48,Corporate,43.2
24998,2014-08-20,146.412,Home Office,-19.488
25004,2014-08-25,104.88,Consumer,42.99
25007,2014-04-24,78.288,Consumer,9.768
25009,2014-05-01,140.76,Consumer,28.08
25012,2014-03-27,139.23,Consumer,5.49
25014,2014-09-05,149.445,Consumer,-41.895
25018,2014-12-24,70.92,Corporate,6.12
25019,2014-10-30,101.46,Consumer,32.46
25023,2014-07-15,72.54,Corporate,19.56
25024,2014-06-14,90.84,Corporate,39.06
25025,2014-05-08,101.97,Home Office,-234.57
25026,2014-08-11,185.76,Consumer,-141.21
25027,2014-09-19,95.904,Corporate,42.624
25034,2014-07-27,163.1448,Corporate,33.3648
25036,2014-10-06,61.96,Home Office,27.882
25037,2014-10-09,145.764,Consumer,3.2392
25042,2014-04-08,109.04,Consumer,14.16
25047,2014-06-25,248.22,Consumer,96.78
25054,2014-07-18,50.52,Home Office,14.64
25060,2014-10-29,88.8,Consumer,7.92
25061,2014-03-18,22.005,Consumer,-2.445
25062,2014-12-09,68.295,Consumer,-30.075
25072,2014-06-14,36.384,Consumer,-29.136
25075,2014-05-15,51.6,Consumer,-5.16
25077,2014-06-25,104.1,Consumer,37.4
25078,2014-09-25,137.712,Consumer,18.912
25086,2014-12-29,188.16,Corporate,73.32
25087,2014-10-30,82.7,Corporate,1.6
25089,2014-12-26,93.42,Home Office,14.94
25091,2014-08-26,103.62,Corporate,37.26
25095,2014-02-13,150.606,Home Office,-37.674
25107,2014-04-28,139.23,Corporate,65.43
25109,2014-04-21,113.46,Consumer,28.32
25110,2014-04-14,131.868,Home Office,5.808
25114,2014-09-11,107.07,Home Office,43.89
25118,2014-11-13,288.08268,Corporate,103.28268
25127,2014-10-23,177.225,Corporate,-120.513
25129,2014-11-06,49.86,Home Office,0.0
25131,2014-12-27,53.5,Corporate,10.7
25136,2014-11-17,96.0,Corporate,22.05
25137,2014-06-06,55.86,Consumer,6.12
25139,2014-11-15,163.62,Corporate,78.48
25140,2014-11-25,87.966,Consumer,23.406
25144,2014-02-26,53.97,Consumer,-28.14
25148,2014-11-27,43.47,Consumer,2.16
25149,2014-12-10,56.46,Corporate,0.0
25150,2014-04-02,102.9,Home Office,12.3
25153,2014-06-25,105.84,Consumer,-37.08
25154,2014-12-12,58.6,Consumer,0.0
25159,2014-11-28,46.94,Corporate,19.2454
25160,2014-01-02,141.42,Consumer,-187.3815
25161,2014-01-26,103.56,Home Office,38.28
25165,2014-12-16,112.62,Consumer,56.31
25172,2014-08-28,40.176,Home Office,6.246
25176,2014-05-20,103.572,Corporate,-134.688
25180,2014-11-07,55.14,Home Office,10.47
25184,2014-10-14,53.28,Corporate,21.3
25185,2014-06-20,109.52,Corporate,43.76
25186,2014-06-12,154.26,Corporate,13.86
25187,2014-02-21,29.01,Home Office,11.88
25191,2014-03-17,46.51,Home Office,1.8604
25198,2014-12-26,189.756,Consumer,35.826
25199,2014-08-18,96.84,Consumer,29.04
25202,2014-02-03,157.302,Consumer,59.382
25205,2014-12-03,43.98,Consumer,3.51
25212,2014-12-08,89.248,Corporate,6.688
25217,2014-06-21,75.87,Corporate,13.59
25220,2014-11-28,149.931,Corporate,24.921
25227,2014-07-14,91.008,Consumer,19.3392
25228,2014-11-22,55.176,Consumer,-12.4146
25230,2014-11-30,95.28,Consumer,21.9
25232,2014-09-23,96.12,Corporate,32.64
25233,2014-03-13,44.24,Home Office,7.92
25234,2014-12-23,130.0,Consumer,40.3
25237,2014-08-20,125.8485,Consumer,-87.9015
25246,2014-04-10,175.83,Corporate,8.79
25249,2014-03-24,52.38,Consumer,-21.84
25250,2014-09-08,119.52,Consumer,29.76
25251,2014-11-21,132.84,Consumer,1.32
25252,2014-06-17,104.328,Consumer,-4.662
25255,2014-08-20,60.2928,Consumer,-38.7072
25257,2014-06-18,133.44,Consumer,65.28
25258,2014-08-15,177.6,Corporate,46.16
25261,2014-10-06,51.78,Home Office,19.14
25266,2014-04-10,35.97,Home Office,9.7119
25268,2014-10-03,95.144,Consumer,10.7037
25269,2014-12-01,95.976,Corporate,-10.7973
25271,2014-11-27,71.6,Home Office,13.6
25274,2014-11-27,103.2,Consumer,44.28
25276,2014-11-20,188.16,Home Office,33.84
25279,2014-11-05,42.48,Consumer,-75.06
25280,2014-08-04,26.64,Home Office,12.48
25285,2014-10-16,63.552,Home Office,-20.128
25286,2014-03-04,123.06,Consumer,-82.04
25292,2014-08-05,174.7728,Consumer,-46.2672
25298,2014-12-31,138.24,Corporate,55.08
25303,2014-08-23,119.472,Home Office,-35.848
25304,2014-12-05,248.022,Consumer,8.262
25306,2014-10-28,64.56,Corporate,10.92
25307,2014-01-21,192.06,Consumer,90.18
25308,2014-01-02,58.5,Consumer,11.07
25313,2014-09-12,67.9,Consumer,20.37
25318,2014-08-26,51.45,Corporate,10.2
25320,2014-03-10,46.9368,Consumer,-16.9032
25321,2014-11-13,62.88,Consumer,22.56
25326,2014-06-21,24.72,Consumer,4.92
25327,2014-09-04,25.137,Corporate,0.267
25328,2014-10-22,71.376,Consumer,-4.461
25331,2014-08-19,174.33,Consumer,71.46
25335,2014-12-26,33.5,Corporate,6.7
25336,2014-11-19,77.04,Home Office,9.24
25340,2014-08-11,96.84,Consumer,-44.64
25341,2014-09-19,99.96,Corporate,46.98
25345,2014-12-05,121.8,Consumer,7.2
25347,2014-06-23,67.89,Consumer,-8.43
25351,2014-08-08,104.8,Consumer,26.2
25356,2014-11-15,61.68,Consumer,18.48
25357,2014-06-28,74.55,Corporate,12.66
25358,2014-07-25,48.0,Corporate,22.08
25359,2014-05-08,95.688,Home Office,14.328
25360,2014-04-15,102.54,Corporate,13.32
25370,2014-10-14,79.368,Corporate,-29.112
25374,2014-09-25,95.22,Consumer,18.06
25378,2014-05-07,88.254,Consumer,-20.616
25381,2014-11-06,67.8,Home Office,31.188
25386,2014-11-01,58.98,Home Office,7.62
25392,2014-11-13,48.66,Home Office,8.73
25402,2014-02-18,30.144,Home Office,8.2896
25405,2014-03-10,49.848,Consumer,-47.412
25406,2014-07-26,99.54,Consumer,27.84
25407,2014-06-08,60.24,Home Office,11.4
25410,2014-05-19,227.12,Consumer,63.56
25411,2014-12-19,67.72,Home Office,1.32
25412,2014-06-22,65.28,Corporate,30.48
25417,2014-12-03,29.79,Consumer,0.27
25421,2014-04-02,59.1,Corporate,20.64
25423,2014-05-01,71.28,Home Office,22.77
25431,2014-12-25,80.2314,Consumer,-62.1486
25437,2014-11-06,84.3,Consumer,27.78
25439,2014-12-23,86.04,Corporate,36.96
25440,2014-04-16,130.48,Corporate,26.08
25444,2014-12-09,86.115,Consumer,-20.685
25445,2014-08-06,148.17,Home Office,-5.97
25449,2014-08-01,33.18,Consumer,10.92
25450,2014-03-05,104.412,Consumer,-146.178
25452,2014-10-23,50.46,Corporate,0.99
25459,2014-11-20,56.16,Consumer,23.52
25464,2014-05-02,81.48,Consumer,17.92
25467,2014-08-20,80.865,Home Office,-43.695
25474,2014-05-10,63.24,Consumer,0.6
25475,2014-07-07,122.136,Consumer,-13.7403
25477,2014-12-05,182.22,Consumer,45.555
25478,2014-03-17,50.73,Home Office,16.23
25483,2014-10-31,35.1,Consumer,-18.2
25486,2014-10-03,65.99,Corporate,17.1574
25487,2014-08-27,54.18,Consumer,21.66
25493,2014-10-16,70.096,Consumer,-71.864
25496,2014-11-07,75.42,Consumer,27.9
25500,2014-02-17,62.6142,Home Office,-7.3458
25513,2014-08-19,76.44,Home Office,8.4
25514,2014-06-14,84.78,Consumer,35.55
25518,2014-04-07,82.2,Consumer,10.65
25522,2014-12-01,173.8,Consumer,43.45
25527,2014-06-30,43.68,Home Office,4.8
25529,2014-02-14,123.12,Consumer,20.88
25533,2014-11-19,127.386,Consumer,-25.4772
25536,2014-06-18,49.74,Corporate,11.91
25537,2014-05-27,55.14,Consumer,10.47
25539,2014-05-19,121.12,Corporate,52.08
25543,2014-06-30,81.672,Home Office,15.732
25546,2014-09-20,93.042,Corporate,29.922
25547,2014-06-18,96.39,Consumer,41.58
25553,2014-09-11,68.04,Consumer,28.56
25554,2014-06-25,97.74,Corporate,33.18
25556,2014-04-11,48.0,Consumer,15.84
25559,2014-06-30,129.04,Consumer,5.12
25561,2014-11-05,82.35,Consumer,23.04
25562,2014-09-01,93.24,Home Office,27.0
25566,2014-09-16,163.96,Consumer,59.4355
25574,2014-05-12,92.64,Corporate,44.4
25579,2014-09-24,73.176,Consumer,-197.5752
25581,2014-02-17,109.08,Corporate,18.48
25584,2014-07-21,29.88,Consumer,13.44
25587,2014-02-17,86.346,Consumer,7.626
25592,2014-02-01,84.78,Consumer,17.73
25593,2014-11-21,77.6,Consumer,28.13
25595,2014-04-15,242.352,Consumer,9.0882
25598,2014-07-24,58.32,Consumer,27.9936
25601,2014-03-20,30.45,Corporate,15.21
25602,2014-06-04,20.292,Corporate,-14.208
25610,2014-07-30,178.551,Consumer,77.361
25612,2014-11-18,84.078,Consumer,23.238
25615,2014-05-07,84.416,Consumer,27.4352
25617,2014-03-19,119.88,Corporate,57.42
25619,2014-10-16,106.32,Home Office,42.48
25620,2014-09-19,27.936,Corporate,-8.864
25627,2014-01-02,83.808,Corporate,-51.792
25628,2014-12-29,72.45,Consumer,34.776
25630,2014-06-12,102.96,Consumer,1.0296
25634,2014-10-21,31.2,Consumer,3.42
25635,2014-09-24,126.348,Corporate,-161.112
25636,2014-11-14,46.32,Home Office,15.24
25637,2014-09-16,127.92,Home Office,23.01
25639,2014-12-10,150.3,Consumer,33.0
25641,2014-05-20,148.5,Consumer,48.96
25642,2014-09-01,75.6,Consumer,-54.45
25654,2014-08-14,83.79,Consumer,22.6233
25655,2014-10-10,35.2,Consumer,16.544
25657,2014-05-29,106.56,Consumer,53.28
25664,2014-01-14,68.352,Consumer,-0.048
25665,2014-12-25,113.76,Corporate,1.08
25668,2014-06-20,97.82,Corporate,45.9754
25669,2014-09-21,80.991,Consumer,8.0991
25672,2014-02-21,69.84,Corporate,2.04
25675,2014-11-19,102.4,Consumer,12.8
25680,2014-07-13,22.14,Consumer,-8.46
25683,2014-12-12,101.493,Corporate,1.113
25684,2014-06-05,129.0,Corporate,20.64
25691,2014-04-10,113.7,Corporate,19.32
25693,2014-10-12,81.27,Consumer,-67.83
25694,2014-06-05,67.08,Corporate,10.04
25695,2014-11-12,86.625,Corporate,-83.175
25701,2014-02-24,83.58,Corporate,36.72
25704,2014-01-14,209.94,Corporate,54.5844
25706,2014-05-09,166.14,Corporate,21.57
25708,2014-06-25,121.716,Consumer,-2.044
25709,2014-11-22,102.72,Corporate,25.68
25710,2014-01-20,73.52,Consumer,16.16
25711,2014-07-09,30.816,Corporate,-8.224
25716,2014-06-23,72.708,Consumer,15.708
25720,2014-09-30,97.3,Consumer,28.217
25722,2014-10-30,90.96,Corporate,2.7
25727,2014-07-19,36.024,Consumer,-4.216
25733,2014-10-18,109.89,Corporate,29.67
25735,2014-01-10,118.05,Home Office,57.84
25736,2014-12-29,78.12,Consumer,24.12
25742,2014-09-18,79.28,Corporate,21.36
25746,2014-11-19,29.91,Consumer,6.27
25747,2014-12-10,41.514,Home Office,-0.516
25748,2014-10-24,65.55,Consumer,28.8
25752,2014-05-16,47.49,Consumer,4.26
25755,2014-03-04,38.1,Corporate,17.1
25756,2014-09-23,166.8,Corporate,15.0
25757,2014-12-26,83.4,Home Office,7.5
25758,2014-08-06,67.92,Consumer,14.16
25759,2014-02-10,143.52,Corporate,66.0
25763,2014-11-22,87.36,Consumer,7.77
25765,2014-08-13,132.84,Home Office,37.08
25766,2014-09-25,72.0,Corporate,12.96
25767,2014-10-23,184.76,Corporate,40.64
25771,2014-11-13,124.26,Home Office,32.28
25777,2014-06-14,125.235,Consumer,-3.345
25778,2014-05-03,99.0,Home Office,2.88
25779,2014-09-12,34.504,Consumer,6.0382
25780,2014-10-16,152.65,Corporate,70.219
25784,2014-12-03,71.85,Consumer,31.59
25787,2014-10-01,70.08,Home Office,3.48
25789,2014-07-02,100.68,Consumer,14.04
25792,2014-05-21,80.58,Corporate,9.66
25797,2014-10-31,30.0,Home Office,14.4
25800,2014-06-03,39.042,Consumer,-57.288
25802,2014-04-09,97.44,Consumer,38.88
25804,2014-01-08,67.44,Home Office,30.32
25806,2014-08-15,92.82,Corporate,0.0
25807,2014-06-25,133.164,Home Office,-0.036
25809,2014-12-29,294.3,Consumer,135.36
25817,2014-10-09,103.192,Corporate,11.6091
25820,2014-03-28,73.02,Corporate,10.92
25822,2014-09-25,81.62,Consumer,21.14
25824,2014-06-11,220.92,Home Office,26.46
25825,2014-08-12,90.63,Home Office,6.3
25826,2014-08-11,102.195,Consumer,-0.045
25827,2014-08-27,91.98,Home Office,4.5
25829,2014-05-10,101.016,Consumer,-33.744
25834,2014-12-12,117.72,Corporate,-156.96
25837,2014-10-28,42.84,Home Office,-22.16
25838,2014-10-22,102.54,Consumer,13.66
25839,2014-12-02,94.92,Consumer,42.6
25841,2014-08-23,289.8,Consumer,34.74
25842,2014-10-08,88.02,Consumer,33.3
25847,2014-09-09,42.616,Corporate,-68.1856
25848,2014-01-29,36.432,Corporate,-52.248
25856,2014-10-15,97.8,Corporate,13.68
25858,2014-10-13,78.66,Home Office,34.56
25870,2014-04-28,82.26,Consumer,18.08
25871,2014-06-30,82.8,Consumer,-11.04
25875,2014-08-28,51.9,Consumer,10.8
25878,2014-09-11,72.66,Corporate,22.5
25883,2014-06-04,241.568,Consumer,0.0
25885,2014-08-19,171.42,Consumer,80.52
25886,2014-12-19,36.9,Home Office,13.95
25887,2014-12-04,450.117,Home Office,139.977
25889,2014-01-06,45.6,Corporate,19.95
25891,2014-06-16,111.72,Corporate,41.16
25893,2014-09-25,73.08,Consumer,4.32
25894,2014-03-04,88.47,Consumer,37.98
25898,2014-05-01,62.96,Corporate,28.332
25899,2014-11-27,89.98,Home Office,43.1904
25901,2014-01-25,110.352,Corporate,8.2764
25902,2014-07-09,90.96,Consumer,2.7
25910,2014-07-14,274.32,Corporate,79.5
25912,2014-11-25,132.6,Consumer,31.82
25918,2014-12-09,29.79,Consumer,8.6391
25919,2014-10-21,45.528,Home Office,15.9348
25925,2014-02-24,17.73,Consumer,6.3
25935,2014-01-17,87.3,Corporate,7.8
25941,2014-10-22,50.52,Corporate,14.64
25945,2014-07-16,304.38,Corporate,97.38
25946,2014-08-08,119.232,Home Office,-5.328
25951,2014-11-21,69.96,Corporate,22.32
25952,2014-11-14,138.5436,Home Office,-0.0564
25956,2014-11-28,240.6591,Home Office,-0.0009
25964,2014-12-03,89.127,Home Office,-184.203
25965,2014-04-28,109.2,Consumer,15.12
25970,2014-09-25,62.58,Corporate,13.65
25971,2014-06-17,52.866,Consumer,23.466
25976,2014-01-18,74.49,Home Office,-50.67
25979,2014-09-24,72.96,Consumer,23.712
25980,2014-09-06,125.73,Consumer,27.66
25988,2014-12-09,55.6,Consumer,9.44
25991,2014-11-27,80.85,Consumer,19.32
25993,2014-03-03,108.594,Corporate,28.944
25994,2014-12-29,72.0,Consumer,3.6
25995,2014-10-21,71.82,Consumer,24.36
25996,2014-09-11,72.684,Corporate,2.364
25998,2014-02-21,68.704,Home Office,16.3172
25999,2014-09-16,47.4,Corporate,18.96
26000,2014-01-20,79.92,Consumer,37.5624
26006,2014-10-25,89.64,Consumer,8.94
26007,2014-04-02,236.52,Corporate,-67.02
26008,2014-11-26,97.86,Consumer,8.76
26015,2014-08-11,50.436,Consumer,-95.844
26018,2014-11-24,29.61,Consumer,12.12
26019,2014-06-02,41.664,Consumer,4.144
26023,2014-12-11,118.4232,Corporate,-80.5368
26024,2014-06-19,69.2286,Consumer,-51.1014
26025,2014-10-01,52.8,Consumer,10.5
26029,2014-12-15,43.7,Home Office,20.539
26031,2014-11-24,88.26,Corporate,36.18
26034,2014-03-12,101.388,Consumer,-149.562
26035,2014-12-05,147.3,Consumer,0.0
26036,2014-12-05,52.92,Corporate,3.66
26042,2014-09-16,66.87,Consumer,28.71
26043,2014-01-08,121.1634,Corporate,7.2234
26045,2014-06-11,54.18,Consumer,24.36
26047,2014-11-07,127.372,Consumer,-30.9332
26049,2014-08-02,186.54,Consumer,50.3658
26050,2014-04-22,47.976,Corporate,8.3958
26052,2014-09-03,83.4,Consumer,9.96
26057,2014-12-09,144.825,Consumer,-104.325
26058,2014-06-04,78.3,Consumer,28.08
26059,2014-11-17,87.03,Corporate,15.66
26063,2014-09-30,336.51,Home Office,44.868
26069,2014-01-08,92.64,Home Office,24.06
26071,2014-05-13,32.88,Home Office,1.62
26078,2014-07-01,119.43,Consumer,2.34
26082,2014-10-31,35.06,Home Office,10.518
26087,2014-02-18,57.594,Home Office,-11.5188
26088,2014-10-03,48.45,Consumer,22.77
26090,2014-08-15,84.768,Corporate,-125.112
26096,2014-04-25,77.7,Corporate,-63.84
26099,2014-02-15,80.433,Consumer,-8.937
26105,2014-09-03,40.68,Consumer,-7.119
26112,2014-02-15,82.95,Consumer,38.1
26114,2014-12-19,43.65,Home Office,9.54
26115,2014-08-21,57.753,Consumer,10.863
26117,2014-08-26,68.79,Consumer,-39.93
26125,2014-09-28,93.06,Home Office,2.7
26128,2014-10-06,116.592,Corporate,23.212
26129,2014-03-22,78.64,Consumer,21.2
26133,2014-08-28,321.92,Corporate,96.576
26137,2014-05-19,43.74,Consumer,7.26
26142,2014-08-09,117.1545,Consumer,43.6545
26144,2014-06-03,227.28,Consumer,45.36
26153,2014-09-15,118.59536,Consumer,-16.28464
26155,2014-09-05,217.1,Home Office,80.3
26156,2014-09-17,645.711,Consumer,-22.809
26159,2014-07-19,74.91,Consumer,-70.44
26161,2014-10-27,63.7938,Corporate,-0.8862
26162,2014-05-07,54.66,Consumer,18.0378
26163,2014-08-21,146.4,Corporate,61.44
26164,2014-02-18,67.2,Home Office,24.84
26172,2014-09-11,39.48,Home Office,15.36
26173,2014-08-29,45.6,Consumer,16.8
26178,2014-06-25,95.92,Consumer,25.8984
26182,2014-08-20,81.9,Consumer,0.0
26194,2014-03-28,39.992,Consumer,6.9986
26195,2014-08-14,90.96,Corporate,20.88
26196,2014-05-28,122.496,Corporate,-174.564
26200,2014-12-10,34.02,Corporate,5.4
26204,2014-07-24,67.92,Consumer,14.94
26206,2014-06-12,95.28,Consumer,31.44
26219,2014-12-12,111.078,Consumer,27.378
26223,2014-06-11,88.776,Consumer,7.7679
26224,2014-09-06,71.96,Consumer,7.196
26227,2014-05-14,121.86,Corporate,40.14
26237,2014-08-01,19.71,Consumer,4.11
26242,2014-09-29,159.66,Consumer,33.48
26243,2014-07-01,83.664,Consumer,-80.916
26244,2014-01-01,34.56,Consumer,4.08
26245,2014-08-07,93.0,Home Office,17.64
26246,2014-09-22,66.672,Home Office,-111.168
26248,2014-03-20,29.61,Corporate,2.64
26252,2014-09-11,71.328,Consumer,-8.052
26253,2014-11-20,144.9,Home Office,17.37
26255,2014-08-03,105.12,Corporate,32.58
26259,2014-06-18,94.77,Corporate,25.38
26261,2014-08-18,155.007,Consumer,34.437
26266,2014-05-15,58.17,Consumer,-46.536
26267,2014-09-08,135.3,Consumer,37.884
26269,2014-08-14,52.53,Home Office,9.45
26273,2014-11-25,223.58,Consumer,87.1962
26274,2014-02-22,277.14,Consumer,91.44
26276,2014-11-20,113.46,Consumer,22.68
26279,2014-09-15,230.05896,Home Office,24.85896
26280,2014-12-29,64.2,Consumer,6.36
26285,2014-11-12,92.34,Corporate,24.0
26288,2014-07-17,56.052,Consumer,5.592
26293,2014-03-27,81.9,Consumer,33.54
26296,2014-12-04,83.92,Consumer,29.372
26297,2014-03-12,154.764,Home Office,-46.4292
26301,2014-12-19,109.38,Consumer,10.92
26303,2014-09-25,103.76496,Consumer,-21.19504
26307,2014-11-19,512.622,Home Office,119.592
26313,2014-12-10,29.36,Consumer,13.5056
26317,2014-05-22,19.02,Consumer,9.12
26318,2014-06-27,65.36,Corporate,11.76
26320,2014-03-25,88.02,Home Office,-9.78
26323,2014-03-20,132.03,Consumer,-10.35
26327,2014-08-20,86.496,Consumer,-66.954
26329,2014-12-29,95.364,Corporate,2.004
26332,2014-06-11,49.104,Consumer,-4.956
26333,2014-06-08,280.44,Home Office,131.76
26335,2014-12-11,185.0175,Corporate,-7.4025
26336,2014-02-13,124.092,Consumer,-2.808
26340,2014-12-11,49.08,Corporate,4.908
26342,2014-11-17,33.29,Consumer,7.9896
26344,2014-06-16,120.96,Corporate,-28.224
26346,2014-11-14,41.58,Corporate,0.7
26350,2014-06-07,97.632,Consumer,-3.258
26352,2014-01-03,216.27,Consumer,28.62
26357,2014-08-08,55.76,Consumer,7.8064
26358,2014-12-02,24.36,Home Office,9.72
26361,2014-09-13,82.8,Home Office,6.48
26362,2014-06-07,134.1,Consumer,25.47
26364,2014-12-09,72.765,Corporate,-26.235
26367,2014-11-13,135.03,Home Office,53.97
26368,2014-10-03,58.05,Consumer,26.703
26374,2014-07-25,112.92,Corporate,28.2
26375,2014-04-17,50.4,Corporate,15.6
26379,2014-11-06,67.92,Consumer,0.0
26387,2014-06-05,77.6133,Home Office,-13.1067
26388,2014-12-23,48.7812,Home Office,-41.4588
26395,2014-09-26,82.548,Consumer,-27.552
26397,2014-02-07,50.94,Corporate,13.2
26398,2014-09-15,45.576,Home Office,9.036
26400,2014-07-31,61.44,Consumer,18.42
26403,2014-06-24,45.225,Home Office,17.475
26404,2014-12-19,75.24,Corporate,11.88
26408,2014-11-21,87.48,Home Office,-39.48
26410,2014-12-18,235.536,Consumer,-58.884
26411,2014-01-17,128.16,Home Office,5.04
26412,2014-09-08,42.24,Home Office,6.72
26415,2014-09-08,109.32,Home Office,14.16
26422,2014-09-13,36.12,Home Office,-50.58
26423,2014-08-04,75.96,Home Office,6.0
26425,2014-11-15,52.83,Consumer,26.37
26426,2014-07-16,73.53,Home Office,29.34
26432,2014-12-09,179.95,Consumer,37.7895
26433,2014-09-25,103.056,Consumer,24.4758
26434,2014-02-17,74.52,Corporate,5.94
26438,2014-09-03,79.5,Consumer,1.56
26440,2014-03-10,54.24,Home Office,11.88
26442,2014-10-20,97.56,Consumer,48.78
26447,2014-02-11,104.706,Corporate,19.746
26452,2014-06-11,56.73,Corporate,19.26
26453,2014-08-19,83.91,Consumer,15.09
26457,2014-10-20,49.5,Consumer,16.32
26461,2014-06-26,29.98,Corporate,10.18
26464,2014-12-31,74.8,Corporate,28.42
26474,2014-02-03,49.56,Corporate,15.84
26475,2014-09-16,169.344,Home Office,-2.916
26478,2014-11-24,146.4,Home Office,7.32
26479,2014-01-22,171.99,Consumer,6.84
26480,2014-12-01,135.09,Home Office,-39.63
26484,2014-07-23,99.0,Corporate,40.5
26487,2014-10-17,89.76,Corporate,41.28
26489,2014-02-26,46.74,Corporate,-2.82
26500,2014-09-10,72.32,Home Office,14.44
26507,2014-11-07,67.41,Consumer,0.0
26508,2014-08-07,163.38,Corporate,13.02
26512,2014-05-30,53.424,Consumer,4.6746
26520,2014-04-01,330.24,Consumer,22.0
26525,2014-07-03,119.64,Corporate,25.08
26533,2014-12-19,163.68,Home Office,24.48
26535,2014-03-10,162.2,Consumer,30.8
26540,2014-05-09,98.85,Consumer,42.48
26541,2014-12-12,80.2314,Consumer,-18.2286
26544,2014-05-28,152.46,Home Office,-58.26
26545,2014-08-07,35.892,Consumer,-0.618
26547,2014-04-01,84.95,Consumer,22.087
26552,2014-08-26,84.6,Home Office,21.9
26555,2014-08-13,115.8,Corporate,-55.65
26559,2014-10-09,27.6888,Consumer,-2.6712
26560,2014-10-03,49.12,Consumer,23.0864
26561,2014-05-29,92.34,Consumer,24.0
26562,2014-06-27,123.24,Home Office,34.44
26567,2014-10-31,68.736,Home Office,4.256
26571,2014-04-03,71.28,Consumer,1.92
26572,2014-09-06,71.73,Consumer,9.27
26573,2014-10-27,59.6604,Corporate,20.7804
26577,2014-06-25,75.888,Corporate,-36.072
26581,2014-08-16,171.0,Consumer,46.08
26582,2014-05-08,31.76,Consumer,8.88
26583,2014-09-11,33.42,Corporate,1.32
26584,2014-07-04,95.16,Consumer,4.74
26588,2014-10-14,173.61,Home Office,32.94
26600,2014-08-08,51.75,Consumer,15.525
26601,2014-07-01,66.42,Consumer,16.59
26603,2014-06-11,59.517,Consumer,-41.673
26605,2014-06-23,70.92,Corporate,-104.76
26608,2014-07-26,78.84,Consumer,18.12
26609,2014-11-04,72.9,Corporate,-29.16
26611,2014-09-22,35.34,Consumer,9.18
26615,2014-10-03,80.1,Corporate,-1.62
26617,2014-11-05,33.6,Home Office,4.02
26619,2014-06-16,84.55,Home Office,22.8285
26620,2014-06-04,44.75,Corporate,8.5025
26623,2014-06-22,82.4,Home Office,40.376
26627,2014-10-30,100.92,Corporate,44.4
26629,2014-02-28,56.97,Corporate,4.5
26630,2014-03-18,110.25,Home Office,19.8
26632,2014-01-22,75.39,Consumer,0.0
26634,2014-08-05,53.901,Home Office,-21.429
26635,2014-11-27,88.2,Consumer,6.96
26636,2014-08-07,28.512,Consumer,0.432
26638,2014-12-31,52.776,Consumer,19.791
26642,2014-12-06,31.176,Home Office,-7.0146
26644,2014-11-26,60.24,Consumer,-32.16
26647,2014-12-10,128.304,Consumer,-83.436
26653,2014-08-13,86.928,Consumer,-126.072
26656,2014-09-30,65.92,Consumer,3.2
26659,2014-12-04,53.7,Corporate,4.29
26660,2014-08-29,127.47,Consumer,36.96
26664,2014-04-05,41.22,Home Office,11.1294
26666,2014-03-17,51.264,Consumer,7.6896
26668,2014-09-18,48.93,Consumer,6.84
26669,2014-11-18,39.816,Corporate,-31.884
26670,2014-07-28,40.71,Corporate,19.53
26672,2014-03-28,55.56,Home Office,10.0
26675,2014-02-19,92.304,Consumer,-3.516
26676,2014-09-25,103.302,Corporate,-3.498
26679,2014-06-09,77.04,Consumer,0.0
26684,2014-02-03,139.04,Consumer,38.9312
26690,2014-03-24,65.584,Consumer,-2.476
26692,2014-05-19,115.968,Corporate,-23.232
26696,2014-04-07,160.92,Corporate,40.23
26698,2014-09-16,21.825,Home Office,-12.285
26705,2014-01-06,50.88,Corporate,23.4
26706,2014-07-17,95.28,Consumer,24.72
26708,2014-07-10,44.0,Home Office,4.8
26716,2014-10-06,140.403,Consumer,28.023
26721,2014-09-26,76.869,Home Office,-6.921
26722,2014-10-29,17.226,Corporate,-3.774
26723,2014-01-29,62.316,Consumer,-24.984
26724,2014-04-09,56.28,Corporate,15.7584
26726,2014-10-29,77.952,Consumer,15.5904
26732,2014-03-17,395.901,Corporate,55.341
26734,2014-11-07,26.4,Home Office,12.672
26737,2014-09-18,79.368,Corporate,-85.332
26740,2014-12-17,32.84,Corporate,16.42
26743,2014-11-18,111.51,Corporate,24.48
26747,2014-08-26,39.6,Consumer,12.6
26749,2014-11-20,41.28,Home Office,13.932
26754,2014-04-09,59.913,Consumer,3.993
26757,2014-11-17,119.94,Consumer,23.988
26765,2014-10-17,108.48,Consumer,21.66
26770,2014-08-15,162.56,Consumer,17.76
26772,2014-01-14,92.7,Consumer,30.51
26773,2014-11-11,112.158,Home Office,14.898
26775,2014-06-18,50.94,Corporate,1.44
26777,2014-10-21,91.14,Home Office,17.22
26779,2014-12-19,46.672,Consumer,16.3352
26783,2014-11-30,59.616,Home Office,-45.744
26786,2014-07-16,50.5,Corporate,15.1
26788,2014-04-10,79.2,Corporate,21.24
26791,2014-11-13,125.19,Corporate,29.97
26793,2014-07-19,54.1326,Home Office,-7.8474
26799,2014-11-14,107.448,Corporate,-33.312
26800,2014-05-27,44.4564,Home Office,-36.9936
26802,2014-04-30,227.16,Corporate,-295.32
26809,2014-06-06,239.3139,Consumer,89.3739
26812,2014-09-23,27.72,Home Office,13.3056
26814,2014-12-17,47.82,Home Office,6.21
26815,2014-12-12,328.56,Consumer,160.8
26819,2014-01-09,160.65,Consumer,17.67
26823,2014-08-21,72.6,Corporate,2.85
26825,2014-08-14,117.0,Corporate,14.04
26826,2014-06-24,71.37,Consumer,27.09
26829,2014-07-23,25.08,Corporate,8.25
26831,2014-06-17,53.46,Corporate,18.36
26837,2014-05-01,163.96,Home Office,80.3404
26838,2014-12-20,53.01,Home Office,21.72
26844,2014-10-30,75.28,Consumer,8.28
26845,2014-10-23,30.93,Corporate,9.57
26849,2014-11-07,70.368,Corporate,-24.672
26850,2014-03-12,42.96,Corporate,5.04
26851,2014-11-19,51.93,Home Office,9.33
26856,2014-08-07,80.1,Corporate,37.62
26858,2014-12-16,53.568,Consumer,0.588
26860,2014-11-18,40.2,Consumer,16.8
26862,2014-10-13,103.95,Consumer,24.84
26869,2014-02-04,115.296,Consumer,40.3536
26870,2014-08-08,29.268,Home Office,-55.632
26876,2014-01-14,39.3,Consumer,14.1
26878,2014-08-11,116.31,Home Office,34.89
26880,2014-10-31,65.025,Consumer,-9.225
26883,2014-11-06,78.003,Consumer,0.783
26884,2014-12-15,44.75,Corporate,8.5025
26886,2014-11-22,78.12,Corporate,24.12
26887,2014-06-21,113.664,Corporate,-0.016
26890,2014-10-28,82.572,Corporate,-17.948
26896,2014-01-15,106.128,Corporate,-0.012
26897,2014-01-30,210.996,Consumer,-123.084
26899,2014-11-18,41.958,Corporate,5.058
26900,2014-04-21,271.44,Consumer,0.0
26905,2014-04-28,116.88,Home Office,-81.84
26906,2014-01-13,96.0,Consumer,44.16
26907,2014-05-13,124.68,Consumer,17.4
26908,2014-08-27,105.06,Corporate,18.9
26909,2014-05-16,92.76,Home Office,12.0
26910,2014-04-30,35.34,Home Office,9.18
26915,2014-08-04,98.442,Home Office,-0.018
26917,2014-01-06,71.1,Corporate,25.56
26924,2014-05-20,67.8,Consumer,4.068
26925,2014-11-18,431.16,Consumer,107.79
26927,2014-03-13,51.78,Consumer,1.53
26933,2014-03-10,66.15,Consumer,11.88
26936,2014-01-08,31.05,Consumer,11.16
26937,2014-11-17,154.8,Consumer,17.01
26940,2014-05-23,20.46,Consumer,1.02
26941,2014-11-25,27.76,Consumer,9.9936
26951,2014-06-18,133.2,Consumer,11.85
26959,2014-01-09,137.136,Consumer,23.976
26963,2014-09-26,49.734,Home Office,18.774
26965,2014-02-25,155.34,Consumer,15.48
26966,2014-10-10,77.76,Corporate,13.44
26967,2014-12-23,60.48,Home Office,18.03
26969,2014-11-25,89.988,Corporate,-14.998
26974,2014-09-08,109.89,Home Office,41.73
26976,2014-07-14,204.68,Consumer,96.18
26984,2014-05-12,63.0,Home Office,13.8
26987,2014-12-04,47.992,Consumer,7.1988
26989,2014-11-06,99.98,Consumer,3.9992
26990,2014-03-04,108.6,Corporate,35.82
26996,2014-06-08,22.74,Corporate,11.34
26998,2014-05-27,104.76,Home Office,3.06
27006,2014-08-21,84.96,Consumer,36.51
27007,2014-04-23,79.368,Corporate,-85.332
27008,2014-09-03,40.656,Consumer,6.496
27011,2014-01-09,181.696,Corporate,18.136
27020,2014-05-21,41.28,Corporate,19.8144
27021,2014-09-27,71.88,Corporate,33.0648
27023,2014-11-18,122.148,Consumer,-97.722
27024,2014-08-25,103.56,Consumer,38.28
27027,2014-07-04,42.72,Corporate,0.4
27031,2014-06-27,59.1,Corporate,0.54
27032,2014-06-19,27.4125,Consumer,-1.3875
27033,2014-01-11,67.032,Consumer,-32.448
27035,2014-06-02,98.172,Consumer,3.132
27036,2014-09-19,47.584,Consumer,-2.974
27040,2014-09-23,70.5,Corporate,4.2
27048,2014-09-08,66.684,Corporate,-3.336
27051,2014-12-10,28.38,Home Office,5.94
27063,2014-08-02,33.18,Home Office,4.92
27066,2014-06-12,97.2,Consumer,0.0
27073,2014-11-14,71.28,Consumer,35.64
27076,2014-04-17,102.833,Consumer,-6.049
27078,2014-12-08,52.0,Consumer,23.4
27082,2014-05-07,46.8,Corporate,2.76
27083,2014-11-04,100.44,Corporate,42.18
27093,2014-03-06,40.32,Corporate,12.84
27094,2014-10-30,412.8,Consumer,185.76
27097,2014-12-24,68.4,Consumer,20.4
27099,2014-11-13,98.1558,Corporate,-10.7442
27100,2014-03-04,180.98,Consumer,47.0548
27101,2014-09-03,74.0,Consumer,37.0
27102,2014-03-24,34.76,Home Office,11.297
27106,2014-02-07,66.672,Consumer,-30.048
27117,2014-12-08,33.75,Consumer,13.47
27120,2014-03-27,58.35,Consumer,23.25
27121,2014-09-30,35.7075,Home Office,1.4175
27126,2014-06-05,61.71,Corporate,4.29
27127,2014-07-10,102.624,Consumer,-33.366
27128,2014-10-18,28.5,Home Office,2.85
27131,2014-11-18,52.056,Consumer,15.606
27133,2014-05-07,130.44,Consumer,28.68
27135,2014-04-02,83.016,Consumer,-12.464
27136,2014-08-26,69.3,Home Office,30.48
27142,2014-05-13,87.6,Consumer,42.048
27143,2014-05-26,18.84,Consumer,6.0288
27146,2014-03-14,27.44,Home Office,-14.44
27150,2014-06-25,66.464,Consumer,-12.496
27153,2014-06-17,145.8,Corporate,42.15
27155,2014-07-29,217.35,Corporate,21.69
27156,2014-12-18,151.38,Consumer,24.12
27157,2014-04-26,121.5,Corporate,14.58
27159,2014-03-19,120.3624,Corporate,9.8424
27163,2014-05-13,238.62,Corporate,4.7724
27164,2014-06-16,91.36,Corporate,29.692
27166,2014-07-02,64.2,Home Office,6.36
27168,2014-08-31,48.93,Corporate,14.67
27177,2014-10-19,90.9,Consumer,12.6
27181,2014-11-17,125.6454,Consumer,42.3054
27184,2014-12-04,45.216,Consumer,4.5216
27186,2014-12-12,64.784,Corporate,-12.147
27187,2014-03-19,90.86,Corporate,26.3494
27189,2014-06-09,50.01,Consumer,7.98
27190,2014-09-24,40.56,Consumer,12.54
27194,2014-05-29,79.56,Consumer,39.72
27195,2014-11-29,124.24,Consumer,13.94
27197,2014-09-29,39.0,Consumer,9.36
27201,2014-01-14,180.672,Consumer,11.232
27203,2014-08-11,33.312,Corporate,-27.498
27204,2014-06-02,127.0896,Corporate,-10.7304
27205,2014-11-28,52.9788,Home Office,-19.0512
27211,2014-02-17,63.9,Consumer,23.64
27212,2014-09-18,140.67,Consumer,1.38
27217,2014-10-03,32.92,Consumer,7.56
27222,2014-02-20,27.36,Consumer,5.94
27227,2014-05-24,56.46,Consumer,14.1
27228,2014-12-19,57.36,Corporate,23.4
27229,2014-05-13,39.168,Corporate,-26.472
27230,2014-05-02,50.988,Consumer,-75.222
27232,2014-02-24,48.96,Home Office,16.14
27234,2014-03-08,49.944,Consumer,-6.676
27236,2014-11-16,49.9,Corporate,3.4
27238,2014-06-24,58.56,Home Office,8.16
27244,2014-08-08,26.46,Corporate,5.88
27249,2014-05-29,85.92,Corporate,17.04
27252,2014-07-21,92.4,Corporate,45.2
27254,2014-05-06,75.33,Consumer,2.43
27255,2014-09-08,43.335,Consumer,-0.045
27257,2014-12-27,87.48,Corporate,15.39
27258,2014-06-24,38.43,Corporate,10.71
27260,2014-04-18,125.4045,Consumer,-25.1055
27262,2014-04-09,47.466,Consumer,-2.694
27263,2014-11-04,361.376,Corporate,27.1032
27264,2014-04-02,58.02,Consumer,6.36
27265,2014-11-11,34.92,Consumer,1.02
27267,2014-06-11,75.72,Consumer,30.24
27270,2014-07-31,39.44,Home Office,12.32
27272,2014-09-01,97.272,Consumer,-17.848
27274,2014-09-11,110.7,Corporate,17.7
27277,2014-06-20,38.784,Corporate,7.272
27279,2014-11-10,177.06,Corporate,7.08
27283,2014-10-16,70.944,Consumer,-51.456
27287,2014-09-12,140.56,Consumer,47.74
27292,2014-06-23,140.028,Corporate,-58.092
27293,2014-08-24,119.85,Consumer,2.25
27295,2014-01-29,20.52,Corporate,6.75
27307,2014-09-22,43.1,Consumer,0.8
27308,2014-10-30,103.8,Consumer,23.82
27313,2014-01-27,84.0,Consumer,-35.28
27315,2014-08-18,79.92,Consumer,5.58
27322,2014-08-07,34.8,Home Office,3.12
27323,2014-03-14,16.98,Home Office,2.88
27328,2014-05-10,130.212,Home Office,-67.308
27329,2014-02-07,86.52,Consumer,24.15
27331,2014-01-21,61.56,Consumer,6.12
27332,2014-08-11,21.72,Home Office,8.64
27334,2014-12-26,95.94,Consumer,9.594
27335,2014-05-13,42.85,Consumer,15.426
27339,2014-08-20,50.04,Consumer,-15.03
27341,2014-03-18,30.816,Home Office,-14.384
27343,2014-06-11,40.896,Corporate,3.296
27347,2014-12-03,427.41,Consumer,38.34
27349,2014-05-26,122.88,Corporate,36.84
27350,2014-03-14,29.76,Home Office,1.86
27354,2014-10-22,59.52,Corporate,25.56
27356,2014-01-13,27.12,Consumer,5.94
27360,2014-09-05,41.2,Corporate,8.6
27362,2014-07-23,124.72,Consumer,23.68
27363,2014-03-22,59.5,Consumer,11.3
27367,2014-04-24,64.44,Consumer,1.04
27374,2014-06-01,64.2,Corporate,-28.26
27377,2014-10-29,178.3098,Corporate,26.8398
27380,2014-12-02,37.392,Consumer,2.337
27385,2014-09-30,51.94,Home Office,16.1
27387,2014-07-10,85.5,Consumer,18.78
27390,2014-10-13,36.0,Consumer,3.6
27391,2014-11-04,57.708,Consumer,-1.932
27393,2014-10-03,84.784,Home Office,-20.1362
27394,2014-08-07,70.12,Consumer,21.036
27396,2014-03-28,118.44,Consumer,48.48
27397,2014-11-18,50.04,Consumer,14.49
27398,2014-12-20,60.0,Consumer,11.4
27399,2014-11-12,74.64,Corporate,5.97
27401,2014-06-02,149.6,Consumer,56.84
27411,2014-07-07,50.22,Consumer,3.0
27413,2014-03-28,45.68,Home Office,21.0128
27414,2014-06-17,57.78,Corporate,12.69
27419,2014-12-13,107.184,Consumer,-22.836
27423,2014-12-25,62.3475,Consumer,-0.7425
27425,2014-03-12,74.925,Consumer,14.925
27430,2014-10-02,104.85,Consumer,50.328
27445,2014-11-06,76.23,Corporate,-45.78
27451,2014-11-29,79.96,Corporate,35.982
27453,2014-04-24,66.36,Consumer,26.544
27459,2014-11-06,73.872,Home Office,22.152
27464,2014-08-12,473.31,Corporate,113.4
27466,2014-12-09,127.74,Corporate,-46.02
27468,2014-06-16,83.484,Home Office,-81.486
27469,2014-01-22,31.08,Consumer,9.0
27476,2014-08-01,56.56,Consumer,15.2712
27478,2014-11-30,101.52,Consumer,19.035
27480,2014-04-01,24.024,Consumer,3.184
27485,2014-12-11,93.2283,Corporate,25.4583
27488,2014-09-05,97.184,Consumer,6.074
27489,2014-12-13,95.796,Consumer,-156.564
27490,2014-11-18,98.94,Home Office,15.78
27492,2014-07-28,65.232,Consumer,18.612
27498,2014-01-08,61.44,Corporate,-24.6
27506,2014-12-16,54.32,Consumer,16.296
27509,2014-07-09,29.88,Corporate,2.64
27511,2014-01-01,40.83,Consumer,6.51
27516,2014-03-21,300.132,Home Office,46.662
27517,2014-11-11,60.021,Consumer,23.301
27520,2014-01-30,158.76,Consumer,-59.58
27522,2014-06-30,102.3,Consumer,19.4
27524,2014-06-03,36.864,Home Office,-4.736
27530,2014-11-07,90.936,Corporate,19.176
27535,2014-07-05,113.562,Home Office,35.262
27539,2014-05-06,28.1112,Consumer,-13.8888
27543,2014-11-27,93.344,Home Office,32.6704
27547,2014-12-19,50.13,Consumer,10.5
27548,2014-04-28,84.84,Consumer,12.72
27558,2014-11-26,94.9,Consumer,40.8
27559,2014-03-21,88.56,Home Office,5.76
27564,2014-03-01,87.84,Consumer,20.16
27572,2014-06-18,116.883,Consumer,-7.797
27573,2014-05-12,51.36,Corporate,14.37
27574,2014-08-08,48.87,Consumer,14.16
27575,2014-01-18,29.7,Consumer,13.35
27576,2014-07-03,116.31,Consumer,34.89
27577,2014-05-09,143.22,Consumer,7.14
27581,2014-10-22,77.4,Consumer,34.83
27582,2014-05-05,50.58,Home Office,15.66
27587,2014-07-31,62.496,Home Office,20.296
27588,2014-01-08,164.4,Home Office,6.56
27590,2014-05-16,59.58,Home Office,19.62
27593,2014-09-16,174.42,Consumer,71.7
27597,2014-09-30,63.686,Home Office,-15.4666
27600,2014-11-20,79.974,Home Office,-29.3238
27608,2014-12-13,19.968,Consumer,-0.672
27611,2014-05-29,135.6,Consumer,-32.55
27614,2014-08-20,71.424,Home Office,-14.376
27615,2014-01-03,73.44,Corporate,2.4
27622,2014-01-20,64.488,Home Office,-51.612
27626,2014-06-30,78.144,Consumer,19.524
27630,2014-12-19,37.08,Corporate,16.65
27633,2014-04-29,129.978,Corporate,46.818
27634,2014-06-16,47.976,Consumer,4.7976
27637,2014-12-12,59.82,Home Office,12.54
27640,2014-03-14,609.52,Corporate,201.12
27643,2014-06-09,38.46,Home Office,2.28
27644,2014-09-06,39.78,Home Office,12.69
27645,2014-11-19,59.58,Consumer,13.08
27649,2014-10-30,293.4,Corporate,8.76
27653,2014-11-28,49.248,Consumer,11.928
27655,2014-06-23,22.0365,Consumer,-1.3635
27663,2014-05-08,162.76,Consumer,27.64
27664,2014-07-11,77.76,Corporate,26.28
27665,2014-06-05,67.2,Corporate,25.5
27667,2014-07-01,59.22,Consumer,5.28
27668,2014-10-13,107.82,Consumer,24.78
27671,2014-12-11,77.1705,Corporate,-47.7495
27672,2014-08-11,102.72,Consumer,3.06
27678,2014-11-17,60.48,Home Office,21.72
27684,2014-12-29,91.44,Consumer,8.19
27685,2014-12-09,75.51,Corporate,-66.51
27688,2014-11-24,24.048,Consumer,7.2144
27689,2014-09-30,46.672,Consumer,16.3352
27691,2014-12-03,79.38,Corporate,30.15
27693,2014-07-16,103.56,Consumer,38.28
27699,2014-11-07,53.082,Corporate,6.462
27702,2014-06-04,69.174,Consumer,17.514
27705,2014-12-03,60.579,Corporate,-14.931
27709,2014-12-22,124.36,Consumer,33.5772
27710,2014-09-09,45.92,Corporate,15.498
27713,2014-12-26,44.688,Consumer,5.0274
27716,2014-11-06,167.94,Home Office,82.2906
27718,2014-10-14,48.48,Corporate,6.3
27729,2014-10-07,55.8,Consumer,17.76
27730,2014-11-25,50.7,Consumer,-48.72
27731,2014-11-28,47.88,Corporate,17.64
27734,2014-10-22,87.0,Consumer,40.8
27739,2014-04-08,64.6,Consumer,27.76
27740,2014-05-20,40.96,Corporate,4.48
27741,2014-11-25,221.2,Corporate,59.72
27742,2014-09-26,112.24,Consumer,6.72
27743,2014-08-15,91.8,Corporate,16.5
27745,2014-10-13,45.45,Corporate,5.4
27746,2014-12-27,207.33,Consumer,-29.07
27748,2014-01-18,41.985,Home Office,-0.045
27752,2014-05-28,35.0,Consumer,14.7
27758,2014-11-10,44.48,Consumer,16.4
27760,2014-08-28,61.76,Corporate,22.84
27762,2014-08-13,53.55,Consumer,8.55
27773,2014-05-14,180.96,Corporate,81.432
27774,2014-12-01,25.83,Home Office,9.5571
27775,2014-02-27,91.96,Consumer,15.6332
27776,2014-06-17,56.916,Home Office,-55.044
27777,2014-09-05,38.7,Consumer,4.2
27780,2014-05-17,89.37,Corporate,32.13
27783,2014-11-24,131.7708,Consumer,38.0808
27789,2014-01-31,129.3,Consumer,6.465
27790,2014-12-29,64.784,Home Office,-12.9568
27794,2014-04-03,267.12,Corporate,-178.08
27795,2014-08-04,96.9,Consumer,41.64
27796,2014-11-20,62.352,Consumer,1.032
27798,2014-04-17,66.36,Consumer,19.2
27799,2014-01-10,75.6,Consumer,27.15
27801,2014-09-09,45.15,Corporate,11.55
27803,2014-07-09,48.5523,Consumer,-0.0477
27804,2014-12-04,69.0,Home Office,19.32
27805,2014-09-20,75.978,Corporate,6.678
27806,2014-02-14,107.53,Consumer,21.506
27807,2014-12-08,82.38,Consumer,25.5378
27808,2014-10-20,91.275,Consumer,-67.5435
27809,2014-11-21,93.24,Home Office,27.0
27814,2014-07-04,73.944,Corporate,-16.056
27815,2014-06-24,98.16,Corporate,24.48
27819,2014-11-05,50.25,Consumer,24.6
27820,2014-02-25,64.56,Corporate,28.32
27824,2014-04-28,88.74,Corporate,15.03
27826,2014-09-29,36.6168,Corporate,3.4968
27829,2014-09-09,26.88,Consumer,12.0
27831,2014-08-26,70.02,Home Office,27.9
27833,2014-09-29,68.76,Consumer,26.1
27835,2014-11-03,126.9,Consumer,7.59
27836,2014-11-05,26.7,Corporate,11.19
27837,2014-06-04,54.42,Consumer,5.4
27840,2014-10-16,95.28,Consumer,-27.02
27846,2014-10-16,70.38,Consumer,23.85
27848,2014-06-14,66.6,Consumer,15.84
27853,2014-07-02,102.42,Home Office,48.06
27856,2014-11-18,70.83,Consumer,1.35
27858,2014-06-18,72.9,Consumer,0.0
27859,2014-11-21,23.968,Consumer,2.6964
27864,2014-08-01,22.26,Consumer,9.99
27866,2014-07-07,141.6,Home Office,24.06
27869,2014-09-16,158.58,Home Office,20.58
27872,2014-05-31,39.78,Corporate,3.18
27873,2014-02-18,33.9624,Home Office,-9.0576
27885,2014-11-10,108.92,Corporate,50.08
27890,2014-09-22,17.112,Home Office,2.552
27891,2014-09-06,53.0,Consumer,1.04
27892,2014-08-27,106.65,Corporate,30.75
27897,2014-10-24,62.7255,Corporate,-18.9945
27902,2014-11-22,51.84,Consumer,24.8832
27903,2014-03-21,56.704,Consumer,19.1376
27904,2014-04-02,96.84,Home Office,26.1
27905,2014-11-05,31.482,Corporate,0.642
27907,2014-08-30,128.736,Home Office,-151.344
27908,2014-06-23,55.56,Consumer,7.68
27910,2014-09-06,78.048,Consumer,1.248
27915,2014-08-29,114.78,Consumer,-157.92
27916,2014-12-16,49.5,Corporate,6.84
27917,2014-08-19,107.424,Corporate,33.57
27920,2014-09-24,51.84,Consumer,7.77
27921,2014-11-19,41.72,Consumer,14.56
27926,2014-07-31,61.32,Consumer,0.84
27927,2014-07-22,30.48,Consumer,-25.02
27932,2014-08-08,88.0215,Home Office,14.7315
27933,2014-06-12,40.14,Consumer,17.64
27935,2014-06-18,75.519,Consumer,32.709
27936,2014-03-04,42.255,Consumer,1.665
27942,2014-11-20,19.224,Consumer,-7.416
27944,2014-08-04,90.624,Consumer,-18.136
27947,2014-11-06,109.242,Corporate,-32.778
27949,2014-12-29,147.849,Consumer,8.679
27952,2014-12-13,123.21,Consumer,49.23
27953,2014-10-30,122.76,Corporate,42.96
27956,2014-12-09,109.48,Consumer,33.9388
27959,2014-06-09,89.544,Consumer,12.3123
27962,2014-11-20,87.6,Consumer,30.66
27963,2014-11-12,120.312,Consumer,1.332
27964,2014-06-05,170.52,Consumer,1.68
27969,2014-04-07,106.02,Consumer,9.54
27970,2014-07-09,32.34,Consumer,-10.62
27973,2014-12-16,30.348,Consumer,-4.572
27974,2014-06-12,88.04,Home Office,6.603
27978,2014-08-22,33.9,Home Office,12.18
27980,2014-11-04,127.68,Corporate,10.64
27982,2014-05-26,67.968,Consumer,-65.712
27984,2014-11-25,113.12,Home Office,7.88
27985,2014-06-23,66.72,Consumer,-25.6
27990,2014-03-14,90.8,Home Office,25.424
27995,2014-12-29,99.96,Consumer,-30.04
27996,2014-06-04,191.2,Consumer,38.24
28000,2014-07-31,61.2,Consumer,4.2
28003,2014-08-07,77.1,Consumer,33.12
28004,2014-05-14,32.04,Home Office,1.26
28008,2014-09-04,239.666,Consumer,14.098
28010,2014-08-21,127.26,Corporate,-135.78
28013,2014-09-29,33.64,Home Office,8.4
28014,2014-01-30,109.32,Consumer,13.08
28015,2014-12-10,88.938,Home Office,13.818
28016,2014-11-13,44.235,Consumer,-25.695
28017,2014-09-29,103.5,Corporate,2.04
28024,2014-11-10,63.56,Corporate,3.178
28026,2014-03-05,89.568,Consumer,32.4684
28029,2014-11-21,29.91,Consumer,11.94
28031,2014-07-29,44.43,Consumer,14.64
28032,2014-12-17,52.182,Consumer,-83.538
28037,2014-07-04,91.332,Corporate,-35.028
28038,2014-12-08,75.36,Corporate,-75.36
28045,2014-04-16,93.744,Consumer,14.574
28047,2014-11-24,109.35,Corporate,17.01
28049,2014-07-28,30.348,Corporate,-4.572
28050,2014-10-03,56.98,Consumer,22.792
28051,2014-09-05,91.96,Consumer,39.5428
28052,2014-01-28,71.976,Consumer,-8.997
28053,2014-11-07,47.952,Consumer,16.1838
28057,2014-05-23,68.46,Consumer,25.3302
28058,2014-09-19,95.68,Corporate,26.7904
28059,2014-12-19,91.36,Consumer,29.692
28060,2014-06-06,122.07,Consumer,41.49
28061,2014-10-24,94.08,Corporate,36.66
28067,2014-06-09,86.4,Consumer,38.88
28068,2014-01-14,29.04,Consumer,10.08
28069,2014-03-20,95.16,Consumer,26.64
28074,2014-12-10,57.576,Corporate,21.591
28076,2014-08-02,54.896,Corporate,18.5274
28080,2014-04-11,48.96,Consumer,17.61
28083,2014-12-19,109.28,Consumer,33.76
28084,2014-04-03,87.96,Consumer,35.16
28088,2014-02-03,88.86,Home Office,29.28
28089,2014-01-16,101.58,Consumer,13.2
28091,2014-05-24,67.92,Corporate,31.92
28093,2014-08-19,54.36,Consumer,20.07
28095,2014-03-28,72.54,Consumer,7.92
28096,2014-04-13,29.7,Consumer,13.365
28097,2014-02-10,127.984,Consumer,15.998
28100,2014-03-05,112.872,Consumer,-107.268
28103,2014-06-27,48.06,Corporate,16.32
28105,2014-08-11,117.99,Corporate,51.84
28108,2014-07-16,47.55,Home Office,6.18
28109,2014-07-24,48.96,Home Office,16.14
28112,2014-12-02,55.242,Consumer,15.342
28113,2014-11-13,67.992,Home Office,8.499
28115,2014-11-25,64.848,Corporate,24.318
28117,2014-08-13,168.18,Home Office,15.12
28119,2014-10-06,81.66,Consumer,10.56
28122,2014-11-27,73.32,Home Office,13.92
28131,2014-06-05,70.956,Consumer,-3.204
28132,2014-04-04,153.657,Home Office,27.297
28134,2014-03-18,39.123,Consumer,-0.027
28135,2014-04-17,125.34,Consumer,56.4
28141,2014-05-06,103.104,Corporate,-136.656
28142,2014-08-29,61.68,Consumer,18.48
28143,2014-11-24,166.83,Corporate,4.98
28145,2014-11-25,31.536,Consumer,-8.424
28147,2014-06-25,68.8,Consumer,15.8
28150,2014-01-08,57.75,Consumer,13.8
28152,2014-12-11,82.17,Consumer,27.09
28154,2014-12-09,113.568,Consumer,-18.4548
28155,2014-01-22,89.52,Home Office,42.0744
28156,2014-06-16,142.776,Corporate,17.847
28157,2014-02-01,52.92,Home Office,18.48
28161,2014-03-19,57.096,Consumer,-123.744
28165,2014-07-24,73.8,Consumer,36.0
28171,2014-11-28,42.822,Corporate,-82.818
28172,2014-07-09,21.48,Corporate,8.58
28179,2014-10-03,37.0,Consumer,13.6
28184,2014-02-06,162.0,Consumer,14.58
28185,2014-01-16,93.48,Home Office,43.92
28187,2014-06-11,74.304,Corporate,13.164
28192,2014-10-22,45.696,Home Office,5.1408
28195,2014-05-19,55.98,Corporate,15.6744
28200,2014-10-02,29.58,Consumer,5.01
28205,2014-08-06,467.586,Consumer,57.126
28213,2014-06-10,134.19,Consumer,25.38
28214,2014-03-04,99.98,Consumer,42.9914
28218,2014-03-14,30.88,Consumer,15.44
28221,2014-10-07,94.86,Consumer,36.0
28227,2014-12-23,184.896,Home Office,36.936
28229,2014-05-10,102.168,Corporate,34.398
28233,2014-09-30,473.04,Home Office,-23.76
28236,2014-06-16,44.4,Home Office,22.2
28237,2014-12-10,120.78,Corporate,31.32
28238,2014-09-27,142.47,Consumer,44.16
28244,2014-01-15,74.28,Home Office,33.42
28248,2014-11-13,82.6164,Corporate,-51.4836
28249,2014-01-03,58.8,Home Office,21.12
28255,2014-03-28,49.06,Home Office,12.54
28257,2014-12-31,58.74,Corporate,16.44
28259,2014-09-02,165.54824,Consumer,49.42824
28262,2014-12-29,112.14,Consumer,38.08
28263,2014-11-03,67.8,Home Office,27.72
28264,2014-10-13,73.53,Consumer,29.34
28265,2014-08-29,47.76,Corporate,20.04
28266,2014-05-13,33.72,Corporate,-21.6
28267,2014-10-17,92.205,Consumer,32.655
28271,2014-07-30,90.57,Consumer,11.7741
28272,2014-04-12,41.86,Consumer,14.2324
28275,2014-03-20,30.93,Consumer,12.6813
28277,2014-12-09,83.988,Consumer,-20.997
28281,2014-11-11,87.768,Home Office,-160.932
28284,2014-11-28,265.74,Home Office,-97.46
28287,2014-06-26,74.7,Consumer,22.38
28292,2014-05-12,52.59,Corporate,12.6
28294,2014-06-05,44.58,Consumer,21.36
28298,2014-03-08,69.12,Corporate,29.0
28299,2014-06-17,120.84,Corporate,19.32
28300,2014-12-13,94.5,Consumer,13.86
28308,2014-08-27,53.72,Home Office,13.9672
28312,2014-05-27,30.93,Corporate,9.57
28313,2014-08-28,38.31,Home Office,4.2
28316,2014-07-26,79.4,Consumer,21.4
28317,2014-08-29,207.15,Consumer,55.8
28324,2014-07-02,169.99,Home Office,78.1954
28326,2014-12-01,71.976,Home Office,8.997
28327,2014-02-18,124.792,Home Office,10.9193
28328,2014-09-13,45.78,Corporate,22.89
28332,2014-11-06,39.96,Home Office,19.14
28342,2014-05-20,57.024,Corporate,-24.756
28347,2014-07-04,84.48,Corporate,4.2
28352,2014-10-24,160.23888,Corporate,2.87888
28361,2014-09-15,47.25,Consumer,11.31
28362,2014-11-29,43.605,Consumer,19.305
28367,2014-07-09,83.92,Corporate,5.8744
28370,2014-07-09,56.652,Corporate,-48.168
28379,2014-04-18,86.94,Consumer,-78.3
28380,2014-02-26,47.5728,Consumer,-15.3072
28382,2014-02-17,31.845,Consumer,-22.005
28383,2014-06-30,41.04,Home Office,18.84
28387,2014-11-14,82.95,Consumer,29.0325
28390,2014-02-22,49.74,Corporate,11.91
28393,2014-12-02,61.92,Corporate,27.18
28394,2014-12-13,45.69,Consumer,7.29
28400,2014-10-13,84.3,Corporate,27.78
28402,2014-02-05,43.44,Corporate,14.76
28404,2014-10-06,72.0,Consumer,4.32
28405,2014-05-06,93.48,Consumer,28.02
28406,2014-11-04,115.5,Consumer,49.62
28407,2014-02-07,85.2876,Corporate,-14.5224
28414,2014-07-19,34.2,Corporate,8.16
28418,2014-03-18,92.82,Corporate,0.0
28422,2014-12-18,19.48,Home Office,7.0
28425,2014-06-17,45.72,Corporate,13.68
28427,2014-09-06,61.8,Consumer,12.3
28429,2014-07-03,112.92,Consumer,28.2
28433,2014-11-22,70.98,Consumer,20.5842
28436,2014-06-09,50.46,Consumer,19.65
28437,2014-01-29,92.16,Corporate,11.04
28438,2014-08-26,81.96,Home Office,11.4
28442,2014-12-25,72.56,Consumer,25.36
28447,2014-11-18,44.82,Home Office,2.64
28450,2014-08-29,99.68,Home Office,32.396
28451,2014-09-12,22.18,Home Office,10.8682
28454,2014-08-25,106.32,Consumer,34.02
28463,2014-05-10,66.54,Corporate,-126.45
28464,2014-02-12,60.1656,Consumer,-45.4344
28465,2014-03-10,35.865,Home Office,-26.595
28469,2014-07-04,87.92,Consumer,0.8792
28470,2014-08-27,64.96,Consumer,-43.848
28476,2014-05-13,39.32,Home Office,16.88
28478,2014-04-14,36.765,Consumer,-7.425
28481,2014-01-18,116.97,Consumer,4.62
28482,2014-03-31,40.527,Home Office,13.947
28492,2014-03-18,52.56,Corporate,12.6
28496,2014-06-03,37.04,Consumer,3.68
28505,2014-12-19,83.5704,Corporate,-8.0496
28508,2014-05-24,16.0605,Consumer,5.8605
28510,2014-05-22,124.14,Home Office,43.44
28514,2014-05-08,87.444,Corporate,18.4604
28515,2014-12-09,42.76,Corporate,11.1176
28516,2014-11-28,101.16,Consumer,36.36
28517,2014-12-05,93.0,Home Office,19.44
28522,2014-06-05,112.12,Home Office,52.68
28525,2014-10-18,132.64,Consumer,35.76
28526,2014-08-12,50.16,Consumer,21.54
28527,2014-09-05,49.7,Consumer,22.36
28530,2014-12-05,83.55,Corporate,3.3
28531,2014-10-02,85.59,Home Office,6.75
28541,2014-04-02,136.08,Corporate,4.48
28542,2014-08-28,73.28,Consumer,19.22
28543,2014-11-06,87.072,Corporate,-7.328
28544,2014-11-12,14.976,Corporate,3.536
28547,2014-10-24,639.96,Consumer,287.94
28548,2014-08-06,45.72,Consumer,6.39
28550,2014-08-08,138.4689,Home Office,23.3289
28552,2014-08-26,51.921,Consumer,-0.639
28553,2014-05-20,314.352,Corporate,-35.3646
28558,2014-12-12,158.94,Corporate,1.53
28560,2014-05-14,59.724,Consumer,23.844
28561,2014-12-04,53.19,Corporate,18.27
28564,2014-07-01,75.792,Home Office,25.5798
28573,2014-03-03,84.0,Corporate,37.8
28574,2014-06-11,41.04,Consumer,11.88
28576,2014-12-18,100.764,Corporate,25.644
28577,2014-07-16,28.917,Consumer,1.917
28579,2014-08-29,48.84,Consumer,0.0
28580,2014-09-27,25.08,Home Office,-1.08
28581,2014-08-21,36.12,Home Office,7.2
28582,2014-08-05,60.48,Corporate,16.29
28583,2014-07-17,148.104,Consumer,-29.676
28584,2014-08-19,59.25,Home Office,27.75
28588,2014-11-05,70.128,Consumer,-8.232
28589,2014-09-18,160.146,Consumer,-368.394
28594,2014-05-07,92.34,Corporate,40.62
28595,2014-11-01,90.99,Corporate,0.99
28596,2014-12-30,147.84,Consumer,33.96
28597,2014-09-08,335.664,Corporate,149.184
28620,2014-08-24,49.568,Consumer,15.49
28622,2014-09-19,114.848,Home Office,35.89
28623,2014-11-17,139.96,Corporate,-1.7495
28627,2014-12-23,115.74,Home Office,27.72
28628,2014-08-11,63.18,Consumer,14.4
28632,2014-01-31,46.872,Consumer,4.672
28638,2014-08-29,66.3,Corporate,13.8
28640,2014-10-15,64.656,Consumer,-29.124
28645,2014-11-25,58.56,Consumer,-25.44
28647,2014-01-14,32.544,Consumer,-1.086
28660,2014-04-25,178.08,Consumer,-44.52
28663,2014-02-05,87.03,Corporate,15.66
28664,2014-03-21,77.1756,Consumer,-5.3844
28665,2014-05-13,94.86,Home Office,33.18
28668,2014-09-08,98.352,Corporate,-21.408
28669,2014-04-26,86.88,Corporate,14.76
28675,2014-03-20,26.22,Corporate,10.74
28676,2014-08-27,73.35,Consumer,10.26
28677,2014-10-24,221.9552,Consumer,81.8352
28680,2014-11-06,86.96,Corporate,32.16
28682,2014-12-06,43.8,Consumer,16.56
28683,2014-10-25,154.7,Consumer,0.0
28685,2014-12-19,224.289,Corporate,87.219
28690,2014-09-23,67.4,Home Office,17.524
28693,2014-05-08,106.08,Home Office,40.26
28696,2014-12-03,49.47,Home Office,7.89
28699,2014-12-31,22.923,Consumer,4.053
28703,2014-09-19,94.608,Corporate,-26.832
28715,2014-06-23,103.9326,Home Office,1.2126
28716,2014-11-20,35.6094,Home Office,9.7494
28720,2014-09-22,80.48,Consumer,24.144
28725,2014-05-12,109.95,Consumer,12.09
28727,2014-06-16,54.18,Corporate,27.06
28728,2014-11-10,111.08,Corporate,44.4
28731,2014-09-25,94.2,Consumer,41.4
28734,2014-10-27,81.438,Corporate,-65.1504
28739,2014-11-10,93.48,Consumer,43.92
28741,2014-12-04,15.68,Consumer,7.04
28744,2014-09-12,81.66,Corporate,13.02
28747,2014-04-26,78.12,Corporate,3.06
28749,2014-03-17,56.7,Consumer,16.98
28752,2014-12-12,83.88,Corporate,20.97
28755,2014-07-25,166.8,Corporate,6.6
28758,2014-05-06,60.12,Home Office,13.2
28763,2014-09-04,84.18,Consumer,37.86
28765,2014-10-05,131.382,Consumer,-10.278
28766,2014-11-14,81.1965,Home Office,-38.5035
28767,2014-08-16,50.4,Corporate,23.184
28773,2014-07-06,27.738,Home Office,-25.902
28775,2014-03-21,78.66,Consumer,5.4
28781,2014-06-04,139.328,Home Office,-22.672
28783,2014-09-02,100.152,Corporate,-23.388
28791,2014-01-17,76.86,Consumer,17.64
28795,2014-11-19,74.95,Consumer,36.7255
28798,2014-03-19,23.76,Corporate,5.94
28804,2014-10-28,37.44,Corporate,14.56
28806,2014-04-30,45.06,Consumer,-1.86
28811,2014-02-10,74.25,Consumer,-5.85
28815,2014-04-01,34.54,Corporate,17.27
28817,2014-04-24,24.14,Consumer,7.9662
28819,2014-02-17,31.95,Consumer,11.82
28825,2014-05-12,95.64,Consumer,23.88
28828,2014-08-09,152.928,Consumer,61.128
28832,2014-07-17,26.73,Corporate,0.72
28836,2014-06-27,102.368,Corporate,37.1084
28841,2014-08-19,95.04,Corporate,46.56
28843,2014-02-24,75.84,Corporate,1.44
28847,2014-12-03,91.53,Consumer,-2.07
28853,2014-11-04,52.4,Consumer,14.148
28855,2014-04-21,51.336,Corporate,5.7753
28858,2014-07-22,103.32,Corporate,0.98
28861,2014-09-01,66.36,Corporate,8.52
28862,2014-10-25,64.24,Home Office,31.44
28864,2014-07-31,48.42,Home Office,14.52
28865,2014-12-30,39.42,Consumer,2.34
28866,2014-01-13,87.03,Consumer,9.54
28872,2014-11-03,97.92,Home Office,5.85
28878,2014-11-14,51.75,Home Office,1.02
28879,2014-08-20,47.97,Consumer,8.61
28881,2014-05-22,73.04,Consumer,11.68
28889,2014-08-06,101.58,Home Office,13.2
28893,2014-06-30,60.9,Corporate,30.42
28894,2014-06-20,84.24,Corporate,14.94
28902,2014-12-12,44.28,Corporate,2.64
28910,2014-12-31,135.96,Consumer,10.86
28915,2014-07-27,102.4386,Corporate,-2.5014
28916,2014-12-25,78.66,Consumer,33.0
28918,2014-12-23,67.04,Corporate,6.704
28921,2014-01-17,123.34,Consumer,61.6
28926,2014-07-01,113.64,Corporate,47.64
28927,2014-10-24,148.5,Consumer,48.96
28929,2014-10-21,56.79,Consumer,28.35
28934,2014-11-05,94.5,Corporate,40.59
28938,2014-09-02,14.43,Consumer,7.05
28940,2014-08-27,55.32,Consumer,20.4
28941,2014-03-12,24.48,Consumer,0.96
28943,2014-04-15,87.84,Corporate,32.46
28947,2014-09-26,58.74,Consumer,20.52
28952,2014-12-19,58.716,Consumer,-19.584
28953,2014-05-16,58.5,Home Office,5.2
28954,2014-12-29,601.32,Home Office,246.48
28955,2014-12-24,45.36,Home Office,11.28
28957,2014-02-10,103.356,Corporate,45.936
28960,2014-09-29,54.9,Home Office,8.76
28965,2014-12-05,67.4,Corporate,13.48
28967,2014-12-15,33.96,Corporate,9.48
28968,2014-06-27,84.78,Corporate,28.8
28969,2014-03-10,26.4,Home Office,8.4
28973,2014-02-18,1324.0224,Home Office,512.4624
28974,2014-12-05,108.216,Consumer,-12.024
28979,2014-01-16,145.98,Consumer,7.29
28981,2014-10-24,43.44,Corporate,21.2856
28984,2014-10-02,104.75,Home Office,21.9975
28987,2014-09-09,110.22,Corporate,19.83
28989,2014-06-02,49.44,Home Office,21.72
28990,2014-07-10,235.32,Corporate,89.4
28993,2014-06-24,23.616,Consumer,-0.804
28994,2014-11-10,43.7,Corporate,12.2
28995,2014-12-01,115.416,Home Office,-21.264
28996,2014-05-27,69.624,Corporate,-19.776
28998,2014-02-21,48.16,Consumer,-9.64
28999,2014-10-30,94.77,Consumer,25.38
29001,2014-12-29,99.54,Consumer,27.84
29004,2014-11-22,86.805,Home Office,-45.225
29010,2014-06-17,51.84,Consumer,16.56
29011,2014-02-18,27.2745,Consumer,-5.0355
29012,2014-12-11,38.97,Home Office,0.7794
29020,2014-06-13,15.96,Home Office,5.88
29023,2014-11-14,40.4,Corporate,9.28
29024,2014-01-16,37.38,Corporate,0.36
29027,2014-04-16,105.12,Corporate,26.16
29028,2014-12-08,555.741,Corporate,154.251
29032,2014-09-17,88.398,Corporate,24.498
29033,2014-02-13,53.037,Consumer,-10.863
29034,2014-12-14,106.596,Consumer,30.756
29035,2014-01-09,73.305,Home Office,16.605
29036,2014-04-11,88.101,Consumer,28.371
29039,2014-07-16,47.331,Corporate,16.821
29040,2014-03-30,39.9,Consumer,9.87
29042,2014-01-20,42.636,Consumer,-14.004
29043,2014-12-23,57.384,Consumer,-21.096
29044,2014-05-30,65.424,Consumer,-52.3392
29049,2014-03-18,83.67,Home Office,27.6
29050,2014-06-17,51.45,Home Office,12.84
29052,2014-04-10,75.168,Corporate,-45.132
29060,2014-01-17,87.21,Consumer,43.47
29064,2014-05-26,29.97,Consumer,5.97
29068,2014-11-26,67.344,Home Office,-25.296
29069,2014-09-24,47.984,Consumer,0.5998
29080,2014-11-21,80.16,Consumer,-56.16
29083,2014-07-30,51.03,Home Office,2.52
29096,2014-11-05,21.96,Corporate,2.58
29098,2014-11-25,100.404,Consumer,9.984
29100,2014-12-17,101.1,Consumer,11.1
29101,2014-08-19,53.568,Consumer,0.588
29105,2014-08-08,46.71,Consumer,19.53
29106,2014-12-17,49.8465,Consumer,-10.3635
29110,2014-02-04,42.12,Consumer,21.06
29111,2014-11-19,78.288,Consumer,-27.412
29118,2014-11-12,84.5778,Consumer,4.5978
29120,2014-04-26,67.92,Home Office,6.792
29121,2014-12-05,74.352,Consumer,23.235
29122,2014-07-24,67.32,Home Office,-42.09
29127,2014-08-18,80.58,Consumer,36.24
29133,2014-05-14,50.04,Home Office,22.5
29134,2014-03-22,100.5,Home Office,17.04
29145,2014-07-29,26.24,Corporate,9.96
29146,2014-06-09,14.364,Consumer,0.084
29152,2014-12-12,62.25,Consumer,-0.75
29153,2014-06-26,78.0,Consumer,24.12
29154,2014-01-01,38.376,Consumer,13.4316
29155,2014-06-04,78.66,Corporate,36.1836
29164,2014-10-03,72.608,Consumer,19.928
29165,2014-06-06,62.4,Home Office,-19.8
29169,2014-10-17,23.16,Consumer,6.24
29174,2014-07-10,29.5812,Corporate,-5.0988
29178,2014-09-15,70.95,Consumer,18.447
29179,2014-04-25,72.784,Consumer,-18.196
29180,2014-11-13,62.352,Corporate,-10.9116
29181,2014-04-16,51.39,Corporate,14.88
29182,2014-07-04,48.72,Corporate,19.44
29183,2014-09-19,134.82,Home Office,0.0
29187,2014-11-19,74.22,Corporate,10.38
29188,2014-10-20,38.016,Home Office,-10.144
29191,2014-08-05,59.82,Corporate,-12.06
29192,2014-05-07,39.78,Home Office,17.88
29198,2014-09-22,100.6524,Consumer,-26.2476
29199,2014-10-06,46.68,Consumer,18.6
29200,2014-10-20,96.8112,Consumer,-2.3688
29201,2014-11-16,29.835,Consumer,-0.465
29203,2014-09-25,40.29,Consumer,10.0725
29204,2014-04-21,42.408,Corporate,9.5418
29206,2014-08-13,46.32,Home Office,12.03
29208,2014-09-19,99.54,Home Office,27.84
29210,2014-08-20,55.584,Consumer,-16.776
29211,2014-07-25,320.49,Consumer,102.54
29214,2014-02-18,52.08,Consumer,17.7
29217,2014-03-31,69.624,Consumer,-19.776
29219,2014-07-12,65.8,Corporate,28.2
29220,2014-07-11,147.072,Consumer,-7.368
29225,2014-06-09,44.1,Corporate,8.82
29226,2014-12-10,62.208,Home Office,1.368
29230,2014-04-07,154.08,Consumer,0.0
29237,2014-01-30,80.256,Consumer,12.016
29238,2014-03-14,19.48,Home Office,-11.72
29241,2014-07-16,69.552,Consumer,3.432
29246,2014-12-03,81.27,Home Office,40.59
29254,2014-03-26,16.02,Consumer,4.4856
29256,2014-08-28,29.67,Home Office,2.07
29259,2014-06-19,96.0,Corporate,44.16
29262,2014-09-01,79.36,Corporate,25.36
29263,2014-03-22,71.296,Consumer,14.256
29264,2014-06-18,143.736,Consumer,-13.614
29268,2014-10-29,126.279,Consumer,1.359
29273,2014-11-07,57.6,Consumer,8.64
29275,2014-12-04,47.32,Consumer,5.915
29277,2014-10-14,31.984,Corporate,-7.996
29279,2014-05-08,114.12,Consumer,-134.1
29281,2014-06-26,132.96,Consumer,21.12
29282,2014-08-01,49.86,Home Office,0.0
29289,2014-06-06,63.12,Home Office,29.64
29290,2014-09-15,167.724,Consumer,27.864
29292,2014-10-28,37.776,Home Office,4.976
29295,2014-08-22,57.852,Corporate,-52.128
29306,2014-09-17,22.512,Consumer,2.2512
29307,2014-06-02,27.744,Consumer,10.0572
29310,2014-12-13,59.373,Consumer,-118.767
29313,2014-12-17,130.74,Consumer,47.04
29316,2014-05-29,101.46,Consumer,32.46
29317,2014-01-01,137.808,Corporate,22.968
29318,2014-10-22,78.048,Consumer,26.328
29319,2014-08-23,76.059,Consumer,1.629
29324,2014-03-31,49.44,Consumer,13.8
29333,2014-02-20,63.0,Consumer,6.84
29334,2014-08-19,145.98,Consumer,68.58
29335,2014-03-03,85.05,Consumer,25.47
29337,2014-11-27,49.68,Consumer,6.93
29338,2014-11-28,75.15,Consumer,25.47
29340,2014-10-22,28.4,Corporate,6.745
29341,2014-05-14,58.48,Home Office,27.4856
29343,2014-04-02,42.93,Consumer,19.3185
29347,2014-05-15,29.94,Consumer,10.74
29349,2014-10-22,29.01,Consumer,11.88
29350,2014-02-11,19.8,Corporate,0.0
29352,2014-11-20,40.64,Consumer,17.84
29358,2014-11-29,126.75,Home Office,34.2
29359,2014-08-23,60.804,Corporate,7.404
29360,2014-03-18,57.06,Consumer,18.2592
29362,2014-09-05,43.176,Home Office,15.1116
29366,2014-09-08,22.41,Home Office,-50.85
29368,2014-04-25,106.92,Consumer,26.73
29369,2014-04-15,69.3,Consumer,1.38
29370,2014-11-12,155.7,Corporate,62.2
29372,2014-06-20,96.6,Consumer,0.96
29373,2014-10-21,62.0,Corporate,6.16
29378,2014-10-12,25.2,Corporate,-7.65
29379,2014-10-21,78.84,Home Office,33.03
29382,2014-05-23,119.88,Corporate,17.82
29383,2014-10-20,56.56,Corporate,14.7056
29384,2014-06-17,65.99,Consumer,17.1574
29386,2014-11-08,100.94,Consumer,33.3102
29387,2014-05-24,48.816,Consumer,-11.5938
29388,2014-01-20,52.08,Corporate,16.08
29392,2014-10-29,18.336,Home Office,-15.624
29393,2014-12-29,88.224,Consumer,-26.496
29394,2014-04-16,67.36,Consumer,1.32
29402,2014-08-28,17.88,Corporate,0.32
29404,2014-11-26,211.44,Consumer,18.96
29405,2014-09-16,101.25,Corporate,18.09
29406,2014-11-23,115.02,Corporate,4.56
29407,2014-11-19,245.13,Consumer,-78.45
29410,2014-07-22,50.352,Consumer,17.6232
29423,2014-09-04,92.16,Consumer,27.63
29430,2014-05-26,60.16,Corporate,21.64
29435,2014-02-21,44.28,Corporate,7.02
29439,2014-05-02,73.4052,Consumer,22.1052
29444,2014-04-01,33.62,Corporate,-90.774
29446,2014-04-17,13.68,Home Office,4.08
29447,2014-12-03,58.128,Consumer,-56.712
29450,2014-08-22,58.32,Corporate,25.65
29452,2014-09-11,133.2,Consumer,23.97
29454,2014-11-04,78.0,Corporate,9.36
29457,2014-10-17,39.72,Consumer,5.16
29460,2014-12-19,82.5,Consumer,33.75
29461,2014-04-14,27.45,Consumer,-4.95
29462,2014-05-09,71.172,Consumer,28.452
29464,2014-08-29,25.8,Corporate,6.6
29469,2014-11-04,94.8,Home Office,22.74
29471,2014-11-28,422.5032,Consumer,132.3432
29472,2014-05-27,72.675,Home Office,-65.475
29476,2014-03-13,40.41,Consumer,18.5886
29481,2014-04-30,33.48,Consumer,10.36
29483,2014-07-22,13.59,Consumer,6.75
29484,2014-12-12,59.46,Consumer,15.42
29489,2014-12-16,83.25,Consumer,39.9
29493,2014-05-24,136.26,Home Office,-8.22
29495,2014-12-26,33.372,Consumer,-17.388
29501,2014-09-16,140.52,Consumer,2.76
29502,2014-03-06,23.7,Consumer,3.3
29504,2014-09-08,88.2,Consumer,23.76
29509,2014-03-07,81.48,Corporate,19.53
29512,2014-06-26,50.76,Corporate,16.74
29514,2014-12-16,105.72,Consumer,2.04
29517,2014-09-10,41.08,Home Office,13.96
29519,2014-03-10,20.5,Home Office,8.2
29522,2014-08-07,38.58,Consumer,8.1
29524,2014-05-01,30.69,Consumer,9.18
29525,2014-12-10,47.46,Corporate,2.73
29528,2014-08-29,89.64,Consumer,39.36
29533,2014-12-25,92.2995,Consumer,-80.2305
29534,2014-07-08,58.83,Corporate,-5.91
29537,2014-03-13,59.376,Home Office,-65.334
29539,2014-12-09,49.77,Consumer,13.92
29546,2014-07-31,28.48,Home Office,6.04
29548,2014-10-21,104.976,Home Office,39.636
29551,2014-09-09,110.88,Consumer,43.05
29554,2014-11-22,56.56,Home Office,15.2712
29557,2014-08-04,39.816,Consumer,7.4655
29558,2014-12-26,158.76,Home Office,-59.58
29559,2014-02-21,66.93,Home Office,1.98
29560,2014-03-31,169.68,Corporate,6.78
29561,2014-06-28,27.72,Corporate,6.6
29562,2014-01-31,89.82,Consumer,32.22
29563,2014-10-08,45.0,Corporate,3.6
29570,2014-10-21,82.5192,Corporate,7.8792
29571,2014-01-03,49.56,Corporate,14.34
29572,2014-11-11,45.3678,Corporate,-3.2922
29576,2014-05-08,57.264,Home Office,-80.196
29580,2014-10-23,95.28,Consumer,-27.02
29582,2014-09-09,77.7,Consumer,38.78
29584,2014-07-28,141.12,Consumer,2.7
29598,2014-11-21,53.7,Corporate,14.4
29599,2014-02-17,37.71,Consumer,4.86
29610,2014-08-14,31.44,Consumer,8.4888
29614,2014-11-04,32.8,Consumer,10.1
29616,2014-07-15,67.84,Consumer,16.96
29621,2014-09-18,65.55,Consumer,26.85
29623,2014-12-12,39.98,Consumer,13.5932
29630,2014-09-18,215.52,Consumer,99.12
29631,2014-02-28,76.56,Home Office,16.8
29632,2014-02-28,71.1,Home Office,9.9
29637,2014-11-13,131.94,Corporate,-79.2
29643,2014-08-23,45.06,Consumer,-1.86
29644,2014-02-18,25.0266,Home Office,-21.2934
29646,2014-03-04,72.8,Consumer,19.656
29647,2014-11-20,31.968,Consumer,2.3976
29655,2014-12-06,74.49,Home Office,28.29
29660,2014-10-15,95.44,Consumer,21.94
29662,2014-06-26,57.36,Home Office,6.84
29668,2014-11-20,70.467,Home Office,3.267
29670,2014-07-09,86.376,Home Office,30.2316
29674,2014-12-31,72.32,Consumer,6.4
29678,2014-04-16,65.28,Consumer,15.66
29681,2014-06-16,68.816,Home Office,17.116
29684,2014-11-08,66.51,Home Office,19.26
29685,2014-12-02,121.905,Corporate,-66.015
29686,2014-05-13,33.048,Home Office,8.028
29687,2014-10-01,510.57,Consumer,56.16
29695,2014-12-03,39.992,Corporate,-7.9984
29696,2014-06-05,25.8,Consumer,9.96
29698,2014-04-11,40.08,Consumer,11.2
29701,2014-08-11,125.82,Consumer,-62.91
29707,2014-01-01,39.87,Consumer,8.73
29709,2014-05-13,34.24,Corporate,-53.072
29710,2014-03-14,15.552,Home Office,5.6376
29711,2014-01-21,59.52,Home Office,6.54
29722,2014-01-27,109.728,Corporate,24.288
29723,2014-02-22,23.1,Home Office,5.52
29724,2014-11-11,34.14,Consumer,-6.18
29726,2014-04-28,138.69,Home Office,51.3
29734,2014-04-21,146.86,Consumer,70.4928
29736,2014-06-26,22.956,Consumer,-30.444
29744,2014-04-15,126.4,Consumer,14.2
29745,2014-11-01,69.18,Consumer,21.44
29750,2014-08-20,72.675,Home Office,-36.405
29751,2014-02-28,59.34,Consumer,5.34
29760,2014-12-25,48.3,Corporate,5.79
29770,2014-09-04,82.56,Home Office,28.896
29771,2014-01-16,47.984,Consumer,14.3952
29775,2014-10-22,107.928,Consumer,-81.072
29777,2014-07-10,35.2,Home Office,4.16
29778,2014-06-12,22.68,Consumer,-9.12
29781,2014-10-07,74.25,Consumer,14.04
29782,2014-11-21,65.925,Consumer,-11.925
29783,2014-12-09,76.41,Consumer,-72.09
29785,2014-09-25,46.845,Consumer,18.645
29788,2014-07-16,41.9,Consumer,8.799
29789,2014-03-29,21.56,Corporate,6.8992
29790,2014-05-03,159.56,Corporate,59.0372
29804,2014-03-19,1001.1366,Corporate,-233.2134
29807,2014-02-05,78.246,Corporate,-3.534
29808,2014-10-14,125.19,Home Office,29.97
29809,2014-07-22,53.703,Home Office,-1.197
29810,2014-06-11,90.0576,Consumer,-28.9224
29818,2014-11-18,74.52,Home Office,5.94
29820,2014-09-01,142.08,Consumer,22.71
29824,2014-08-20,53.7,Consumer,4.29
29827,2014-11-17,46.59,Home Office,6.96
29834,2014-11-20,95.72,Corporate,12.44
29836,2014-09-25,130.72,Home Office,24.8
29838,2014-08-18,105.24,Consumer,19.98
29839,2014-12-08,45.72,Consumer,16.44
29842,2014-06-11,45.72,Corporate,19.56
29845,2014-01-22,67.128,Consumer,-70.512
29849,2014-09-23,75.6,Consumer,15.12
29850,2014-05-01,97.824,Consumer,-11.016
29851,2014-11-18,81.18,Consumer,38.88
29852,2014-06-18,121.86,Home Office,40.14
29857,2014-11-21,50.4,Consumer,16.11
29859,2014-10-25,73.1022,Consumer,-21.0378
29860,2014-06-14,45.36,Consumer,2.16
29862,2014-12-23,71.82,Consumer,-42.18
29867,2014-08-13,46.74,Consumer,11.685
29868,2014-02-11,45.69,Corporate,7.29
29869,2014-07-09,51.78,Consumer,1.53
29870,2014-09-15,62.31,Corporate,13.68
29873,2014-06-18,130.08232,Corporate,-131.39768
29876,2014-06-13,66.6,Consumer,33.24
29877,2014-03-27,35.82,Consumer,15.03
29879,2014-05-20,33.6,Consumer,10.08
29881,2014-11-19,45.48,Consumer,12.72
29889,2014-12-17,40.2522,Consumer,12.6822
29896,2014-09-08,73.008,Home Office,26.4654
29898,2014-03-06,42.68,Corporate,19.6328
29899,2014-04-10,65.584,Corporate,23.7742
29902,2014-05-08,166.8,Consumer,19.92
29904,2014-12-19,69.84,Consumer,28.56
29905,2014-10-22,76.08,Corporate,5.28
29911,2014-02-07,66.96,Consumer,8.64
29913,2014-02-22,120.366,Home Office,50.706
29914,2014-06-10,115.56,Corporate,19.62
29918,2014-04-17,61.8,Consumer,14.82
29923,2014-05-16,52.5,Corporate,17.28
29924,2014-11-12,59.52,Consumer,6.54
29927,2014-12-13,16.716,Consumer,1.936
29932,2014-08-21,66.936,Corporate,6.656
29933,2014-11-05,46.98,Corporate,0.9
29935,2014-09-29,78.9,Home Office,24.42
29936,2014-11-06,111.42,Home Office,24.48
29937,2014-10-06,39.92,Home Office,13.473
29938,2014-09-16,50.292,Consumer,-47.778
29941,2014-09-29,97.92,Consumer,30.3
29942,2014-11-27,59.76,Home Office,-25.92
29945,2014-07-11,68.88,Consumer,20.58
29949,2014-12-29,55.74,Home Office,-0.06
29952,2014-03-31,47.7,Consumer,19.98
29953,2014-05-14,36.96,Corporate,14.76
29957,2014-04-04,58.392,Consumer,-17.568
29961,2014-07-12,71.952,Corporate,5.3964
29969,2014-10-21,27.5,Consumer,9.3
29972,2014-09-08,62.72,Home Office,28.16
29977,2014-06-28,41.04,Home Office,10.2
29978,2014-05-08,51.273,Corporate,5.643
29981,2014-08-05,90.6222,Consumer,9.9222
29983,2014-01-14,59.4,Corporate,24.3
29985,2014-09-25,60.96,Consumer,17.04
29987,2014-06-30,28.0125,Consumer,10.7325
29990,2014-03-14,19.456,Home Office,2.1888
29997,2014-12-16,61.86,Consumer,4.92
29998,2014-11-03,217.32,Home Office,-108.68
30001,2014-06-29,87.84,Consumer,39.48
30003,2014-09-18,49.44,Consumer,4.92
30005,2014-01-06,97.2,Consumer,41.76
30009,2014-03-18,83.88,Consumer,30.96
30012,2014-10-11,171.036,Consumer,-28.524
30018,2014-06-18,44.4,Consumer,3.96
30024,2014-11-12,79.08,Consumer,39.48
30029,2014-08-25,79.92,Consumer,0.0
30035,2014-03-18,71.6,Consumer,13.604
30040,2014-02-10,44.7,Consumer,8.49
30044,2014-02-21,83.46,Consumer,33.36
30049,2014-08-20,37.62,Corporate,7.14
30050,2014-11-19,68.364,Corporate,11.304
30051,2014-03-18,40.0,Corporate,6.4
30055,2014-06-30,40.05,Home Office,1.98
30056,2014-02-26,38.4,Home Office,8.82
30060,2014-10-16,87.92,Home Office,26.376
30063,2014-06-16,18.96,Home Office,0.36
30067,2014-06-20,72.864,Home Office,2.704
30071,2014-05-29,39.4,Home Office,19.68
30075,2014-12-18,43.2,Consumer,-20.16
30076,2014-12-12,78.75,Corporate,6.3
30077,2014-07-03,79.11,Consumer,15.75
30079,2014-08-12,56.97,Corporate,6.75
30081,2014-12-10,99.72,Consumer,0.0
30082,2014-02-10,83.4,Corporate,3.3
30083,2014-03-04,163.56,Corporate,57.24
30084,2014-02-10,60.588,Consumer,4.668
30091,2014-05-08,38.04,Home Office,4.56
30094,2014-04-02,105.18,Home Office,25.2
30095,2014-04-15,113.94,Corporate,40.86
30103,2014-12-11,84.5604,Corporate,-2.1996
30104,2014-10-03,127.1076,Consumer,-45.3324
30107,2014-08-15,17.712,Home Office,-7.728
30108,2014-06-23,37.608,Consumer,12.6927
30112,2014-09-12,59.76,Corporate,5.28
30113,2014-10-11,87.408,Home Office,-81.672
30115,2014-02-20,218.592,Corporate,-83.808
30119,2014-08-04,75.33,Consumer,27.81
30129,2014-05-08,79.99,Home Office,28.7964
30133,2014-12-01,97.38,Consumer,32.1
30139,2014-01-06,31.66,Home Office,7.28
30141,2014-08-27,60.2,Consumer,4.2
30143,2014-09-18,39.72,Corporate,13.08
30144,2014-10-21,34.92,Consumer,1.04
30145,2014-05-19,31.84,Consumer,1.84
30146,2014-10-24,90.64,Corporate,7.24
30152,2014-04-20,114.81,Corporate,25.23
30159,2014-08-20,56.76,Home Office,10.74
30160,2014-02-07,45.84,Consumer,-51.57
30163,2014-04-11,59.16,Consumer,10.02
30165,2014-11-14,102.45,Consumer,8.1
30166,2014-03-22,71.1,Corporate,16.29
30167,2014-12-01,53.526,Home Office,-38.934
30168,2014-03-07,26.38,Consumer,12.1348
30169,2014-10-08,85.52,Consumer,22.2352
30171,2014-09-11,14.4,Consumer,-11.52
30172,2014-11-26,141.6,Consumer,24.06
30173,2014-01-06,30.3,Corporate,13.92
30178,2014-10-08,40.635,Consumer,10.365
30179,2014-11-07,60.24,Consumer,11.4
30182,2014-05-14,45.252,Consumer,1.452
30184,2014-08-05,90.0576,Consumer,-28.9224
30188,2014-12-26,40.296,Consumer,-29.244
30192,2014-03-28,105.72,Corporate,43.32
30194,2014-05-19,88.68,Corporate,32.76
30197,2014-06-16,48.7,Home Office,17.5
30199,2014-10-28,36.8,Corporate,0.0
30202,2014-08-16,61.44,Corporate,18.42
30203,2014-07-14,51.48,Consumer,21.6
30205,2014-06-27,83.76,Consumer,1.6752
30206,2014-09-08,37.68,Consumer,2.355
30207,2014-08-14,31.92,Consumer,9.2568
30211,2014-07-29,29.58,Consumer,5.01
30218,2014-07-16,43.83,Home Office,14.4
30219,2014-07-07,50.7,Corporate,22.8
30220,2014-01-21,97.32,Corporate,21.36
30221,2014-08-16,57.8925,Corporate,2.0925
30224,2014-02-28,121.5,Home Office,49.8
30229,2014-03-29,20.04,Corporate,9.6192
30231,2014-10-13,39.984,Corporate,-1.4994
30239,2014-04-30,104.44,Consumer,49.0
30243,2014-01-16,63.76,Consumer,12.72
30244,2014-10-01,83.34,Consumer,-48.36
30246,2014-09-06,76.8,Consumer,17.64
30247,2014-12-26,158.58,Consumer,3.06
30255,2014-03-08,91.59,Consumer,42.1314
30256,2014-11-05,52.752,Home Office,-12.5286
30257,2014-02-12,57.87,Consumer,13.86
30258,2014-06-12,124.272,Home Office,-177.228
30263,2014-05-20,60.9,Consumer,14.56
30264,2014-10-16,46.44,Consumer,18.54
30267,2014-09-16,27.96,Consumer,13.68
30269,2014-05-19,103.56,Corporate,-39.36
30273,2014-01-07,33.74,Home Office,15.5204
30284,2014-05-30,38.04,Consumer,2.64
30287,2014-08-14,60.75,Home Office,29.76
30288,2014-09-17,15.76,Corporate,2.04
30293,2014-06-13,42.96,Corporate,17.16
30294,2014-03-15,56.7,Home Office,5.55
30298,2014-12-12,409.32,Consumer,175.86
30299,2014-10-02,91.84,Corporate,45.0016
30305,2014-08-15,67.7,Corporate,6.0
30307,2014-09-03,45.216,Corporate,-0.024
30308,2014-12-04,172.08,Consumer,-103.32
30310,2014-04-06,57.15,Consumer,24.45
30318,2014-06-17,180.66,Consumer,50.5848
30319,2014-01-03,28.854,Corporate,-21.1596
30320,2014-09-05,17.76,Corporate,5.55
30326,2014-06-17,46.74,Consumer,21.96
30327,2014-01-24,52.98,Consumer,0.51
30331,2014-11-18,37.86,Home Office,15.48
30333,2014-03-03,78.78,Corporate,13.38
30337,2014-11-05,79.974,Consumer,20.394
30338,2014-09-23,110.76,Home Office,8.76
30339,2014-01-06,258.9,Home Office,46.5
30342,2014-06-13,46.5,Home Office,9.3
30345,2014-09-26,64.764,Corporate,-14.076
30347,2014-11-20,82.296,Consumer,15.516
30350,2014-12-30,27.5892,Consumer,6.5892
30351,2014-12-30,113.2452,Consumer,6.7752
30353,2014-06-09,23.76,Corporate,2.079
30355,2014-08-13,17.52,Corporate,5.256
30356,2014-11-05,143.928,Consumer,-32.3838
30358,2014-08-02,24.36,Home Office,9.72
30361,2014-09-10,86.256,Corporate,-15.144
30364,2014-10-16,98.22,Consumer,35.34
30365,2014-09-17,169.92,Home Office,69.66
30374,2014-09-23,34.95,Consumer,15.378
30375,2014-12-19,47.82,Consumer,10.98
30376,2014-06-13,101.88,Consumer,38.7
30377,2014-05-30,37.62,Consumer,6.0
30383,2014-06-05,53.01,Consumer,5.22
30385,2014-08-19,56.43,Home Office,9.0
30388,2014-04-28,62.34,Consumer,13.68
30389,2014-09-22,287.4,Home Office,126.36
30393,2014-11-28,44.388,Consumer,1.458
30394,2014-12-15,64.96,Home Office,22.736
30399,2014-02-17,50.352,Consumer,-8.1822
30401,2014-09-05,24.0,Consumer,2.88
30402,2014-06-19,56.34,Corporate,16.89
30403,2014-11-26,99.288,Consumer,-8.312
30404,2014-02-03,32.32,Home Office,14.22
30407,2014-08-06,57.72,Corporate,14.4
30409,2014-07-02,44.624,Corporate,-37.936
30411,2014-12-06,73.875,Corporate,-73.875
30412,2014-07-17,68.025,Corporate,-54.525
30413,2014-08-12,64.26,Consumer,32.1
30418,2014-04-17,81.99,Consumer,10.62
30419,2014-05-21,71.37,Consumer,-25.83
30426,2014-01-24,86.352,Corporate,8.6352
30427,2014-06-16,119.96,Corporate,7.4975
30430,2014-04-30,51.36,Consumer,9.75
30432,2014-06-30,51.6,Corporate,-61.92
30434,2014-03-21,84.84,Consumer,-14.28
30435,2014-10-20,151.236,Consumer,5.016
30436,2014-11-25,64.56,Consumer,32.28
30437,2014-03-31,79.11,Corporate,32.4
30438,2014-01-03,58.08,Consumer,2.28
30442,2014-09-11,83.6976,Corporate,-20.6724
30444,2014-06-23,87.9504,Consumer,-7.3296
30445,2014-03-20,51.975,Corporate,-24.975
30447,2014-09-23,86.97,Corporate,25.2213
30452,2014-11-26,45.03,Consumer,9.45
30453,2014-08-09,19.908,Consumer,-15.942
30460,2014-08-04,94.5,Consumer,30.24
30466,2014-12-09,115.71,Home Office,40.32
30472,2014-09-10,47.52,Consumer,22.8096
30477,2014-04-14,23.25,Corporate,4.41
30478,2014-03-28,133.2,Corporate,11.88
30479,2014-08-15,50.12,Home Office,23.04
30487,2014-05-31,27.4752,Home Office,-7.8048
30488,2014-09-10,95.88,Corporate,28.764
30493,2014-06-26,50.73,Home Office,16.23
30494,2014-09-12,38.7,Consumer,-25.8
30495,2014-11-27,42.6,Corporate,15.32
30497,2014-11-25,109.8,Corporate,38.4
30498,2014-10-10,60.264,Consumer,-32.256
30501,2014-12-25,183.87,Consumer,64.35
30503,2014-08-20,103.56,Consumer,18.6
30507,2014-09-25,38.34,Home Office,0.0
30512,2014-08-30,27.44,Corporate,2.401
30513,2014-05-12,74.416,Home Office,-14.8832
30518,2014-09-18,59.76,Consumer,5.28
30519,2014-08-05,54.0,Consumer,17.28
30522,2014-04-19,42.12,Corporate,20.6
30524,2014-05-26,78.84,Corporate,18.12
30525,2014-04-07,66.672,Corporate,-33.408
30530,2014-09-25,223.722,Consumer,52.182
30534,2014-11-05,124.92,Consumer,48.6
30535,2014-04-15,89.856,Consumer,21.3408
30542,2014-05-23,49.56,Consumer,18.8328
30543,2014-11-26,54.24,Consumer,20.61
30544,2014-06-21,42.06,Consumer,21.03
30547,2014-12-02,16.59,Corporate,5.46
30549,2014-01-17,44.34,Consumer,10.62
30554,2014-11-12,88.44,Consumer,15.84
30555,2014-02-28,62.1,Corporate,-39.36
30556,2014-07-11,26.37,Consumer,9.99
30557,2014-05-30,80.73,Home Office,30.6
30559,2014-05-26,16.8,Consumer,5.37
30564,2014-10-14,59.712,Corporate,5.9712
30566,2014-09-09,21.184,Corporate,-11.6512
30567,2014-03-31,40.68,Consumer,18.24
30568,2014-12-16,50.4,Consumer,24.18
30578,2014-11-10,42.48,Corporate,15.66
30581,2014-11-05,39.609,Corporate,12.249
30582,2014-10-17,46.71,Home Office,19.53
30583,2014-10-31,66.87,Home Office,11.97
30584,2014-12-11,167.34,Consumer,81.96
30586,2014-11-20,31.776,Corporate,8.7384
30589,2014-01-31,69.375,Consumer,-47.175
30591,2014-12-08,88.44,Consumer,35.37
30593,2014-01-20,134.688,Corporate,-111.132
30595,2014-12-17,15.54,Home Office,0.0
30597,2014-10-01,117.32,Consumer,43.4
30599,2014-10-06,72.54,Corporate,-15.76
30601,2014-08-19,40.86,Consumer,11.34
30602,2014-11-11,56.94,Corporate,27.3
30604,2014-03-19,85.32,Home Office,-9.48
30613,2014-05-08,67.95,Consumer,12.15
30620,2014-09-01,87.792,Corporate,-5.888
30621,2014-11-20,31.34,Consumer,4.06
30622,2014-03-03,56.5,Corporate,23.1
30624,2014-08-09,258.9,Home Office,46.5
30632,2014-12-31,39.6,Consumer,6.66
30635,2014-06-04,45.36,Corporate,22.2264
30636,2014-06-16,77.728,Consumer,-3.8864
30649,2014-12-12,79.2,Consumer,39.6
30650,2014-10-17,91.14,Consumer,17.22
30652,2014-09-12,19.44,Consumer,9.3312
30653,2014-03-15,49.616,Corporate,4.9616
30657,2014-09-06,66.93,Corporate,1.98
30658,2014-11-18,55.92,Consumer,27.36
30660,2014-05-08,61.32,Consumer,13.44
30664,2014-09-18,20.72,Consumer,4.12
30667,2014-12-15,70.92,Consumer,-8.55
30668,2014-07-03,67.5,Home Office,-54.0
30675,2014-09-16,39.99,Consumer,11.5971
30676,2014-06-28,15.84,Consumer,1.26
30677,2014-08-19,81.54,Home Office,0.0
30683,2014-06-11,36.66,Corporate,-7.34
30684,2014-12-07,82.88,Consumer,8.28
30686,2014-10-17,21.408,Corporate,-0.752
30692,2014-05-08,52.245,Corporate,-5.265
30693,2014-09-17,45.09,Home Office,21.15
30694,2014-10-17,96.45,Home Office,38.55
30699,2014-08-26,33.06,Consumer,11.52
30702,2014-08-29,91.6,Home Office,26.564
30704,2014-05-26,36.018,Consumer,-54.162
30707,2014-09-25,46.32,Corporate,6.0
30709,2014-10-07,101.58,Consumer,-64.42
30714,2014-10-05,109.28,Corporate,49.12
30720,2014-02-11,48.33,Home Office,13.38
30724,2014-09-16,38.62,Home Office,10.8136
30727,2014-06-13,74.76,Consumer,34.32
30728,2014-01-03,61.776,Consumer,-24.744
30729,2014-04-01,42.96,Consumer,15.84
30731,2014-10-24,52.736,Consumer,-0.024
30732,2014-06-06,64.8,Home Office,27.2
30734,2014-10-02,46.62,Home Office,21.84
30738,2014-09-17,55.38,Consumer,4.38
30739,2014-12-19,56.55,Consumer,4.95
30740,2014-09-15,72.99,Corporate,-7.32
30741,2014-09-22,54.0,Consumer,4.86
30742,2014-08-04,82.704,Consumer,12.384
30743,2014-08-28,56.52,Home Office,-47.52
30746,2014-11-21,40.5,Corporate,4.05
30751,2014-11-07,46.26,Home Office,12.0276
30752,2014-08-19,88.02,Corporate,27.2862
30757,2014-03-19,59.58,Corporate,13.08
30761,2014-07-10,36.12,Home Office,12.64
30763,2014-06-27,78.312,Consumer,6.852
30768,2014-11-25,21.6,Consumer,5.4
30775,2014-12-03,114.288,Corporate,12.8574
30779,2014-09-12,39.6,Home Office,0.0
30784,2014-08-04,53.88,Consumer,24.78
30788,2014-07-23,80.685,Corporate,-45.495
30789,2014-04-01,29.78,Consumer,8.0406
30790,2014-12-03,69.456,Corporate,22.5732
30791,2014-05-28,25.92,Consumer,9.072
30795,2014-11-18,79.99,Corporate,28.7964
30796,2014-09-24,74.7,Consumer,1.44
30798,2014-11-18,96.6,Corporate,11.58
30800,2014-07-09,82.008,Consumer,-98.412
30801,2014-05-02,30.27,Corporate,10.29
30805,2014-12-09,50.82,Consumer,16.66
30808,2014-03-18,65.2,Corporate,24.08
30809,2014-07-02,50.79,Consumer,6.6
30810,2014-08-12,56.76,Corporate,26.64
30811,2014-08-07,26.22,Corporate,1.8
30812,2014-12-20,106.974,Consumer,43.974
30815,2014-06-25,71.73,Consumer,15.75
30816,2014-12-27,100.4964,Consumer,-12.1836
30824,2014-09-12,51.156,Consumer,-61.404
30831,2014-12-11,41.85,Consumer,13.32
30833,2014-06-13,61.503,Consumer,5.103
30844,2014-09-26,46.92,Consumer,15.9
30847,2014-07-11,84.3,Home Office,22.74
30849,2014-09-05,40.32,Consumer,9.52
30856,2014-10-17,29.88,Home Office,0.84
30857,2014-01-15,59.598,Home Office,-10.242
30863,2014-05-29,208.5,Consumer,68.7
30868,2014-11-15,21.99,Consumer,-32.985
30869,2014-06-18,23.592,Corporate,-23.028
30870,2014-12-26,30.624,Consumer,-29.136
30879,2014-11-22,76.224,Consumer,-15.296
30886,2014-07-09,153.72,Consumer,73.71
30890,2014-09-26,39.9,Corporate,10.374
30895,2014-03-14,63.24,Consumer,25.92
30899,2014-11-24,49.74,Consumer,11.91
30902,2014-03-28,107.4,Corporate,44.0
30903,2014-09-27,32.4,Corporate,-19.44
30905,2014-04-24,50.988,Consumer,5.088
30906,2014-10-27,50.72,Corporate,-49.52
30907,2014-11-07,98.172,Corporate,41.412
30909,2014-10-13,52.86,Corporate,4.74
30910,2014-02-14,79.56,Consumer,13.74
30911,2014-06-30,39.45,Consumer,12.21
30913,2014-08-30,46.62,Home Office,8.19
30920,2014-12-18,32.19,Corporate,12.21
30923,2014-07-21,59.16,Corporate,10.02
30925,2014-05-14,65.16,Corporate,22.8
30929,2014-04-01,84.672,Consumer,-124.968
30931,2014-02-28,80.64,Corporate,18.54
30933,2014-06-30,30.66,Home Office,1.5
30937,2014-06-13,42.735,Consumer,-42.735
30942,2014-01-14,57.996,Corporate,-30.024
30944,2014-07-30,34.848,Consumer,6.534
30946,2014-11-20,59.913,Consumer,-45.9333
30947,2014-10-03,105.996,Corporate,-39.774
30948,2014-10-03,61.2,Consumer,18.96
30953,2014-06-18,80.0,Corporate,34.4
30960,2014-08-06,379.242,Corporate,63.162
30962,2014-09-25,31.806,Consumer,-2.514
30963,2014-05-21,126.5382,Home Office,29.4282
30965,2014-05-24,35.883,Consumer,4.743
30968,2014-10-31,88.752,Consumer,27.735
30969,2014-07-18,32.4,Corporate,15.552
30971,2014-08-05,113.04,Consumer,23.64
30974,2014-04-16,87.76,Corporate,11.4
30975,2014-09-23,77.48,Corporate,27.08
30979,2014-09-26,75.0321,Consumer,-26.9379
30980,2014-06-30,55.3161,Consumer,-29.3139
30986,2014-12-17,39.861,Corporate,-54.489
30992,2014-04-02,18.36,Corporate,3.3
30997,2014-05-19,29.0,Consumer,10.7
30998,2014-06-30,86.346,Consumer,7.626
30999,2014-02-17,44.94,Consumer,0.0
31001,2014-12-24,30.96,Consumer,5.22
31007,2014-08-22,56.97,Consumer,11.34
31009,2014-05-08,50.274,Consumer,13.374
31010,2014-12-11,34.5,Home Office,15.525
31012,2014-11-26,109.98,Consumer,5.49
31013,2014-02-18,33.9,Home Office,12.18
31014,2014-10-17,62.13,Consumer,3.09
31025,2014-04-09,28.64,Corporate,5.44
31030,2014-01-02,54.56,Consumer,19.64
31031,2014-10-20,53.76,Home Office,20.4
31032,2014-09-24,58.32,Home Office,16.86
31035,2014-09-06,80.46,Consumer,26.46
31036,2014-01-29,53.217,Consumer,-2.403
31039,2014-01-25,88.47,Consumer,37.98
31042,2014-02-26,58.68,Consumer,-24.48
31043,2014-10-31,43.86,Consumer,20.6142
31044,2014-05-07,59.2,Consumer,29.6
31045,2014-04-25,69.98,Corporate,4.8986
31046,2014-06-16,76.608,Corporate,6.7032
31047,2014-05-07,54.576,Corporate,-121.944
31048,2014-06-30,58.68,Home Office,-67.5
31049,2014-05-24,90.18,Consumer,45.06
31053,2014-05-08,38.961,Consumer,16.821
31057,2014-09-12,90.72,Corporate,16.2
31065,2014-08-18,71.976,Corporate,8.997
31068,2014-09-03,25.05,Consumer,1.5
31069,2014-02-19,55.14,Corporate,15.99
31070,2014-05-01,38.52,Corporate,-53.94
31072,2014-03-09,39.36,Home Office,7.86
31073,2014-05-26,58.48,Corporate,27.48
31077,2014-07-04,17.088,Corporate,-25.232
31078,2014-06-18,45.024,Corporate,-1.136
31080,2014-11-17,71.715,Home Office,-46.095
31082,2014-03-17,41.25,Home Office,5.7
31084,2014-09-06,31.35,Consumer,14.7
31086,2014-02-07,228.831,Home Office,38.481
31088,2014-07-11,90.24,Corporate,30.6
31092,2014-04-09,28.512,Home Office,-42.768
31093,2014-12-22,40.32,Consumer,16.92
31099,2014-09-23,27.0,Consumer,1.08
31102,2014-12-03,101.85,Corporate,22.26
31107,2014-04-04,78.246,Home Office,12.096
31109,2014-10-31,106.02,Corporate,9.54
31110,2014-09-12,58.0635,Consumer,-2.1465
31111,2014-10-14,22.41,Corporate,-16.59
31114,2014-06-12,15.872,Home Office,1.984
31121,2014-02-18,48.93,Home Office,24.45
31126,2014-08-16,65.952,Consumer,3.252
31133,2014-05-09,74.64,Consumer,0.0
31138,2014-11-08,68.55,Consumer,12.9
31139,2014-08-19,29.88,Home Office,0.87
31140,2014-12-27,90.24,Consumer,-21.66
31145,2014-06-09,72.588,Consumer,-48.392
31146,2014-01-24,40.83,Consumer,5.28
31147,2014-10-14,118.2,Corporate,0.0
31148,2014-11-19,101.208,Corporate,-45.552
31150,2014-10-31,49.872,Home Office,-7.488
31155,2014-08-06,185.28,Corporate,48.12
31157,2014-09-25,110.25,Home Office,11.97
31160,2014-11-17,45.633,Home Office,-24.987
31163,2014-09-20,72.588,Corporate,-128.2388
31164,2014-11-02,45.75,Consumer,21.03
31169,2014-04-16,59.9,Corporate,24.5
31172,2014-10-15,65.22,Home Office,14.34
31175,2014-10-22,31.92,Consumer,15.0
31176,2014-06-18,89.73,Home Office,35.82
31179,2014-06-09,22.05,Consumer,6.75
31180,2014-01-16,93.7236,Consumer,34.9236
31182,2014-08-29,49.83,Consumer,3.48
31185,2014-12-03,34.65,Consumer,10.395
31192,2014-11-26,67.84,Consumer,-179.776
31196,2014-12-17,65.4,Consumer,-53.97
31197,2014-12-24,56.76,Consumer,26.64
31198,2014-08-29,54.69,Home Office,13.65
31203,2014-10-09,279.6,Consumer,16.7
31205,2014-07-28,79.56,Consumer,36.54
31207,2014-11-12,96.6,Consumer,12.39
31208,2014-11-17,55.5,Home Office,25.5
31209,2014-07-23,45.288,Corporate,-0.072
31214,2014-12-03,57.36,Corporate,-14.34
31215,2014-10-06,72.9,Corporate,26.973
31219,2014-06-30,33.468,Home Office,-7.812
31223,2014-09-20,21.48,Home Office,5.36
31226,2014-08-05,58.05,Consumer,4.05
31227,2014-09-01,42.84,Consumer,4.68
31232,2014-09-30,51.55,Consumer,24.2285
31233,2014-05-30,43.41,Consumer,19.9686
31234,2014-08-02,29.196,Home Office,-22.404
31243,2014-08-21,40.5,Corporate,-21.6
31246,2014-06-18,35.406,Consumer,-8.094
31248,2014-09-06,99.54,Consumer,27.84
31250,2014-06-24,22.29,Corporate,6.9
31255,2014-11-14,163.96,Home Office,70.5028
31259,2014-08-18,89.04,Home Office,6.0
31264,2014-03-17,55.56,Home Office,7.68
31265,2014-11-25,48.006,Consumer,17.586
31269,2014-02-19,153.171,Consumer,25.461
31272,2014-01-15,168.624,Corporate,14.7546
31275,2014-10-03,55.26,Consumer,8.28
31277,2014-12-04,92.88,Home Office,15.66
31280,2014-03-13,57.39,Corporate,3.99
31282,2014-06-23,50.73,Home Office,16.23
31283,2014-10-22,79.5,Corporate,3.18
31287,2014-06-21,54.252,Corporate,-5.448
31288,2014-10-23,53.04,Consumer,6.84
31295,2014-09-26,32.25,Consumer,11.85
31296,2014-06-18,79.47,Corporate,9.45
31297,2014-10-15,37.66,Home Office,18.4534
31298,2014-01-29,37.74,Home Office,12.8316
31302,2014-11-13,96.3,Consumer,31.68
31303,2014-06-11,47.61,Corporate,9.03
31305,2014-02-03,34.968,Consumer,-45.492
31308,2014-05-13,84.3,Home Office,18.5
31310,2014-12-12,60.6,Corporate,27.84
31311,2014-12-18,61.128,Consumer,25.128
31313,2014-03-11,98.388,Consumer,-5.472
31314,2014-01-31,48.15,Corporate,15.84
31315,2014-07-22,33.966,Consumer,8.766
31319,2014-05-02,58.4166,Consumer,-41.9034
31321,2014-12-26,81.54,Corporate,24.39
31326,2014-02-21,51.168,Home Office,-6.396
31333,2014-08-16,19.86,Consumer,8.91
31339,2014-11-26,56.28,Home Office,24.64
31342,2014-12-09,31.2,Corporate,-22.62
31343,2014-04-16,21.0,Consumer,3.36
31347,2014-12-02,69.9,Corporate,-64.35
31350,2014-01-15,53.823,Corporate,-28.437
31351,2014-01-31,34.58,Corporate,14.5236
31353,2014-01-16,34.384,Consumer,3.8682
31371,2014-10-30,44.22,Consumer,7.92
31374,2014-12-09,34.251,Corporate,-10.299
31378,2014-12-29,103.86,Corporate,16.56
31379,2014-09-02,114.9,Consumer,39.066
31383,2014-11-12,25.5,Consumer,6.63
31384,2014-02-18,100.74,Consumer,31.2
31385,2014-06-14,11.832,Consumer,-12.738
31390,2014-03-24,64.44,Consumer,1.04
31392,2014-12-05,138.24,Consumer,33.16
31393,2014-11-14,65.016,Consumer,-32.544
31401,2014-10-10,66.645,Corporate,-42.6528
31406,2014-08-01,74.76,Consumer,30.24
31407,2014-10-16,141.888,Consumer,19.488
31409,2014-04-25,107.4,Consumer,28.8
31411,2014-07-11,108.45,Consumer,6.45
31412,2014-09-15,64.44,Consumer,20.58
31414,2014-08-21,24.96,Consumer,1.98
31415,2014-12-10,45.18,Consumer,5.76
31419,2014-06-19,38.88,Consumer,19.0512
31421,2014-06-23,31.17,Consumer,4.35
31422,2014-03-10,42.66,Corporate,5.1
31424,2014-09-23,54.0,Corporate,4.86
31426,2014-09-03,29.016,Consumer,-6.304
31431,2014-12-30,161.3,Corporate,6.4
31433,2014-10-30,46.62,Consumer,15.3
31438,2014-06-03,88.074,Consumer,19.554
31439,2014-01-22,48.705,Consumer,16.605
31441,2014-12-23,47.574,Home Office,10.554
31443,2014-09-11,18.76,Consumer,9.0048
31444,2014-12-05,54.768,Corporate,6.846
31450,2014-08-02,40.83,Corporate,6.51
31451,2014-07-10,102.744,Consumer,-151.596
31453,2014-01-29,19.05,Corporate,7.02
31454,2014-05-02,48.33,Consumer,1.92
31455,2014-10-24,59.136,Home Office,3.696
31459,2014-02-04,41.352,Consumer,6.192
31461,2014-07-08,39.42,Corporate,15.66
31462,2014-08-06,78.66,Corporate,5.4
31464,2014-11-13,62.328,Corporate,-17.682
31469,2014-11-07,31.104,Consumer,10.8864
31470,2014-01-15,67.4,Home Office,17.524
31474,2014-08-20,49.47,Consumer,7.89
31476,2014-10-07,41.16,Corporate,-8.24
31480,2014-12-16,67.86,Corporate,27.78
31487,2014-09-10,45.0,Consumer,8.04
31489,2014-12-23,34.128,Corporate,-1.572
31490,2014-05-23,79.2,Corporate,9.48
31497,2014-04-25,87.3,Consumer,-186.24
31504,2014-12-10,44.112,Consumer,-8.848
31508,2014-04-25,36.828,Corporate,-53.442
31509,2014-08-22,104.76,Consumer,3.06
31510,2014-12-01,86.52,Corporate,8.61
31511,2014-01-21,25.08,Consumer,12.0
31518,2014-05-07,42.408,Consumer,-26.232
31525,2014-09-25,57.42,Consumer,28.71
31529,2014-11-08,43.98,Consumer,9.66
31534,2014-12-25,114.72,Consumer,13.68
31536,2014-04-04,39.888,Consumer,-2.112
31538,2014-12-03,115.89,Home Office,21.99
31541,2014-02-03,86.26,Consumer,29.3284
31542,2014-02-07,227.46,Corporate,65.9634
31555,2014-02-10,139.56,Corporate,55.8
31558,2014-09-25,66.84,Corporate,12.6
31559,2014-07-18,80.58,Corporate,9.66
31560,2014-04-02,27.6024,Consumer,-20.8776
31564,2014-10-13,45.0,Consumer,4.95
31566,2014-06-25,17.04,Consumer,4.26
31569,2014-12-10,54.96,Corporate,19.23
31571,2014-10-19,41.7,Consumer,4.98
31572,2014-09-23,54.936,Home Office,-25.644
31573,2014-06-25,97.32,Home Office,18.48
31575,2014-11-18,23.94,Home Office,10.26
31576,2014-06-17,58.14,Home Office,2.88
31577,2014-10-06,41.42,Consumer,10.76
31581,2014-09-11,20.52,Home Office,5.28
31589,2014-02-03,28.98,Corporate,2.88
31590,2014-12-10,27.24,Corporate,2.724
31595,2014-11-03,59.78,Home Office,12.46
31596,2014-09-10,29.76,Consumer,12.78
31598,2014-03-31,30.69,Consumer,-29.49
31599,2014-09-19,49.5,Consumer,9.36
31600,2014-09-01,39.69,Consumer,-31.92
31601,2014-08-20,61.8,Home Office,6.15
31602,2014-11-07,74.34,Corporate,8.91
31604,2014-12-23,80.244,Home Office,24.024
31612,2014-12-13,49.176,Consumer,-0.864
31618,2014-03-17,37.35,Corporate,4.47
31622,2014-09-01,79.128,Consumer,-2.292
31628,2014-10-24,55.2,Consumer,-2.07
31630,2014-01-15,67.8,Home Office,1.356
31631,2014-04-07,48.42,Home Office,14.52
31634,2014-10-07,59.832,Consumer,-139.608
31635,2014-12-24,51.84,Consumer,14.49
31636,2014-12-15,51.96,Corporate,18.66
31639,2014-11-28,48.36,Consumer,13.04
31641,2014-12-23,50.1,Consumer,3.0
31645,2014-12-19,26.352,Corporate,-0.588
31647,2014-10-04,22.58,Consumer,5.8708
31648,2014-12-30,68.46,Consumer,20.538
31650,2014-08-12,19.14,Consumer,4.2
31655,2014-09-20,50.04,Corporate,-110.16
31665,2014-03-31,50.4,Corporate,11.04
31668,2014-06-04,65.1582,Corporate,-6.3018
31669,2014-11-13,134.892,Consumer,-83.208
31670,2014-10-08,79.92,Consumer,26.973
31671,2014-03-14,45.36,Home Office,21.7728
31672,2014-05-08,26.64,Corporate,7.4592
31675,2014-02-11,50.79,Home Office,6.6
31676,2014-11-26,55.26,Consumer,8.28
31678,2014-05-22,45.75,Corporate,21.03
31679,2014-09-09,69.4,Consumer,34.7
31680,2014-10-17,51.68,Consumer,11.6
31682,2014-07-04,115.536,Corporate,-57.784
31684,2014-09-04,51.66,Consumer,18.06
31686,2014-01-16,145.2,Consumer,5.7
31694,2014-06-05,119.07,Corporate,9.9
31703,2014-02-20,50.16,Consumer,6.0
31705,2014-12-16,52.74,Consumer,21.6
31706,2014-06-18,76.392,Consumer,-93.588
31708,2014-07-09,17.664,Consumer,-4.416
31711,2014-11-22,62.64,Consumer,0.6
31716,2014-12-16,74.25,Consumer,-25.29
31721,2014-06-17,50.625,Corporate,3.375
31725,2014-02-21,31.992,Home Office,4.7988
31726,2014-11-28,69.144,Consumer,-95.076
31727,2014-02-17,117.045,Corporate,-214.605
31734,2014-01-14,34.38,Corporate,8.91
31737,2014-07-03,61.32,Consumer,3.0
31740,2014-02-04,30.6,Corporate,-1.8
31744,2014-11-17,52.44,Home Office,24.1224
31745,2014-11-18,43.8,Consumer,20.586
31747,2014-08-22,77.172,Consumer,-69.468
31749,2014-10-08,31.14,Consumer,14.28
31751,2014-07-21,168.18,Consumer,15.12
31756,2014-06-25,81.144,Consumer,-42.616
31758,2014-12-08,78.288,Corporate,-5.892
31760,2014-12-02,79.47,Home Office,9.45
31764,2014-08-08,55.3605,Home Office,-7.1895
31767,2014-12-09,55.98,Consumer,27.4302
31771,2014-05-28,98.16,Corporate,9.816
31772,2014-07-18,57.9,Corporate,28.95
31775,2014-08-19,34.056,Home Office,-33.264
31783,2014-11-27,60.732,Home Office,-3.108
31786,2014-06-18,125.37,Corporate,0.0
31789,2014-12-29,293.22,Consumer,84.96
31796,2014-11-25,79.1,Corporate,39.55
31799,2014-04-21,51.968,Corporate,10.3936
31800,2014-07-15,62.04,Consumer,4.653
31801,2014-11-19,81.36,Corporate,-19.323
31809,2014-05-06,69.456,Consumer,19.956
31810,2014-10-31,47.184,Home Office,13.524
31812,2014-07-26,54.75,Home Office,21.3
31820,2014-03-17,43.1526,Corporate,-6.5274
31822,2014-09-30,42.795,Consumer,9.945
31826,2014-07-22,222.32,Home Office,25.011
31834,2014-09-30,63.192,Corporate,-16.888
31835,2014-04-19,53.0,Consumer,1.04
31836,2014-10-17,44.784,Consumer,-100.056
31837,2014-04-27,29.32,Corporate,10.52
31839,2014-11-12,144.18,Consumer,38.88
31840,2014-11-10,66.72,Corporate,1.92
31841,2014-05-23,31.68,Consumer,2.52
31842,2014-07-03,61.92,Home Office,27.18
31844,2014-06-20,105.894,Corporate,41.154
31845,2014-08-06,159.12,Consumer,60.39
31847,2014-05-12,51.45,Home Office,20.55
31849,2014-01-27,62.72,Consumer,24.4608
31850,2014-07-22,94.192,Corporate,-164.836
31863,2014-09-05,30.96,Consumer,9.54
31879,2014-04-14,68.928,Consumer,-63.762
31880,2014-01-10,73.944,Corporate,-165.156
31881,2014-09-26,83.25,Consumer,7.47
31885,2014-03-16,42.984,Consumer,-52.656
31886,2014-08-29,27.04,Consumer,10.24
31888,2014-08-13,87.3,Consumer,35.7
31889,2014-12-09,76.74,Corporate,-73.74
31890,2014-05-08,34.11,Corporate,17.01
31891,2014-05-26,50.286,Corporate,-8.334
31892,2014-03-19,133.407,Corporate,-0.063
31895,2014-08-28,37.008,Home Office,11.565
31899,2014-10-06,87.8,Corporate,43.9
31900,2014-03-31,94.2,Consumer,39.564
31901,2014-09-01,52.2,Consumer,13.56
31905,2014-05-08,133.392,Home Office,-37.828
31906,2014-10-03,37.992,Corporate,-10.768
31907,2014-07-04,50.436,Corporate,-15.144
31908,2014-03-18,47.64,Corporate,15.24
31910,2014-11-17,45.6,Home Office,9.1
31911,2014-04-23,25.0,Consumer,10.72
31917,2014-12-03,51.651,Consumer,4.011
31918,2014-08-14,27.12,Corporate,13.2
31924,2014-04-22,51.27,Home Office,17.94
31925,2014-05-22,21.588,Corporate,-14.052
31933,2014-09-03,79.5,Corporate,31.8
31945,2014-12-04,37.584,Home Office,8.724
31958,2014-02-28,48.39,Home Office,15.0
31963,2014-06-06,32.96,Home Office,4.56
31964,2014-11-25,29.232,Consumer,3.852
31966,2014-12-04,43.128,Consumer,-24.472
31974,2014-11-08,22.53,Consumer,-17.13
31975,2014-08-19,47.844,Consumer,10.074
31982,2014-04-01,45.6,Corporate,18.96
31983,2014-09-03,95.64,Consumer,12.42
31985,2014-07-28,54.66,Home Office,2.73
31989,2014-09-05,40.32,Corporate,7.2
31993,2014-11-25,93.744,Consumer,9.344
31994,2014-11-21,96.81,Corporate,35.7
31995,2014-09-23,48.42,Consumer,-21.81
31996,2014-04-17,60.48,Corporate,2.97
32004,2014-12-11,24.93,Consumer,1.23
32005,2014-09-26,51.69,Consumer,16.53
32006,2014-09-18,29.1,Corporate,0.84
32008,2014-11-19,53.4,Consumer,9.0
32016,2014-08-22,17.58,Consumer,6.66
32018,2014-09-01,55.92,Corporate,8.34
32023,2014-01-18,45.885,Home Office,-34.965
32026,2014-08-06,13.76,Corporate,6.3296
32030,2014-05-20,95.992,Consumer,9.5992
32032,2014-09-17,51.36,Consumer,14.37
32033,2014-04-15,82.704,Corporate,-95.136
32034,2014-10-22,27.96,Corporate,5.28
32037,2014-11-04,173.16,Corporate,13.84
32043,2014-06-23,57.9,Consumer,8.1
32045,2014-12-25,108.96,Corporate,52.08
32052,2014-06-11,65.016,Consumer,2.856
32054,2014-06-04,165.078,Consumer,-7.362
32057,2014-05-28,58.34,Home Office,28.0032
32060,2014-01-20,16.8,Corporate,5.04
32061,2014-10-16,116.64,Consumer,51.3
32062,2014-04-23,78.3,Consumer,28.08
32066,2014-09-12,23.36,Consumer,7.44
32071,2014-11-07,46.92,Consumer,15.9
32072,2014-01-04,45.54,Consumer,0.9
32073,2014-12-20,71.3502,Consumer,-4.9098
32074,2014-05-10,21.36,Consumer,7.02
32075,2014-11-26,64.11,Corporate,-15.39
32076,2014-09-08,42.84,Consumer,11.07
32077,2014-06-18,70.8504,Consumer,-26.8296
32078,2014-03-27,54.9,Home Office,8.7
32080,2014-01-13,37.68,Home Office,15.8256
32081,2014-10-03,34.236,Home Office,-26.2476
32082,2014-11-04,26.4,Corporate,11.88
32084,2014-04-28,139.58,Consumer,39.0824
32088,2014-07-25,34.8,Corporate,9.0
32092,2014-12-23,34.68,Consumer,-16.52
32093,2014-06-09,54.72,Corporate,15.84
32095,2014-12-17,51.6,Corporate,9.24
32096,2014-09-10,48.4,Consumer,6.7
32101,2014-03-10,101.46,Consumer,32.46
32107,2014-12-10,29.2401,Consumer,-19.3599
32108,2014-09-11,33.99,Consumer,14.6157
32109,2014-03-03,57.96,Corporate,27.2412
32116,2014-12-08,58.28,Corporate,-87.42
32117,2014-12-29,61.08,Consumer,-30.62
32119,2014-09-08,22.64,Consumer,0.0
32126,2014-06-10,55.92,Consumer,27.36
32127,2014-08-16,33.78,Home Office,13.8
32128,2014-07-22,59.76,Consumer,-49.2
32129,2014-06-09,250.38,Corporate,100.08
32131,2014-11-23,79.29,Home Office,18.18
32133,2014-12-31,20.9244,Corporate,-14.2356
32134,2014-03-22,56.067,Consumer,-33.693
32138,2014-12-02,91.99,Consumer,3.6796
32141,2014-04-15,50.22,Consumer,21.09
32143,2014-07-08,54.66,Home Office,3.78
32144,2014-04-08,72.9,Consumer,-29.16
32147,2014-09-15,132.96,Consumer,53.12
32151,2014-04-30,39.6,Corporate,-33.3
32153,2014-09-06,99.6,Consumer,11.94
32154,2014-10-01,45.6012,Consumer,-37.0188
32159,2014-11-24,74.112,Consumer,17.6016
32161,2014-12-09,31.92,Consumer,8.2992
32163,2014-07-04,30.96,Home Office,11.223
32167,2014-12-18,71.52,Consumer,24.24
32171,2014-04-17,48.93,Home Office,6.84
32172,2014-04-09,45.48,Consumer,9.96
32173,2014-11-08,45.216,Consumer,9.036
32174,2014-11-04,33.78,Consumer,4.02
32178,2014-04-09,67.68,Consumer,17.52
32179,2014-11-14,73.344,Consumer,-11.016
32180,2014-04-19,30.66,Corporate,3.66
32182,2014-07-07,70.416,Corporate,-42.264
32183,2014-05-09,51.111,Consumer,17.001
32184,2014-11-07,138.39,Consumer,57.96
32185,2014-01-31,75.75,Consumer,10.5
32187,2014-05-21,139.95,Corporate,46.05
32191,2014-05-14,120.7899,Corporate,1.4499
32194,2014-05-29,36.396,Consumer,-77.664
32195,2014-07-22,48.0,Home Office,5.76
32203,2014-05-15,57.36,Home Office,14.88
32204,2014-09-29,78.192,Home Office,-14.368
32205,2014-06-09,26.67,Consumer,1.05
32209,2014-02-28,63.072,Corporate,25.152
32212,2014-06-17,61.2,Consumer,10.95
32217,2014-06-10,23.976,Home Office,-14.3856
32219,2014-11-07,16.95,Home Office,1.017
32225,2014-06-10,73.44,Consumer,5.04
32228,2014-09-03,84.84,Corporate,38.16
32235,2014-07-31,59.34,Home Office,5.34
32238,2014-12-09,32.4,Consumer,-15.66
32239,2014-03-14,52.5,Consumer,-17.94
32246,2014-05-13,43.404,Consumer,-24.966
32252,2014-12-23,26.0,Consumer,6.24
32254,2014-06-24,133.5,Consumer,37.35
32255,2014-10-17,20.16,Consumer,8.46
32259,2014-06-21,135.432,Home Office,34.452
32260,2014-12-23,102.357,Home Office,34.857
32261,2014-10-17,33.96,Home Office,10.5
32262,2014-02-14,87.912,Consumer,-60.768
32266,2014-09-26,42.3576,Consumer,-23.5224
32269,2014-05-19,43.19,Home Office,20.7312
32270,2014-05-15,24.784,Consumer,7.745
32272,2014-08-22,56.88,Corporate,0.54
32273,2014-10-02,40.6,Consumer,10.52
32276,2014-06-09,15.12,Consumer,1.64
32282,2014-11-20,100.26,Consumer,21.0
32283,2014-04-22,17.55,Corporate,0.0
32285,2014-05-02,81.525,Consumer,-39.225
32288,2014-11-27,26.82,Consumer,6.12
32292,2014-06-23,44.2179,Home Office,-31.9221
32295,2014-06-26,144.27,Consumer,54.81
32297,2014-08-14,69.48,Corporate,-38.22
32298,2014-08-11,70.08,Consumer,35.04
32300,2014-08-01,36.96,Consumer,11.4576
32308,2014-08-15,48.18,Corporate,23.58
32312,2014-11-01,16.5,Corporate,3.12
32314,2014-10-06,59.16,Consumer,10.02
32323,2014-08-25,73.05,Consumer,23.37
32325,2014-06-23,42.3,Consumer,6.33
32327,2014-06-17,25.308,Home Office,-8.892
32329,2014-04-15,48.6,Consumer,24.28
32330,2014-10-07,31.968,Corporate,-13.872
32334,2014-09-15,140.24,Consumer,65.84
32336,2014-09-02,61.11,Consumer,0.87
32337,2014-10-20,97.2,Consumer,41.76
32339,2014-07-11,94.05,Consumer,20.61
32345,2014-07-23,40.824,Consumer,13.554
32350,2014-09-30,99.2,Consumer,25.792
32353,2014-07-23,138.57,Corporate,45.72
32358,2014-05-23,20.496,Consumer,7.656
32360,2014-10-27,48.912,Consumer,-5.508
32361,2014-02-24,26.36,Consumer,8.16
32364,2014-12-24,55.92,Consumer,27.36
32375,2014-06-18,64.5,Corporate,22.5
32376,2014-12-10,47.4345,Consumer,17.1345
32378,2014-08-29,25.344,Consumer,7.92
32379,2014-09-08,29.24,Consumer,9.8685
32381,2014-02-06,47.64,Corporate,10.47
32386,2014-11-07,27.32,Consumer,12.56
32387,2014-12-12,30.9,Home Office,4.0
32390,2014-04-02,72.0,Consumer,-5.76
32393,2014-04-17,157.98,Consumer,-63.3
32397,2014-12-29,53.46,Corporate,19.53
32400,2014-12-05,46.02,Consumer,0.9
32403,2014-11-04,40.416,Corporate,-58.704
32407,2014-09-27,46.53,Consumer,19.98
32413,2014-06-06,45.36,Home Office,4.92
32414,2014-11-05,58.968,Consumer,18.288
32420,2014-05-10,52.2792,Corporate,-23.6808
32422,2014-05-09,26.064,Corporate,-9.996
32424,2014-05-26,58.41,Corporate,2.01
32431,2014-09-03,53.97,Consumer,18.33
32434,2014-09-17,58.56,Home Office,19.8
32435,2014-03-14,29.04,Home Office,1.14
32441,2014-03-11,40.416,Home Office,2.016
32443,2014-10-09,96.6,Consumer,-33.9
32445,2014-12-26,20.43,Consumer,-9.09
32447,2014-06-22,20.97,Corporate,10.26
32449,2014-09-26,38.502,Home Office,7.242
32451,2014-11-29,53.082,Corporate,7.062
32452,2014-05-22,47.682,Home Office,1.002
32454,2014-12-25,39.717,Corporate,9.687
32455,2014-12-06,99.39,Consumer,40.7499
32458,2014-07-22,101.94,Consumer,29.5626
32459,2014-12-12,73.568,Corporate,-16.5528
32461,2014-11-24,25.08,Consumer,3.0
32463,2014-05-29,22.29,Consumer,10.68
32468,2014-09-17,22.29,Corporate,10.68
32471,2014-09-23,97.74,Consumer,28.32
32472,2014-10-03,18.12,Consumer,7.76
32474,2014-08-09,68.4,Home Office,20.4
32476,2014-11-20,43.335,Consumer,-0.045
32482,2014-12-08,95.85,Corporate,35.46
32489,2014-09-20,54.432,Corporate,10.242
32497,2014-09-09,16.98,Home Office,0.48
32498,2014-08-07,110.34,Home Office,5.4
32500,2014-03-06,98.64,Consumer,35.46
32502,2014-11-10,41.2,Corporate,5.7
32503,2014-05-11,54.6,Consumer,8.7
32505,2014-11-19,69.0,Consumer,16.56
32507,2014-12-31,30.27,Home Office,-9.69
32508,2014-04-05,25.23,Consumer,-24.24
32510,2014-07-07,41.877,Corporate,15.327
32513,2014-01-03,54.66,Corporate,6.0
32514,2014-08-21,53.838,Home Office,17.898
32516,2014-01-28,60.696,Home Office,-15.264
32517,2014-04-02,28.4,Consumer,13.348
32523,2014-07-28,53.64,Consumer,13.41
32525,2014-11-03,35.104,Consumer,-3.076
32533,2014-03-21,129.519,Home Office,11.439
32534,2014-03-12,20.034,Consumer,-1.386
32537,2014-11-14,34.344,Consumer,-16.956
32539,2014-06-26,71.04,Home Office,26.64
32540,2014-12-05,61.568,Consumer,4.6176
32544,2014-12-25,53.73,Corporate,6.42
32545,2014-10-23,14.34,Corporate,5.85
32549,2014-12-01,40.0,Consumer,9.6
32552,2014-06-24,47.96,Consumer,15.32
32554,2014-09-10,217.98,Consumer,45.72
32557,2014-07-16,24.462,Corporate,2.142
32563,2014-12-06,41.96,Consumer,10.9096
32567,2014-03-07,52.2,Consumer,13.56
32570,2014-09-17,38.064,Home Office,7.104
32572,2014-12-03,17.78,Consumer,3.9
32576,2014-02-07,38.07,Home Office,-12.96
32578,2014-08-19,49.35,Consumer,20.1
32580,2014-06-09,34.47,Consumer,6.48
32588,2014-03-30,81.4,Consumer,21.164
32594,2014-02-06,43.2,Corporate,6.48
32597,2014-06-16,30.21,Consumer,4.83
32600,2014-03-19,43.794,Consumer,-36.516
32602,2014-03-31,25.62,Corporate,12.78
32603,2014-06-18,64.64,Consumer,2.4
32607,2014-07-30,17.028,Consumer,-5.712
32610,2014-12-08,38.88,Consumer,6.84
32624,2014-09-29,54.44,Consumer,13.04
32626,2014-08-05,58.716,Home Office,-19.584
32629,2014-12-18,27.84,Consumer,6.12
32638,2014-12-24,29.312,Consumer,-74.7456
32641,2014-10-20,39.624,Consumer,13.8684
32645,2014-11-06,20.64,Consumer,7.6
32648,2014-09-05,24.48,Consumer,1.68
32651,2014-06-18,59.88,Corporate,21.48
32653,2014-08-28,29.55,Consumer,10.5
32654,2014-12-02,195.21,Consumer,11.61
32657,2014-08-19,47.19,Home Office,16.5
32659,2014-07-08,113.04,Consumer,38.4
32661,2014-01-15,33.0,Corporate,0.24
32665,2014-09-16,31.872,Corporate,11.5536
32671,2014-06-03,93.96,Consumer,1.8
32677,2014-12-25,47.4,Corporate,22.26
32678,2014-07-26,25.38,Home Office,9.63
32679,2014-12-26,48.66,Consumer,-31.2
32681,2014-12-30,68.31,Home Office,26.64
32683,2014-05-01,88.938,Consumer,13.818
32684,2014-05-27,51.165,Home Office,22.065
32686,2014-07-05,90.18,Consumer,26.1
32689,2014-01-22,27.936,Home Office,9.4284
32694,2014-12-03,49.616,Corporate,4.9616
32695,2014-08-13,100.704,Consumer,37.764
32697,2014-06-18,90.891,Consumer,-166.659
32702,2014-09-16,118.752,Home Office,-33.648
32705,2014-08-08,44.048,Consumer,-7.172
32708,2014-08-27,46.65,Consumer,14.85
32709,2014-06-23,77.67,Corporate,-49.77
32711,2014-10-24,55.26,Consumer,8.28
32713,2014-02-12,57.51,Corporate,8.91
32715,2014-06-17,43.56,Consumer,2.58
32717,2014-10-14,17.01,Consumer,-9.54
32720,2014-11-24,47.82,Corporate,2.34
32723,2014-12-02,25.38,Consumer,8.37
32725,2014-09-05,63.6,Corporate,1.2
32728,2014-11-20,66.384,Corporate,-6.656
32732,2014-06-27,15.1,Consumer,6.1
32738,2014-09-01,55.296,Corporate,-1.284
32743,2014-12-24,74.16,Home Office,25.92
32745,2014-06-04,53.25,Corporate,13.2
32749,2014-03-18,119.7,Consumer,31.122
32752,2014-11-26,48.87,Consumer,23.9463
32755,2014-11-19,51.6,Consumer,24.75
32760,2014-03-14,70.208,Consumer,-6.152
32765,2014-11-29,26.736,Consumer,-2.724
32770,2014-12-15,32.04,Consumer,1.26
32773,2014-07-17,41.6295,Consumer,-29.5605
32775,2014-02-04,35.64,Corporate,-15.66
32780,2014-11-08,47.5092,Consumer,-20.6208
32782,2014-05-12,52.452,Consumer,-2.628
32791,2014-09-30,24.84,Consumer,5.94
32798,2014-09-02,48.3,Consumer,22.2
32801,2014-05-10,110.28,Home Office,-68.4
32802,2014-10-27,74.85,Home Office,26.85
32804,2014-04-15,50.9952,Consumer,7.9752
32807,2014-01-30,27.66,Corporate,6.6
32815,2014-05-09,41.472,Corporate,14.5152
32819,2014-09-29,54.9,Consumer,15.36
32820,2014-03-06,55.92,Consumer,2.22
32822,2014-07-24,39.76,Home Office,19.44
32823,2014-10-02,34.52,Consumer,11.38
32824,2014-11-18,83.04,Consumer,2.46
32825,2014-12-06,43.0,Consumer,16.3
32830,2014-09-09,16.32,Corporate,7.62
32833,2014-07-31,81.36,Consumer,-19.08
32838,2014-03-03,59.52,Corporate,15.4752
32840,2014-08-08,105.408,Consumer,-17.152
32844,2014-11-10,53.568,Corporate,-26.792
32845,2014-09-17,25.08,Home Office,4.76
32847,2014-04-05,54.432,Home Office,-3.078
32848,2014-08-05,123.36,Corporate,32.04
32856,2014-11-22,39.296,Consumer,3.9296
32857,2014-05-19,34.75,Corporate,15.6375
32866,2014-10-29,47.94,Consumer,0.9
32868,2014-11-29,33.3,Corporate,9.3
32869,2014-11-25,50.4,Consumer,-27.75
32876,2014-07-21,60.83,Corporate,30.415
32880,2014-12-21,34.02,Corporate,16.6698
32881,2014-12-23,59.24,Consumer,16.291
32882,2014-01-03,16.59,Corporate,5.8065
32883,2014-06-30,34.5,Home Office,7.92
32888,2014-12-29,34.92,Home Office,-12.6
32890,2014-12-18,52.8,Consumer,13.68
32892,2014-04-21,10.824,Home Office,1.424
32894,2014-09-27,78.96,Corporate,38.64
32897,2014-09-27,30.6,Consumer,-7.35
32898,2014-02-14,39.33,Corporate,16.11
32900,2014-11-26,52.08,Corporate,17.7
32903,2014-03-21,45.414,Home Office,-2.046
32904,2014-04-07,43.47,Consumer,18.63
32905,2014-01-15,52.305,Corporate,-25.695
32906,2014-01-03,91.98,Corporate,40.32
32907,2014-07-09,42.828,Corporate,12.348
32910,2014-11-20,99.136,Consumer,8.6744
32912,2014-10-23,52.99,Home Office,0.5299
32913,2014-09-22,15.51,Corporate,3.8775
32914,2014-08-28,12.672,Corporate,3.96
32916,2014-09-30,53.28,Consumer,26.64
32917,2014-03-17,48.48,Consumer,6.3
32918,2014-10-08,27.09,Consumer,10.83
32925,2014-06-20,164.7,Home Office,11.5
32930,2014-07-30,137.07,Corporate,21.87
32933,2014-04-21,54.24,Consumer,15.72
32936,2014-12-29,33.264,Consumer,11.2266
32938,2014-11-02,40.99,Consumer,20.0851
32949,2014-06-12,53.046,Corporate,7.506
32953,2014-03-19,103.2,Home Office,42.24
32955,2014-12-02,32.22,Consumer,4.8
32960,2014-05-20,54.18,Consumer,21.66
32962,2014-04-25,59.82,Consumer,12.54
32965,2014-09-22,48.09,Home Office,4.32
32966,2014-12-19,123.36,Consumer,36.96
32971,2014-09-18,42.0,Consumer,15.52
32972,2014-02-24,16.62,Consumer,6.96
32974,2014-12-15,53.76,Consumer,8.04
32975,2014-12-11,28.08,Corporate,0.0
32977,2014-10-27,24.2526,Corporate,1.7526
32979,2014-02-04,37.908,Home Office,1.638
32982,2014-12-03,56.46,Consumer,27.06
32985,2014-09-16,29.76,Corporate,3.27
32994,2014-11-13,32.55,Corporate,-12.45
33000,2014-10-10,24.984,Consumer,-8.856
33006,2014-02-11,49.44,Corporate,13.8
33007,2014-10-15,45.528,Home Office,-21.672
33008,2014-07-22,37.14,Consumer,16.71
33013,2014-12-24,49.248,Consumer,-8.232
33014,2014-07-29,56.652,Corporate,-17.008
33016,2014-03-15,39.168,Consumer,-22.912
33017,2014-08-18,67.08,Consumer,25.48
33019,2014-04-25,43.104,Corporate,-22.336
33020,2014-12-02,47.52,Consumer,-14.4
33022,2014-02-28,33.6,Corporate,10.08
33023,2014-02-28,31.92,Corporate,1.86
33025,2014-01-21,44.1,Consumer,13.5
33028,2014-06-11,39.78,Corporate,12.69
33030,2014-12-28,41.37,Home Office,3.57
33031,2014-11-28,54.2322,Consumer,-7.2378
33032,2014-10-24,161.1,Corporate,14.46
33035,2014-11-04,20.559,Consumer,-15.741
33036,2014-06-16,24.3,Consumer,-2.16
33037,2014-11-24,33.9885,Consumer,4.0185
33041,2014-05-15,22.58,Consumer,5.8708
33049,2014-07-01,31.068,Consumer,-69.432
33050,2014-12-22,17.88,Consumer,5.88
33052,2014-05-07,44.76,Home Office,4.92
33053,2014-06-11,41.904,Corporate,-25.856
33058,2014-05-01,44.91,Consumer,16.11
33060,2014-12-03,78.3,Corporate,20.34
33063,2014-09-25,107.28,Consumer,40.74
33064,2014-05-21,92.43,Home Office,43.38
33066,2014-12-24,28.672,Consumer,10.3936
33067,2014-09-08,25.16,Consumer,10.5672
33068,2014-10-02,33.93,Corporate,3.72
33070,2014-12-20,25.29,Home Office,1.26
33071,2014-08-25,61.71,Consumer,4.29
33074,2014-04-16,22.6,Consumer,9.24
33077,2014-09-01,47.76,Consumer,-7.68
33082,2014-05-26,47.4138,Consumer,-25.1262
33085,2014-03-07,67.78,Corporate,16.945
33087,2014-12-20,78.256,Consumer,-17.6076
33091,2014-12-09,52.92,Corporate,24.33
33093,2014-11-21,79.68,Corporate,34.24
33096,2014-05-22,40.44,Consumer,-40.44
33097,2014-09-15,58.536,Consumer,3.876
33101,2014-09-16,33.075,Consumer,-11.925
33102,2014-11-26,27.96,Home Office,1.11
33103,2014-10-07,48.384,Consumer,2.664
33104,2014-11-12,28.95,Consumer,0.57
33105,2014-12-27,44.75,Consumer,20.585
33108,2014-11-03,136.2,Home Office,21.72
33109,2014-08-04,23.22,Consumer,7.65
33110,2014-06-06,43.65,Consumer,13.53
33112,2014-06-03,49.86,Corporate,0.0
33113,2014-01-13,17.49,Consumer,6.12
33116,2014-10-31,50.4,Corporate,4.02
33119,2014-08-01,46.44,Corporate,7.83
33121,2014-12-10,51.63,Corporate,8.76
33124,2014-08-08,54.27,Consumer,17.28
33131,2014-05-04,69.52,Corporate,19.4656
33135,2014-07-24,39.384,Consumer,-19.716
33136,2014-09-06,59.4,Corporate,24.9
33138,2014-07-29,50.52,Corporate,14.64
33140,2014-11-03,39.87,Corporate,-89.13
33141,2014-12-23,92.4,Consumer,34.14
33144,2014-04-03,60.72,Corporate,9.6
33145,2014-11-21,57.96,Corporate,22.6
33146,2014-09-03,65.76,Consumer,4.6
33147,2014-08-18,59.31,Consumer,29.61
33149,2014-12-09,94.2,Corporate,27.3
33150,2014-12-25,50.34,Corporate,10.56
33153,2014-12-18,27.06,Consumer,7.02
33154,2014-08-13,61.8,Consumer,26.55
33155,2014-05-05,38.0472,Corporate,9.6072
33157,2014-10-04,45.36,Home Office,9.96
33160,2014-03-11,48.784,Corporate,3.6588
33161,2014-11-11,26.352,Corporate,9.5526
33163,2014-09-08,39.96,Consumer,18.7812
33164,2014-06-05,121.08,Consumer,41.16
33166,2014-06-05,27.24,Home Office,13.02
33167,2014-09-05,194.34,Consumer,71.88
33168,2014-03-21,66.24,Home Office,3.96
33169,2014-08-20,31.17,Home Office,7.14
33173,2014-09-27,133.02,Consumer,41.22
33175,2014-04-11,55.6,Consumer,20.5
33176,2014-05-13,44.52,Home Office,11.52
33178,2014-12-04,34.38,Consumer,16.5
33182,2014-09-30,74.7,Home Office,6.6
33183,2014-04-04,62.325,Consumer,-56.175
33184,2014-12-09,57.93,Consumer,-41.73
33188,2014-09-20,89.4,Consumer,16.98
33191,2014-10-07,53.082,Consumer,19.422
33193,2014-09-17,53.76,Home Office,17.64
33199,2014-12-25,35.91,Consumer,9.6957
33202,2014-09-30,21.248,Home Office,7.4368
33205,2014-05-28,41.04,Consumer,10.2
33210,2014-12-23,53.97,Consumer,18.33
33215,2014-06-26,45.6,Consumer,16.8
33221,2014-03-26,44.01,Consumer,-3.45
33222,2014-08-02,80.1,Home Office,22.41
33224,2014-08-15,72.1605,Consumer,15.7605
33225,2014-01-22,81.27,Consumer,36.54
33226,2014-05-13,50.274,Corporate,13.374
33232,2014-12-04,23.376,Consumer,7.0128
33240,2014-11-01,73.52,Consumer,20.56
33241,2014-08-04,23.22,Consumer,7.65
33246,2014-08-06,39.33,Corporate,17.28
33247,2014-11-28,39.96,Consumer,16.38
33250,2014-01-09,47.586,Home Office,1.596
33253,2014-08-29,85.32,Corporate,12.78
33255,2014-05-12,100.8,Consumer,15.12
33256,2014-12-26,41.96,Corporate,10.9096
33259,2014-03-27,74.352,Corporate,23.235
33263,2014-12-19,23.64,Consumer,2.04
33268,2014-06-03,58.816,Home Office,1.456
33273,2014-12-03,34.56,Home Office,1.38
33275,2014-12-30,70.956,Consumer,-3.204
33276,2014-06-02,86.4,Corporate,38.88
33279,2014-12-18,54.78,Corporate,18.06
33281,2014-01-23,66.339,Corporate,-5.271
33282,2014-01-31,40.3,Corporate,10.881
33284,2014-07-30,22.0,Consumer,1.375
33287,2014-01-29,18.27,Corporate,-12.21
33289,2014-08-12,16.26,Home Office,8.13
33294,2014-12-31,22.6,Corporate,7.44
33297,2014-06-27,60.6,Consumer,8.4
33300,2014-10-05,45.24,Corporate,12.21
33305,2014-11-03,22.86,Home Office,10.74
33306,2014-10-21,86.04,Consumer,30.96
33309,2014-05-31,71.442,Consumer,3.042
33311,2014-08-15,28.224,Home Office,-1.416
33312,2014-06-21,31.104,Consumer,10.8864
33316,2014-12-17,149.95,Corporate,31.4895
33320,2014-09-08,67.7,Consumer,6.0
33323,2014-11-20,29.82,Consumer,4.42
33324,2014-03-19,50.7,Consumer,13.68
33329,2014-05-20,26.52,Corporate,6.06
33331,2014-09-18,25.584,Corporate,8.9544
33336,2014-12-09,34.32,Consumer,5.4
33342,2014-07-09,20.48,Consumer,2.72
33344,2014-06-23,41.42,Consumer,10.76
33347,2014-09-03,35.04,Corporate,1.74
33351,2014-08-15,78.3,Corporate,36.0
33353,2014-12-12,45.36,Consumer,16.29
33356,2014-03-03,39.33,Consumer,2.7
33358,2014-09-27,43.329,Corporate,-18.171
33363,2014-04-23,34.992,Consumer,-14.598
33364,2014-12-06,58.68,Corporate,18.1908
33368,2014-12-26,40.98,Consumer,-65.568
33372,2014-11-06,49.056,Home Office,1.176
33378,2014-04-02,51.45,Corporate,15.75
33383,2014-12-13,90.36,Consumer,19.86
33389,2014-12-04,28.782,Consumer,-21.1068
33390,2014-07-24,15.192,Consumer,5.5071
33391,2014-05-12,154.344,Corporate,-138.936
33394,2014-09-11,24.09,Corporate,4.56
33395,2014-03-10,22.05,Consumer,3.96
33405,2014-12-31,364.59,Corporate,153.09
33407,2014-07-29,40.4178,Consumer,-25.9422
33408,2014-05-27,41.94,Home Office,-10.98
33409,2014-11-27,52.272,Corporate,9.801
33412,2014-03-27,87.168,Corporate,-226.6368
33414,2014-08-12,97.8,Home Office,2.88
33418,2014-02-17,43.86,Consumer,-9.54
33419,2014-12-30,44.64,Consumer,3.52
33420,2014-08-01,44.736,Home Office,12.816
33422,2014-05-03,56.76,Consumer,26.64
33426,2014-02-22,54.78,Home Office,18.06
33429,2014-08-13,35.64,Corporate,7.11
33434,2014-03-27,111.06,Consumer,27.72
33436,2014-11-04,59.652,Consumer,-7.968
33437,2014-08-05,60.336,Consumer,-26.184
33438,2014-05-04,52.272,Corporate,-20.988
33439,2014-06-16,68.28,Corporate,23.16
33442,2014-02-07,46.24,Corporate,15.606
33448,2014-10-20,43.52,Consumer,10.44
33450,2014-08-27,22.512,Consumer,6.132
33451,2014-06-17,83.65236,Corporate,13.23236
33452,2014-03-27,56.052,Consumer,-0.048
33454,2014-07-22,62.36,Corporate,11.84
33461,2014-09-18,61.2,Consumer,-23.28
33462,2014-08-06,35.82,Corporate,15.03
33463,2014-08-02,60.183,Consumer,25.353
33466,2014-03-15,165.2364,Home Office,33.8364
33468,2014-02-03,59.97,Corporate,-11.994
33470,2014-09-23,33.04,Corporate,15.5288
33473,2014-09-24,12.96,Consumer,6.2208
33476,2014-03-31,49.74,Consumer,11.91
33478,2014-11-10,30.96,Home Office,11.4
33479,2014-03-03,47.3,Corporate,9.4
33480,2014-06-05,80.64,Consumer,31.36
33485,2014-05-02,52.83,Home Office,10.53
33486,2014-08-18,70.95,Consumer,-44.1
33488,2014-09-21,67.2,Home Office,20.16
33489,2014-01-27,39.69,Corporate,3.51
33490,2014-12-29,18.468,Corporate,3.228
33493,2014-03-15,29.9796,Home Office,7.1796
33497,2014-09-03,23.1,Corporate,6.468
33502,2014-03-12,11.43,Consumer,4.11
33504,2014-04-09,16.02,Corporate,8.01
33505,2014-06-13,75.72,Corporate,27.24
33507,2014-07-22,78.996,Home Office,-100.734
33509,2014-06-05,58.56,Consumer,10.96
33517,2014-06-05,55.08,Consumer,12.84
33519,2014-11-06,52.2,Consumer,13.56
33523,2014-10-14,51.1344,Home Office,-12.7056
33527,2014-04-26,73.344,Consumer,27.504
33528,2014-04-01,29.7,Corporate,8.019
33531,2014-12-13,77.256,Consumer,-82.584
33532,2014-11-04,378.81,Consumer,140.13
33536,2014-05-02,44.832,Consumer,-8.448
33541,2014-08-03,85.041,Corporate,-54.189
33542,2014-09-29,57.36,Home Office,28.68
33545,2014-11-16,51.651,Consumer,19.491
33546,2014-12-06,38.9,Consumer,17.505
33549,2014-06-14,50.31,Home Office,1.5
33555,2014-11-17,48.0,Corporate,15.84
33560,2014-12-26,35.856,Home Office,-9.024
33567,2014-10-17,56.384,Consumer,3.504
33571,2014-12-08,44.52,Corporate,16.44
33572,2014-09-16,73.98,Consumer,-57.78
33576,2014-09-26,129.33,Corporate,8.55
33578,2014-12-31,67.2,Corporate,24.75
33582,2014-11-08,46.41,Corporate,21.81
33584,2014-05-09,51.63,Consumer,8.76
33585,2014-08-14,48.6,Consumer,20.88
33588,2014-09-24,24.408,Home Office,-10.392
33594,2014-04-09,53.28,Consumer,7.44
33595,2014-02-08,30.66,Consumer,1.5
33596,2014-04-24,53.4,Consumer,14.94
33600,2014-08-12,69.84,Consumer,27.9
33602,2014-12-18,46.8,Consumer,-42.12
33603,2014-11-19,30.96,Corporate,0.48
33605,2014-11-17,73.68,Consumer,34.6296
33610,2014-10-03,46.296,Corporate,-41.724
33612,2014-01-29,49.842,Corporate,-94.728
33613,2014-12-18,71.64,Consumer,-93.18
33614,2014-06-10,53.307,Consumer,-65.763
33615,2014-09-18,49.176,Consumer,-91.944
33616,2014-09-23,12.24,Consumer,4.02
33635,2014-04-15,74.45,Corporate,20.1015
33638,2014-07-28,26.7,Consumer,7.47
33639,2014-12-09,56.34,Corporate,2.22
33640,2014-10-22,65.22,Corporate,15.0
33641,2014-02-22,33.96,Home Office,5.76
33642,2014-06-10,48.852,Consumer,-37.488
33644,2014-03-21,63.072,Consumer,-36.828
33646,2014-12-01,29.34,Home Office,3.48
33649,2014-12-03,43.56,Home Office,1.71
33652,2014-09-08,76.65,Home Office,29.82
33655,2014-11-24,26.37,Consumer,-4.77
33656,2014-07-18,42.42,Home Office,19.92
33658,2014-08-07,64.3665,Consumer,-10.1835
33659,2014-10-24,66.0,Home Office,1.92
33669,2014-09-08,53.04,Home Office,20.13
33672,2014-03-06,48.66,Consumer,8.73
33673,2014-02-25,56.832,Consumer,-62.538
33682,2014-04-11,39.33,Corporate,2.7
33683,2014-01-22,86.94,Consumer,4.32
33685,2014-11-28,24.3,Corporate,10.5
33700,2014-12-05,32.676,Consumer,-42.504
33706,2014-04-28,60.54,Consumer,20.58
33708,2014-04-02,28.912,Consumer,-36.888
33713,2014-02-03,250.38,Home Office,100.08
33716,2014-05-05,27.96,Consumer,1.11
33720,2014-06-09,51.75,Consumer,17.58
33723,2014-09-18,55.92,Consumer,11.7
33732,2014-06-18,12.69,Corporate,5.82
33737,2014-10-03,60.66,Corporate,-20.22
33740,2014-12-24,75.573,Corporate,19.233
33742,2014-04-01,40.38,Consumer,-13.74
33743,2014-09-10,55.44,Corporate,-33.3
33747,2014-08-08,40.5,Consumer,4.05
33750,2014-12-02,83.92,Consumer,5.8744
33751,2014-01-31,32.35,Corporate,16.175
33753,2014-11-29,25.344,Home Office,7.92
33756,2014-05-15,64.4,Corporate,1.932
33757,2014-12-26,96.08,Home Office,46.1184
33759,2014-05-08,78.288,Consumer,-58.752
33760,2014-08-12,21.915,Consumer,-27.765
33763,2014-11-25,74.016,Corporate,-98.784
33766,2014-08-02,19.04,Home Office,8.72
33767,2014-09-12,38.28,Consumer,-1.98
33768,2014-05-09,74.16,Home Office,3.6
33773,2014-12-30,45.45,Corporate,6.3
33776,2014-07-21,44.571,Consumer,12.771
33778,2014-02-19,39.42,Consumer,13.5
33780,2014-12-30,13.284,Consumer,-8.676
33784,2014-12-01,83.56,Home Office,1.6712
33790,2014-10-28,58.02,Corporate,13.92
33792,2014-07-22,59.24,Corporate,5.32
33798,2014-06-10,54.75,Consumer,12.0
33799,2014-05-26,38.4,Consumer,8.82
33801,2014-12-30,30.36,Corporate,0.6
33804,2014-11-13,36.1725,Corporate,-15.6975
33805,2014-12-10,48.3945,Home Office,-23.0055
33806,2014-11-06,47.4,Home Office,9.9
33819,2014-05-07,66.672,Consumer,-30.048
33822,2014-04-09,69.18,Consumer,21.44
33827,2014-02-11,19.08,Consumer,0.0
33828,2014-11-15,79.38,Consumer,-6.39
33834,2014-12-11,46.6188,Corporate,-34.3212
33835,2014-10-14,23.7546,Home Office,-18.4254
33844,2014-05-16,56.704,Consumer,19.1376
33845,2014-05-06,34.5,Corporate,15.525
33848,2014-08-28,86.07,Consumer,36.99
33849,2014-04-14,46.32,Corporate,12.03
33850,2014-08-29,125.34,Consumer,60.15
33853,2014-11-24,114.6,Corporate,17.19
33860,2014-10-08,29.64,Corporate,5.6
33862,2014-12-25,22.2,Corporate,9.3
33866,2014-09-22,50.9454,Consumer,11.0454
33871,2014-08-12,29.664,Corporate,10.0116
33882,2014-08-19,60.096,Consumer,-4.544
33885,2014-10-06,31.14,Consumer,-2.58
33886,2014-08-07,59.22,Corporate,20.7
33893,2014-11-11,36.45,Consumer,0.0
33901,2014-01-26,19.29,Home Office,1.14
33902,2014-09-09,20.676,Consumer,-14.484
33905,2014-06-19,37.8,Corporate,6.0
33907,2014-10-10,32.508,Corporate,-13.572
33909,2014-02-28,41.94,Consumer,7.92
33911,2014-09-03,51.9,Corporate,10.8
33918,2014-12-11,45.84,Home Office,22.0032
33920,2014-03-27,53.25,Home Office,20.7675
33923,2014-08-18,38.864,Home Office,-99.1032
33925,2014-08-08,31.128,Consumer,11.673
33926,2014-09-03,43.1,Home Office,11.206
33929,2014-05-13,63.39,Home Office,17.73
33933,2014-11-21,70.32,Consumer,-46.88
33935,2014-12-10,15.74,Home Office,7.54
33938,2014-10-06,81.168,Corporate,10.768
33940,2014-09-05,27.18,Home Office,11.64
33942,2014-03-06,84.96,Consumer,38.16
33943,2014-06-12,102.48,Corporate,9.18
33946,2014-12-24,50.34,Consumer,-44.34
33947,2014-12-23,51.27,Corporate,17.94
33953,2014-12-27,52.9872,Consumer,9.5472
33956,2014-06-05,33.48,Consumer,1.32
33957,2014-09-20,43.794,Corporate,-2.436
33959,2014-12-23,46.864,Consumer,7.6154
33962,2014-12-30,77.52,Consumer,36.36
33965,2014-12-02,21.72,Consumer,2.82
33969,2014-06-02,14.92,Consumer,7.0
33979,2014-12-27,94.08,Home Office,27.24
33986,2014-09-13,101.3625,Consumer,1.9125
33995,2014-09-18,87.72,Consumer,6.12
33999,2014-02-18,61.254,Corporate,-130.686
34000,2014-05-11,37.38,Consumer,0.36
34005,2014-09-11,61.44,Corporate,6.72
34006,2014-12-01,72.288,Consumer,-38.592
34007,2014-09-11,56.82,Corporate,27.84
34008,2014-12-17,62.64,Corporate,18.72
34009,2014-12-03,43.47,Home Office,2.16
34013,2014-02-10,49.77,Consumer,-4.05
34016,2014-04-30,95.9088,Home Office,1.7088
34019,2014-03-31,53.946,Home Office,4.536
34028,2014-08-04,50.58,Consumer,2.52
34030,2014-12-19,45.12,Consumer,17.58
34031,2014-09-04,315.648,Consumer,-210.432
34032,2014-09-08,37.632,Corporate,4.992
34034,2014-06-20,65.28,Home Office,18.24
34036,2014-09-18,47.82,Consumer,-13.58
34037,2014-09-26,37.824,Consumer,-2.536
34040,2014-11-06,80.7,Corporate,35.4
34043,2014-12-15,40.8,Consumer,19.05
34044,2014-08-14,144.45,Consumer,11.55
34045,2014-06-21,21.78,Corporate,7.56
34046,2014-09-14,53.55,Corporate,6.93
34048,2014-06-09,37.71,Consumer,5.01
34052,2014-11-27,45.72,Consumer,-21.36
34053,2014-09-26,47.12,Consumer,20.7328
34056,2014-10-01,20.664,Corporate,6.9741
34057,2014-09-17,18.0,Home Office,3.24
34059,2014-03-26,26.4,Consumer,7.08
34063,2014-01-02,56.2,Corporate,15.16
34068,2014-09-12,68.84,Corporate,26.84
34077,2014-12-09,48.21,Consumer,11.55
34078,2014-11-07,80.97,Home Office,36.42
34080,2014-07-23,49.44,Corporate,14.31
34085,2014-11-26,53.4,Consumer,14.94
34087,2014-12-15,24.93,Consumer,1.98
34089,2014-06-03,42.66,Consumer,0.81
34093,2014-12-31,72.0,Corporate,4.32
34099,2014-09-13,39.9,Consumer,19.95
34102,2014-04-28,33.12,Corporate,11.592
34103,2014-09-05,54.32,Corporate,0.5432
34109,2014-10-10,46.224,Consumer,-27.776
34116,2014-11-25,26.52,Corporate,8.46
34120,2014-09-03,49.2,Corporate,18.6
34123,2014-11-18,50.22,Home Office,15.54
34132,2014-12-19,130.112,Consumer,13.0112
34134,2014-04-07,34.08,Home Office,8.52
34135,2014-12-15,27.78,Consumer,6.93
34137,2014-11-29,49.44,Corporate,19.74
34139,2014-03-27,36.5,Consumer,13.5
34143,2014-12-04,41.568,Corporate,0.688
34144,2014-09-24,64.68,Home Office,23.92
34150,2014-04-26,450.36,Consumer,190.08
34151,2014-10-06,28.95,Corporate,7.8
34155,2014-03-25,76.608,Consumer,-4.932
34159,2014-08-26,36.435,Consumer,-3.045
34165,2014-02-17,37.94,Consumer,18.2112
34172,2014-05-14,96.78,Corporate,0.0
34173,2014-03-06,24.42,Consumer,0.0
34174,2014-06-13,48.87,Consumer,21.99
34175,2014-12-24,12.654,Corporate,-16.506
34179,2014-11-14,36.0,Corporate,16.5
34181,2014-07-03,37.9,Corporate,5.68
34182,2014-03-31,77.4,Corporate,30.06
34183,2014-03-03,63.9,Consumer,27.45
34184,2014-05-30,52.92,Corporate,24.33
34185,2014-06-04,44.82,Consumer,4.92
34186,2014-05-10,19.23,Consumer,4.23
34188,2014-01-04,20.43,Consumer,9.36
34196,2014-05-21,64.9,Consumer,18.821
34199,2014-10-24,46.44,Consumer,15.3
34200,2014-12-17,33.384,Corporate,-10.026
34203,2014-09-22,12.276,Home Office,-7.584
34204,2014-10-16,54.64,Corporate,16.88
34205,2014-03-24,40.64,Corporate,0.8
34208,2014-09-22,26.76,Home Office,-10.34
34209,2014-05-29,54.6,Consumer,21.84
34215,2014-03-17,45.45,Home Office,5.4
34219,2014-11-03,32.724,Consumer,1.044
34222,2014-03-04,70.884,Home Office,-30.936
34223,2014-08-06,43.2,Consumer,-4.32
34224,2014-01-22,57.42,Consumer,11.43
34225,2014-04-07,47.46,Consumer,14.22
34227,2014-09-25,43.74,Consumer,11.34
34229,2014-08-05,43.128,Consumer,4.248
34240,2014-08-25,43.92,Consumer,18.0
34243,2014-09-16,49.224,Consumer,-27.096
34245,2014-09-17,30.3,Home Office,9.06
34247,2014-06-02,79.28,Home Office,1.98
34251,2014-12-16,10.92,Corporate,1.74
34252,2014-04-15,75.39,Consumer,14.28
34255,2014-11-14,52.377,Consumer,19.677
34258,2014-03-04,26.88,Consumer,9.744
34261,2014-04-22,22.92,Home Office,11.0
34264,2014-04-02,35.04,Consumer,4.04
34269,2014-05-09,69.3,Corporate,-66.54
34273,2014-07-04,42.57,Consumer,8.46
34275,2014-11-21,54.36,Consumer,9.72
34278,2014-05-05,31.644,Consumer,-2.916
34280,2014-10-31,71.992,Consumer,-0.8999
34281,2014-02-24,37.44,Consumer,16.848
34287,2014-07-28,46.92,Consumer,10.32
34288,2014-12-03,12.324,Consumer,-9.876
34289,2014-11-04,40.29,Consumer,4.83
34291,2014-11-14,58.08,Corporate,2.28
34293,2014-07-29,22.2,Corporate,1.98
34297,2014-04-16,44.28,Home Office,0.44
34299,2014-05-06,34.2,Corporate,2.0
34300,2014-12-18,61.056,Corporate,-56.544
34301,2014-11-11,59.64,Consumer,26.82
34303,2014-11-10,32.22,Corporate,9.66
34305,2014-01-22,65.22,Consumer,16.92
34307,2014-12-09,40.014,Consumer,15.534
34308,2014-03-15,61.6026,Home Office,19.2426
34309,2014-04-01,62.82,Consumer,9.36
34310,2014-11-20,81.0,Consumer,19.44
34312,2014-04-29,36.9234,Corporate,1.4634
34323,2014-02-13,118.68,Home Office,8.28
34327,2014-01-17,84.06,Consumer,18.48
34335,2014-11-15,25.38,Consumer,11.64
34342,2014-12-14,38.88,Consumer,18.6624
34345,2014-10-09,87.96,Consumer,37.8
34350,2014-09-26,40.872,Consumer,-26.568
34353,2014-07-31,49.088,Home Office,15.328
34356,2014-10-22,48.96,Consumer,2.4
34359,2014-08-15,40.68,Corporate,8.91
34367,2014-01-16,106.8,Consumer,35.1
34375,2014-08-22,20.112,Home Office,-29.178
34376,2014-07-23,45.48,Corporate,16.32
34385,2014-08-07,41.4,Corporate,15.3
34387,2014-11-19,22.144,Corporate,7.184
34389,2014-10-08,50.412,Consumer,-49.158
34391,2014-06-30,40.26,Corporate,10.44
34396,2014-08-02,66.42,Consumer,13.14
34397,2014-05-29,53.28,Consumer,4.74
34398,2014-11-15,46.92,Home Office,15.9
34401,2014-10-01,42.876,Consumer,12.276
34402,2014-06-28,50.004,Consumer,17.124
34403,2014-08-05,33.1515,Consumer,-23.1885
34404,2014-03-31,50.46,Consumer,18.66
34408,2014-12-12,13.62,Consumer,6.24
34418,2014-10-08,107.775,Consumer,-13.005
34426,2014-08-27,55.458,Consumer,22.758
34438,2014-08-04,39.75,Consumer,1.59
34444,2014-07-10,32.535,Consumer,-28.665
34446,2014-09-03,93.84,Consumer,20.64
34448,2014-12-23,54.054,Home Office,3.444
34453,2014-10-28,37.0152,Home Office,-4.9248
34454,2014-11-11,29.07,Home Office,14.49
34455,2014-12-30,10.854,Consumer,-6.696
34456,2014-10-24,26.4,Corporate,11.88
34460,2014-12-18,35.22,Home Office,17.58
34463,2014-03-13,26.28,Home Office,5.25
34471,2014-10-30,90.855,Consumer,37.305
34472,2014-06-04,594.36,Home Office,112.92
34480,2014-12-25,19.44,Corporate,9.3312
34488,2014-02-17,48.51,Corporate,6.78
34490,2014-10-23,59.1,Consumer,-5.0
34494,2014-08-27,86.292,Consumer,-54.828
34495,2014-08-11,46.5,Consumer,-27.06
34496,2014-10-13,61.92,Consumer,27.18
34497,2014-08-13,84.0,Consumer,37.8
34502,2014-08-05,21.54,Consumer,8.4
34503,2014-05-29,54.368,Consumer,4.0776
34506,2014-10-22,38.82,Corporate,19.41
34510,2014-03-24,20.316,Corporate,-23.874
34511,2014-01-13,49.44,Home Office,14.31
34512,2014-10-11,59.472,Home Office,-75.408
34516,2014-10-06,103.232,Corporate,-20.688
34519,2014-12-08,74.9,Home Office,28.42
34520,2014-09-26,77.7,Corporate,38.78
34523,2014-12-09,47.36,Consumer,0.0
34524,2014-12-11,68.796,Consumer,-45.864
34526,2014-09-15,53.16,Consumer,1.56
34527,2014-03-12,44.793,Consumer,11.403
34530,2014-08-12,100.8,Consumer,27.15
34537,2014-09-08,161.568,Consumer,-28.2744
34543,2014-09-25,60.048,Home Office,-69.072
34544,2014-06-18,104.4,Consumer,9.36
34545,2014-02-27,53.28,Consumer,-55.95
34547,2014-03-13,145.35,Corporate,46.5
34551,2014-11-13,14.706,Consumer,-14.754
34553,2014-08-27,28.896,Consumer,-0.384
34555,2014-02-21,40.0,Corporate,9.6
34557,2014-06-12,48.0,Corporate,21.12
34560,2014-02-24,50.58,Consumer,7.08
34566,2014-05-14,16.5,Home Office,0.78
34567,2014-02-05,53.946,Corporate,16.776
34571,2014-10-13,31.68,Consumer,-4.32
34573,2014-06-12,37.94,Consumer,18.2112
34580,2014-04-02,31.06,Consumer,15.52
34581,2014-10-02,39.7,Consumer,5.1
34584,2014-12-11,38.28,Home Office,8.4
34585,2014-10-13,107.4,Consumer,8.58
34587,2014-01-28,51.66,Consumer,-14.58
34588,2014-03-06,27.06,Corporate,6.48
34589,2014-09-18,29.85,Consumer,-4.8
34590,2014-08-06,29.61,Corporate,12.06
34594,2014-12-06,32.67,Corporate,16.29
34595,2014-10-07,66.69,Home Office,29.97
34599,2014-10-30,46.96,Corporate,22.5408
34600,2014-02-11,23.12,Consumer,11.3288
34602,2014-07-04,258.9,Home Office,93.204
34603,2014-04-26,42.048,Home Office,5.256
34604,2014-06-02,53.9,Corporate,25.872
34611,2014-06-10,168.93,Corporate,0.0
34615,2014-10-29,89.52,Consumer,35.76
34619,2014-10-02,108.608,Consumer,9.5032
34621,2014-05-16,39.96,Consumer,17.1828
34622,2014-05-21,25.92,Consumer,8.2944
34625,2014-12-02,41.86,Consumer,18.837
34626,2014-06-13,33.6,Consumer,10.08
34629,2014-01-14,25.83,Corporate,9.03
34633,2014-12-26,52.64,Corporate,22.56
34636,2014-07-16,38.928,Consumer,-13.632
34637,2014-12-10,31.0,Corporate,1.52
34639,2014-06-19,46.416,Consumer,15.636
34642,2014-02-07,46.5,Home Office,-27.06
34649,2014-12-03,43.2957,Consumer,-5.8443
34651,2014-04-23,36.972,Consumer,4.272
34659,2014-12-17,44.4,Corporate,22.2
34671,2014-06-17,82.56,Home Office,12.32
34674,2014-12-24,28.08,Consumer,0.0
34677,2014-04-24,73.278,Consumer,30.918
34678,2014-07-31,104.976,Corporate,39.636
34682,2014-06-17,37.38,Consumer,3.36
34687,2014-12-19,76.707,Consumer,7.587
34690,2014-05-01,30.56,Corporate,14.9744
34691,2014-09-04,100.8,Corporate,21.42
34693,2014-11-18,75.36,Consumer,6.0
34694,2014-12-22,55.53,Corporate,7.77
34697,2014-04-18,19.68,Home Office,3.12
34698,2014-06-21,43.47,Home Office,2.16
34703,2014-03-11,74.56,Corporate,32.0
34705,2014-10-14,35.784,Consumer,2.964
34706,2014-09-17,58.14,Corporate,2.88
34715,2014-11-17,32.412,Home Office,-4.068
34716,2014-10-01,44.4087,Consumer,-35.3913
34717,2014-10-07,319.96,Home Office,115.1856
34720,2014-05-27,25.76,Corporate,0.7728
34721,2014-03-03,107.648,Corporate,33.64
34725,2014-04-12,28.35,Corporate,8.49
34728,2014-12-19,53.7,Home Office,4.29
34729,2014-09-29,43.344,Home Office,-10.896
34731,2014-07-21,26.22,Consumer,1.8
34734,2014-09-15,48.4,Consumer,11.6
34737,2014-07-07,58.536,Consumer,3.876
34739,2014-11-04,17.28,Consumer,-1.74
34743,2014-07-04,45.42,Consumer,17.25
34744,2014-06-11,21.6,Corporate,9.72
34749,2014-06-11,65.772,Home Office,-2.988
34751,2014-11-12,18.336,Consumer,-32.088
34753,2014-09-15,18.312,Consumer,-12.208
34754,2014-12-18,124.36,Consumer,27.3592
34755,2014-06-05,30.336,Consumer,-17.4432
34758,2014-06-10,18.804,Corporate,-20.226
34762,2014-11-08,44.7,Home Office,8.49
34764,2014-07-24,12.81,Consumer,3.57
34765,2014-01-13,105.18,Consumer,25.2
34768,2014-12-27,44.01,Corporate,15.84
34769,2014-06-26,37.86,Home Office,13.62
34778,2014-05-09,58.32,Consumer,16.86
34781,2014-06-18,70.56,Consumer,1.35
34782,2014-03-06,43.92,Corporate,-39.6
34785,2014-05-09,55.98,Consumer,7.8
34789,2014-06-18,22.6092,Corporate,7.8492
34790,2014-03-26,26.136,Consumer,2.376
34792,2014-10-18,33.1992,Consumer,-10.0908
34793,2014-08-23,23.4987,Home Office,-7.1013
34794,2014-12-19,39.204,Consumer,-22.266
34795,2014-12-15,26.25,Home Office,11.025
34796,2014-08-22,117.144,Consumer,42.4647
34797,2014-09-24,251.64,Consumer,88.074
34798,2014-03-27,60.84,Corporate,23.1192
34799,2014-12-30,258.75,Consumer,77.625
34804,2014-03-05,40.92,Consumer,6.12
34806,2014-11-21,23.52,Consumer,0.45
34808,2014-05-26,22.72,Corporate,9.04
34809,2014-09-12,30.4,Corporate,8.8
34810,2014-10-02,47.7,Consumer,0.9
34818,2014-06-18,100.26,Corporate,-58.26
34823,2014-10-18,63.27,Corporate,31.59
34824,2014-02-13,50.4,Corporate,4.02
34833,2014-10-31,29.91,Corporate,11.94
34838,2014-03-27,49.704,Consumer,-11.616
34840,2014-08-15,41.2,Consumer,5.7
34843,2014-05-27,66.33,Corporate,11.88
34844,2014-08-02,25.62,Home Office,8.94
34845,2014-09-03,180.72,Consumer,54.12
34847,2014-08-12,43.83,Home Office,14.4
34849,2014-04-10,57.84,Corporate,21.39
34851,2014-12-05,71.37,Home Office,22.77
34854,2014-12-01,43.95,Consumer,10.98
34857,2014-12-18,66.284,Consumer,-178.9668
34860,2014-05-03,59.52,Consumer,15.4752
34866,2014-09-11,30.36,Corporate,0.6
34870,2014-07-10,17.76,Home Office,3.18
34873,2014-02-10,98.568,Consumer,-64.072
34874,2014-08-13,43.04,Home Office,10.32
34880,2014-12-19,382.401,Corporate,67.941
34883,2014-08-11,42.432,Consumer,-23.388
34885,2014-05-02,72.21,Consumer,-49.11
34889,2014-03-21,26.82,Corporate,7.74
34891,2014-02-06,49.5,Consumer,1.44
34893,2014-06-07,26.4,Home Office,0.0
34895,2014-12-23,75.88,Consumer,26.558
34899,2014-01-22,26.67,Consumer,1.05
34903,2014-03-21,45.48,Consumer,1.35
34906,2014-10-22,25.08,Corporate,2.22
34912,2014-03-14,49.6,Home Office,7.44
34915,2014-10-28,15.16,Corporate,2.24
34916,2014-12-01,23.88,Consumer,1.38
34921,2014-10-06,35.9976,Home Office,-16.9824
34922,2014-06-27,33.57,Consumer,8.64
34923,2014-06-17,71.73,Corporate,35.1
34924,2014-06-05,71.984,Corporate,25.1944
34932,2014-12-25,49.653,Consumer,-56.277
34937,2014-10-21,55.3,Corporate,9.9
34944,2014-11-08,31.122,Consumer,5.742
34945,2014-07-05,44.01,Consumer,-3.45
34946,2014-08-06,61.8,Corporate,27.75
34947,2014-06-03,100.44,Consumer,16.02
34950,2014-09-23,86.346,Corporate,32.586
34951,2014-09-03,103.92,Home Office,35.28
34952,2014-12-19,31.5774,Corporate,-23.2626
34953,2014-08-20,38.1966,Home Office,-6.9234
34957,2014-11-20,13.04,Consumer,3.912
34958,2014-07-24,41.4,Corporate,19.872
34961,2014-06-18,12.9,Consumer,5.01
34969,2014-04-01,45.184,Consumer,-66.656
34972,2014-10-24,79.5,Consumer,1.56
34982,2014-07-16,87.9,Consumer,39.54
34986,2014-11-14,69.5475,Corporate,-3.8025
34988,2014-08-20,40.8312,Home Office,-19.2888
35001,2014-10-17,34.32,Consumer,5.4
35002,2014-11-24,24.96,Consumer,1.98
35003,2014-09-02,29.88,Consumer,2.64
35005,2014-03-02,17.36,Consumer,8.48
35006,2014-06-06,63.612,Corporate,-36.048
35012,2014-01-20,27.33,Consumer,3.54
35017,2014-03-17,71.82,Corporate,24.36
35018,2014-10-06,67.44,Consumer,21.48
35025,2014-03-13,44.82,Consumer,4.92
35027,2014-12-05,64.812,Consumer,-32.408
35028,2014-10-20,23.472,Home Office,-11.008
35030,2014-11-20,34.92,Home Office,-10.48
35036,2014-02-25,54.18,Consumer,21.66
35041,2014-09-09,22.26,Consumer,-1.74
35046,2014-11-22,43.9734,Corporate,-2.7066
35049,2014-10-17,31.68,Corporate,12.3
35051,2014-09-25,38.71,Consumer,17.8066
35057,2014-05-16,84.3,Consumer,28.62
35064,2014-12-13,58.2,Home Office,12.8
35066,2014-09-15,43.98,Consumer,15.78
35070,2014-02-14,28.8,Home Office,2.88
35075,2014-07-03,46.17,Home Office,-28.65
35076,2014-05-09,34.164,Consumer,-5.616
35077,2014-12-02,45.36,Consumer,21.7728
35078,2014-10-03,20.736,Home Office,7.2576
35079,2014-06-27,28.4,Corporate,8.236
35080,2014-10-27,61.542,Corporate,-13.3341
35083,2014-10-15,62.07,Consumer,23.58
35085,2014-11-13,28.98,Corporate,0.24
35087,2014-08-22,28.35,Corporate,8.49
35089,2014-08-05,25.6,Consumer,-4.8
35092,2014-12-08,34.92,Corporate,7.32
35095,2014-09-17,54.72,Corporate,16.32
35098,2014-01-27,35.46,Corporate,11.7
35100,2014-06-11,27.81,Corporate,12.15
35101,2014-11-03,49.56,Consumer,13.86
35102,2014-08-25,26.352,Home Office,1.152
35110,2014-09-24,81.99,Consumer,27.03
35111,2014-06-12,26.43,Corporate,10.83
35115,2014-07-03,25.236,Consumer,-16.824
35121,2014-01-31,27.72,Consumer,8.82
35132,2014-02-03,29.52,Home Office,4.68
35137,2014-05-09,39.8772,Consumer,-6.0828
35141,2014-09-12,83.88,Corporate,17.55
35142,2014-09-22,66.87,Consumer,28.71
35143,2014-09-15,85.4784,Consumer,-32.3616
35149,2014-04-18,14.28,Home Office,5.52
35152,2014-04-28,10.56,Home Office,-8.76
35155,2014-08-25,57.6,Consumer,25.92
35156,2014-10-22,27.33,Corporate,3.54
35159,2014-04-15,149.96016,Consumer,-13.55984
35161,2014-02-19,39.44,Corporate,6.68
35166,2014-10-22,66.464,Consumer,-12.496
35168,2014-08-26,150.39,Corporate,31.5
35172,2014-02-14,102.312,Home Office,-66.528
35175,2014-05-08,150.12,Consumer,3.33
35176,2014-08-13,50.52,Corporate,20.16
35179,2014-09-25,31.2,Consumer,-25.65
35180,2014-08-15,45.06,Corporate,5.4
35184,2014-09-15,29.95,Home Office,8.6855
35185,2014-05-31,35.1,Consumer,10.179
35188,2014-07-09,19.08,Consumer,-27.72
35190,2014-11-28,40.239,Home Office,-68.421
35191,2014-06-10,59.373,Home Office,-118.767
35197,2014-10-22,34.4,Consumer,7.9
35199,2014-10-20,31.488,Home Office,-1.072
35201,2014-02-07,35.19,Corporate,16.11
35202,2014-08-29,33.96,Consumer,0.96
35205,2014-01-28,76.32,Consumer,-6.12
35209,2014-09-29,32.571,Consumer,-5.349
35210,2014-08-08,34.4367,Consumer,2.8467
35212,2014-05-05,29.4,Consumer,-10.62
35215,2014-04-11,21.84,Consumer,7.38
35219,2014-09-30,15.552,Home Office,5.4432
35224,2014-02-26,50.88,Home Office,25.44
35225,2014-06-12,46.32,Consumer,15.24
35235,2014-06-23,33.06,Home Office,14.52
35239,2014-09-29,43.83,Corporate,14.4
35240,2014-11-03,42.3,Consumer,-15.3
35244,2014-05-15,48.69,Consumer,23.8581
35259,2014-04-02,59.076,Corporate,-11.844
35262,2014-03-17,42.36,Home Office,3.72
35264,2014-03-07,15.584,Consumer,3.104
35267,2014-11-10,27.0,Corporate,8.64
35269,2014-12-04,85.536,Consumer,1.476
35271,2014-09-11,22.4667,Consumer,-12.7233
35272,2014-05-07,73.764,Consumer,-28.296
35273,2014-08-09,30.72,Consumer,-15.36
35275,2014-10-20,29.472,Home Office,9.9468
35276,2014-09-13,94.85,Consumer,45.528
35277,2014-05-19,36.048,Consumer,-0.9012
35280,2014-03-31,59.76,Home Office,16.7328
35282,2014-11-19,55.584,Consumer,20.844
35283,2014-10-13,40.48,Consumer,17.4064
35293,2014-09-24,20.124,Home Office,-8.396
35296,2014-09-02,49.56,Consumer,5.94
35300,2014-11-05,51.696,Consumer,-12.924
35305,2014-06-16,33.93,Consumer,-33.93
35309,2014-09-30,30.756,Consumer,-4.524
35311,2014-11-19,38.76,Consumer,10.44
35316,2014-10-03,21.984,Corporate,-56.0592
35317,2014-06-16,24.51,Corporate,5.61
35318,2014-07-03,42.966,Consumer,-93.114
35322,2014-06-12,58.2,Corporate,12.72
35323,2014-06-27,69.96,Consumer,8.28
35326,2014-09-30,86.52,Corporate,-106.02
35328,2014-06-03,33.48,Consumer,12.36
35332,2014-05-08,26.88,Home Office,12.9
35333,2014-06-20,23.7,Home Office,3.3
35334,2014-06-11,49.38,Corporate,-22.24
35344,2014-12-11,59.64,Corporate,29.82
35348,2014-11-18,55.8,Consumer,6.6
35349,2014-01-11,57.852,Consumer,-6.768
35351,2014-10-08,83.16,Consumer,19.32
35356,2014-08-29,26.72,Consumer,9.352
35358,2014-11-03,40.83,Consumer,5.28
35362,2014-12-16,18.96,Consumer,0.36
35363,2014-06-14,30.69,Consumer,0.6
35369,2014-10-21,48.5,Corporate,15.0
35370,2014-11-21,26.628,Consumer,3.528
35371,2014-07-08,33.232,Consumer,-6.248
35372,2014-09-16,52.44,Home Office,14.64
35373,2014-07-21,26.82,Corporate,0.24
35376,2014-07-21,36.96,Corporate,-10.24
35377,2014-09-23,27.78,Corporate,3.84
35378,2014-07-10,9.51,Consumer,-8.19
35384,2014-09-24,30.213,Home Office,10.053
35389,2014-01-22,35.784,Home Office,-28.6272
35398,2014-08-23,54.18,Consumer,27.06
35400,2014-04-23,34.56,Consumer,4.08
35402,2014-07-26,93.84,Consumer,31.8
35404,2014-09-10,73.044,Consumer,-58.446
35405,2014-08-11,74.49,Consumer,28.29
35408,2014-09-25,62.36,Consumer,11.84
35409,2014-08-28,31.08,Corporate,11.48
35413,2014-03-27,457.8,Consumer,54.9
35415,2014-12-31,22.86,Home Office,-6.42
35418,2014-01-22,39.285,Corporate,5.175
35420,2014-04-24,45.492,Consumer,15.492
35421,2014-09-16,80.028,Consumer,14.148
35424,2014-12-02,21.465,Consumer,-14.985
35433,2014-12-19,15.51,Consumer,0.45
35436,2014-08-19,29.52,Consumer,-26.58
35437,2014-08-16,58.32,Consumer,16.86
35440,2014-12-15,21.18,Home Office,1.86
35441,2014-10-03,40.44,Corporate,-40.44
35445,2014-08-26,131.85,Consumer,26.25
35446,2014-02-05,21.96,Consumer,9.66
35447,2014-10-02,42.714,Corporate,16.554
35451,2014-10-22,69.6,Consumer,-4.32
35455,2014-09-04,17.712,Corporate,-0.408
35460,2014-11-18,35.04,Consumer,12.264
35461,2014-05-15,37.2,Corporate,9.3
35471,2014-08-25,32.328,Home Office,-25.872
35473,2014-06-23,26.94,Corporate,12.39
35474,2014-12-31,35.2,Consumer,9.12
35476,2014-09-01,99.36,Home Office,32.76
35477,2014-05-19,41.52,Corporate,-1.4
35479,2014-09-02,32.0,Consumer,13.76
35480,2014-10-10,47.58,Corporate,15.18
35481,2014-08-08,50.25,Consumer,24.6
35483,2014-08-13,122.55,Corporate,48.9
35487,2014-09-20,25.776,Consumer,-14.904
35488,2014-12-10,27.9015,Home Office,-9.6585
35490,2014-03-03,54.0918,Consumer,-43.1082
35491,2014-10-22,76.65,Consumer,22.2
35493,2014-12-03,45.66,Home Office,-33.484
35506,2014-07-17,17.028,Consumer,-4.272
35508,2014-12-25,23.73,Corporate,-21.0
35509,2014-08-27,53.64,Home Office,15.0
35510,2014-08-25,119.43,Consumer,46.53
35512,2014-01-09,145.962,Corporate,-63.288
35514,2014-01-03,30.03,Consumer,14.7
35519,2014-01-04,29.49,Consumer,6.48
35525,2014-10-07,40.99,Corporate,20.0851
35529,2014-05-08,127.89,Consumer,15.33
35531,2014-07-05,22.8,Corporate,3.42
35533,2014-05-01,50.004,Corporate,-88.416
35536,2014-10-09,30.852,Consumer,-32.928
35541,2014-11-18,16.74,Corporate,-1.98
35544,2014-12-29,36.14,Home Office,3.24
35549,2014-03-10,21.96,Corporate,-9.72
35550,2014-05-21,51.3,Consumer,13.32
35552,2014-04-28,53.352,Consumer,8.232
35554,2014-06-16,30.3,Corporate,9.36
35559,2014-08-22,91.92,Home Office,31.2528
35560,2014-12-25,37.93,Corporate,6.8274
35563,2014-09-21,59.97,Consumer,20.3898
35566,2014-01-06,56.808,Consumer,-72.072
35567,2014-09-18,46.59,Corporate,22.35
35569,2014-06-03,34.92,Consumer,14.28
35570,2014-08-11,37.86,Consumer,11.34
35571,2014-12-23,33.6,Corporate,10.08
35572,2014-08-21,52.98,Consumer,0.51
35577,2014-10-28,34.08,Corporate,15.28
35587,2014-11-13,21.0,Home Office,10.5
35588,2014-05-02,36.72,Home Office,-5.52
35589,2014-11-27,70.05,Consumer,25.8
35590,2014-05-12,21.06,Corporate,4.8
35593,2014-07-07,36.51,Corporate,5.46
35594,2014-08-12,55.98,Home Office,18.42
35596,2014-10-17,85.59,Consumer,23.04
35598,2014-01-25,45.69,Consumer,18.72
35601,2014-07-08,29.904,Corporate,7.044
35603,2014-07-09,50.0,Consumer,10.5
35604,2014-12-26,39.312,Consumer,12.7764
35611,2014-10-29,21.93,Consumer,10.3071
35613,2014-05-10,27.66,Consumer,10.2
35614,2014-05-08,29.58,Consumer,5.01
35616,2014-12-22,47.28,Corporate,16.8
35619,2014-10-28,29.01,Corporate,3.18
35621,2014-09-03,65.76,Consumer,12.48
35628,2014-06-13,67.716,Consumer,-1.524
35635,2014-05-05,32.4,Consumer,15.552
35640,2014-05-31,35.36,Home Office,-3.094
35641,2014-12-31,32.592,Consumer,-25.278
35642,2014-08-08,25.8,Corporate,10.02
35643,2014-01-24,44.7,Consumer,8.49
35645,2014-05-26,43.8,Corporate,13.56
35655,2014-08-18,83.88,Consumer,-41.94
35664,2014-08-21,40.29,Corporate,10.4754
35668,2014-12-04,16.192,Consumer,4.6552
35670,2014-11-04,55.984,Consumer,4.1988
35677,2014-07-03,8.568,Consumer,-6.912
35678,2014-06-05,52.92,Consumer,24.33
35679,2014-12-29,11.92,Consumer,4.16
35682,2014-09-29,30.64,Home Office,3.6
35687,2014-01-14,72.471,Corporate,-11.949
35688,2014-08-06,31.02,Corporate,0.9
35689,2014-07-03,22.092,Consumer,-5.688
35693,2014-05-22,38.28,Corporate,1.32
35694,2014-10-17,31.5456,Corporate,-0.0144
35695,2014-08-21,28.8108,Corporate,-5.4792
35696,2014-05-16,23.787,Consumer,3.147
35697,2014-06-24,40.92,Corporate,13.89
35699,2014-12-11,10.368,Consumer,3.6288
35700,2014-12-21,50.352,Corporate,17.6232
35702,2014-09-03,18.72,Consumer,6.552
35705,2014-06-27,40.14,Home Office,10.26
35707,2014-06-27,43.8,Corporate,13.56
35708,2014-12-24,13.716,Corporate,-16.944
35710,2014-07-12,12.54,Corporate,5.88
35712,2014-07-07,23.928,Consumer,-23.352
35722,2014-05-07,33.18,Home Office,15.24
35729,2014-12-26,98.7471,Consumer,2.6271
35732,2014-12-30,393.568,Consumer,-44.2764
35738,2014-02-04,22.2,Home Office,-26.085
35740,2014-06-30,21.392,Consumer,-54.5496
35742,2014-04-17,59.64,Home Office,12.48
35743,2014-06-03,66.6,Consumer,31.92
35748,2014-04-05,35.06,Consumer,16.46
35749,2014-10-08,34.68,Consumer,14.2
35760,2014-10-29,31.08,Corporate,9.0
35762,2014-10-04,34.4925,Consumer,1.3725
35767,2014-06-05,9.54,Home Office,4.3884
35770,2014-09-25,31.08,Home Office,15.2292
35771,2014-06-30,54.69,Consumer,5.46
35779,2014-03-05,53.472,Corporate,-25.088
35781,2014-02-21,34.4,Corporate,2.4
35783,2014-09-18,97.392,Consumer,26.772
35786,2014-08-12,117.96,Corporate,24.72
35788,2014-11-21,28.98,Corporate,9.54
35789,2014-05-27,67.23,Consumer,26.13
35790,2014-07-09,87.42,Consumer,32.34
35795,2014-09-08,58.536,Corporate,-15.624
35803,2014-12-15,39.264,Consumer,-4.908
35804,2014-11-27,46.41,Consumer,21.81
35805,2014-06-30,39.54,Consumer,16.56
35808,2014-12-10,44.4,Consumer,10.56
35812,2014-07-03,20.016,Consumer,-21.384
35813,2014-03-13,40.4,Consumer,9.28
35817,2014-10-28,39.54,Consumer,1.92
35818,2014-10-28,33.88,Corporate,15.54
35823,2014-08-06,58.56,Consumer,2.88
35824,2014-04-09,14.82,Consumer,6.66
35826,2014-08-07,59.4,Consumer,23.76
35832,2014-09-29,49.44,Home Office,21.24
35833,2014-11-14,22.7052,Home Office,-4.2948
35834,2014-06-10,60.57,Consumer,28.44
35837,2014-02-19,28.917,Consumer,0.567
35838,2014-09-15,160.1985,Consumer,-43.9515
35841,2014-03-26,90.99,Corporate,14.5584
35847,2014-01-18,44.964,Corporate,-52.836
35852,2014-05-14,37.66,Consumer,14.56
35853,2014-12-10,36.9,Consumer,4.4
35862,2014-09-06,18.6348,Consumer,-15.9252
35868,2014-01-16,32.31,Consumer,12.6
35869,2014-06-04,35.168,Corporate,9.6712
35870,2014-11-07,13.272,Consumer,-10.6176
35876,2014-01-28,12.0,Corporate,0.48
35877,2014-11-13,29.28,Home Office,13.17
35883,2014-09-09,61.38,Consumer,-21.52
35887,2014-07-12,62.72,Corporate,30.08
35889,2014-09-12,36.936,Consumer,-1.884
35893,2014-08-18,44.037,Consumer,9.777
35900,2014-12-12,23.36,Consumer,7.884
35907,2014-04-24,45.408,Home Office,11.9196
35911,2014-07-17,31.83,Home Office,8.91
35913,2014-09-23,29.61,Corporate,12.12
35914,2014-11-10,35.52,Consumer,0.24
35915,2014-06-05,49.83,Consumer,3.48
35916,2014-03-14,42.444,Corporate,4.944
35917,2014-03-28,147.84,Consumer,9.24
35922,2014-11-10,50.112,Corporate,-3.768
35923,2014-06-30,79.92,Consumer,7.11
35924,2014-12-17,30.96,Consumer,8.64
35926,2014-02-07,46.74,Home Office,-2.82
35927,2014-10-02,83.79,Home Office,9.18
35930,2014-11-28,85.212,Corporate,-7.608
35934,2014-12-05,62.136,Corporate,-9.324
35937,2014-12-17,18.96,Corporate,7.584
35938,2014-11-17,48.86,Consumer,0.9772
35940,2014-05-24,171.288,Consumer,-6.4233
35944,2014-03-19,46.2,Consumer,21.252
35947,2014-11-21,31.17,Consumer,4.35
35950,2014-01-09,29.67,Home Office,2.07
35952,2014-09-17,40.98,Consumer,5.7
35953,2014-06-09,51.68,Consumer,19.52
35960,2014-06-26,42.12,Consumer,2.52
35962,2014-11-12,26.76,Consumer,11.76
35970,2014-02-21,22.23,Corporate,7.3359
35974,2014-06-17,20.544,Consumer,-21.066
35975,2014-11-18,13.38,Consumer,3.42
35977,2014-05-14,48.39,Corporate,15.0
35978,2014-11-18,29.73,Home Office,7.71
35981,2014-08-25,34.92,Consumer,16.74
35983,2014-11-19,23.32,Consumer,-19.88
35986,2014-06-25,32.832,Consumer,-5.488
35987,2014-07-14,66.15,Consumer,21.15
35990,2014-06-20,19.41,Corporate,-1.59
35991,2014-04-26,62.37,Consumer,11.13
35992,2014-08-11,31.95,Consumer,-4.5
35993,2014-09-01,16.68,Home Office,6.33
35994,2014-01-08,38.16,Corporate,-6.24
36000,2014-07-15,58.716,Consumer,-23.544
36001,2014-08-21,38.961,Home Office,12.051
36002,2014-10-31,20.736,Consumer,7.2576
36006,2014-03-03,68.04,Corporate,33.3396
36007,2014-04-07,27.45,Home Office,7.68
36013,2014-04-04,54.36,Corporate,27.12
36020,2014-05-09,59.325,Corporate,-46.305
36022,2014-06-18,27.864,Home Office,-3.276
36023,2014-06-25,21.96,Home Office,9.0
36025,2014-08-22,46.53,Home Office,19.98
36026,2014-01-28,45.18,Consumer,-18.12
36032,2014-12-02,34.875,Consumer,-22.365
36033,2014-09-04,26.64,Consumer,3.96
36035,2014-03-18,59.1,Consumer,22.458
36039,2014-09-22,55.86,Consumer,27.93
36042,2014-09-18,14.49,Corporate,0.12
36043,2014-09-03,33.84,Consumer,-38.1
36047,2014-04-12,28.56,Corporate,11.04
36050,2014-08-04,29.91,Consumer,6.27
36052,2014-11-19,18.28,Home Office,1.64
36054,2014-06-25,34.92,Home Office,7.68
36057,2014-02-01,29.208,Consumer,-9.752
36058,2014-04-21,66.177,Consumer,21.987
36060,2014-08-20,43.2,Consumer,17.28
36063,2014-12-27,23.55,Corporate,4.47
36064,2014-08-28,24.48,Consumer,8.76
36069,2014-05-01,54.66,Corporate,6.0
36070,2014-01-22,350.973,Home Office,152.0883
36071,2014-08-27,71.98,Home Office,15.1158
36073,2014-10-03,39.072,Consumer,4.3956
36076,2014-04-24,27.09,Corporate,6.21
36079,2014-01-29,17.334,Corporate,-27.756
36080,2014-03-06,44.4,Consumer,3.96
36085,2014-12-10,92.82,Corporate,0.0
36089,2014-08-20,17.73,Corporate,1.53
36094,2014-01-09,58.608,Home Office,-40.512
36096,2014-01-30,22.92,Corporate,8.7
36097,2014-09-01,63.9,Consumer,15.84
36104,2014-09-20,18.18,Consumer,-13.938
36105,2014-06-16,43.8,Corporate,9.6
36107,2014-07-31,51.102,Corporate,-109.038
36108,2014-12-30,18.36,Consumer,3.3
36112,2014-09-28,31.92,Consumer,11.46
36121,2014-04-04,38.24,Home Office,8.72
36123,2014-08-28,27.6,Home Office,2.76
36124,2014-05-27,53.76,Corporate,8.04
36126,2014-12-22,58.3416,Consumer,-15.9984
36129,2014-11-13,63.87,Consumer,18.51
36130,2014-07-16,18.546,Consumer,-4.434
36133,2014-05-16,36.18,Consumer,11.52
36138,2014-09-29,32.776,Home Office,3.2776
36144,2014-08-29,89.04,Consumer,39.96
36146,2014-11-21,15.75,Consumer,1.71
36147,2014-11-13,43.404,Corporate,-22.436
36149,2014-10-25,15.56,Corporate,1.84
36153,2014-12-04,15.144,Consumer,-1.536
36155,2014-08-22,17.556,Corporate,-9.664
36156,2014-06-12,22.74,Consumer,5.22
36160,2014-12-15,54.96,Consumer,-16.5
36169,2014-12-02,20.37,Consumer,6.9258
36170,2014-12-10,33.45,Consumer,15.387
36173,2014-05-20,23.25,Consumer,4.86
36175,2014-10-21,51.27,Corporate,17.94
36177,2014-06-25,17.928,Home Office,-21.972
36185,2014-10-22,67.32,Consumer,-35.92
36191,2014-08-11,55.944,Home Office,4.914
36192,2014-07-30,50.76,Corporate,23.28
36193,2014-08-02,84.9,Home Office,23.7
36194,2014-07-18,58.14,Home Office,15.66
36196,2014-10-27,55.65,Consumer,19.95
36199,2014-12-25,73.0146,Corporate,14.9946
36200,2014-12-11,29.85,Corporate,8.04
36204,2014-03-22,30.576,Home Office,10.3194
36205,2014-09-16,60.6,Home Office,27.84
36206,2014-08-22,26.544,Home Office,-29.976
36208,2014-11-26,100.44,Consumer,42.18
36210,2014-07-18,22.5,Home Office,1.8
36211,2014-11-10,128.37,Consumer,55.17
36213,2014-07-17,47.43,Consumer,17.07
36217,2014-07-18,35.04,Corporate,-2.92
36221,2014-12-11,137.6,Home Office,-74.4
36224,2014-10-02,60.0,Consumer,14.4
36230,2014-09-04,31.428,Corporate,-2.472
36231,2014-09-25,48.0,Corporate,-36.48
36234,2014-08-01,76.032,Corporate,33.792
36235,2014-03-14,33.048,Home Office,2.898
36237,2014-10-13,33.984,Consumer,2.244
36239,2014-11-26,57.996,Consumer,-24.264
36240,2014-06-10,36.352,Home Office,11.36
36242,2014-11-03,8.8,Home Office,4.224
36244,2014-09-19,50.96,Corporate,24.4608
36252,2014-04-21,74.16,Consumer,33.3
36253,2014-03-18,62.31,Consumer,13.68
36260,2014-03-19,23.268,Corporate,-13.972
36263,2014-07-02,21.4,Home Office,8.12
36270,2014-01-03,52.44,Consumer,3.6
36271,2014-12-27,41.3034,Consumer,11.3034
36272,2014-07-11,15.6456,Consumer,-11.5344
36274,2014-07-07,31.68,Consumer,-24.84
36275,2014-08-14,35.2665,Consumer,3.6765
36277,2014-12-30,16.92,Consumer,0.24
36278,2014-08-06,37.872,Consumer,-20.208
36282,2014-11-11,28.792,Consumer,10.0772
36284,2014-05-28,33.96,Corporate,0.96
36287,2014-08-22,18.99,Consumer,6.81
36288,2014-06-14,43.92,Consumer,18.0
36294,2014-05-06,44.9,Corporate,8.5
36297,2014-05-12,30.15,Corporate,14.76
36299,2014-05-30,25.8,Corporate,9.96
36304,2014-09-16,25.23,Consumer,-24.24
36305,2014-12-25,78.327,Home Office,26.937
36307,2014-10-27,25.149,Corporate,4.209
36309,2014-09-15,29.799,Corporate,-0.021
36314,2014-03-06,25.06,Consumer,11.7782
36317,2014-04-21,36.56,Consumer,18.28
36318,2014-03-12,63.88,Home Office,24.9132
36320,2014-07-09,52.76,Home Office,24.2696
36321,2014-03-20,8.94,Corporate,2.4138
36323,2014-02-04,43.53,Home Office,19.14
36324,2014-07-16,17.874,Consumer,-41.166
36329,2014-04-09,22.26,Home Office,3.96
36332,2014-05-07,29.4,Home Office,11.46
36335,2014-04-27,24.0,Corporate,7.44
36336,2014-01-28,31.76,Home Office,7.3
36339,2014-12-25,100.92,Consumer,16.08
36341,2014-10-06,33.21,Consumer,10.26
36351,2014-09-08,47.94,Consumer,2.397
36354,2014-05-01,43.372,Home Office,-69.3952
36356,2014-07-09,39.98,Corporate,9.1954
36357,2014-02-27,28.08,Corporate,6.12
36358,2014-11-04,84.75,Corporate,25.41
36359,2014-11-02,28.26,Corporate,5.91
36360,2014-07-07,19.908,Corporate,-15.942
36361,2014-06-28,13.86,Corporate,4.83
36362,2014-04-21,34.812,Consumer,-53.388
36363,2014-05-06,26.82,Home Office,0.24
36364,2014-10-25,41.28,Consumer,15.2
36367,2014-04-17,31.536,Corporate,-41.064
36370,2014-09-02,105.72,Consumer,52.8
36374,2014-07-05,30.348,Corporate,-9.132
36378,2014-11-11,20.7,Consumer,-12.87
36384,2014-12-31,61.974,Corporate,-37.266
36385,2014-04-15,53.91,Corporate,10.23
36386,2014-11-19,38.664,Corporate,13.224
36389,2014-09-16,59.98,Home Office,10.7964
36391,2014-09-26,37.11,Home Office,5.55
36392,2014-09-03,15.66,Consumer,6.42
36397,2014-11-27,27.252,Corporate,-6.828
36398,2014-07-03,15.039,Consumer,-24.591
36402,2014-10-23,44.56,Corporate,5.28
36404,2014-06-10,31.92,Consumer,3.36
36407,2014-12-17,35.46,Corporate,11.7
36409,2014-10-22,26.73,Consumer,-2.97
36411,2014-06-10,46.494,Home Office,12.354
36414,2014-01-30,89.46,Corporate,0.0
36415,2014-09-17,17.568,Consumer,6.3684
36420,2014-11-04,40.776,Consumer,0.5097
36431,2014-08-06,48.0,Consumer,22.08
36434,2014-11-18,52.74,Consumer,-35.16
36443,2014-08-02,8.532,Consumer,-5.688
36456,2014-08-08,10.32,Home Office,4.53
36473,2014-07-25,23.628,Corporate,-1.812
36474,2014-03-12,38.5452,Consumer,13.4652
36476,2014-08-09,31.95,Consumer,-16.65
36477,2014-09-23,35.964,Home Office,11.184
36487,2014-12-17,29.95,Corporate,8.6855
36490,2014-11-21,17.88,Consumer,6.06
36500,2014-12-01,46.44,Consumer,12.96
36502,2014-09-23,51.45,Corporate,20.55
36503,2014-01-16,50.9832,Consumer,-1.4568
36505,2014-10-22,35.19,Consumer,-16.2
36506,2014-09-29,43.56,Home Office,12.6
36509,2014-11-20,54.513,Corporate,22.383
36513,2014-10-20,30.56,Corporate,10.3904
36516,2014-10-29,47.98,Corporate,23.99
36518,2014-08-19,65.94,Corporate,22.4196
36519,2014-04-11,36.672,Consumer,6.4176
36521,2014-01-20,53.91,Consumer,12.39
36522,2014-08-08,51.54,Corporate,10.8
36526,2014-04-08,42.15,Consumer,14.31
36527,2014-04-21,94.02,Consumer,15.96
36532,2014-02-28,52.0,Corporate,16.12
36543,2014-05-12,31.59,Corporate,5.31
36549,2014-11-28,18.84,Consumer,6.0288
36552,2014-11-25,71.088,Consumer,-1.7772
36555,2014-03-07,50.76,Consumer,23.28
36559,2014-06-30,21.096,Home Office,-1.424
36567,2014-08-28,26.82,Consumer,2.1
36568,2014-06-21,26.88,Corporate,4.56
36569,2014-05-09,40.005,Consumer,-36.855
36572,2014-10-27,17.4051,Consumer,-1.1349
36575,2014-11-15,35.91,Corporate,1.71
36576,2014-09-07,48.45,Consumer,0.0
36577,2014-06-11,29.6,Home Office,14.8
36582,2014-05-23,22.344,Consumer,2.5137
36584,2014-04-16,15.57,Corporate,-11.937
36585,2014-12-26,39.582,Consumer,-59.373
36588,2014-10-30,18.639,Home Office,-40.401
36592,2014-08-25,26.1,Consumer,6.78
36595,2014-12-08,17.216,Home Office,0.856
36601,2014-12-24,45.168,Consumer,-21.832
36602,2014-06-25,43.515,Corporate,-33.975
36607,2014-03-27,61.83,Corporate,16.38
36610,2014-02-14,44.1,Consumer,7.92
36611,2014-08-02,39.06,Consumer,12.06
36612,2014-10-02,49.5,Home Office,20.25
36613,2014-12-02,45.15,Corporate,-15.39
36617,2014-12-22,44.58,Corporate,-11.64
36619,2014-03-19,27.816,Consumer,4.5201
36625,2014-01-14,19.35,Corporate,2.1
36633,2014-08-15,38.58,Consumer,2.28
36635,2014-02-18,27.69,Consumer,2.19
36641,2014-06-05,48.72,Consumer,-11.44
36642,2014-06-03,33.088,Home Office,2.848
36644,2014-06-27,92.82,Home Office,-0.06
36646,2014-11-28,63.99,Corporate,-7.11
36650,2014-12-11,21.96,Consumer,10.71
36651,2014-07-30,47.01,Home Office,7.98
36654,2014-10-14,22.659,Home Office,2.679
36655,2014-03-21,83.6976,Consumer,-20.6724
36658,2014-06-24,29.49,Home Office,12.66
36662,2014-12-03,47.96,Corporate,4.1965
36665,2014-02-25,123.92,Corporate,38.725
36666,2014-11-18,38.88,Consumer,18.6624
36667,2014-06-02,39.89,Corporate,14.7593
36672,2014-05-09,62.16,Consumer,4.95
36673,2014-10-09,49.83,Consumer,4.98
36674,2014-06-23,46.44,Home Office,15.3
36676,2014-09-27,28.8,Consumer,12.96
36687,2014-11-12,70.992,Consumer,-15.988
36692,2014-08-13,31.02,Home Office,-6.78
36693,2014-08-07,35.52,Corporate,4.96
36697,2014-04-09,52.92,Corporate,18.48
36700,2014-03-31,24.51,Consumer,-4.95
36704,2014-08-26,34.5,Home Office,12.3
36706,2014-05-29,37.68,Consumer,18.42
36710,2014-04-07,34.11,Consumer,16.65
36715,2014-07-08,17.472,Consumer,6.3336
36716,2014-03-08,49.08,Home Office,4.908
36719,2014-09-05,14.82,Consumer,6.9654
36722,2014-11-19,20.232,Corporate,-16.1856
36727,2014-04-23,48.0,Consumer,6.72
36728,2014-08-20,19.68,Home Office,3.12
36729,2014-11-18,50.988,Consumer,-75.222
36736,2014-07-04,67.05,Consumer,-41.58
36739,2014-05-21,65.22,Consumer,15.0
36741,2014-10-29,17.7828,Consumer,-5.1372
36744,2014-10-18,49.96,Corporate,9.4924
36745,2014-11-13,15.92,Corporate,5.373
36746,2014-12-20,36.672,Consumer,11.46
36747,2014-04-15,8.76,Home Office,4.2048
36748,2014-11-12,121.6,Consumer,39.52
36750,2014-05-06,23.16,Consumer,11.58
36752,2014-11-04,35.88,Consumer,17.5812
36753,2014-06-26,29.1,Corporate,6.36
36754,2014-06-30,9.51,Consumer,0.36
36756,2014-12-01,32.19,Consumer,12.21
36757,2014-07-14,48.42,Corporate,13.05
36760,2014-10-17,54.6,Consumer,2.16
36763,2014-10-08,38.82,Corporate,3.06
36767,2014-08-19,27.936,Home Office,0.696
36770,2014-08-13,82.22,Home Office,18.08
36771,2014-11-25,19.08,Consumer,-5.76
36772,2014-11-27,26.0,Home Office,9.8
36773,2014-08-22,21.3,Home Office,1.02
36775,2014-05-15,72.612,Corporate,4.812
36777,2014-05-29,43.02,Consumer,17.55
36778,2014-03-25,80.01,Corporate,3.15
36779,2014-11-19,24.75,Corporate,10.62
36780,2014-05-22,42.453,Corporate,1.593
36781,2014-06-18,25.4718,Corporate,-15.9282
36783,2014-12-04,43.65,Consumer,15.15
36785,2014-05-16,42.624,Consumer,4.2624
36786,2014-03-24,25.68,Consumer,11.556
36791,2014-02-11,47.1,Home Office,13.65
36794,2014-01-29,14.97,Corporate,5.37
36808,2014-12-16,37.86,Consumer,16.98
36809,2014-11-26,50.088,Home Office,-52.632
36814,2014-11-28,43.584,Consumer,4.3584
36816,2014-09-30,8.448,Home Office,2.64
36818,2014-11-26,39.96,Corporate,3.4965
36820,2014-11-11,16.5,Consumer,4.11
36824,2014-06-28,12.06,Consumer,3.36
36826,2014-06-05,16.08,Consumer,6.72
36827,2014-11-09,28.8,Consumer,12.96
36830,2014-10-29,53.91,Consumer,11.85
36832,2014-10-06,120.66,Home Office,41.01
36837,2014-09-23,44.82,Consumer,11.16
36841,2014-10-08,26.22,Consumer,-5.28
36843,2014-10-16,40.68,Consumer,6.08
36845,2014-08-05,52.86,Consumer,21.66
36847,2014-09-09,21.573,Corporate,-1.947
36848,2014-01-18,29.55,Consumer,0.27
36851,2014-06-18,45.792,Consumer,-35.568
36856,2014-05-21,56.94,Consumer,1.08
36860,2014-12-04,45.15,Consumer,16.65
36863,2014-11-19,15.084,Corporate,-5.316
36868,2014-08-04,99.87,Consumer,23.9688
36870,2014-12-08,50.04,Home Office,25.02
36873,2014-08-12,42.15,Corporate,14.31
36874,2014-06-11,51.27,Consumer,17.94
36875,2014-12-08,16.5,Home Office,4.11
36878,2014-06-24,35.24,Home Office,8.08
36879,2014-03-05,42.528,Home Office,11.148
36883,2014-12-29,30.96,Corporate,13.59
36893,2014-11-08,20.331,Corporate,0.621
36894,2014-08-08,33.84,Consumer,15.48
36895,2014-03-20,26.415,Corporate,-2.115
36896,2014-01-04,29.889,Corporate,10.269
36897,2014-04-04,26.4,Home Office,4.44
36898,2014-11-13,18.544,Corporate,3.0134
36900,2014-09-09,20.736,Corporate,7.2576
36901,2014-06-17,23.92,Consumer,1.794
36902,2014-09-11,37.056,Consumer,8.8008
36903,2014-08-02,39.54,Consumer,18.18
36909,2014-06-18,42.72,Corporate,17.28
36911,2014-10-12,43.299,Consumer,-56.301
36914,2014-11-29,18.256,Consumer,1.596
36924,2014-05-13,23.004,Home Office,-2.556
36939,2014-11-24,36.288,Corporate,12.7008
36940,2014-05-29,27.46,Corporate,9.8856
36945,2014-11-24,526.62,Corporate,10.5
36952,2014-01-02,30.96,Consumer,11.76
36957,2014-02-17,38.4,Home Office,8.82
36958,2014-12-02,43.65,Consumer,13.5
36960,2014-11-20,17.97,Corporate,4.11
36963,2014-06-11,16.2348,Consumer,3.5148
36965,2014-03-09,20.7,Corporate,9.936
36969,2014-05-20,36.32,Home Office,10.896
36970,2014-03-20,14.624,Consumer,5.1184
36973,2014-05-04,64.2,Corporate,-44.94
36975,2014-06-30,27.78,Consumer,6.93
36976,2014-11-04,19.8,Corporate,0.0
36979,2014-08-26,41.76,Home Office,9.18
36987,2014-08-11,110.64,Home Office,40.8
36988,2014-11-28,39.6,Consumer,0.0
36991,2014-12-13,31.9272,Home Office,-20.6328
36992,2014-03-27,66.84,Home Office,2.64
36994,2014-11-18,45.216,Consumer,-4.584
36996,2014-06-21,51.312,Consumer,18.6006
37000,2014-11-05,70.72,Corporate,-6.188
37005,2014-10-06,11.37,Home Office,2.61
37009,2014-11-10,23.84,Consumer,2.98
37016,2014-11-13,64.3,Corporate,12.8
37018,2014-03-31,31.59,Consumer,7.2
37021,2014-08-11,30.456,Consumer,12.456
37023,2014-11-06,34.83,Consumer,11.97
37025,2014-04-02,40.59,Home Office,12.96
37026,2014-08-14,22.29,Consumer,3.99
37030,2014-06-30,16.74,Home Office,6.18
37032,2014-04-02,47.82,Corporate,10.98
37033,2014-01-09,24.828,Consumer,-13.662
37037,2014-09-19,26.46,Consumer,-5.76
37038,2014-10-03,30.94,Consumer,0.0
37040,2014-06-17,65.28,Consumer,20.2
37045,2014-01-06,18.288,Consumer,-3.072
37052,2014-03-01,39.48,Consumer,4.32
37054,2014-08-05,323.3601,Consumer,-66.7899
37055,2014-09-25,20.58,Home Office,8.22
37059,2014-04-30,50.085,Consumer,14.385
37060,2014-04-22,57.96,Home Office,8.64
37061,2014-05-16,26.136,Consumer,-14.844
37066,2014-12-30,20.16,Consumer,9.24
37068,2014-07-19,22.11,Consumer,3.96
37073,2014-09-03,40.04,Consumer,10.78
37075,2014-06-27,56.76,Home Office,9.08
37076,2014-06-02,16.65,Corporate,-8.73
37077,2014-04-30,43.8,Consumer,-16.65
37078,2014-04-09,19.98,Home Office,9.36
37080,2014-10-07,33.6,Consumer,14.1
37086,2014-05-08,36.63,Consumer,12.78
37087,2014-02-10,57.996,Consumer,19.836
37089,2014-12-09,274.9545,Consumer,-0.0255
37090,2014-03-15,23.157,Home Office,2.637
37091,2014-08-18,69.57,Consumer,7.65
37092,2014-05-01,15.66,Consumer,3.42
37093,2014-12-15,52.5195,Corporate,-3.8205
37098,2014-12-24,62.04,Corporate,17.3712
37099,2014-12-15,25.71,Home Office,6.6846
37100,2014-09-08,16.9,Consumer,7.774
37101,2014-05-17,15.87,Consumer,6.33
37102,2014-09-01,22.41,Consumer,9.84
37103,2014-02-12,41.7,Consumer,4.98
37105,2014-07-01,20.43,Consumer,-36.81
37108,2014-09-13,53.91,Consumer,12.39
37111,2014-11-08,39.024,Consumer,-1.976
37115,2014-10-07,39.456,Home Office,-21.704
37116,2014-03-04,51.392,Consumer,18.592
37117,2014-08-12,23.1,Corporate,5.52
37118,2014-06-08,25.56,Consumer,10.98
37121,2014-09-12,21.42,Consumer,5.31
37122,2014-12-18,41.04,Consumer,8.55
37126,2014-12-31,39.42,Corporate,17.28
37127,2014-02-13,22.26,Corporate,1.5
37135,2014-06-13,64.14,Consumer,16.6764
37138,2014-05-04,26.388,Corporate,-17.592
37139,2014-09-10,50.25,Corporate,12.54
37140,2014-07-28,53.97,Corporate,18.33
37141,2014-12-01,38.37,Home Office,0.75
37146,2014-06-12,50.16,Consumer,9.51
37149,2014-12-03,21.024,Consumer,-16.896
37150,2014-04-02,43.368,Consumer,-22.432
37152,2014-04-10,80.0,Consumer,34.4
37156,2014-04-03,35.304,Corporate,-8.856
37159,2014-10-06,25.08,Home Office,12.0
37162,2014-11-28,23.22,Consumer,1.62
37165,2014-03-31,48.63,Corporate,5.82
37167,2014-11-21,58.56,Home Office,22.8
37170,2014-06-27,23.3892,Consumer,-1.9308
37173,2014-11-17,30.3,Home Office,10.56
37174,2014-03-29,68.742,Corporate,-48.1194
37176,2014-11-04,41.37,Consumer,17.3754
37177,2014-08-01,41.424,Home Office,8.2848
37178,2014-01-15,36.288,Consumer,12.7008
37180,2014-06-16,17.94,Home Office,8.7906
37183,2014-03-12,43.28,Home Office,3.246
37184,2014-10-14,25.92,Consumer,12.4416
37185,2014-09-19,122.91,Corporate,33.18
37187,2014-11-28,36.984,Consumer,-16.656
37193,2014-12-29,54.48,Corporate,10.32
37197,2014-12-01,32.3,Consumer,12.26
37201,2014-09-17,28.38,Consumer,7.08
37205,2014-09-09,15.948,Corporate,-1.632
37206,2014-09-02,70.56,Corporate,32.34
37207,2014-04-26,47.46,Corporate,21.3
37209,2014-02-13,40.905,Consumer,9.495
37211,2014-01-18,30.024,Corporate,-15.516
37212,2014-01-25,28.8,Consumer,4.32
37217,2014-05-16,31.92,Consumer,6.06
37221,2014-10-09,36.0,Corporate,6.48
37227,2014-09-08,25.98,Consumer,7.2744
37231,2014-12-10,26.67,Consumer,1.05
37233,2014-12-20,20.52,Corporate,-24.12
37239,2014-02-17,47.04,Corporate,18.33
37240,2014-11-15,57.4,Home Office,28.0
37241,2014-10-20,48.58,Consumer,4.34
37244,2014-12-06,26.64,Consumer,4.44
37246,2014-10-29,27.9,Home Office,9.18
37248,2014-08-28,34.83,Corporate,4.23
37252,2014-06-20,45.468,Corporate,15.108
37253,2014-11-04,21.384,Consumer,-13.296
37257,2014-11-13,76.12,Consumer,22.0748
37259,2014-07-22,124.404,Consumer,-21.3264
37260,2014-05-20,45.72,Consumer,15.06
37262,2014-12-05,18.612,Consumer,-15.378
37264,2014-09-19,128.43,Consumer,1.26
37268,2014-02-24,10.368,Corporate,-3.912
37273,2014-11-08,20.304,Consumer,-4.776
37276,2014-08-27,73.8,Consumer,30.96
37279,2014-08-23,35.64,Consumer,7.11
37283,2014-08-29,20.97,Home Office,-5.94
37288,2014-03-20,33.39,Consumer,4.32
37292,2014-10-22,23.992,Consumer,-62.3792
37298,2014-04-21,51.78,Consumer,19.14
37299,2014-12-09,58.59,Corporate,9.36
37300,2014-09-10,86.256,Consumer,-80.064
37302,2014-07-23,27.33,Corporate,3.54
37303,2014-05-29,38.16,Consumer,17.91
37308,2014-10-08,14.92,Corporate,1.64
37312,2014-08-04,10.92,Corporate,1.2
37315,2014-02-12,39.42,Corporate,2.61
37317,2014-12-29,74.655,Corporate,-3.345
37319,2014-06-26,95.58,Consumer,39.18
37329,2014-01-04,38.88,Consumer,18.6624
37335,2014-12-24,10.188,Corporate,-9.522
37336,2014-12-15,49.47,Consumer,7.89
37339,2014-06-13,12.36,Home Office,1.23
37340,2014-09-17,69.3,Consumer,30.48
37341,2014-04-03,39.06,Corporate,1.54
37347,2014-09-18,26.88,Corporate,4.56
37350,2014-11-12,125.4,Corporate,15.0
37352,2014-09-08,156.654,Consumer,24.354
37360,2014-10-01,11.76,Corporate,5.7624
37361,2014-09-17,20.544,Consumer,6.42
37366,2014-07-14,41.28,Corporate,4.95
37369,2014-12-26,35.04,Corporate,8.4
37370,2014-11-13,31.32,Corporate,5.32
37371,2014-05-17,78.304,Consumer,3.904
37372,2014-06-02,31.02,Consumer,0.0
37374,2014-05-12,11.2,Corporate,4.58
37376,2014-09-18,27.96,Corporate,1.11
37381,2014-11-25,19.05,Home Office,2.28
37385,2014-12-28,13.248,Corporate,3.6432
37388,2014-03-10,30.84,Consumer,9.6375
37392,2014-06-18,39.96,Consumer,16.38
37395,2014-09-02,53.76,Consumer,9.6
37397,2014-03-08,21.024,Consumer,0.504
37398,2014-08-08,38.64,Corporate,-25.12
37400,2014-06-30,51.2,Consumer,13.76
37403,2014-03-28,66.8,Corporate,30.0
37406,2014-12-11,19.72,Consumer,3.34
37408,2014-08-14,14.04,Corporate,7.02
37409,2014-05-08,26.22,Corporate,8.88
37411,2014-11-19,23.616,Consumer,-9.144
37413,2014-09-08,40.95,Consumer,5.67
37417,2014-07-02,53.64,Consumer,26.76
37427,2014-07-02,56.82,Home Office,8.52
37428,2014-06-12,55.2,Consumer,19.68
37429,2014-01-13,61.74,Home Office,0.0
37430,2014-11-06,66.24,Consumer,0.0
37431,2014-09-23,19.7,Corporate,6.88
37436,2014-08-26,29.7,Corporate,-34.92
37438,2014-05-08,28.107,Consumer,7.407
37442,2014-01-16,40.014,Consumer,7.074
37444,2014-12-09,37.7235,Consumer,6.3135
37447,2014-06-17,49.8,Consumer,9.6
37451,2014-12-17,81.568,Corporate,9.1764
37453,2014-12-04,24.448,Consumer,8.8624
37454,2014-09-24,39.984,Consumer,-8.9964
37457,2014-09-12,195.68,Consumer,50.8768
37468,2014-06-20,35.28,Corporate,0.34
37474,2014-02-16,42.3,Consumer,13.5
37475,2014-08-06,178.146,Consumer,77.196
37478,2014-06-21,28.56,Corporate,11.04
37479,2014-03-06,46.872,Consumer,19.752
37480,2014-12-11,48.8565,Corporate,-32.0535
37484,2014-06-12,21.84,Consumer,4.32
37492,2014-03-14,9.636,Consumer,-9.894
37497,2014-01-30,39.792,Consumer,-35.868
37498,2014-07-17,46.59,Consumer,6.96
37505,2014-04-17,31.536,Corporate,-41.064
37506,2014-11-01,65.84,Consumer,15.12
37509,2014-08-12,50.28,Corporate,15.48
37510,2014-06-11,55.17,Home Office,2.7
37514,2014-09-04,17.235,Consumer,-15.885
37518,2014-01-10,27.3,Corporate,6.81
37520,2014-10-15,9.46,Consumer,3.6894
37524,2014-02-03,46.8,Consumer,16.38
37526,2014-06-16,31.168,Corporate,9.3504
37530,2014-11-12,51.84,Consumer,18.12
37531,2014-10-20,24.0,Consumer,0.96
37534,2014-11-17,40.92,Corporate,6.12
37535,2014-07-23,38.96,Consumer,15.16
37536,2014-09-09,17.556,Corporate,-9.664
37537,2014-12-06,31.904,Consumer,7.164
37538,2014-12-18,14.32,Home Office,7.0
37539,2014-11-30,21.12,Consumer,0.48
37542,2014-10-17,77.56,Home Office,28.56
37545,2014-06-19,31.4,Consumer,5.96
37548,2014-11-21,18.6,Consumer,6.12
37550,2014-02-19,60.54,Consumer,20.58
37551,2014-12-05,27.48,Corporate,9.3
37553,2014-11-14,32.22,Consumer,13.14
37554,2014-05-27,17.982,Home Office,1.512
37555,2014-12-19,65.988,Consumer,-1.572
37556,2014-06-30,27.36,Home Office,8.7
37558,2014-11-20,44.415,Consumer,-4.935
37559,2014-09-20,39.528,Corporate,7.848
37560,2014-08-16,22.92,Consumer,10.98
37561,2014-03-22,45.99,Corporate,-5.67
37563,2014-08-08,63.96,Consumer,19.8276
37565,2014-10-15,46.36,Consumer,15.2988
37567,2014-06-28,19.44,Corporate,9.3312
37568,2014-12-06,21.6,Consumer,9.936
37570,2014-03-04,42.3,Corporate,6.33
37574,2014-01-15,27.96,Consumer,1.11
37577,2014-12-10,46.44,Corporate,15.3
37581,2014-07-09,43.8,Corporate,9.6
37586,2014-09-09,99.6,Corporate,35.8
37590,2014-12-26,33.825,Consumer,-12.975
37591,2014-12-23,32.94,Consumer,-9.9
37597,2014-01-07,23.76,Consumer,-10.44
37598,2014-12-12,63.686,Consumer,-9.098
37601,2014-04-18,28.14,Consumer,13.5072
37602,2014-10-03,15.224,Corporate,-38.8212
37606,2014-09-09,49.812,Consumer,-44.838
37607,2014-09-26,32.796,Corporate,-22.164
37608,2014-09-27,43.8,Consumer,9.6
37609,2014-05-13,27.18,Consumer,11.64
37610,2014-10-07,26.1,Consumer,6.24
37614,2014-09-01,31.08,Corporate,5.18
37615,2014-03-19,30.96,Consumer,13.59
37617,2014-03-06,49.5,Corporate,-16.86
37618,2014-08-07,26.748,Home Office,3.528
37620,2014-10-17,58.08,Home Office,16.8
37623,2014-01-21,34.2126,Consumer,11.5326
37624,2014-12-05,60.156,Consumer,15.276
37629,2014-10-14,10.476,Consumer,-6.8094
37631,2014-05-06,21.24,Consumer,7.434
37637,2014-05-15,34.02,Consumer,14.28
37646,2014-06-06,14.1,Consumer,2.82
37647,2014-05-18,35.9,Consumer,3.2
37649,2014-02-10,47.64,Corporate,15.24
37661,2014-12-27,26.22,Corporate,1.8
37663,2014-01-27,37.368,Corporate,4.488
37670,2014-06-12,63.0,Corporate,18.84
37671,2014-07-28,12.384,Corporate,-5.376
37673,2014-11-08,59.97,Home Office,13.7931
37675,2014-09-19,19.44,Corporate,9.3312
37676,2014-01-17,56.07,Consumer,25.2315
37677,2014-12-03,32.776,Consumer,2.4582
37682,2014-04-07,18.936,Consumer,-13.284
37684,2014-09-23,12.24,Corporate,0.48
37687,2014-07-04,41.4,Consumer,14.76
37689,2014-10-04,70.74,Corporate,33.24
37698,2014-05-10,173.17296,Corporate,48.21296
37701,2014-11-27,43.752,Home Office,-0.768
37703,2014-06-25,39.69,Corporate,-11.97
37706,2014-03-31,53.7,Consumer,-53.7
37707,2014-08-27,148.05,Consumer,51.75
37709,2014-08-11,37.476,Consumer,14.916
37711,2014-05-07,36.7263,Home Office,6.0363
37713,2014-04-21,50.328,Home Office,15.048
37716,2014-01-14,33.3,Corporate,5.94
37717,2014-06-23,50.3712,Consumer,2.8512
37721,2014-12-10,18.288,Consumer,-7.932
37723,2014-10-10,31.2,Consumer,-32.04
37724,2014-11-26,60.66,Consumer,-5.1
37732,2014-10-14,25.05,Corporate,1.5
37735,2014-07-29,22.14,Consumer,1.32
37738,2014-08-29,48.4,Consumer,6.7
37741,2014-03-12,44.0,Corporate,3.52
37744,2014-08-09,27.78,Corporate,7.5
37755,2014-07-03,21.96,Home Office,-4.86
37756,2014-04-22,31.14,Consumer,2.43
37760,2014-07-15,70.7409,Consumer,1.6209
37761,2014-08-01,45.36,Home Office,2.16
37762,2014-12-16,24.7086,Corporate,-7.6314
37768,2014-07-26,37.752,Consumer,4.2471
37771,2014-08-14,31.984,Consumer,0.0
37776,2014-02-11,25.47,Corporate,6.6
37778,2014-06-18,30.132,Corporate,-57.348
37786,2014-05-12,51.648,Consumer,1.288
37787,2014-10-13,35.9,Consumer,17.5
37795,2014-05-27,27.96,Corporate,1.11
37796,2014-01-21,101.412,Consumer,22.512
37798,2014-11-13,18.3645,Home Office,-7.2855
37799,2014-02-18,11.517,Consumer,-6.303
37801,2014-08-16,38.6925,Consumer,-12.7575
37809,2014-12-29,9.876,Corporate,-12.864
37811,2014-09-12,26.784,Consumer,-62.496
37812,2014-10-16,62.58,Consumer,1.12
37817,2014-03-04,23.8,Consumer,4.52
37819,2014-08-11,39.4,Corporate,19.68
37820,2014-06-02,64.38,Consumer,24.42
37821,2014-06-17,36.72,Consumer,13.95
37825,2014-03-10,48.87,Corporate,-20.55
37826,2014-12-27,29.382,Consumer,-1.818
37828,2014-11-30,41.04,Consumer,11.04
37832,2014-08-19,51.624,Consumer,14.904
37833,2014-11-10,30.525,Consumer,-1.125
37834,2014-06-25,33.804,Consumer,-6.786
37837,2014-08-28,116.28,Corporate,56.9772
37838,2014-05-21,21.5,Consumer,7.095
37839,2014-05-12,43.92,Consumer,12.7368
37840,2014-06-09,35.168,Consumer,-8.3524
37842,2014-11-11,49.23,Consumer,19.68
37846,2014-09-29,74.448,Consumer,-31.752
37848,2014-12-10,11.844,Consumer,-7.416
37855,2014-11-12,26.28,Consumer,2.08
37857,2014-06-24,18.16,Consumer,3.44
37858,2014-05-27,82.24,Consumer,9.04
37860,2014-04-30,87.08,Consumer,6.08
37861,2014-07-21,25.72,Consumer,5.12
37863,2014-06-13,17.412,Consumer,1.152
37865,2014-07-10,26.94,Corporate,8.58
37868,2014-12-10,40.88,Consumer,13.02
37870,2014-08-25,28.98,Home Office,9.54
37872,2014-06-07,18.93,Consumer,5.67
37873,2014-11-05,26.811,Consumer,7.731
37880,2014-07-03,44.79,Home Office,-6.33
37881,2014-09-27,38.3625,Corporate,-18.8775
37883,2014-04-21,92.61,Home Office,17.49
37888,2014-06-24,27.81,Home Office,2.43
37889,2014-07-23,11.97,Consumer,3.33
37892,2014-04-18,21.594,Home Office,-15.8356
37897,2014-09-06,26.22,Corporate,1.8
37898,2014-12-24,21.0,Consumer,3.36
37899,2014-08-20,56.76,Home Office,10.74
37900,2014-11-06,47.94,Home Office,0.9
37901,2014-12-24,43.56,Consumer,15.66
37906,2014-06-18,49.41,Corporate,11.85
37907,2014-09-15,85.608,Corporate,-15.712
37909,2014-10-27,38.16,Consumer,-24.24
37910,2014-12-05,41.76,Consumer,12.48
37911,2014-11-29,46.32,Home Office,22.2
37912,2014-11-14,34.14,Corporate,16.02
37914,2014-09-16,25.14,Consumer,3.24
37915,2014-06-03,47.64,Consumer,5.7
37917,2014-08-02,67.5,Consumer,26.94
37920,2014-08-26,12.6,Consumer,-7.11
37923,2014-09-04,27.0,Consumer,11.61
37926,2014-09-10,25.92,Consumer,3.888
37928,2014-02-11,32.13,Consumer,16.05
37933,2014-07-30,54.28,Consumer,21.16
37934,2014-09-17,37.8,Consumer,7.56
37935,2014-06-24,12.44,Consumer,1.6
37936,2014-07-02,34.2,Home Office,2.34
37938,2014-05-07,126.42,Corporate,18.9
37942,2014-12-19,64.44,Home Office,27.66
37943,2014-07-16,65.37,Corporate,-15.69
37949,2014-01-01,43.29,Corporate,20.34
37954,2014-11-18,41.6328,Corporate,7.9728
37960,2014-02-17,28.032,Consumer,3.504
37962,2014-09-08,29.88,Consumer,0.87
37963,2014-01-01,19.35,Consumer,2.1
37964,2014-09-06,39.864,Consumer,-49.836
37966,2014-06-10,96.408,Consumer,-112.482
37968,2014-09-01,94.8,Corporate,11.34
37973,2014-03-25,14.8,Corporate,5.44
37975,2014-12-27,24.93,Consumer,1.23
37977,2014-09-30,30.24,Consumer,13.86
37982,2014-12-19,25.6626,Corporate,0.4626
37983,2014-10-20,23.68,Corporate,7.4
37987,2014-11-13,44.784,Home Office,-0.5598
37988,2014-12-11,95.84,Consumer,34.742
37991,2014-11-03,11.76,Consumer,5.7624
37998,2014-08-28,52.8,Corporate,14.16
38000,2014-06-29,30.69,Home Office,14.1
38001,2014-06-24,39.48,Corporate,8.68
38005,2014-06-11,43.264,Corporate,7.024
38006,2014-10-31,27.76,Corporate,13.88
38009,2014-11-23,40.02,Corporate,9.96
38012,2014-08-30,37.08,Consumer,7.38
38013,2014-10-24,35.4,Consumer,16.2
38014,2014-03-21,35.22,Consumer,17.58
38016,2014-09-12,59.1,Corporate,28.92
38031,2014-10-16,28.416,Consumer,-17.784
38032,2014-06-11,30.72,Corporate,2.43
38038,2014-10-07,155.008,Consumer,-19.392
38039,2014-02-10,27.24,Consumer,-2.28
38045,2014-10-02,19.16,Consumer,0.16
38046,2014-09-25,42.45,Consumer,11.85
38051,2014-09-04,24.72,Corporate,2.46
38056,2014-11-14,21.0516,Home Office,-3.6084
38062,2014-05-12,26.032,Consumer,9.4366
38065,2014-08-18,74.592,Home Office,-2.1312
38066,2014-11-13,26.72,Consumer,9.352
38067,2014-09-18,34.05,Consumer,9.534
38070,2014-08-08,29.16,Corporate,8.43
38072,2014-09-02,17.4,Corporate,1.56
38073,2014-07-11,29.61,Home Office,2.64
38076,2014-08-07,47.58,Home Office,4.74
38078,2014-05-03,11.358,Consumer,-11.382
38080,2014-03-10,18.75,Consumer,8.61
38096,2014-10-22,33.78,Consumer,-19.62
38098,2014-12-04,38.7,Corporate,15.84
38105,2014-05-29,30.96,Consumer,8.64
38107,2014-05-03,16.056,Corporate,-21.984
38109,2014-12-08,29.052,Consumer,-41.688
38112,2014-05-28,42.58,Consumer,16.18
38113,2014-05-02,28.17,Home Office,1.11
38114,2014-03-03,11.19,Consumer,5.01
38115,2014-11-10,31.23,Consumer,12.78
38116,2014-10-20,39.69,Consumer,12.69
38120,2014-02-12,47.844,Corporate,21.204
38121,2014-03-04,75.39,Corporate,21.0
38126,2014-01-12,33.516,Consumer,-0.564
38128,2014-09-04,24.448,Consumer,8.8624
38129,2014-01-22,18.72,Home Office,6.552
38131,2014-09-20,32.4,Consumer,15.552
38139,2014-05-08,29.6,Consumer,0.0
38140,2014-01-22,36.72,Consumer,10.26
38142,2014-09-27,49.104,Corporate,-20.496
38145,2014-07-14,32.655,Home Office,-11.865
38149,2014-07-01,122.43,Consumer,42.84
38154,2014-02-04,54.432,Consumer,10.242
38156,2014-03-24,15.363,Consumer,4.083
38158,2014-11-04,34.38,Consumer,15.12
38163,2014-11-12,45.92,Consumer,21.5824
38164,2014-10-06,19.936,Home Office,7.2268
38166,2014-11-22,40.736,Corporate,14.7668
38171,2014-05-21,28.02,Consumer,8.1
38172,2014-09-12,19.464,Consumer,-20.466
38177,2014-11-24,50.88,Corporate,4.56
38183,2014-04-30,37.08,Consumer,4.8
38196,2014-08-14,53.04,Home Office,4.56
38198,2014-07-08,67.05,Consumer,18.0
38200,2014-06-10,33.72,Consumer,10.74
38208,2014-10-10,26.22,Corporate,1.8
38209,2014-02-25,35.85,Home Office,5.01
38210,2014-03-31,49.23,Corporate,19.68
38212,2014-04-09,17.757,Home Office,-36.123
38215,2014-06-21,20.01,Home Office,4.98
38220,2014-08-01,14.752,Home Office,5.312
38223,2014-12-05,26.19,Home Office,-24.66
38227,2014-04-26,44.22,Home Office,7.92
38233,2014-03-11,35.91,Home Office,-8.379
38234,2014-11-10,9.64,Corporate,4.4344
38243,2014-09-12,25.542,Consumer,-44.298
38244,2014-08-19,52.92,Home Office,18.48
38246,2014-10-30,22.08,Consumer,3.3
38249,2014-03-02,38.52,Corporate,7.29
38258,2014-11-27,68.6,Home Office,26.72
38262,2014-04-15,43.515,Corporate,-7.875
38264,2014-12-05,35.04,Corporate,12.6
38265,2014-07-17,28.02,Corporate,1.08
38270,2014-10-13,20.25,Home Office,5.67
38271,2014-08-28,27.819,Consumer,-7.101
38274,2014-10-03,19.76,Home Office,5.928
38276,2014-10-23,31.68,Corporate,11.088
38283,2014-07-22,19.17,Consumer,-21.09
38286,2014-12-09,20.72,Consumer,4.12
38287,2014-12-02,35.56,Consumer,7.8
38292,2014-10-04,40.32,Home Office,-7.44
38294,2014-06-16,23.84,Corporate,5.2
38295,2014-09-23,41.54,Consumer,2.06
38298,2014-01-07,19.02,Home Office,0.72
38299,2014-09-15,26.82,Corporate,2.1
38301,2014-07-04,33.75,Consumer,3.33
38304,2014-09-23,44.28,Consumer,0.36
38305,2014-06-19,27.1413,Consumer,-6.6987
38306,2014-05-01,43.08,Home Office,8.16
38308,2014-06-23,25.8462,Consumer,5.5662
38311,2014-12-03,12.096,Consumer,-4.464
38313,2014-08-22,37.24,Consumer,10.7996
38321,2014-10-14,11.07,Consumer,5.2029
38322,2014-06-17,48.0,Corporate,22.08
38324,2014-03-05,21.168,Consumer,-7.422
38328,2014-05-29,25.47,Consumer,6.6
38330,2014-03-06,96.84,Home Office,36.78
38333,2014-12-10,97.8,Consumer,35.2
38334,2014-12-10,49.02,Consumer,8.82
38341,2014-11-12,25.2,Corporate,-2.1
38343,2014-08-14,37.74,Consumer,9.42
38344,2014-07-12,42.1032,Corporate,-7.2168
38345,2014-08-30,41.2923,Consumer,-8.6877
38347,2014-08-23,31.644,Corporate,-2.916
38353,2014-08-13,20.736,Consumer,7.2576
38356,2014-05-20,38.016,Corporate,13.7808
38362,2014-03-20,14.52,Corporate,0.57
38363,2014-08-12,34.98,Corporate,4.14
38366,2014-02-06,11.196,Corporate,-7.584
38367,2014-01-04,18.72,Home Office,-36.84
38370,2014-08-13,27.504,Corporate,-5.136
38373,2014-06-04,43.128,Consumer,-12.972
38374,2014-09-08,8.84,Consumer,1.76
38376,2014-09-25,57.3,Consumer,14.85
38378,2014-11-06,103.26,Corporate,17.52
38383,2014-11-26,42.84,Consumer,19.62
38384,2014-09-04,157.464,Consumer,59.454
38388,2014-03-01,28.8,Home Office,1.98
38390,2014-10-24,35.88,Corporate,10.0464
38403,2014-10-23,36.456,Consumer,-8.624
38406,2014-06-23,22.224,Consumer,-40.776
38408,2014-09-05,15.984,Consumer,1.304
38409,2014-07-30,41.64,Corporate,14.96
38410,2014-07-19,20.052,Consumer,-7.068
38411,2014-10-06,39.44,Consumer,6.68
38417,2014-11-10,62.964,Consumer,1.284
38423,2014-01-29,31.59,Corporate,7.2
38424,2014-07-24,96.96,Consumer,12.6
38427,2014-07-05,36.936,Home Office,2.016
38429,2014-09-23,8.904,Corporate,-4.236
38436,2014-11-07,13.9,Home Office,3.614
38438,2014-11-26,34.08,Corporate,15.336
38439,2014-09-19,24.99,Corporate,7.74
38441,2014-09-05,24.96,Consumer,1.98
38444,2014-03-21,81.84,Home Office,10.62
38446,2014-07-09,18.648,Home Office,-38.562
38450,2014-12-11,49.92,Home Office,3.96
38451,2014-03-10,38.4,Consumer,8.82
38457,2014-03-31,80.52,Consumer,20.88
38459,2014-09-06,18.45,Consumer,3.69
38460,2014-05-16,21.573,Consumer,4.533
38463,2014-08-27,48.672,Corporate,-26.808
38467,2014-12-04,136.99,Consumer,36.9873
38468,2014-07-23,29.97,Corporate,14.0859
38470,2014-05-19,17.24,Corporate,4.4824
38472,2014-09-11,14.88,Corporate,3.72
38479,2014-05-21,19.776,Home Office,-26.214
38481,2014-06-18,24.51,Consumer,9.78
38483,2014-11-25,65.28,Corporate,30.48
38489,2014-04-16,26.8,Home Office,11.2
38492,2014-10-21,43.98,Home Office,15.78
38495,2014-03-29,33.72,Corporate,12.12
38497,2014-06-10,27.27,Consumer,4.62
38498,2014-10-07,66.33,Consumer,11.88
38501,2014-03-20,41.55,Consumer,8.25
38503,2014-10-09,28.182,Consumer,1.512
38506,2014-02-27,23.12,Home Office,11.3288
38511,2014-02-14,25.02,Consumer,6.5052
38512,2014-05-15,47.952,Consumer,16.1838
38520,2014-07-17,11.43,Corporate,4.11
38523,2014-12-01,31.32,Home Office,0.3
38528,2014-10-28,10.16,Corporate,4.04
38533,2014-10-07,41.2,Consumer,18.12
38534,2014-12-05,29.916,Consumer,-10.524
38535,2014-12-30,44.64,Consumer,9.72
38546,2014-12-23,15.8046,Home Office,0.8946
38547,2014-12-25,15.228,Consumer,6.048
38549,2014-11-12,10.44,Consumer,3.393
38556,2014-10-29,47.952,Consumer,16.1838
38565,2014-10-30,33.6,Consumer,9.72
38568,2014-08-07,40.152,Corporate,-24.108
38574,2014-07-02,50.76,Consumer,13.14
38575,2014-07-25,26.28,Consumer,-7.92
38579,2014-06-18,32.0,Corporate,-13.6
38585,2014-01-22,38.16,Consumer,17.91
38587,2014-09-27,52.8825,Corporate,-2.9175
38588,2014-08-14,16.5,Consumer,0.48
38589,2014-07-17,20.7825,Corporate,4.8825
38602,2014-06-17,16.68,Home Office,4.3368
38603,2014-11-07,28.272,Consumer,6.3612
38609,2014-03-04,47.58,Corporate,2.37
38610,2014-02-24,30.21,Home Office,2.1
38611,2014-07-30,24.0,Consumer,2.88
38616,2014-06-04,19.44,Corporate,-8.28
38618,2014-01-24,48.09,Consumer,4.32
38620,2014-11-21,40.8,Corporate,0.0
38630,2014-08-26,27.33,Consumer,-20.25
38632,2014-12-23,45.99,Consumer,13.32
38633,2014-01-16,53.568,Consumer,22.008
38634,2014-01-31,21.1311,Corporate,-10.0089
38635,2014-12-27,21.9,Consumer,-1.38
38638,2014-07-08,20.34,Corporate,-8.55
38639,2014-04-09,49.0032,Corporate,18.8532
38641,2014-10-21,665.408,Corporate,66.5408
38642,2014-12-02,31.152,Consumer,3.5046
38645,2014-10-23,36.44,Home Office,12.0252
38649,2014-12-10,15.14,Consumer,0.6056
38650,2014-06-10,49.12,Consumer,23.0864
38655,2014-06-11,30.096,Consumer,-9.144
38658,2014-12-04,37.008,Consumer,-49.212
38659,2014-10-08,8.58,Consumer,1.35
38660,2014-12-24,59.892,Consumer,8.932
38663,2014-10-31,36.76,Home Office,17.64
38665,2014-12-06,28.26,Corporate,-16.44
38666,2014-11-12,115.065,Corporate,-39.195
38670,2014-05-30,44.64,Corporate,5.76
38673,2014-01-01,51.45,Corporate,15.75
38675,2014-05-27,20.25,Home Office,8.73
38677,2014-06-12,45.99,Consumer,13.32
38678,2014-12-30,43.6995,Consumer,-0.1005
38679,2014-04-02,22.8,Corporate,0.18
38681,2014-01-13,40.08,Home Office,19.2384
38682,2014-02-18,29.16,Consumer,8.4564
38688,2014-05-26,11.94,Corporate,5.01
38692,2014-08-18,23.04,Home Office,9.18
38694,2014-06-06,38.16,Consumer,16.32
38698,2014-06-07,28.64,Corporate,14.0
38701,2014-10-18,107.016,Corporate,-196.204
38706,2014-10-07,31.164,Consumer,6.624
38708,2014-09-06,40.02,Consumer,9.96
38711,2014-12-05,57.69,Home Office,24.21
38712,2014-04-16,65.2905,Consumer,-39.1995
38715,2014-06-02,44.7204,Corporate,13.4604
38716,2014-02-14,28.0953,Consumer,-23.3847
38717,2014-03-24,31.164,Consumer,-8.856
38718,2014-06-11,12.636,Consumer,-4.884
38720,2014-12-19,38.82,Consumer,17.469
38723,2014-10-03,9.656,Home Office,1.5691
38725,2014-03-07,63.488,Consumer,4.7616
38727,2014-08-15,55.776,Corporate,-26.514
38728,2014-06-17,38.367,Consumer,-74.193
38729,2014-08-11,8.37,Corporate,-6.75
38732,2014-06-02,16.8,Home Office,6.21
38734,2014-09-12,695.16,Consumer,173.76
38741,2014-01-17,79.08,Corporate,33.12
38742,2014-06-09,61.2,Corporate,23.25
38746,2014-09-09,52.8,Home Office,0.96
38749,2014-11-13,32.28,Corporate,8.28
38751,2014-07-10,15.15,Consumer,4.68
38752,2014-05-05,48.06,Consumer,1.89
38753,2014-11-26,47.25,Corporate,13.23
38755,2014-03-18,46.53,Consumer,12.0978
38761,2014-05-03,34.4,Consumer,15.824
38764,2014-03-25,43.92,Consumer,-95.16
38771,2014-08-25,82.14,Consumer,40.2
38774,2014-10-16,13.32,Home Office,0.42
38776,2014-10-30,22.16,Home Office,9.28
38780,2014-06-05,35.664,Consumer,-2.676
38783,2014-02-03,21.96,Corporate,10.71
38784,2014-08-11,27.81,Home Office,9.72
38785,2014-11-23,24.72,Corporate,4.92
38788,2014-12-04,23.82,Consumer,6.18
38789,2014-01-08,49.92,Corporate,-16.98
38791,2014-10-22,38.55,Consumer,-5.43
38792,2014-11-04,61.2468,Home Office,-54.3132
38796,2014-12-11,65.568,Corporate,22.9488
38798,2014-06-13,17.088,Consumer,1.068
38799,2014-04-28,12.39,Consumer,5.6994
38800,2014-04-24,77.952,Home Office,-11.6928
38801,2014-10-28,44.784,Home Office,16.2342
38804,2014-10-21,49.47,Consumer,7.89
38805,2014-03-18,27.09,Consumer,10.83
38810,2014-11-28,37.65,Consumer,10.14
38813,2014-03-05,30.3,Corporate,9.06
38814,2014-06-11,36.54,Consumer,12.78
38827,2014-10-09,47.583,Consumer,-0.597
38830,2014-11-06,33.18,Home Office,1.98
38832,2014-08-26,25.696,Consumer,1.9272
38834,2014-12-26,31.744,Consumer,2.3808
38836,2014-11-22,29.4,Home Office,9.0
38840,2014-02-25,31.56,Consumer,3.78
38841,2014-10-29,56.34,Consumer,3.9
38847,2014-04-12,24.45,Home Office,-24.45
38848,2014-11-20,102.54,Corporate,35.88
38849,2014-12-03,28.56,Corporate,3.12
38850,2014-04-24,28.53,Corporate,1.08
38851,2014-12-26,23.676,Corporate,-30.204
38853,2014-04-15,58.23,Consumer,15.12
38854,2014-04-03,61.884,Corporate,-6.276
38857,2014-09-04,23.652,Consumer,6.822
38864,2014-01-27,18.16,Consumer,1.816
38868,2014-07-04,24.0,Consumer,-2.7
38871,2014-05-29,13.872,Corporate,5.0286
38872,2014-06-21,32.4,Consumer,15.552
38879,2014-12-24,46.176,Corporate,-19.644
38881,2014-03-18,37.9,Corporate,5.68
38882,2014-11-27,45.408,Home Office,-25.792
38883,2014-08-07,46.9,Corporate,9.38
38888,2014-06-27,1107.2,Corporate,249.1
38891,2014-03-18,24.24,Corporate,-3.96
38896,2014-11-23,37.35,Corporate,4.47
38909,2014-06-19,30.24,Corporate,1.44
38912,2014-08-03,14.112,Consumer,-0.708
38915,2014-11-10,47.12,Consumer,20.7328
38916,2014-03-28,17.64,Consumer,8.1144
38917,2014-05-08,33.648,Consumer,-8.412
38918,2014-05-04,12.18,Consumer,5.22
38920,2014-08-14,28.56,Consumer,14.28
38922,2014-06-14,20.37,Home Office,9.36
38923,2014-12-20,17.1,Home Office,4.08
38925,2014-12-16,39.492,Consumer,-39.528
38927,2014-03-11,501.248,Home Office,37.568
38940,2014-12-09,23.73,Consumer,-2.43
38942,2014-05-29,37.86,Consumer,15.12
38945,2014-05-19,29.052,Corporate,12.252
38948,2014-10-14,37.32,Home Office,2.94
38949,2014-12-12,52.56,Home Office,2.61
38956,2014-12-23,37.32,Corporate,10.4496
38957,2014-04-27,39.28,Home Office,19.2472
38959,2014-09-30,23.34,Consumer,10.9698
38966,2014-11-03,17.85,Consumer,1.41
38968,2014-02-27,30.36,Corporate,0.6
38969,2014-01-17,10.416,Consumer,-6.774
38970,2014-06-28,17.622,Corporate,-20.598
38972,2014-11-24,24.45,Consumer,0.0
38973,2014-06-11,40.83,Corporate,6.51
38974,2014-03-17,34.08,Consumer,10.56
38977,2014-07-07,51.168,Corporate,10.208
38978,2014-10-30,30.92,Consumer,4.0
38981,2014-03-07,31.88,Corporate,6.36
38985,2014-12-13,20.64,Consumer,9.06
38992,2014-07-14,21.285,Consumer,-12.375
38995,2014-12-15,15.84,Consumer,-9.9
38996,2014-12-30,27.945,Corporate,6.165
38998,2014-08-25,44.064,Consumer,-2.946
38999,2014-07-27,41.6421,Corporate,-15.7779
39000,2014-12-01,54.351,Home Office,-34.629
39002,2014-09-03,26.432,Corporate,8.9208
39004,2014-10-08,18.936,Home Office,5.9175
39006,2014-09-21,72.64,Consumer,21.792
39007,2014-10-21,14.352,Corporate,4.485
39008,2014-12-06,9.296,Home Office,3.0212
39011,2014-11-26,29.91,Corporate,11.94
39013,2014-05-29,19.314,Consumer,-20.646
39014,2014-12-05,18.75,Consumer,8.61
39017,2014-11-11,31.68,Corporate,12.3
39025,2014-12-24,33.912,Consumer,13.152
39028,2014-05-19,31.92,Consumer,11.76
39033,2014-09-04,20.52,Consumer,6.75
39036,2014-11-25,27.1572,Corporate,-7.2828
39041,2014-11-13,77.952,Home Office,-15.5904
39044,2014-06-25,54.21,Corporate,11.37
39051,2014-04-01,8.184,Consumer,-2.056
39053,2014-04-25,29.808,Consumer,-36.792
39054,2014-01-21,39.0,Consumer,5.2
39055,2014-09-12,227.82,Consumer,104.76
39057,2014-03-14,28.188,Corporate,-10.812
39058,2014-11-10,46.08,Consumer,8.7
39060,2014-08-29,36.096,Consumer,-4.224
39065,2014-05-06,38.016,Consumer,6.636
39070,2014-11-24,26.2944,Consumer,6.9144
39074,2014-12-01,45.837,Home Office,-17.523
39077,2014-08-14,75.87,Consumer,23.49
39086,2014-10-29,24.0,Consumer,-2.7
39087,2014-02-28,32.13,Home Office,16.05
39089,2014-11-27,13.158,Consumer,-27.642
39090,2014-12-04,41.73,Consumer,16.26
39096,2014-02-21,59.58,Corporate,9.48
39097,2014-07-11,29.88,Consumer,2.64
39099,2014-09-13,386.64,Home Office,-212.76
39101,2014-05-30,59.22,Corporate,20.7
39102,2014-06-23,29.25,Corporate,-5.85
39105,2014-11-15,49.77,Consumer,7.38
39108,2014-09-16,73.26,Consumer,-52.83
39110,2014-08-19,17.64,Home Office,-10.62
39114,2014-10-25,47.58,Consumer,13.32
39115,2014-03-11,13.23,Consumer,3.96
39118,2014-09-30,58.17,Consumer,15.69
39120,2014-10-31,38.88,Home Office,-0.12
39121,2014-11-13,16.056,Consumer,5.8203
39127,2014-12-10,33.72,Consumer,15.5112
39133,2014-01-03,31.744,Consumer,3.968
39137,2014-11-03,33.6,Consumer,12.42
39140,2014-06-13,21.6,Home Office,3.24
39144,2014-09-22,17.49,Corporate,6.12
39145,2014-06-18,33.0,Home Office,15.84
39150,2014-11-12,17.2,Consumer,6.52
39151,2014-10-06,26.52,Consumer,5.28
39152,2014-12-22,9.04,Consumer,2.24
39158,2014-04-28,46.41,Consumer,-0.03
39165,2014-07-31,36.0,Consumer,0.6
39170,2014-05-19,26.82,Corporate,-7.68
39171,2014-04-08,29.7,Consumer,-2.34
39174,2014-11-22,27.42,Consumer,11.2422
39175,2014-11-13,30.56,Home Office,-45.84
39177,2014-11-25,16.38,Consumer,7.371
39181,2014-09-25,15.75,Home Office,7.56
39188,2014-04-18,27.78,Corporate,6.93
39189,2014-03-28,17.88,Corporate,6.06
39190,2014-03-18,16.11,Consumer,5.31
39193,2014-09-05,82.86,Home Office,16.56
39194,2014-06-06,21.84,Consumer,10.26
39195,2014-03-03,28.08,Corporate,4.16
39196,2014-11-12,32.96,Consumer,4.56
39198,2014-05-01,15.96,Home Office,1.68
39200,2014-12-19,20.28,Corporate,6.27
39201,2014-04-19,116.76,Consumer,57.12
39204,2014-10-31,12.36,Consumer,3.45
39206,2014-11-29,72.6,Home Office,23.85
39208,2014-06-17,36.855,Consumer,9.405
39209,2014-07-24,31.644,Consumer,-20.196
39210,2014-10-14,24.84,Corporate,8.694
39211,2014-11-07,26.38,Home Office,12.1348
39220,2014-01-10,24.99,Consumer,7.74
39225,2014-10-24,31.98,Corporate,11.5
39228,2014-09-02,37.44,Corporate,2.97
39244,2014-09-12,32.36,Consumer,11.6496
39245,2014-10-03,11.808,Home Office,1.3284
39246,2014-08-22,33.18,Corporate,11.613
39250,2014-12-16,32.13,Consumer,16.05
39255,2014-08-30,23.52,Corporate,11.28
39256,2014-11-22,39.576,Consumer,5.256
39261,2014-04-01,16.016,Consumer,-4.824
39262,2014-04-10,56.12,Corporate,21.32
39266,2014-06-13,53.55,Consumer,4.23
39271,2014-02-07,60.96,Home Office,-50.04
39275,2014-03-25,42.36,Consumer,11.76
39280,2014-02-15,41.07,Home Office,16.41
39281,2014-05-05,36.96,Consumer,-27.36
39282,2014-05-21,47.52,Corporate,-2.43
39283,2014-06-26,32.616,Corporate,9.756
39284,2014-02-13,11.61,Corporate,5.49
39287,2014-05-01,23.68,Corporate,6.216
39288,2014-07-04,32.896,Home Office,11.1024
39289,2014-10-05,19.98,Home Office,8.5914
39292,2014-07-15,18.84,Consumer,7.9128
39293,2014-07-31,89.95,Consumer,43.176
39296,2014-01-30,14.91,Consumer,4.6221
39297,2014-06-10,9.876,Corporate,-12.864
39302,2014-09-24,114.24,Corporate,-145.68
39303,2014-09-12,15.84,Consumer,1.26
39307,2014-12-01,21.816,Consumer,-6.564
39312,2014-09-15,24.96,Consumer,9.96
39319,2014-10-13,13.65,Consumer,1.89
39321,2014-01-09,26.58,Home Office,12.72
39325,2014-07-02,26.712,Home Office,-10.248
39329,2014-11-06,16.164,Consumer,0.534
39331,2014-06-17,19.44,Home Office,9.3312
39336,2014-11-12,18.24,Home Office,8.5728
39339,2014-09-26,42.96,Home Office,15.84
39343,2014-06-05,25.35,Corporate,6.84
39346,2014-02-12,20.16,Home Office,6.42
39347,2014-11-19,54.21,Consumer,11.37
39348,2014-07-29,26.37,Home Office,10.8
39349,2014-06-18,59.19,Consumer,5.31
39350,2014-05-30,22.788,Consumer,-25.932
39351,2014-10-16,20.184,Consumer,-29.286
39354,2014-06-09,21.3,Consumer,5.28
39356,2014-09-18,33.48,Home Office,2.64
39358,2014-01-28,13.14,Home Office,4.68
39361,2014-11-05,30.3,Corporate,2.1
39365,2014-09-19,31.92,Corporate,11.46
39368,2014-09-05,48.9,Consumer,18.06
39369,2014-07-04,67.84,Corporate,4.04
39370,2014-08-13,42.039,Corporate,16.749
39372,2014-01-06,32.85,Consumer,7.2
39373,2014-11-24,27.09,Corporate,2.52
39375,2014-12-11,31.0527,Corporate,-11.7873
39377,2014-05-20,46.08,Consumer,14.7
39379,2014-02-24,13.095,Consumer,1.725
39380,2014-12-16,31.56,Consumer,2.52
39381,2014-10-14,18.176,Corporate,5.9072
39391,2014-12-09,22.424,Corporate,8.409
39392,2014-11-21,50.97,Corporate,9.1746
39393,2014-11-28,34.98,Home Office,4.14
39399,2014-05-05,12.048,Home Office,-9.942
39400,2014-04-02,31.95,Consumer,11.82
39406,2014-07-03,43.5,Corporate,10.8
39409,2014-09-16,19.68,Home Office,6.06
39410,2014-08-08,1809.78,Consumer,325.71
39411,2014-10-30,45.78,Consumer,7.32
39419,2014-03-20,12.24,Corporate,-2.04
39420,2014-01-11,14.355,Consumer,-10.485
39422,2014-06-25,27.216,Consumer,-12.264
39425,2014-05-14,20.768,Corporate,2.3364
39426,2014-06-10,14.004,Home Office,-18.276
39431,2014-11-21,11.24,Consumer,3.24
39433,2014-03-12,75.216,Corporate,-16.944
39434,2014-03-12,16.98,Corporate,4.02
39436,2014-09-08,36.576,Consumer,-17.724
39439,2014-06-23,20.82,Consumer,4.98
39440,2014-09-15,36.96,Home Office,11.76
39441,2014-04-02,28.908,Corporate,4.308
39445,2014-10-20,66.69,Consumer,30.6
39446,2014-12-10,88.47,Consumer,18.54
39450,2014-11-24,94.77,Consumer,25.23
39471,2014-11-04,15.54,Corporate,5.1
39474,2014-01-17,23.532,Consumer,-12.948
39478,2014-07-14,91.0,Corporate,21.84
39479,2014-09-11,45.5,Corporate,2.7
39481,2014-05-06,17.96,Corporate,-18.44
39487,2014-06-26,29.01,Home Office,11.88
39488,2014-08-14,26.94,Consumer,4.56
39489,2014-03-14,25.44,Consumer,0.0
39491,2014-12-29,44.7426,Consumer,-27.9174
39495,2014-09-26,23.49,Corporate,1.62
39500,2014-10-07,37.94,Home Office,18.2112
39501,2014-08-22,17.12,Consumer,4.9648
39503,2014-10-28,56.784,Corporate,20.5842
39505,2014-12-01,47.34,Consumer,15.12
39506,2014-10-29,47.97,Consumer,8.61
39507,2014-04-29,33.912,Consumer,-47.508
39511,2014-05-13,25.14,Home Office,9.03
39518,2014-06-10,27.24,Home Office,12.96
39520,2014-06-06,66.732,Home Office,-43.388
39524,2014-09-13,50.67,Home Office,20.7
39525,2014-12-18,14.01,Consumer,5.16
39536,2014-11-13,23.12,Home Office,8.381
39539,2014-12-19,12.672,Consumer,1.4256
39541,2014-07-28,23.88,Consumer,10.5072
39542,2014-02-12,20.7,Corporate,9.936
39543,2014-08-28,14.336,Consumer,0.896
39544,2014-01-15,18.76,Home Office,5.2528
39548,2014-12-10,12.69,Corporate,5.82
39552,2014-11-13,16.98,Home Office,7.98
39553,2014-07-26,24.12,Consumer,7.44
39554,2014-09-03,48.69,Consumer,16.05
39559,2014-10-06,86.96,Consumer,22.6
39561,2014-02-01,21.672,Consumer,-1.808
39563,2014-08-07,31.8,Corporate,0.6
39565,2014-06-26,43.146,Corporate,-3.894
39567,2014-05-28,39.54,Consumer,18.18
39573,2014-04-03,22.575,Corporate,-5.145
39574,2014-08-25,24.192,Home Office,6.132
39575,2014-04-18,173.6451,Consumer,7.0551
39578,2014-10-25,48.276,Home Office,15.006
39581,2014-09-25,32.88,Consumer,4.26
39587,2014-05-09,47.992,Consumer,-2.0568
39594,2014-12-20,41.28,Consumer,4.95
39596,2014-06-30,59.64,Consumer,-64.14
39597,2014-05-08,19.2,Corporate,4.41
39600,2014-03-02,18.84,Consumer,9.21
39601,2014-12-31,15.0,Home Office,1.2
39602,2014-12-29,39.456,Consumer,3.256
39603,2014-04-03,32.64,Corporate,-17.96
39604,2014-08-12,15.2,Corporate,1.96
39609,2014-05-31,11.52,Consumer,-0.24
39611,2014-10-25,34.14,Consumer,0.3
39612,2014-04-02,40.02,Corporate,-5.38
39620,2014-08-05,21.6,Corporate,9.72
39621,2014-07-01,17.46,Consumer,7.14
39627,2014-09-01,27.258,Consumer,-8.442
39628,2014-05-13,19.635,Home Office,-2.865
39629,2014-12-30,8.5407,Consumer,2.3607
39630,2014-04-10,15.12,Consumer,4.914
39634,2014-04-11,12.32,Corporate,1.848
39635,2014-12-23,25.92,Consumer,9.072
39640,2014-06-26,59.82,Consumer,12.54
39643,2014-01-21,28.5,Corporate,2.85
39646,2014-07-15,18.54,Consumer,6.48
39653,2014-11-28,28.728,Consumer,1.368
39656,2014-05-19,65.448,Corporate,-34.932
39657,2014-09-08,11.0,Consumer,0.32
39661,2014-01-30,25.36,Consumer,12.16
39663,2014-12-17,47.1,Corporate,8.94
39665,2014-11-28,29.76,Consumer,3.84
39670,2014-09-09,51.96,Consumer,17.64
39672,2014-04-04,41.04,Consumer,-9.6
39676,2014-03-28,17.76,Consumer,8.88
39682,2014-04-18,44.43,Corporate,14.64
39684,2014-07-08,38.76,Home Office,18.18
39689,2014-12-03,14.958,Consumer,-34.902
39690,2014-08-06,40.98,Consumer,5.7
39693,2014-06-26,30.64,Consumer,3.6
39695,2014-09-03,18.16,Corporate,3.44
39702,2014-07-16,29.88,Home Office,2.64
39704,2014-11-12,115.2,Corporate,45.9
39707,2014-10-12,30.942,Corporate,-3.138
39710,2014-06-19,13.47,Consumer,-11.07
39713,2014-07-17,25.14,Corporate,0.48
39716,2014-08-20,32.4,Home Office,11.97
39717,2014-10-24,25.4718,Corporate,-0.5082
39718,2014-04-04,26.22,Home Office,5.22
39719,2014-11-20,13.36,Home Office,6.4128
39721,2014-04-17,32.544,Consumer,-7.7292
39722,2014-07-02,25.92,Home Office,12.4416
39724,2014-03-20,27.496,Consumer,9.2799
39729,2014-05-12,21.312,Corporate,-5.328
39734,2014-02-28,27.3,Consumer,3.78
39737,2014-05-27,17.7,Home Office,2.64
39742,2014-11-26,46.2,Consumer,14.25
39751,2014-01-27,28.2864,Corporate,8.8464
39753,2014-08-28,41.25,Corporate,0.3
39754,2014-10-10,18.768,Consumer,-7.992
39756,2014-09-24,29.328,Corporate,3.666
39757,2014-10-13,79.872,Corporate,29.952
39761,2014-11-27,58.73,Home Office,14.6825
39766,2014-11-11,27.93,Corporate,3.06
39773,2014-04-09,19.593,Home Office,-26.787
39775,2014-09-01,27.6,Corporate,9.84
39777,2014-05-15,89.064,Corporate,-160.356
39778,2014-07-08,57.39,Consumer,3.99
39785,2014-11-28,24.32,Consumer,7.04
39787,2014-09-03,43.659,Consumer,10.659
39789,2014-08-29,17.73,Corporate,6.3
39791,2014-11-14,39.57,Corporate,15.03
39795,2014-12-04,22.62,Consumer,1.98
39800,2014-03-22,25.6221,Corporate,2.4021
39802,2014-06-03,27.44,Home Office,2.401
39803,2014-09-11,24.18,Consumer,7.254
39809,2014-11-18,14.448,Consumer,-14.472
39811,2014-09-06,26.04,Consumer,8.04
39818,2014-04-15,28.96,Consumer,0.56
39821,2014-11-11,28.0,Corporate,1.68
39823,2014-04-21,28.566,Consumer,-0.054
39827,2014-07-07,22.923,Consumer,4.053
39829,2014-10-30,44.94,Consumer,0.0
39830,2014-09-08,28.998,Corporate,8.658
39831,2014-11-25,25.815,Consumer,-17.055
39833,2014-09-05,13.14,Consumer,3.27
39836,2014-01-21,33.24,Corporate,2.28
39837,2014-02-13,35.748,Consumer,11.088
39850,2014-04-12,20.992,Consumer,2.3616
39852,2014-06-02,17.38,Corporate,8.69
39856,2014-06-25,14.7,Corporate,-6.99
39857,2014-12-02,18.72,Home Office,2.97
39858,2014-09-02,12.36,Consumer,1.23
39859,2014-06-25,23.64,Corporate,2.04
39860,2014-06-09,17.61,Consumer,8.79
39868,2014-12-05,36.08,Corporate,14.04
39871,2014-12-31,22.26,Corporate,3.96
39876,2014-10-22,31.14,Corporate,4.32
39877,2014-06-03,22.704,Home Office,-24.976
39879,2014-10-30,38.43,Consumer,13.41
39880,2014-06-17,117.6,Corporate,35.28
39882,2014-01-22,26.1,Consumer,6.78
39889,2014-09-24,6.88,Consumer,2.322
39892,2014-12-17,33.376,Home Office,10.43
39894,2014-12-09,87.92,Corporate,40.4432
39897,2014-01-31,31.68,Consumer,2.772
39898,2014-03-17,19.68,Corporate,6.888
39902,2014-09-03,52.62,Consumer,9.99
39904,2014-01-02,25.35,Consumer,11.4
39905,2014-04-17,28.56,Consumer,13.08
39908,2014-05-14,41.4,Corporate,14.88
39909,2014-06-11,27.06,Corporate,7.56
39910,2014-06-09,26.136,Corporate,-57.564
39918,2014-06-27,23.616,Consumer,-0.064
39919,2014-11-29,25.408,Consumer,3.808
39920,2014-10-02,18.64,Corporate,8.2
39921,2014-03-17,32.112,Consumer,-6.448
39927,2014-04-19,24.48,Consumer,8.04
39928,2014-05-20,29.97,Consumer,-1.35
39930,2014-01-09,22.473,Home Office,-4.527
39936,2014-08-15,16.68,Consumer,4.3368
39939,2014-07-08,13.392,Consumer,1.0044
39940,2014-09-10,31.104,Corporate,11.2752
39941,2014-09-06,15.552,Consumer,5.4432
39942,2014-10-07,19.152,Consumer,1.197
39946,2014-09-02,49.332,Corporate,-39.468
39949,2014-11-19,45.408,Consumer,-46.632
39950,2014-12-30,165.864,Corporate,-141.036
39952,2014-12-15,25.776,Home Office,-18.084
39956,2014-09-03,28.48,Corporate,2.24
39959,2014-07-21,25.392,Consumer,-7.648
39966,2014-09-16,26.85,Consumer,-7.05
39969,2014-06-28,23.22,Corporate,5.34
39970,2014-11-20,61.236,Consumer,8.136
39975,2014-07-08,22.98,Corporate,-21.18
39976,2014-06-27,29.9238,Consumer,-3.4362
39977,2014-11-04,16.596,Consumer,-4.464
39980,2014-07-21,43.0,Corporate,20.21
39981,2014-08-29,35.168,Home Office,11.4296
39982,2014-11-20,16.74,Corporate,8.37
39983,2014-11-20,191.058,Consumer,-46.3998
39988,2014-10-03,19.92,Corporate,-23.91
39989,2014-03-24,21.501,Corporate,-20.799
39992,2014-02-24,33.36,Consumer,12.66
39995,2014-05-13,29.55,Home Office,0.27
39996,2014-04-30,31.968,Corporate,-43.212
39997,2014-10-29,158.184,Consumer,-290.016
40000,2014-11-18,23.46,Consumer,7.95
40007,2014-12-25,52.74,Corporate,-12.36
40012,2014-11-21,38.736,Consumer,-10.344
40016,2014-11-10,18.54,Corporate,8.1
40021,2014-08-16,33.45,Consumer,8.55
40023,2014-05-08,36.66,Consumer,-30.9
40024,2014-01-10,30.6711,Corporate,-4.0689
40027,2014-08-22,116.5152,Consumer,-30.8448
40028,2014-05-28,42.207,Home Office,-25.353
40029,2014-04-24,44.874,Consumer,18.414
40031,2014-05-16,29.592,Consumer,2.5893
40032,2014-09-30,27.968,Home Office,9.4392
40033,2014-10-20,31.5,Corporate,15.12
40041,2014-06-30,10.74,Consumer,4.29
40042,2014-12-13,42.489,Consumer,-62.331
40049,2014-08-25,48.42,Corporate,6.66
40056,2014-12-23,28.64,Consumer,5.44
40057,2014-08-29,92.4,Corporate,34.14
40063,2014-12-12,29.01,Consumer,11.88
40066,2014-04-28,18.27,Consumer,2.7
40067,2014-11-18,67.5,Consumer,6.75
40068,2014-04-07,30.03,Home Office,-1.68
40076,2014-09-05,30.384,Home Office,3.798
40077,2014-07-09,28.91,Corporate,8.673
40082,2014-12-13,16.368,Corporate,-19.242
40083,2014-09-27,37.017,Consumer,-37.023
40085,2014-02-04,49.92,Consumer,-64.98
40088,2014-05-09,12.492,Corporate,-5.958
40090,2014-08-09,11.52,Consumer,-15.84
40091,2014-06-09,26.86,Consumer,12.08
40093,2014-08-05,41.36,Consumer,11.12
40094,2014-06-08,16.08,Corporate,-5.36
40097,2014-04-30,49.38,Consumer,11.34
40098,2014-09-17,138.672,Corporate,11.472
40105,2014-09-19,23.598,Consumer,-0.822
40111,2014-09-22,23.922,Consumer,-13.608
40114,2014-05-21,30.213,Consumer,10.053
40116,2014-08-19,37.91,Corporate,10.9939
40119,2014-09-10,56.45,Corporate,14.677
40120,2014-03-11,53.982,Consumer,-10.7964
40121,2014-09-29,54.384,Home Office,1.3596
40124,2014-05-20,26.16,Corporate,12.8184
40126,2014-09-23,27.09,Consumer,6.21
40127,2014-05-09,29.55,Consumer,0.0
40129,2014-12-17,25.812,Corporate,-29.268
40130,2014-12-17,22.032,Corporate,-25.008
40132,2014-05-08,13.02,Consumer,0.51
40136,2014-05-22,27.87,Consumer,13.92
40137,2014-07-02,30.14,Consumer,10.24
40138,2014-06-24,9.06,Consumer,0.06
40142,2014-07-24,35.5,Corporate,11.0
40144,2014-09-26,26.36,Consumer,2.6
40148,2014-06-27,34.29,Corporate,12.33
40149,2014-12-31,32.25,Home Office,8.25
40156,2014-09-12,7.02,Home Office,0.12
40158,2014-09-10,39.48,Home Office,4.32
40162,2014-03-28,15.008,Consumer,1.5008
40165,2014-11-13,9.27,Corporate,4.05
40172,2014-04-18,22.86,Corporate,9.78
40173,2014-05-27,32.52,Consumer,12.02
40175,2014-06-18,30.784,Consumer,-36.256
40180,2014-04-12,26.19,Home Office,-0.03
40181,2014-11-06,97.32,Consumer,31.14
40184,2014-09-17,51.264,Consumer,-33.336
40185,2014-03-20,47.844,Corporate,-2.196
40189,2014-12-17,24.32,Corporate,8.208
40192,2014-08-28,28.4,Corporate,8.236
40193,2014-06-30,25.16,Corporate,8.5544
40194,2014-03-29,26.48,Corporate,10.0624
40195,2014-12-30,34.58,Consumer,10.0282
40199,2014-09-10,39.12,Consumer,-55.8
40200,2014-04-09,15.237,Home Office,-28.953
40202,2014-08-04,27.09,Consumer,13.53
40203,2014-07-07,11.604,Corporate,-5.526
40204,2014-09-10,18.432,Home Office,-22.128
40209,2014-08-07,26.04,Corporate,7.28
40215,2014-08-12,59.31,Consumer,29.61
40216,2014-11-04,17.82,Corporate,3.18
40218,2014-10-20,14.64,Consumer,2.46
40221,2014-01-16,21.48,Home Office,7.92
40226,2014-06-20,27.0,Corporate,9.3
40228,2014-02-14,23.817,Consumer,-3.123
40232,2014-11-12,15.606,Consumer,-1.734
40233,2014-12-25,82.2,Consumer,10.65
40237,2014-04-09,41.95,Home Office,10.4875
40240,2014-06-30,30.12,Home Office,5.7
40242,2014-05-14,27.9,Home Office,8.88
40244,2014-06-23,23.25,Consumer,4.41
40247,2014-05-07,12.408,Consumer,-17.712
40250,2014-06-04,32.0,Consumer,1.6
40254,2014-07-31,15.48,Corporate,-5.16
40255,2014-12-11,23.1,Home Office,-14.28
40259,2014-08-20,41.475,Corporate,-8.325
40262,2014-12-12,10.3455,Home Office,-6.9645
40265,2014-09-23,46.17,Consumer,-28.65
40268,2014-10-15,37.59,Corporate,11.25
40269,2014-05-15,18.28,Consumer,6.2152
40271,2014-07-06,31.104,Corporate,11.2752
40275,2014-12-04,76.752,Consumer,10.5534
40280,2014-12-09,13.248,Consumer,3.6432
40283,2014-07-02,26.94,Home Office,1.32
40287,2014-12-16,49.23,Consumer,19.68
40290,2014-08-01,18.93,Consumer,7.56
40293,2014-06-19,34.416,Corporate,-8.064
40295,2014-11-20,25.536,Corporate,-15.824
40297,2014-12-13,40.592,Consumer,-1.528
40298,2014-11-21,39.864,Consumer,-4.656
40300,2014-06-27,32.64,Home Office,10.1
40301,2014-04-07,16.76,Consumer,6.2
40303,2014-01-17,17.28,Corporate,2.04
40307,2014-12-29,26.298,Corporate,3.798
40309,2014-11-17,34.6896,Home Office,10.4496
40310,2014-03-22,28.74,Home Office,8.28
40313,2014-08-18,81.7575,Consumer,-56.5425
40315,2014-12-09,27.15,Consumer,13.3035
40316,2014-11-14,9.324,Home Office,-24.7086
40317,2014-04-04,7.056,Consumer,2.205
40318,2014-09-15,12.585,Consumer,-18.0385
40320,2014-08-13,69.264,Consumer,-62.376
40328,2014-09-11,50.76,Consumer,16.74
40330,2014-09-03,21.42,Corporate,0.0
40332,2014-11-13,20.02,Corporate,9.6
40336,2014-06-19,38.22,Corporate,-21.7
40340,2014-08-18,26.28,Consumer,12.06
40343,2014-11-13,52.56,Consumer,24.12
40347,2014-10-30,147.51,Corporate,39.6
40348,2014-06-06,64.7649,Corporate,20.2149
40350,2014-10-11,25.002,Corporate,5.532
40355,2014-05-08,17.568,Corporate,-1.182
40359,2014-11-06,16.03,Corporate,-25.648
40360,2014-02-19,9.82,Corporate,4.8118
40362,2014-10-29,26.176,Consumer,-3.272
40373,2014-08-30,47.4,Corporate,5.67
40375,2014-09-02,52.104,Corporate,-72.996
40380,2014-02-23,13.65,Consumer,1.89
40381,2014-09-28,33.96,Home Office,12.9
40384,2014-08-08,9.888,Home Office,-12.372
40386,2014-09-05,20.13,Home Office,4.02
40387,2014-10-21,12.04,Consumer,3.0
40389,2014-04-29,18.72,Consumer,2.4
40392,2014-09-03,15.072,Home Office,2.632
40393,2014-11-21,21.48,Corporate,-17.82
40394,2014-08-04,35.44,Consumer,0.0
40399,2014-11-03,24.192,Consumer,-14.148
40401,2014-11-12,26.82,Corporate,7.5
40402,2014-02-06,17.1,Home Office,7.11
40403,2014-12-01,56.52,Consumer,23.7
40406,2014-08-06,19.98,Home Office,-14.04
40408,2014-12-30,53.493,Consumer,-32.127
40415,2014-12-11,18.24,Corporate,5.2896
40420,2014-01-30,12.96,Consumer,6.2208
40423,2014-04-28,26.4,Home Office,0.48
40424,2014-07-10,29.04,Home Office,10.08
40426,2014-12-31,49.5,Home Office,6.84
40430,2014-10-22,20.88,Consumer,-2.46
40433,2014-04-30,22.96,Consumer,0.88
40435,2014-04-30,26.955,Consumer,-14.565
40438,2014-04-19,30.3,Home Office,4.2
40443,2014-08-14,24.96,Home Office,-8.49
40448,2014-10-16,43.83,Home Office,14.4
40456,2014-05-21,6.9642,Consumer,-4.9158
40457,2014-12-10,37.208,Corporate,-7.4416
40463,2014-12-05,11.76,Corporate,5.7624
40464,2014-09-10,17.712,Consumer,5.9778
40465,2014-12-02,15.92,Corporate,5.373
40467,2014-06-20,50.32,Consumer,21.1344
40479,2014-06-14,50.22,Corporate,1.98
40480,2014-03-18,31.72,Home Office,10.12
40486,2014-10-29,13.66,Consumer,5.32
40489,2014-03-06,22.86,Corporate,10.74
40491,2014-02-01,96.12,Consumer,25.92
40492,2014-10-20,32.31,Consumer,-21.54
40495,2014-06-05,31.5,Consumer,5.67
40496,2014-03-24,35.91,Corporate,3.78
40498,2014-06-03,29.04,Consumer,1.14
40500,2014-06-07,15.6,Consumer,2.46
40501,2014-12-19,27.18,Home Office,0.0
40507,2014-02-13,27.18,Corporate,4.86
40508,2014-05-09,35.532,Consumer,-23.148
40509,2014-01-28,14.016,Consumer,1.752
40514,2014-06-28,20.07,Consumer,9.2322
40519,2014-08-18,23.36,Corporate,11.68
40529,2014-11-18,32.736,Consumer,-24.624
40532,2014-06-06,11.82,Corporate,3.9
40535,2014-11-06,18.44,Consumer,9.0
40537,2014-10-07,24.024,Consumer,3.184
40538,2014-04-02,27.936,Corporate,-8.864
40539,2014-05-26,8.328,Consumer,-2.232
40541,2014-01-02,53.9,Corporate,3.22
40544,2014-09-12,13.293,Corporate,-3.447
40554,2014-02-12,47.925,Consumer,7.875
40555,2014-12-26,13.104,Consumer,-4.416
40556,2014-06-25,33.36,Consumer,15.0
40557,2014-09-04,26.37,Consumer,9.75
40559,2014-10-20,32.7,Corporate,8.502
40560,2014-08-19,40.48,Corporate,15.7872
40564,2014-09-23,13.392,Corporate,5.022
40565,2014-11-03,18.24,Corporate,9.12
40567,2014-12-07,10.68,Corporate,2.8836
40574,2014-06-23,13.5,Consumer,5.4
40578,2014-05-12,21.72,Corporate,2.82
40579,2014-03-21,28.86,Consumer,14.1
40580,2014-05-09,49.83,Consumer,4.98
40583,2014-09-02,14.82,Consumer,0.14
40586,2014-12-06,44.94,Consumer,18.42
40587,2014-11-29,19.2,Consumer,1.44
40592,2014-12-17,37.08,Corporate,16.65
40596,2014-07-03,17.1,Home Office,-16.83
40598,2014-09-03,23.832,Consumer,-0.828
40606,2014-03-27,19.83,Home Office,5.949
40607,2014-11-12,35.48,Consumer,0.0
40608,2014-07-14,13.56,Corporate,6.2376
40613,2014-01-29,14.283,Corporate,-24.297
40617,2014-11-14,20.07,Home Office,9.42
40620,2014-10-07,47.52,Corporate,-20.64
40634,2014-10-23,31.1355,Corporate,1.0755
40635,2014-10-28,35.9976,Home Office,-8.8824
40636,2014-11-24,80.676,Corporate,12.546
40637,2014-12-01,51.624,Corporate,-30.996
40638,2014-10-06,12.672,Home Office,-4.248
40639,2014-12-24,13.48,Consumer,5.9312
40641,2014-03-25,26.0,Corporate,11.7
40642,2014-06-18,9.36,Corporate,-16.38
40643,2014-11-13,22.848,Home Office,-17.7072
40648,2014-09-15,56.7,Consumer,26.082
40649,2014-01-20,31.968,Consumer,6.3936
40650,2014-10-16,30.45,Consumer,15.21
40651,2014-02-18,115.44,Consumer,49.62
40654,2014-11-13,51.6,Home Office,10.8
40655,2014-12-11,8.46,Consumer,3.21
40666,2014-08-27,62.028,Consumer,9.288
40667,2014-04-19,31.68,Consumer,10.76
40673,2014-09-15,35.9,Corporate,14.3
40678,2014-06-09,43.2,Consumer,11.04
40681,2014-07-17,56.364,Consumer,-22.596
40687,2014-08-01,32.754,Corporate,-14.226
40688,2014-08-16,47.5251,Corporate,-12.7449
40691,2014-11-19,31.185,Home Office,7.245
40695,2014-09-25,17.88,Consumer,2.4585
40696,2014-01-31,18.28,Corporate,9.14
40697,2014-06-25,35.82,Corporate,11.8206
40703,2014-02-22,47.904,Consumer,-2.994
40706,2014-09-06,18.75,Consumer,8.61
40709,2014-10-22,23.7,Corporate,0.0
40710,2014-08-11,113.04,Corporate,23.64
40714,2014-12-26,17.88,Corporate,-18.33
40715,2014-06-23,40.032,Corporate,-42.048
40716,2014-03-19,30.024,Consumer,-52.056
40719,2014-06-06,35.16,Home Office,-23.44
40722,2014-10-30,22.6,Corporate,7.44
40731,2014-12-02,50.412,Corporate,1.672
40741,2014-05-10,43.146,Consumer,9.066
40745,2014-07-16,23.52,Consumer,4.68
40751,2014-09-25,14.28,Home Office,3.7128
40757,2014-12-19,20.16,Consumer,3.36
40759,2014-11-17,15.15,Consumer,2.1
40760,2014-09-24,12.108,Home Office,-7.872
40770,2014-10-16,32.2,Home Office,4.48
40775,2014-08-21,21.84,Consumer,2.4
40776,2014-08-26,18.54,Home Office,-14.85
40777,2014-12-17,37.68,Consumer,3.0
40778,2014-11-20,40.5,Consumer,-0.9
40780,2014-01-06,45.0,Consumer,8.04
40782,2014-09-22,31.3866,Consumer,-4.1934
40784,2014-08-12,39.495,Consumer,-28.455
40787,2014-12-09,28.35,Consumer,13.608
40788,2014-03-18,17.456,Consumer,5.8914
40789,2014-08-01,54.816,Corporate,17.8152
40791,2014-12-10,34.7,Consumer,12.492
40792,2014-09-05,19.04,Consumer,-1.428
40800,2014-08-14,28.98,Consumer,0.24
40804,2014-02-15,29.64,Corporate,13.32
40808,2014-03-14,35.3,Corporate,3.1
40810,2014-10-27,21.06,Consumer,3.12
40818,2014-11-25,23.84,Consumer,5.2
40824,2014-06-04,24.93,Corporate,11.7
40829,2014-05-23,19.23,Consumer,8.07
40830,2014-12-31,20.72,Corporate,6.475
40834,2014-11-03,19.44,Consumer,9.3312
40841,2014-08-20,13.26,Home Office,6.09
40843,2014-08-12,15.36,Home Office,-3.84
40850,2014-11-30,14.868,Home Office,-18.852
40852,2014-09-01,24.93,Corporate,1.23
40859,2014-06-08,18.66,Consumer,5.94
40861,2014-10-13,24.0,Consumer,0.96
40863,2014-01-06,21.3,Home Office,1.02
40866,2014-01-16,50.04,Consumer,14.49
40869,2014-06-11,102.9,Corporate,25.68
40870,2014-09-25,23.544,Consumer,4.704
40875,2014-06-30,11.68,Consumer,3.0368
40876,2014-05-15,14.7,Corporate,6.615
40877,2014-12-15,17.28,Home Office,8.1216
40889,2014-11-12,25.14,Consumer,9.03
40896,2014-09-16,25.8,Consumer,9.78
40901,2014-02-28,45.28,Corporate,0.0
40903,2014-05-09,26.76,Consumer,-10.34
40904,2014-08-28,38.08,Corporate,0.32
40908,2014-11-07,34.02,Consumer,14.28
40909,2014-08-25,31.68,Consumer,2.52
40912,2014-06-16,29.25,Corporate,9.63
40920,2014-03-04,17.0595,Consumer,0.7695
40921,2014-01-15,21.744,Consumer,7.3386
40922,2014-10-31,19.9,Consumer,6.567
40936,2014-12-11,25.23,Home Office,4.02
40940,2014-05-27,6.03,Consumer,1.86
40942,2014-09-01,77.04,Corporate,13.08
40945,2014-07-17,6.75,Corporate,0.99
40949,2014-12-29,172.212,Consumer,-327.228
40950,2014-03-10,19.4,Home Office,0.56
40952,2014-09-26,16.5,Consumer,0.48
40957,2014-02-14,35.55,Corporate,7.74
40959,2014-03-31,42.21,Consumer,13.02
40960,2014-06-27,32.25,Home Office,8.25
40964,2014-05-02,19.35,Home Office,9.15
40966,2014-09-24,12.852,Corporate,3.852
40968,2014-10-27,19.99,Consumer,6.7966
40971,2014-04-12,27.12,Consumer,-4.746
40973,2014-10-09,40.68,Corporate,0.4068
40974,2014-05-13,17.0,Consumer,4.42
40975,2014-02-05,32.67,Consumer,8.4942
40980,2014-09-17,17.9,Corporate,8.771
40981,2014-12-12,40.2,Consumer,18.09
40983,2014-11-26,193.8,Consumer,0.0
40985,2014-05-21,19.776,Consumer,-15.354
40990,2014-05-29,48.72,Corporate,19.44
40992,2014-09-26,28.416,Corporate,-17.784
40993,2014-08-26,9.27,Consumer,3.24
40994,2014-12-27,47.49,Corporate,4.26
40996,2014-08-06,34.08,Consumer,8.52
40998,2014-11-12,36.48,Corporate,7.28
41002,2014-11-22,29.68,Corporate,7.68
41003,2014-08-20,19.08,Corporate,-12.12
41005,2014-10-30,29.808,Consumer,-1.332
41016,2014-07-05,6.48,Consumer,3.15
41019,2014-11-28,43.0254,Consumer,-3.3246
41020,2014-10-20,26.7438,Consumer,-22.2162
41021,2014-10-18,12.96,Corporate,6.2208
41024,2014-12-06,24.816,Consumer,8.3754
41025,2014-07-22,33.93,Home Office,-22.62
41029,2014-07-28,29.79,Consumer,6.54
41034,2014-11-09,30.3,Consumer,13.92
41035,2014-12-30,25.98,Corporate,1.02
41036,2014-05-13,25.6,Home Office,9.92
41040,2014-11-17,53.5,Corporate,20.3
41043,2014-03-27,30.072,Consumer,4.452
41056,2014-02-19,20.16,Consumer,6.42
41057,2014-12-30,80.85,Consumer,19.32
41060,2014-08-04,31.5,Corporate,5.67
41064,2014-11-05,44.97,Consumer,21.12
41066,2014-06-13,40.68,Corporate,-17.1
41067,2014-05-24,14.04,Corporate,5.88
41071,2014-12-29,33.231,Consumer,-19.569
41080,2014-09-20,35.4,Home Office,13.452
41081,2014-04-18,23.04,Consumer,11.2896
41085,2014-08-08,24.56,Consumer,11.5432
41087,2014-07-19,29.76,Home Office,12.78
41090,2014-08-01,34.317,Corporate,-61.773
41091,2014-04-17,25.86,Home Office,0.72
41098,2014-12-23,17.52,Consumer,5.43
41099,2014-12-15,29.7,Consumer,-28.8
41100,2014-10-25,17.484,Home Office,-11.656
41104,2014-03-21,19.58,Corporate,5.48
41106,2014-04-16,46.0,Consumer,1.8
41108,2014-05-21,13.44,Home Office,2.0
41111,2014-09-02,42.048,Corporate,-6.312
41115,2014-12-29,7.875,Corporate,-6.165
41116,2014-11-19,18.54,Corporate,8.1
41118,2014-01-15,24.66,Corporate,-13.32
41119,2014-07-26,41.0697,Home Office,-10.1403
41120,2014-05-27,15.0096,Corporate,-9.1104
41121,2014-06-07,18.0456,Corporate,0.4656
41123,2014-12-23,18.45,Corporate,8.6715
41126,2014-01-16,21.4,Home Office,6.206
41127,2014-10-27,33.282,Consumer,-27.735
41130,2014-09-24,9.248,Corporate,3.3524
41134,2014-01-16,17.52,Consumer,5.43
41135,2014-09-09,20.52,Corporate,5.28
41138,2014-11-05,25.32,Home Office,0.96
41139,2014-02-22,14.7,Corporate,4.5
41140,2014-12-20,14.52,Home Office,5.04
41144,2014-08-01,29.2,Home Office,6.5
41147,2014-09-25,30.72,Consumer,5.8
41148,2014-11-20,22.86,Consumer,8.88
41154,2014-08-12,39.15,Consumer,18.0
41155,2014-09-01,25.89,Consumer,-24.36
41165,2014-04-18,32.6688,Consumer,1.9488
41170,2014-11-28,10.287,Corporate,4.227
41171,2014-03-20,17.721,Home Office,-13.869
41174,2014-09-21,29.799,Corporate,2.679
41179,2014-07-10,8.84,Corporate,2.9835
41182,2014-08-02,36.288,Corporate,12.7008
41184,2014-10-28,95.84,Corporate,34.742
41192,2014-06-10,16.98,Corporate,7.98
41193,2014-10-30,17.16,Corporate,2.7
41194,2014-12-04,134.61,Consumer,63.24
41195,2014-07-05,8.91,Corporate,1.59
41196,2014-11-06,16.86,Consumer,6.06
41197,2014-06-06,21.984,Home Office,-13.746
41198,2014-12-08,17.01,Corporate,7.98
41199,2014-07-04,7.26,Corporate,2.52
41202,2014-12-12,23.64,Home Office,3.06
41203,2014-11-19,12.9,Consumer,5.4
41204,2014-06-20,14.04,Corporate,6.42
41207,2014-02-10,22.68,Consumer,-9.12
41210,2014-12-04,48.63,Consumer,2.91
41215,2014-12-20,47.34,Consumer,-113.76
41216,2014-11-17,45.45,Corporate,-34.65
41218,2014-01-22,26.5815,Consumer,-14.5485
41219,2014-12-11,51.7704,Corporate,-18.6096
41220,2014-09-29,51.6,Home Office,23.22
41221,2014-05-27,27.96,Consumer,10.32
41224,2014-12-02,52.29,Consumer,16.2099
41231,2014-11-03,27.78,Corporate,9.1674
41236,2014-09-05,11.808,Corporate,4.1328
41239,2014-02-13,21.816,Corporate,-6.564
41240,2014-06-30,15.0,Corporate,-5.28
41247,2014-05-28,27.0,Consumer,8.64
41252,2014-10-03,33.48,Consumer,5.34
41255,2014-12-29,15.136,Home Office,0.936
41259,2014-08-18,26.76,Corporate,-6.48
41260,2014-12-12,24.72,Consumer,2.46
41262,2014-07-10,17.1,Consumer,7.11
41263,2014-07-29,43.98,Consumer,20.22
41264,2014-04-13,21.09,Consumer,10.32
41265,2014-08-27,38.28,Home Office,8.4
41272,2014-03-24,28.479,Corporate,-17.631
41277,2014-04-15,27.99,Corporate,3.9
41282,2014-04-21,44.4,Home Office,-52.17
41288,2014-04-10,37.896,Corporate,-29.0536
41289,2014-08-08,11.952,Consumer,4.1832
41292,2014-01-20,11.31,Corporate,0.99
41293,2014-12-25,50.76,Corporate,16.74
41294,2014-12-15,19.224,Consumer,-15.876
41298,2014-05-13,38.31,Consumer,4.2
41299,2014-03-02,27.24,Corporate,13.02
41303,2014-05-08,17.04,Corporate,4.26
41304,2014-12-05,16.08,Consumer,6.72
41305,2014-03-26,21.3,Home Office,1.02
41308,2014-12-30,38.3,Corporate,0.0
41310,2014-07-25,46.96,Consumer,16.88
41311,2014-10-14,25.776,Consumer,-9.024
41313,2014-12-30,16.864,Corporate,-1.056
41315,2014-11-13,26.88,Corporate,4.0
41318,2014-01-01,29.55,Consumer,0.0
41322,2014-10-23,33.3,Home Office,9.3
41328,2014-05-10,20.952,Consumer,-12.948
41331,2014-04-25,7.518,Corporate,-5.7638
41337,2014-09-22,79.98,Consumer,26.3934
41339,2014-09-27,17.04,Corporate,5.538
41342,2014-07-16,12.96,Home Office,5.82
41348,2014-11-01,14.013,Consumer,-25.227
41349,2014-12-30,21.978,Consumer,-51.282
41357,2014-06-19,27.504,Consumer,9.624
41358,2014-10-23,27.52,Corporate,7.68
41361,2014-08-12,8.7,Corporate,3.99
41362,2014-07-14,32.19,Home Office,-7.77
41375,2014-05-28,39.567,Home Office,-15.153
41377,2014-05-26,29.22,Home Office,6.72
41378,2014-10-14,11.648,Corporate,4.0768
41379,2014-09-16,35.56,Home Office,12.0904
41381,2014-11-13,41.6,Home Office,13.0
41387,2014-09-25,11.424,Consumer,3.7128
41389,2014-12-10,54.9,Consumer,26.901
41390,2014-10-22,23.76,Consumer,5.94
41394,2014-08-04,12.78,Consumer,5.49
41395,2014-10-28,24.354,Corporate,-31.806
41400,2014-05-29,30.276,Consumer,-46.524
41401,2014-08-05,26.43,Consumer,10.83
41408,2014-08-06,31.88,Corporate,7.96
41417,2014-09-20,31.92,Consumer,1.86
41420,2014-01-13,24.0,Consumer,0.96
41421,2014-01-09,36.63,Home Office,1.98
41422,2014-01-24,16.8,Consumer,5.37
41423,2014-11-07,15.471,Corporate,-1.569
41424,2014-09-06,46.59,Consumer,-10.29
41426,2014-01-03,39.447,Consumer,5.697
41430,2014-06-26,21.36,Corporate,7.44
41434,2014-06-06,19.8,Consumer,0.0
41437,2014-09-03,17.12,Corporate,7.704
41438,2014-04-22,11.54,Consumer,3.462
41439,2014-12-22,15.92,Home Office,7.0048
41440,2014-09-29,14.352,Home Office,5.2026
41443,2014-06-30,30.69,Corporate,7.9794
41445,2014-09-20,12.624,Consumer,-2.5248
41449,2014-12-25,12.3,Corporate,6.15
41462,2014-10-16,58.536,Consumer,3.876
41465,2014-01-13,77.5,Corporate,3.8
41467,2014-12-10,22.4,Corporate,9.8
41472,2014-06-25,16.875,Corporate,-10.845
41473,2014-08-21,24.72,Corporate,2.46
41475,2014-09-29,28.89,Corporate,-0.03
41476,2014-05-07,21.54,Home Office,1.02
41478,2014-01-02,117.4716,Corporate,17.6616
41483,2014-08-25,9.9057,Consumer,-8.2443
41486,2014-06-22,41.256,Consumer,-34.38
41491,2014-11-11,11.52,Home Office,-7.68
41494,2014-01-24,13.29,Consumer,6.36
41496,2014-01-11,14.43,Home Office,7.05
41497,2014-11-24,14.832,Consumer,-20.298
41499,2014-11-27,10.548,Corporate,-5.022
41505,2014-10-16,39.16,Corporate,10.96
41508,2014-10-06,22.26,Home Office,-6.72
41514,2014-07-31,59.31,Consumer,24.84
41516,2014-08-11,21.84,Consumer,-14.88
41517,2014-10-30,44.82,Home Office,1.26
41519,2014-10-17,136.59,Home Office,57.36
41520,2014-08-20,18.81,Corporate,-12.87
41525,2014-12-29,14.85,Consumer,4.0095
41530,2014-04-12,16.768,Consumer,1.4672
41539,2014-11-25,10.08,Corporate,4.62
41541,2014-09-08,13.95,Home Office,6.39
41544,2014-12-05,9.51,Consumer,0.66
41551,2014-09-26,39.1,Consumer,15.6
41552,2014-11-17,9.888,Consumer,-4.312
41555,2014-09-15,16.02,Corporate,6.48
41557,2014-11-05,23.976,Consumer,8.256
41559,2014-07-01,13.32,Corporate,4.92
41560,2014-01-02,29.4,Consumer,9.39
41562,2014-10-07,59.94,Home Office,3.24
41563,2014-11-04,49.926,Home Office,-13.194
41566,2014-11-05,33.0,Corporate,2.64
41569,2014-03-20,28.91,Home Office,13.2986
41571,2014-09-21,45.4,Consumer,12.712
41573,2014-11-18,19.608,Corporate,6.6177
41578,2014-07-09,23.28,Corporate,-22.2
41579,2014-06-25,15.252,Corporate,-12.588
41583,2014-06-26,16.53,Consumer,7.41
41585,2014-09-29,29.01,Consumer,11.88
41589,2014-10-21,7.416,Corporate,-2.604
41598,2014-06-27,12.012,Consumer,1.592
41599,2014-03-10,15.08,Home Office,5.88
41601,2014-11-12,19.23,Consumer,1.14
41603,2014-01-24,44.4,Corporate,10.56
41611,2014-03-18,20.8662,Corporate,-3.7938
41623,2014-01-24,25.92,Corporate,12.4416
41624,2014-09-19,34.48,Corporate,9.9992
41627,2014-11-07,30.56,Consumer,-19.864
41629,2014-08-14,51.36,Consumer,9.75
41635,2014-03-19,20.49,Corporate,3.66
41637,2014-12-01,48.9,Home Office,11.7
41638,2014-09-26,55.86,Consumer,21.78
41639,2014-05-11,40.2,Consumer,17.6
41642,2014-05-06,25.28,Consumer,5.8
41644,2014-06-19,57.6,Corporate,17.28
41647,2014-09-25,22.92,Consumer,5.94
41651,2014-01-13,44.76,Consumer,11.52
41653,2014-10-24,28.95,Consumer,7.8
41654,2014-11-07,28.728,Corporate,7.008
41656,2014-06-01,24.33,Corporate,-22.89
41658,2014-10-22,28.836,Consumer,7.326
41662,2014-08-07,15.4,Consumer,7.392
41670,2014-12-24,27.46,Home Office,9.8856
41673,2014-05-30,48.42,Corporate,13.05
41677,2014-09-10,16.68,Consumer,4.56
41678,2014-11-18,39.42,Corporate,2.34
41680,2014-07-26,22.47,Corporate,0.0
41685,2014-07-15,14.43,Corporate,7.05
41687,2014-07-30,29.92,Consumer,13.76
41691,2014-01-23,28.86,Home Office,7.74
41692,2014-06-11,23.4,Consumer,2.08
41700,2014-12-10,32.52,Home Office,16.26
41705,2014-01-08,46.62,Corporate,-19.62
41707,2014-08-06,45.684,Consumer,18.144
41712,2014-06-03,25.344,Consumer,9.1872
41714,2014-09-21,38.52,Consumer,18.1044
41715,2014-11-17,17.31,Consumer,5.193
41717,2014-12-23,31.16,Consumer,7.79
41718,2014-12-18,32.56,Corporate,8.4656
41722,2014-05-02,32.19,Corporate,12.21
41727,2014-11-18,143.34,Home Office,58.74
41729,2014-07-07,19.464,Corporate,-20.466
41732,2014-08-08,25.536,Consumer,8.616
41733,2014-01-14,12.68,Consumer,1.76
41734,2014-06-11,19.284,Corporate,-8.696
41737,2014-10-10,18.48,Consumer,-10.48
41738,2014-12-16,36.0,Corporate,16.2
41739,2014-09-01,38.16,Corporate,19.08
41743,2014-03-17,37.746,Home Office,0.666
41744,2014-11-21,21.6,Consumer,7.98
41747,2014-12-16,20.352,Corporate,-13.488
41750,2014-06-02,17.48,Corporate,1.311
41751,2014-08-16,97.84,Consumer,25.4384
41752,2014-12-18,28.16,Home Office,13.2352
41756,2014-11-03,20.136,Corporate,1.2585
41758,2014-12-23,26.16,Consumer,1.962
41759,2014-08-04,16.52,Consumer,5.369
41760,2014-08-02,27.45,Consumer,7.68
41762,2014-04-10,37.92,Corporate,0.72
41764,2014-11-10,27.87,Consumer,13.92
41766,2014-07-14,29.1,Corporate,6.36
41769,2014-11-07,24.96,Consumer,1.98
41773,2014-09-03,11.296,Consumer,-1.584
41774,2014-09-03,41.6,Corporate,3.32
41775,2014-09-20,8.74,Home Office,2.44
41782,2014-05-16,14.84,Corporate,3.84
41788,2014-05-26,23.28,Corporate,1.86
41790,2014-08-04,30.051,Consumer,8.991
41791,2014-11-26,17.1,Consumer,7.11
41794,2014-12-23,29.91,Consumer,-6.03
41795,2014-08-08,36.63,Corporate,0.0
41809,2014-12-09,27.52,Consumer,12.6592
41811,2014-08-14,24.32,Consumer,9.12
41813,2014-08-26,18.54,Home Office,8.52
41816,2014-09-10,9.6,Consumer,4.38
41819,2014-10-16,21.84,Consumer,-25.2
41821,2014-07-09,14.94,Corporate,1.32
41822,2014-06-11,37.32,Corporate,11.88
41825,2014-11-30,20.58,Consumer,-8.92
41828,2014-05-31,23.4,Consumer,-6.24
41830,2014-11-19,58.3,Consumer,15.1
41834,2014-06-04,14.0,Home Office,3.08
41836,2014-05-12,23.55,Corporate,4.47
41837,2014-11-13,23.385,Consumer,-3.285
41839,2014-09-25,16.08,Corporate,6.72
41840,2014-11-04,13.2,Consumer,-13.2
41846,2014-06-03,31.968,Consumer,-4.932
41847,2014-09-19,22.72,Corporate,10.224
41853,2014-11-27,33.568,Consumer,-53.7088
41856,2014-08-21,17.22,Corporate,5.166
41859,2014-09-19,25.92,Corporate,12.4416
41862,2014-02-17,43.95,Corporate,1.74
41863,2014-10-22,14.88,Corporate,1.92
41864,2014-11-19,26.43,Consumer,7.38
41867,2014-12-27,12.36,Corporate,3.45
41869,2014-06-09,16.992,Corporate,-14.208
41876,2014-07-02,35.16,Consumer,9.12
41879,2014-09-16,16.62,Consumer,-11.34
41880,2014-04-10,15.336,Home Office,2.556
41885,2014-09-10,22.0116,Consumer,1.5516
41886,2014-06-17,42.525,Consumer,9.405
41887,2014-01-18,14.61,Home Office,-7.89
41889,2014-11-24,17.982,Corporate,4.122
41890,2014-01-23,51.45,Home Office,13.8915
41892,2014-08-12,12.864,Corporate,-22.512
41893,2014-11-29,20.9,Home Office,7.524
41894,2014-10-16,13.05,Corporate,6.003
41896,2014-03-29,12.96,Corporate,6.3504
41899,2014-08-14,19.2,Consumer,0.36
41905,2014-06-23,20.184,Corporate,-29.286
41906,2014-12-04,18.98,Corporate,8.16
41908,2014-10-28,82.272,Consumer,18.492
41913,2014-06-03,48.51,Corporate,15.51
41915,2014-04-05,25.4916,Consumer,-8.4084
41916,2014-03-02,11.253,Corporate,-8.187
41919,2014-11-13,56.1588,Corporate,-37.2012
41920,2014-03-18,21.54,Consumer,6.0
41921,2014-11-05,33.96,Corporate,11.52
41928,2014-12-16,22.83,Consumer,10.7301
41929,2014-05-08,50.37,Consumer,15.6
41930,2014-01-13,10.548,Corporate,-5.022
41944,2014-05-09,20.9,Corporate,6.26
41947,2014-06-02,19.08,Corporate,8.52
41948,2014-01-09,26.58,Consumer,3.72
41953,2014-12-24,36.66,Consumer,-22.74
41956,2014-09-16,48.66,Consumer,-31.2
41958,2014-09-04,17.58,Consumer,0.3
41961,2014-11-28,55.14,Consumer,27.57
41962,2014-10-01,36.0612,Consumer,-22.6188
41964,2014-06-22,17.92,Consumer,2.464
41973,2014-12-02,15.936,Consumer,5.1792
41974,2014-09-25,47.04,Consumer,13.62
41975,2014-05-28,26.4,Home Office,7.08
41978,2014-09-12,12.36,Corporate,5.55
41980,2014-08-20,56.82,Consumer,8.52
41983,2014-05-26,12.78,Consumer,5.49
41988,2014-09-26,32.84,Consumer,16.42
41992,2014-12-14,29.664,Home Office,-0.036
41993,2014-03-19,17.58,Consumer,7.68
41995,2014-11-06,77.1,Home Office,20.04
41996,2014-10-15,31.72,Home Office,10.12
41999,2014-08-16,32.58,Consumer,12.96
42000,2014-01-07,15.96,Home Office,1.68
42006,2014-06-13,15.54,Consumer,-5.34
42009,2014-11-26,24.354,Home Office,-19.566
42015,2014-11-11,15.3882,Corporate,1.4682
42017,2014-04-23,26.676,Consumer,-6.264
42019,2014-03-11,58.98,Home Office,25.32
42024,2014-08-14,17.544,Corporate,5.9211
42029,2014-08-21,35.96,Home Office,3.596
42030,2014-09-12,19.44,Corporate,9.3312
42032,2014-12-25,10.74,Consumer,3.96
42033,2014-08-15,130.44,Home Office,30.0
42034,2014-08-01,17.01,Consumer,7.14
42036,2014-04-17,29.61,Home Office,2.64
42038,2014-10-29,20.52,Consumer,10.02
42041,2014-05-14,18.22,Consumer,6.74
42049,2014-12-02,40.74,Home Office,18.72
42050,2014-12-15,37.08,Home Office,-4.5
42051,2014-01-09,63.18,Corporate,16.92
42052,2014-10-10,13.5,Consumer,-2.7
42056,2014-09-29,29.7,Home Office,6.81
42059,2014-05-11,25.218,Consumer,-0.072
42060,2014-05-21,88.56,Consumer,38.31
42063,2014-04-22,21.99,Consumer,5.04
42064,2014-11-04,15.992,Corporate,0.9995
42069,2014-09-26,10.608,Consumer,0.9282
42072,2014-04-16,20.736,Home Office,7.2576
42078,2014-12-29,25.9,Home Office,12.691
42079,2014-10-13,17.9,Consumer,8.771
42087,2014-05-08,19.8,Home Office,4.53
42091,2014-09-27,29.79,Consumer,10.71
42093,2014-09-25,19.78,Home Office,0.38
42094,2014-01-23,32.72,Consumer,8.16
42096,2014-12-29,19.7,Consumer,9.84
42097,2014-12-23,26.88,Consumer,12.06
42099,2014-12-25,32.68,Consumer,5.88
42102,2014-06-04,35.64,Corporate,7.11
42103,2014-11-06,33.0,Corporate,14.16
42106,2014-11-28,59.94,Consumer,5.13
42110,2014-12-15,32.193,Consumer,-8.427
42116,2014-06-14,10.965,Consumer,3.345
42119,2014-04-23,16.794,Consumer,-7.296
42121,2014-04-10,8.64,Home Office,4.2336
42130,2014-03-22,10.896,Consumer,3.9498
42131,2014-07-26,20.736,Consumer,7.2576
42133,2014-06-13,19.44,Consumer,9.3312
42139,2014-02-22,11.16,Corporate,2.43
42141,2014-09-10,14.856,Home Office,-5.574
42143,2014-11-14,12.9,Home Office,5.01
42151,2014-05-07,25.5,Corporate,9.18
42157,2014-11-20,9.74,Home Office,3.5
42158,2014-03-12,27.12,Corporate,4.38
42161,2014-05-15,55.272,Corporate,-29.148
42162,2014-09-29,19.6,Home Office,4.64
42169,2014-11-10,52.2,Home Office,13.56
42171,2014-08-15,14.4,Consumer,-1.44
42174,2014-06-20,24.381,Corporate,7.281
42175,2014-02-04,89.397,Corporate,-71.523
42177,2014-07-23,12.18,Consumer,1.8
42178,2014-09-19,25.08,Corporate,3.96
42180,2014-09-15,19.05,Consumer,8.763
42182,2014-10-03,27.36,Home Office,-21.888
42183,2014-09-18,9.912,Home Office,3.2214
42184,2014-11-12,34.92,Home Office,11.8728
42185,2014-04-08,16.256,Home Office,1.2192
42192,2014-06-14,20.16,Home Office,9.24
42193,2014-07-29,7.83,Corporate,3.21
42195,2014-05-23,29.01,Corporate,3.18
42197,2014-09-12,40.872,Corporate,-31.728
42198,2014-11-20,4.572,Consumer,-3.828
42203,2014-09-13,18.92,Consumer,4.72
42205,2014-09-26,11.7,Home Office,0.36
42206,2014-09-11,43.0,Consumer,16.3
42210,2014-04-19,34.125,Corporate,-12.375
42211,2014-07-07,61.32,Consumer,3.0
42212,2014-09-15,23.274,Corporate,-1.326
42217,2014-04-07,385.86,Consumer,84.84
42222,2014-12-19,17.1,Consumer,6.3
42226,2014-12-03,10.86,Corporate,5.3214
42228,2014-01-24,19.68,Corporate,6.888
42229,2014-09-19,20.32,Corporate,6.9088
42230,2014-12-06,9.45,Consumer,4.536
42232,2014-10-06,14.9,Corporate,6.854
42236,2014-04-21,57.48,Consumer,12.0
42240,2014-11-27,17.64,Corporate,-18.54
42243,2014-10-07,29.04,Consumer,5.2
42244,2014-07-21,11.952,Consumer,-4.488
42245,2014-08-15,30.68,Corporate,13.8
42251,2014-07-09,9.0,Corporate,-1.52
42253,2014-09-10,12.096,Consumer,-0.224
42254,2014-11-12,36.24,Consumer,7.2
42255,2014-02-07,33.12,Corporate,1.98
42259,2014-11-19,26.67,Consumer,-24.57
42260,2014-11-12,61.56,Corporate,16.62
42264,2014-09-29,36.72,Home Office,13.14
42266,2014-11-19,24.462,Consumer,2.142
42269,2014-09-16,12.312,Home Office,-2.688
42271,2014-03-25,31.14,Home Office,-2.1
42275,2014-06-18,14.03,Consumer,4.0687
42276,2014-09-16,16.28,Consumer,6.512
42277,2014-09-03,11.54,Corporate,3.462
42278,2014-06-18,12.224,Corporate,4.4312
42282,2014-03-19,19.4,Corporate,9.312
42283,2014-09-23,21.96,Consumer,6.1488
42288,2014-02-24,21.3,Home Office,5.28
42289,2014-12-29,18.99,Consumer,6.81
42294,2014-04-08,14.22,Consumer,-22.86
42298,2014-03-06,61.86,Consumer,26.58
42302,2014-11-29,30.48,Consumer,10.28
42305,2014-12-27,11.68,Corporate,3.72
42311,2014-05-01,25.83,Consumer,9.03
42313,2014-12-15,22.08,Consumer,3.3
42314,2014-09-17,45.96,Consumer,0.36
42315,2014-08-04,79.44,Corporate,35.64
42316,2014-05-15,28.86,Consumer,-23.7
42321,2014-06-11,24.246,Corporate,-0.294
42323,2014-02-07,20.7168,Home Office,-2.0232
42326,2014-01-29,26.88,Home Office,9.9
42327,2014-11-13,89.6148,Corporate,-18.4752
42328,2014-02-24,24.12,Corporate,0.72
42331,2014-12-29,21.4014,Consumer,-0.0186
42335,2014-07-16,29.22,Consumer,6.72
42337,2014-12-09,19.44,Consumer,9.3312
42342,2014-05-13,19.168,Corporate,6.4692
42348,2014-11-27,18.84,Consumer,1.5
42351,2014-06-27,10.92,Corporate,1.2
42352,2014-04-23,22.41,Consumer,9.84
42353,2014-03-24,6.804,Corporate,-3.066
42356,2014-11-10,22.14,Consumer,1.32
42360,2014-10-03,26.28,Consumer,5.25
42367,2014-10-18,29.88,Corporate,13.44
42369,2014-04-10,38.2,Corporate,4.9
42370,2014-03-12,22.2,Corporate,9.3
42375,2014-08-21,25.14,Corporate,3.24
42378,2014-04-17,76.224,Corporate,-91.536
42379,2014-10-23,26.88,Corporate,11.28
42382,2014-06-04,36.0,Consumer,0.0
42385,2014-01-18,24.552,Corporate,-14.328
42386,2014-04-23,18.28,Consumer,6.2152
42387,2014-08-22,15.28,Consumer,7.4872
42392,2014-04-24,5.344,Corporate,1.8704
42393,2014-11-11,7.8,Home Office,2.106
42394,2014-03-27,32.232,Corporate,2.4174
42395,2014-04-17,40.74,Home Office,12.222
42400,2014-02-17,17.4,Corporate,1.56
42401,2014-09-15,18.93,Consumer,6.81
42402,2014-11-19,15.12,Consumer,5.43
42403,2014-07-29,30.48,Corporate,2.73
42406,2014-11-29,23.148,Corporate,-20.862
42418,2014-11-20,29.4,Home Office,11.46
42419,2014-09-25,55.14,Consumer,15.99
42422,2014-12-19,73.26,Corporate,0.0
42424,2014-08-01,28.875,Consumer,-17.955
42426,2014-05-08,27.27,Consumer,-4.41
42434,2014-07-09,23.168,Consumer,7.8192
42436,2014-06-23,31.155,Home Office,-23.8855
42438,2014-01-01,47.616,Consumer,3.5712
42443,2014-05-27,23.08,Consumer,6.924
42446,2014-04-05,7.04,Home Office,2.0416
42457,2014-11-18,67.36,Consumer,33.0
42459,2014-04-26,25.26,Corporate,10.08
42461,2014-08-15,28.38,Home Office,5.94
42462,2014-06-25,28.4928,Home Office,-5.4672
42463,2014-11-03,27.0,Consumer,13.2
42464,2014-09-27,27.3735,Corporate,-19.4265
42467,2014-10-14,22.05,Home Office,7.92
42475,2014-09-05,12.96,Home Office,6.2208
42477,2014-09-05,25.56,Consumer,-20.448
42478,2014-08-22,25.16,Home Office,8.5544
42481,2014-03-20,657.504,Consumer,-131.5008
42483,2014-07-01,19.52,Corporate,5.368
42484,2014-03-07,23.88,Home Office,8.1192
42488,2014-11-25,11.673,Corporate,-7.782
42490,2014-06-24,40.98,Corporate,5.7
42493,2014-09-19,18.54,Home Office,8.1
42499,2014-10-24,19.5,Consumer,7.8
42501,2014-02-06,16.836,Corporate,-17.274
42503,2014-10-25,21.528,Consumer,-1.472
42504,2014-04-16,15.06,Corporate,6.9
42505,2014-09-22,35.52,Consumer,14.2
42506,2014-04-21,50.76,Home Office,-27.12
42509,2014-06-27,20.54,Consumer,6.98
42510,2014-06-08,11.172,Corporate,-0.188
42519,2014-10-29,13.716,Home Office,0.606
42520,2014-09-06,32.88,Consumer,4.26
42522,2014-10-14,22.86,Corporate,7.47
42523,2014-05-05,27.72,Corporate,4.68
42525,2014-05-16,15.552,Consumer,5.6376
42529,2014-09-02,19.99,Consumer,6.7966
42534,2014-11-13,11.56,Consumer,5.6644
42535,2014-04-25,14.52,Consumer,0.57
42542,2014-03-24,53.802,Consumer,-118.398
42543,2014-10-31,23.25,Home Office,4.41
42545,2014-10-08,14.4,Consumer,-27.84
42549,2014-06-20,15.543,Corporate,-17.637
42551,2014-12-24,74.4,Consumer,31.2
42563,2014-04-04,13.05,Corporate,4.68
42568,2014-11-21,42.6,Consumer,16.614
42569,2014-03-13,69.93,Corporate,32.1678
42579,2014-10-15,39.816,Home Office,-31.884
42581,2014-03-27,27.27,Corporate,4.62
42583,2014-12-31,27.84,Consumer,6.12
42585,2014-11-17,24.0,Corporate,7.44
42590,2014-11-25,46.4,Consumer,1.36
42591,2014-04-05,23.94,Consumer,10.26
42592,2014-05-14,46.02,Consumer,20.7
42596,2014-06-30,16.71,Consumer,3.15
42598,2014-03-18,53.64,Home Office,14.4
42602,2014-12-12,37.38,Home Office,1.08
42603,2014-01-31,42.903,Corporate,17.073
42604,2014-12-17,27.813,Consumer,-5.727
42607,2014-06-25,21.744,Consumer,6.795
42609,2014-08-19,21.38,Consumer,-33.139
42610,2014-10-21,20.928,Corporate,7.5864
42611,2014-07-04,7.992,Home Office,2.6973
42612,2014-01-31,8.82,Home Office,2.3814
42614,2014-12-09,61.06,Consumer,28.0876
42624,2014-06-14,17.49,Consumer,2.07
42627,2014-11-05,20.1,Consumer,9.84
42629,2014-10-10,21.5,Corporate,9.0
42633,2014-10-17,17.48,Corporate,0.0
42637,2014-03-07,21.48,Consumer,5.76
42638,2014-11-20,22.716,Consumer,-2.304
42640,2014-02-06,113.04,Home Office,23.64
42641,2014-01-14,18.0,Consumer,3.78
42646,2014-01-27,77.67,Consumer,-62.19
42648,2014-05-19,22.86,Corporate,5.46
42650,2014-08-06,13.38,Home Office,-1.62
42651,2014-10-27,17.3886,Corporate,3.3186
42655,2014-08-22,35.0,Consumer,16.8
42658,2014-07-30,124.792,Corporate,15.599
42659,2014-05-05,16.91,Consumer,4.5657
42660,2014-11-21,22.0,Consumer,9.68
42661,2014-12-22,23.88,Consumer,11.2236
42669,2014-01-20,21.696,Consumer,7.0512
42671,2014-06-18,14.28,Consumer,6.54
42673,2014-10-22,15.48,Consumer,2.61
42674,2014-05-07,19.56,Consumer,4.68
42676,2014-12-09,19.35,Consumer,8.7
42679,2014-12-24,65.31,Consumer,18.93
42680,2014-07-11,13.65,Home Office,1.89
42681,2014-05-28,11.34,Home Office,1.8
42682,2014-12-17,30.24,Consumer,10.86
42686,2014-06-19,17.76,Consumer,2.48
42687,2014-12-03,22.704,Home Office,-12.896
42690,2014-03-01,15.2,Corporate,2.24
42694,2014-09-26,28.584,Consumer,-12.936
42696,2014-12-01,9.74,Home Office,3.5
42699,2014-12-05,16.86,Consumer,6.06
42702,2014-12-05,90.36,Home Office,27.06
42706,2014-05-16,25.26,Corporate,0.0
42708,2014-02-14,21.6,Home Office,9.27
42709,2014-07-16,23.01,Consumer,0.45
42710,2014-07-21,69.712,Consumer,8.714
42712,2014-12-11,10.86,Consumer,5.1042
42714,2014-06-03,43.92,Consumer,15.921
42715,2014-03-07,14.976,Home Office,5.4288
42716,2014-07-26,20.096,Consumer,3.0144
42717,2014-05-28,12.06,Corporate,-10.05
42718,2014-12-12,22.75,Consumer,6.5975
42719,2014-10-03,10.8,Consumer,2.79
42721,2014-05-23,60.75,Corporate,29.76
42729,2014-09-11,25.38,Consumer,8.37
42730,2014-09-19,20.1,Consumer,-17.61
42731,2014-09-18,21.879,Consumer,-21.171
42733,2014-11-05,45.24,Consumer,3.96
42735,2014-10-08,15.624,Consumer,2.304
42736,2014-11-10,24.0,Consumer,3.84
42737,2014-04-26,33.552,Corporate,2.232
42739,2014-04-11,52.56,Corporate,12.08
42742,2014-11-21,47.94,Consumer,0.9
42751,2014-02-10,22.74,Corporate,11.34
42752,2014-02-21,31.425,Consumer,-30.225
42753,2014-06-03,11.259,Corporate,1.539
42757,2014-08-02,13.44,Consumer,6.0
42758,2014-06-18,30.213,Consumer,10.053
42759,2014-12-04,31.518,Consumer,12.168
42761,2014-11-27,38.04,Consumer,12.1728
42765,2014-09-12,20.544,Consumer,6.42
42776,2014-05-23,9.84,Home Office,2.8536
42778,2014-12-18,19.512,Consumer,-22.938
42781,2014-02-17,45.18,Corporate,13.53
42785,2014-10-17,16.32,Consumer,6.96
42787,2014-09-02,32.664,Consumer,-8.736
42790,2014-06-18,39.024,Consumer,-1.976
42793,2014-08-13,22.23,Corporate,-2.25
42795,2014-09-27,15.405,Consumer,-6.795
42799,2014-06-19,42.0,Consumer,6.72
42801,2014-01-31,25.92,Corporate,8.28
42802,2014-10-22,11.607,Consumer,-4.653
42804,2014-10-09,24.381,Consumer,-2.439
42811,2014-11-19,8.448,Consumer,2.9568
42815,2014-09-02,22.92,Consumer,8.022
42816,2014-03-08,25.92,Consumer,9.072
42818,2014-07-22,16.34,Consumer,7.6798
42820,2014-10-04,20.64,Corporate,2.322
42821,2014-05-26,50.136,Consumer,-11.2806
42826,2014-05-30,57.42,Corporate,28.71
42828,2014-03-11,50.454,Consumer,-105.966
42833,2014-09-26,19.452,Corporate,-26.268
42834,2014-04-11,27.3,Corporate,3.78
42838,2014-07-04,18.9,Corporate,3.78
42847,2014-08-18,45.666,Consumer,-14.484
42851,2014-03-31,24.69,Corporate,1.95
42853,2014-11-19,27.825,Consumer,-2.175
42855,2014-11-13,22.3104,Corporate,7.4304
42857,2014-06-17,21.573,Consumer,4.533
42859,2014-11-14,39.8295,Consumer,-0.0705
42860,2014-06-15,30.6,Corporate,12.75
42867,2014-09-20,23.832,Corporate,6.5538
42872,2014-06-30,19.584,Corporate,-27.456
42873,2014-05-08,17.208,Home Office,-11.622
42874,2014-02-20,16.02,Consumer,-22.44
42878,2014-03-20,14.391,Corporate,-24.969
42888,2014-08-01,15.324,Corporate,-3.076
42895,2014-10-17,24.54,Corporate,7.11
42899,2014-12-25,39.0,Consumer,7.38
42903,2014-11-04,8.56,Consumer,3.852
42904,2014-09-23,27.18,Corporate,12.231
42905,2014-07-01,14.224,Home Office,-10.3124
42910,2014-05-31,37.52,Corporate,18.0096
42912,2014-05-23,26.4,Corporate,0.48
42916,2014-06-23,13.86,Consumer,4.83
42917,2014-06-25,25.173,Corporate,-43.647
42920,2014-06-10,21.6,Consumer,10.8
42922,2014-12-09,46.08,Consumer,5.52
42927,2014-08-21,22.05,Corporate,6.75
42928,2014-12-24,12.9,Consumer,3.3
42929,2014-04-15,15.57,Corporate,-9.69
42930,2014-10-21,38.76,Home Office,18.18
42939,2014-12-02,10.56,Corporate,-6.36
42940,2014-07-09,24.0,Consumer,10.8
42945,2014-07-29,14.98,Corporate,4.1944
42946,2014-01-27,15.47,Corporate,4.1769
42948,2014-12-10,15.984,Consumer,4.995
42952,2014-06-04,24.472,Consumer,1.8354
42953,2014-12-10,15.92,Consumer,7.4824
42954,2014-10-14,33.18,Consumer,4.92
42957,2014-12-28,23.16,Consumer,6.24
42960,2014-03-05,35.184,Consumer,-33.456
42962,2014-02-28,25.74,Home Office,10.8
42963,2014-09-13,8.55,Consumer,1.11
42964,2014-04-21,33.48,Consumer,12.36
42965,2014-07-07,16.032,Corporate,-18.048
42966,2014-09-23,16.29,Corporate,5.7
42969,2014-09-18,39.906,Consumer,-54.594
42970,2014-09-23,39.552,Home Office,-52.428
42973,2014-10-10,38.808,Consumer,-1.952
42976,2014-10-29,22.04,Home Office,7.92
42977,2014-05-30,33.6,Consumer,6.36
42978,2014-07-10,10.992,Home Office,-6.248
42979,2014-10-04,17.52,Home Office,-0.64
42980,2014-05-02,38.784,Corporate,2.584
42982,2014-10-22,23.148,Consumer,-7.332
42985,2014-02-24,27.76,Consumer,1.36
42988,2014-09-11,24.48,Corporate,0.96
42995,2014-03-10,20.16,Corporate,-9.42
42996,2014-11-17,29.1555,Consumer,-22.3245
43000,2014-04-10,9.82,Home Office,4.8118
43008,2014-01-25,25.86,Corporate,6.7236
43010,2014-04-11,10.92,Consumer,1.2
43012,2014-08-28,19.584,Corporate,-27.456
43014,2014-04-14,31.824,Consumer,-20.736
43015,2014-01-28,35.37,Corporate,2.46
43019,2014-02-19,18.66,Consumer,8.94
43025,2014-03-24,26.1,Home Office,6.48
43027,2014-11-11,38.74,Corporate,13.54
43028,2014-08-16,22.92,Consumer,6.6
43040,2014-09-29,244.65,Home Office,107.55
43041,2014-09-03,25.542,Home Office,4.242
43043,2014-04-01,21.84,Corporate,7.38
43046,2014-11-20,65.7438,Home Office,12.5838
43050,2014-11-19,38.864,Corporate,7.7728
43052,2014-12-16,22.77,Home Office,9.7911
43055,2014-03-12,26.72,Home Office,11.7568
43059,2014-11-03,14.61,Consumer,4.8
43075,2014-11-04,18.784,Consumer,3.744
43079,2014-10-08,25.14,Corporate,9.3
43082,2014-04-07,33.21,Consumer,6.57
43083,2014-12-13,16.74,Corporate,1.14
43085,2014-07-05,14.64,Consumer,2.46
43089,2014-12-11,66.852,Home Office,8.892
43092,2014-12-29,13.5468,Consumer,-3.1032
43093,2014-08-06,18.522,Consumer,6.762
43097,2014-09-24,25.824,Consumer,9.0384
43099,2014-05-01,23.24,Home Office,7.553
43105,2014-09-19,20.13,Home Office,5.22
43107,2014-01-13,23.52,Home Office,0.45
43108,2014-06-09,167.76,Consumer,41.94
43111,2014-11-22,10.944,Consumer,-5.656
43112,2014-08-08,21.312,Consumer,6.632
43116,2014-05-27,39.0,Consumer,12.84
43117,2014-11-03,28.53,Corporate,2.25
43118,2014-08-11,22.14,Home Office,1.32
43122,2014-01-20,162.1737,Corporate,-25.4763
43123,2014-02-27,12.609,Consumer,4.179
43125,2014-08-11,31.152,Consumer,-0.588
43126,2014-04-17,31.14,Home Office,10.86
43127,2014-05-29,35.25,Consumer,0.0
43128,2014-06-16,12.402,Consumer,-6.558
43130,2014-01-17,40.32,Home Office,14.85
43132,2014-12-02,13.44,Corporate,-3.54
43136,2014-02-03,21.456,Corporate,6.9732
43138,2014-04-04,25.472,Consumer,7.6416
43142,2014-02-20,11.22,Consumer,0.2244
43143,2014-11-23,35.712,Consumer,2.232
43145,2014-07-09,18.24,Home Office,6.2016
43148,2014-05-31,13.592,Home Office,-0.3398
43149,2014-07-28,26.2,Consumer,12.052
43151,2014-01-20,12.28,Consumer,5.7716
43153,2014-10-13,9.96,Consumer,4.6812
43157,2014-11-20,22.08,Consumer,3.3
43159,2014-03-15,22.14,Consumer,6.84
43161,2014-11-06,75.24,Consumer,12.0
43163,2014-08-12,15.858,Consumer,-15.342
43166,2014-11-04,38.28,Consumer,14.16
43167,2014-03-08,17.52,Consumer,3.84
43171,2014-07-02,10.02,Home Office,2.8
43175,2014-08-07,15.48,Corporate,4.32
43179,2014-12-15,59.22,Consumer,20.7
43181,2014-08-13,39.87,Consumer,8.73
43182,2014-09-18,19.89,Home Office,1.59
43192,2014-10-07,17.04,Home Office,7.668
43193,2014-07-22,19.68,Consumer,5.7072
43194,2014-12-12,17.94,Consumer,8.073
43196,2014-05-04,25.92,Consumer,12.4416
43198,2014-07-16,12.96,Corporate,6.2208
43212,2014-11-22,13.284,Consumer,-3.816
43214,2014-11-20,19.74,Consumer,9.46
43217,2014-06-10,18.32,Corporate,1.08
43221,2014-08-14,14.01,Consumer,5.16
43222,2014-05-12,11.235,Consumer,-11.235
43223,2014-05-30,19.332,Home Office,5.772
43224,2014-08-25,21.06,Consumer,5.64
43225,2014-07-03,12.96,Home Office,-7.56
43226,2014-07-01,11.52,Corporate,3.78
43227,2014-08-05,15.54,Consumer,4.5
43229,2014-11-04,11.4,Consumer,2.82
43230,2014-05-10,74.592,Consumer,4.932
43233,2014-01-03,15.66,Corporate,-12.528
43235,2014-09-03,18.9,Corporate,9.072
43237,2014-11-14,8.904,Consumer,3.339
43243,2014-12-03,4.36,Consumer,0.1744
43244,2014-01-15,18.96,Home Office,8.532
43249,2014-04-05,18.84,Consumer,-14.61
43250,2014-12-03,11.19,Consumer,5.01
43251,2014-12-15,42.273,Consumer,-70.467
43254,2014-12-10,20.88,Corporate,7.44
43256,2014-09-03,18.12,Consumer,0.88
43259,2014-01-22,14.688,Consumer,-11.772
43262,2014-11-07,17.84,Consumer,6.76
43264,2014-09-26,21.456,Consumer,-13.984
43268,2014-10-03,23.1,Consumer,1.38
43270,2014-06-30,33.3,Home Office,2.85
43277,2014-09-01,15.75,Consumer,-12.33
43278,2014-03-28,11.37,Corporate,3.18
43279,2014-06-12,24.48,Corporate,11.43
43285,2014-09-30,14.01,Consumer,5.58
43288,2014-12-29,78.8528,Consumer,-11.596
43291,2014-11-13,10.848,Corporate,3.5256
43295,2014-01-01,23.48,Consumer,8.218
43296,2014-11-13,27.93,Consumer,8.0997
43304,2014-06-19,24.51,Corporate,9.78
43308,2014-11-18,31.17,Corporate,4.35
43309,2014-06-21,13.98,Corporate,6.84
43311,2014-09-08,19.2,Consumer,8.76
43312,2014-09-26,22.26,Consumer,8.22
43317,2014-04-04,9.69,Corporate,4.14
43318,2014-12-29,23.79,Corporate,2.85
43320,2014-05-08,21.42,Home Office,-43.58
43323,2014-11-08,456.96,Consumer,-28.56
43328,2014-11-06,23.184,Home Office,-5.256
43334,2014-08-11,17.01,Consumer,-2.73
43337,2014-08-26,7.4094,Corporate,0.4194
43341,2014-01-11,96.84,Corporate,46.44
43351,2014-09-10,17.024,Corporate,1.7024
43352,2014-03-11,43.872,Home Office,11.5164
43353,2014-11-20,15.992,Consumer,-13.993
43354,2014-09-11,16.2,Consumer,7.776
43356,2014-11-08,21.792,Consumer,7.6272
43357,2014-12-18,13.98,Corporate,3.6348
43360,2014-04-02,20.808,Corporate,1.8207
43362,2014-05-04,32.448,Corporate,7.3008
43363,2014-12-03,19.728,Corporate,1.7262
43364,2014-04-03,14.94,Consumer,6.8724
43366,2014-02-27,16.65,Corporate,4.65
43370,2014-12-24,19.5,Consumer,2.91
43374,2014-05-28,17.52,Consumer,5.43
43375,2014-08-09,45.072,Consumer,-33.828
43377,2014-10-24,17.136,Home Office,-11.424
43381,2014-06-13,144.1778,Consumer,-12.5422
43384,2014-09-03,38.68,Corporate,18.16
43385,2014-08-19,39.16,Consumer,10.96
43388,2014-03-04,18.0,Consumer,-2.7
43392,2014-10-24,20.16,Consumer,9.24
43393,2014-08-18,24.408,Consumer,-1.152
43396,2014-08-11,685.131,Home Office,-232.719
43397,2014-10-30,29.0175,Consumer,-9.9825
43398,2014-07-11,20.142,Corporate,7.782
43403,2014-03-05,15.25,Corporate,7.015
43404,2014-11-29,15.552,Home Office,5.4432
43406,2014-11-13,7.92,Home Office,0.693
43408,2014-03-19,23.832,Consumer,6.5538
43413,2014-01-08,18.93,Consumer,7.56
43417,2014-09-09,16.71,Consumer,3.15
43421,2014-08-20,9.84,Consumer,-5.46
43426,2014-10-02,20.34,Consumer,9.12
43428,2014-04-18,11.37,Corporate,2.61
43429,2014-04-09,17.84,Home Office,4.56
43434,2014-11-14,11.12,Corporate,4.1
43438,2014-06-05,13.992,Consumer,-6.568
43442,2014-12-03,21.76,Consumer,5.22
43443,2014-12-12,26.76,Consumer,7.48
43448,2014-06-11,31.92,Corporate,11.76
43452,2014-05-15,17.28,Consumer,-13.2
43457,2014-09-26,34.434,Corporate,-13.206
43458,2014-09-30,7.6725,Home Office,0.1125
43460,2014-05-30,25.92,Consumer,9.396
43461,2014-12-11,19.936,Corporate,7.2268
43470,2014-04-26,19.05,Consumer,8.763
43473,2014-03-28,8.26,Consumer,3.7996
43477,2014-12-17,15.57,Corporate,7.14
43479,2014-01-30,21.48,Consumer,7.92
43481,2014-01-21,14.274,Consumer,-30.936
43483,2014-12-15,15.84,Consumer,1.26
43484,2014-05-22,389.25,Consumer,66.15
43485,2014-01-13,10.74,Consumer,3.96
43486,2014-09-19,26.88,Corporate,4.8
43492,2014-04-03,13.32,Corporate,0.42
43495,2014-10-18,53.056,Consumer,-43.824
43504,2014-02-07,22.86,Home Office,8.22
43510,2014-05-21,64.08,Home Office,21.06
43512,2014-09-06,21.204,Home Office,-13.116
43516,2014-09-13,8.36,Consumer,3.0096
43519,2014-10-24,11.56,Corporate,5.6644
43523,2014-12-05,23.92,Corporate,8.671
43524,2014-02-14,17.94,Corporate,8.7906
43526,2014-04-24,18.688,Consumer,7.008
43528,2014-09-04,19.548,Consumer,-19.692
43533,2014-08-05,28.35,Consumer,8.49
43535,2014-12-25,17.568,Consumer,2.928
43538,2014-09-23,12.9,Consumer,4.98
43539,2014-11-28,24.696,Consumer,-4.584
43542,2014-10-21,18.54,Home Office,8.1
43543,2014-01-26,20.52,Corporate,4.23
43546,2014-04-15,35.2335,Consumer,1.1835
43549,2014-07-07,30.8385,Consumer,-23.6115
43550,2014-09-25,23.652,Consumer,8.622
43554,2014-04-04,17.46,Corporate,6.06
43555,2014-02-14,27.36,Home Office,2.04
43559,2014-06-03,25.344,Consumer,7.92
43561,2014-12-10,11.16,Home Office,2.79
43563,2014-12-24,12.264,Consumer,1.0731
43566,2014-09-25,35.568,Home Office,-12.552
43568,2014-10-14,19.71,Consumer,-32.85
43570,2014-07-09,39.75,Consumer,1.59
43573,2014-03-02,44.43,Corporate,14.64
43575,2014-07-22,18.576,Consumer,-16.164
43584,2014-03-28,14.472,Corporate,0.912
43585,2014-05-21,16.48,Home Office,3.44
43593,2014-12-02,25.35,Consumer,6.84
43597,2014-06-18,13.8,Corporate,1.08
43598,2014-03-14,41.115,Consumer,-5.775
43602,2014-01-02,19.3185,Corporate,-7.6815
43603,2014-08-05,20.6064,Consumer,-5.8536
43609,2014-11-21,28.728,Consumer,1.7955
43611,2014-06-11,16.4,Consumer,4.756
43613,2014-04-11,10.368,Consumer,3.6288
43615,2014-01-14,32.4,Corporate,15.552
43619,2014-08-19,23.18,Consumer,7.6494
43625,2014-03-18,23.46,Consumer,10.74
43627,2014-04-16,13.41,Corporate,-22.8
43628,2014-11-11,27.06,Consumer,6.48
43635,2014-07-04,28.98,Corporate,0.84
43637,2014-09-19,24.44,Corporate,6.84
43638,2014-09-24,13.68,Home Office,0.8
43641,2014-09-23,59.6,Corporate,16.0
43643,2014-05-05,17.4,Consumer,4.16
43645,2014-01-06,23.712,Consumer,-2.088
43653,2014-12-24,48.78,Consumer,24.39
43658,2014-01-27,33.534,Corporate,5.184
43662,2014-05-08,23.76,Consumer,5.76
43665,2014-11-25,19.008,Corporate,-12.672
43667,2014-11-14,61.792,Corporate,6.1792
43669,2014-10-16,22.72,Corporate,9.3152
43673,2014-11-26,18.688,Consumer,3.7376
43677,2014-06-01,22.23,Home Office,10.2
43678,2014-09-17,15.96,Home Office,1.59
43681,2014-06-18,26.64,Corporate,10.92
43692,2014-10-13,17.7,Consumer,7.92
43693,2014-06-16,33.64,Corporate,10.76
43697,2014-11-18,39.0,Consumer,9.36
43699,2014-08-09,18.0,Corporate,8.64
43700,2014-09-02,20.64,Consumer,7.84
43703,2014-09-17,14.4,Corporate,-5.76
43705,2014-12-11,52.98,Home Office,5.82
43706,2014-04-17,26.82,Consumer,8.82
43710,2014-11-21,27.18,Consumer,4.86
43718,2014-11-04,14.94,Consumer,6.8724
43721,2014-10-28,15.84,Corporate,5.544
43723,2014-01-21,11.52,Consumer,4.176
43728,2014-01-13,19.896,Consumer,-17.934
43730,2014-12-16,10.32,Consumer,4.53
43732,2014-11-19,19.14,Consumer,4.2
43735,2014-05-27,11.46,Home Office,2.97
43739,2014-05-29,58.4,Consumer,20.44
43740,2014-02-12,13.32,Consumer,2.22
43741,2014-10-06,16.3,Consumer,4.4
43742,2014-07-05,11.82,Corporate,-1.0
43749,2014-05-08,10.449,Consumer,-0.081
43753,2014-01-31,22.059,Corporate,-1.971
43756,2014-12-01,14.2146,Consumer,0.7746
43760,2014-11-26,12.816,Home Office,-14.784
43763,2014-12-03,8.56,Corporate,3.852
43765,2014-09-05,11.52,Consumer,3.744
43766,2014-11-03,5.58,Home Office,0.1674
43768,2014-02-21,10.64,Home Office,3.857
43773,2014-08-27,11.07,Consumer,2.19
43781,2014-12-29,14.36,Home Office,5.72
43782,2014-11-06,21.3,Home Office,8.7
43783,2014-05-15,42.3,Home Office,19.0
43784,2014-10-01,113.81136,Consumer,5.29136
43785,2014-09-24,20.736,Corporate,-10.464
43788,2014-11-05,16.8,Corporate,3.18
43790,2014-02-07,18.18,Home Office,5.25
43792,2014-09-29,14.43,Home Office,2.16
43804,2014-05-31,8.01,Consumer,3.0438
43807,2014-12-03,36.624,Corporate,-24.416
43809,2014-06-06,20.736,Corporate,7.2576
43816,2014-10-02,10.41,Home Office,3.51
43817,2014-09-28,40.26,Corporate,8.04
43822,2014-10-03,13.38,Consumer,3.42
43823,2014-06-05,12.21,Consumer,0.0
43828,2014-08-06,24.3,Corporate,12.14
43829,2014-12-25,21.144,Consumer,-0.376
43830,2014-06-23,27.68,Corporate,12.72
43833,2014-03-17,20.76,Consumer,2.88
43843,2014-06-30,37.44,Home Office,2.97
43845,2014-09-02,20.376,Corporate,-7.824
43847,2014-02-11,9.135,Consumer,-1.305
43848,2014-12-23,20.7,Consumer,-17.46
43849,2014-02-26,26.82,Consumer,5.85
43850,2014-12-24,36.465,Consumer,-6.585
43854,2014-06-19,20.67,Consumer,-8.97
43858,2014-05-27,18.69,Home Office,0.54
43862,2014-10-03,17.712,Home Office,-0.408
43863,2014-07-21,14.787,Consumer,-0.333
43865,2014-10-25,50.1,Consumer,16.98
43866,2014-04-04,36.936,Consumer,-19.704
43868,2014-11-26,10.962,Corporate,1.812
43870,2014-10-02,81.088,Corporate,27.3672
43874,2014-09-24,14.352,Home Office,5.2026
43881,2014-09-30,7.98,Corporate,3.9102
43882,2014-05-12,20.22,Corporate,-24.78
43883,2014-01-24,26.58,Consumer,0.78
43884,2014-03-27,29.28,Corporate,4.92
43886,2014-07-30,17.88,Consumer,4.8
43887,2014-04-30,15.84,Consumer,1.26
43893,2014-06-23,18.66,Consumer,7.26
43894,2014-12-10,15.12,Corporate,1.64
43897,2014-10-22,29.6,Consumer,0.2
43898,2014-09-18,21.14,Consumer,8.54
43900,2014-06-18,26.016,Consumer,-14.984
43901,2014-12-25,18.96,Corporate,-6.18
43903,2014-10-06,11.13,Home Office,4.11
43910,2014-09-05,7.05,Home Office,-2.55
43912,2014-09-11,21.2742,Corporate,-3.2958
43913,2014-01-09,16.2,Corporate,-8.1
43914,2014-07-10,50.274,Home Office,16.194
43916,2014-05-16,45.45,Consumer,14.04
43918,2014-06-04,260.3664,Home Office,-132.2736
43919,2014-04-28,21.96,Home Office,6.12
43920,2014-08-19,18.954,Consumer,-1.746
43927,2014-11-12,19.44,Consumer,9.3312
43929,2014-04-03,11.12,Home Office,2.8912
43930,2014-04-24,11.76,Corporate,-7.84
43931,2014-06-11,14.13,Corporate,0.7065
43932,2014-10-22,21.9,Corporate,10.512
43934,2014-11-19,17.88,Consumer,-18.33
43936,2014-03-07,12.264,Corporate,-16.896
43937,2014-10-01,8.328,Consumer,-5.472
43939,2014-08-07,26.94,Consumer,12.39
43941,2014-07-15,21.12,Corporate,-17.52
43946,2014-12-29,20.64,Home Office,7.84
43951,2014-08-20,22.224,Home Office,1.944
43956,2014-08-18,18.36,Consumer,0.72
43962,2014-09-06,27.3,Consumer,-9.3
43963,2014-07-04,47.1357,Consumer,15.8157
43966,2014-10-16,23.1702,Corporate,0.3102
43974,2014-06-12,18.288,Consumer,6.6294
43977,2014-09-08,19.76,Consumer,8.2992
43982,2014-11-06,11.424,Consumer,3.7128
43984,2014-04-18,13.53,Corporate,3.24
43987,2014-04-21,23.25,Consumer,4.86
43988,2014-09-03,16.98,Consumer,2.88
43989,2014-04-30,14.4,Consumer,6.48
43990,2014-07-24,15.777,Consumer,-24.213
43993,2014-01-16,7.56,Corporate,0.82
43994,2014-09-01,112.52,Home Office,51.72
43995,2014-10-10,13.992,Consumer,-6.568
43996,2014-10-07,11.424,Corporate,-7.456
43999,2014-12-12,10.26,Consumer,4.1
44004,2014-11-17,41.475,Home Office,-14.175
44007,2014-10-08,10.26,Consumer,-8.22
44008,2014-08-02,17.82,Consumer,3.18
44009,2014-11-18,9.9,Consumer,3.96
44011,2014-09-16,21.06,Consumer,-9.78
44012,2014-02-27,15.48,Consumer,0.24
44016,2014-12-31,79.47,Corporate,25.38
44018,2014-09-04,6.615,Corporate,1.905
44019,2014-08-01,12.6246,Consumer,-11.1954
44020,2014-08-26,26.34,Consumer,-1.62
44021,2014-05-15,17.7,Home Office,2.1
44027,2014-10-04,15.552,Consumer,5.4432
44028,2014-07-18,39.08,Home Office,14.4596
44029,2014-08-04,51.75,Consumer,24.84
44031,2014-12-14,31.44,Consumer,8.4888
44034,2014-09-20,23.32,Corporate,6.0632
44037,2014-05-19,22.608,Corporate,-10.1736
44041,2014-04-14,20.1,Consumer,-17.61
44048,2014-10-27,35.76,Corporate,9.6
44050,2014-04-16,18.6,Consumer,6.12
44051,2014-06-12,22.6,Consumer,9.24
44053,2014-11-13,17.52,Corporate,4.2
44056,2014-11-17,19.76,Corporate,2.56
44062,2014-08-13,13.905,Corporate,-1.755
44065,2014-04-17,12.24,Corporate,0.48
44066,2014-06-24,13.14,Corporate,-1.08
44067,2014-11-03,49.2,Consumer,3.9
44081,2014-10-24,10.272,Consumer,0.8988
44083,2014-06-04,11.96,Corporate,5.382
44084,2014-05-13,5.904,Consumer,1.9926
44085,2014-12-12,13.584,Corporate,1.3584
44089,2014-09-03,23.94,Consumer,2.52
44091,2014-01-17,22.26,Home Office,8.22
44094,2014-11-26,24.78,Corporate,7.92
44095,2014-07-31,15.144,Home Office,-7.596
44097,2014-06-04,6.3,Corporate,-7.74
44099,2014-07-10,10.17,Home Office,4.56
44104,2014-11-03,16.84,Home Office,8.08
44106,2014-12-10,16.3,Corporate,4.4
44119,2014-10-30,38.88,Corporate,8.1
44123,2014-02-27,36.576,Corporate,-4.464
44127,2014-09-03,12.98,Corporate,3.7642
44129,2014-07-16,26.55,Consumer,13.0095
44133,2014-08-25,10.368,Consumer,3.7584
44142,2014-06-25,21.978,Corporate,-40.302
44144,2014-03-18,26.22,Consumer,1.8
44150,2014-06-23,13.2,Corporate,0.0
44152,2014-06-13,8.58,Home Office,1.35
44156,2014-03-13,11.0,Consumer,4.4
44157,2014-10-23,19.02,Consumer,-1.68
44159,2014-06-24,25.2,Consumer,12.6
44160,2014-12-06,40.635,Corporate,-0.135
44167,2014-10-10,9.675,Consumer,-7.575
44169,2014-10-13,17.4,Consumer,1.38
44170,2014-01-20,17.496,Consumer,7.506
44173,2014-05-30,11.628,Corporate,2.298
44181,2014-09-03,12.192,Consumer,4.1148
44182,2014-05-05,17.61,Corporate,8.4528
44185,2014-03-20,19.824,Consumer,6.6906
44186,2014-11-20,22.96,Consumer,6.6584
44187,2014-12-11,14.76,Corporate,4.2804
44188,2014-12-06,11.07,Consumer,5.2029
44189,2014-11-18,11.43,Home Office,2.73
44192,2014-05-29,20.28,Corporate,6.27
44199,2014-06-18,17.61,Home Office,8.79
44200,2014-12-11,12.69,Consumer,5.82
44201,2014-02-28,20.16,Home Office,6.42
44202,2014-10-12,13.14,Consumer,-21.06
44203,2014-08-18,11.46,Home Office,2.97
44207,2014-02-10,14.6,Corporate,5.68
44208,2014-10-27,20.288,Corporate,-23.352
44209,2014-09-01,15.24,Corporate,4.56
44212,2014-10-02,26.28,Home Office,6.54
44213,2014-08-22,17.73,Consumer,1.53
44214,2014-08-20,19.386,Consumer,-2.154
44215,2014-09-08,27.975,Consumer,-13.575
44216,2014-07-14,8.82,Consumer,0.0
44222,2014-06-13,26.955,Corporate,-16.725
44224,2014-12-17,83.913,Consumer,18.153
44226,2014-12-02,15.92,Consumer,7.4824
44227,2014-07-31,26.25,Consumer,12.6
44235,2014-02-18,11.76,Home Office,5.7624
44237,2014-05-28,31.44,Corporate,7.86
44239,2014-09-26,8.595,Corporate,-6.303
44245,2014-01-03,10.404,Consumer,-14.916
44246,2014-05-20,22.29,Home Office,10.68
44247,2014-08-28,17.28,Home Office,7.92
44248,2014-07-29,22.53,Home Office,10.8
44255,2014-11-22,25.4,Corporate,0.48
44256,2014-07-02,35.088,Corporate,4.088
44258,2014-05-07,67.34,Corporate,18.06
44259,2014-04-28,19.32,Consumer,-6.78
44260,2014-09-03,23.088,Consumer,-5.072
44263,2014-09-17,24.24,Corporate,-6.88
44265,2014-06-27,48.357,Corporate,1.047
44266,2014-11-24,18.36,Consumer,0.72
44267,2014-02-28,17.091,Corporate,-1.179
44268,2014-08-29,25.56,Consumer,10.98
44274,2014-03-24,17.1435,Corporate,-7.1865
44276,2014-10-09,21.78,Home Office,-0.06
44282,2014-04-30,17.739,Consumer,-0.411
44285,2014-01-12,40.86,Consumer,-15.72
44286,2014-04-16,15.552,Consumer,5.4432
44287,2014-04-16,4.89,Consumer,2.0049
44289,2014-10-20,16.68,Consumer,5.2125
44290,2014-10-31,148.48,Consumer,16.704
44292,2014-09-11,13.71,Consumer,6.5808
44295,2014-12-15,52.68,Home Office,19.755
44297,2014-01-31,12.74,Home Office,5.733
44299,2014-09-05,13.344,Consumer,4.3368
44303,2014-10-29,15.552,Consumer,5.4432
44306,2014-02-07,29.9,Home Office,13.455
44309,2014-12-11,3.273,Consumer,-2.5093
44310,2014-06-20,24.56,Consumer,11.5432
44311,2014-09-05,42.51,Consumer,6.78
44315,2014-02-22,26.01,Corporate,10.38
44316,2014-03-18,22.08,Consumer,3.3
44320,2014-06-25,12.348,Corporate,-16.932
44322,2014-07-22,4.815,Consumer,-9.645
44325,2014-06-04,20.184,Corporate,-10.626
44326,2014-07-11,15.9,Consumer,0.3
44330,2014-02-06,13.76,Consumer,6.16
44332,2014-07-18,22.76,Consumer,8.64
44336,2014-09-27,23.4,Consumer,3.12
44337,2014-04-07,8.88,Consumer,-0.48
44345,2014-11-27,11.607,Consumer,-3.993
44349,2014-10-21,49.932,Corporate,-0.708
44350,2014-11-30,27.42,Consumer,3.54
44354,2014-07-09,24.56,Consumer,11.5432
44356,2014-06-13,13.128,Consumer,4.2666
44360,2014-09-21,13.76,Consumer,6.3296
44362,2014-08-17,13.428,Consumer,-11.19
44367,2014-01-30,13.48,Consumer,3.5048
44372,2014-07-09,11.172,Corporate,-13.698
44373,2014-06-24,24.03,Corporate,6.48
44374,2014-11-28,17.49,Corporate,2.07
44376,2014-10-12,14.28,Corporate,1.56
44389,2014-11-24,13.644,Consumer,-5.736
44390,2014-11-04,18.42,Consumer,6.44
44391,2014-11-03,8.952,Consumer,-4.328
44399,2014-01-09,15.96,Corporate,5.88
44406,2014-01-23,20.58,Consumer,8.22
44409,2014-05-12,22.5,Corporate,10.98
44410,2014-05-13,25.407,Corporate,10.707
44414,2014-08-06,13.932,Consumer,1.392
44416,2014-06-17,14.016,Corporate,4.7304
44420,2014-09-18,14.4,Corporate,7.056
44423,2014-12-27,16.032,Corporate,5.6112
44425,2014-09-23,12.07,Consumer,3.9831
44426,2014-07-28,14.01,Home Office,5.16
44428,2014-01-10,21.69,Home Office,1.29
44430,2014-07-30,83.28,Consumer,34.08
44431,2014-12-01,15.102,Consumer,-32.238
44435,2014-04-28,14.4,Consumer,0.72
44437,2014-08-23,24.48,Corporate,6.84
44438,2014-06-19,16.82,Consumer,5.38
44441,2014-10-29,13.88,Home Office,1.24
44442,2014-12-29,247.68,Consumer,16.5
44448,2014-04-24,29.97,Consumer,-1.35
44457,2014-12-29,27.168,Consumer,2.7168
44458,2014-06-05,31.984,Corporate,1.999
44462,2014-11-19,19.76,Home Office,8.2992
44463,2014-10-28,27.184,Home Office,2.0388
44466,2014-11-25,12.96,Consumer,6.2208
44471,2014-09-10,4.86,Consumer,-3.564
44472,2014-09-12,14.2,Consumer,6.674
44473,2014-03-22,22.14,Home Office,6.4206
44477,2014-11-28,8.127,Consumer,-5.433
44478,2014-06-18,26.25,Consumer,8.64
44483,2014-10-22,13.05,Corporate,6.0
44486,2014-05-13,19.056,Consumer,-5.244
44496,2014-04-10,6.34,Consumer,0.88
44497,2014-12-31,16.74,Home Office,0.66
44505,2014-01-09,18.0,Corporate,0.0
44509,2014-11-18,34.02,Home Office,5.04
44511,2014-12-25,88.101,Home Office,28.371
44513,2014-09-22,43.02,Consumer,7.17
44516,2014-06-17,19.08,Consumer,-16.2
44526,2014-02-21,13.11,Home Office,3.4086
44527,2014-11-15,45.04,Consumer,4.504
44528,2014-02-24,8.4,Corporate,0.336
44529,2014-12-10,5.76,Consumer,2.6496
44531,2014-12-04,16.72,Consumer,3.344
44537,2014-10-31,18.69,Corporate,8.58
44538,2014-04-17,13.83,Home Office,5.1
44540,2014-09-08,14.7,Consumer,2.94
44542,2014-02-28,17.52,Corporate,5.43
44545,2014-01-10,17.1,Home Office,-16.26
44551,2014-07-11,31.6,Consumer,15.12
44554,2014-05-07,15.42,Home Office,1.05
44555,2014-08-09,8.0136,Consumer,-6.3864
44558,2014-08-08,31.536,Home Office,9.096
44561,2014-07-27,41.817,Corporate,-12.663
44568,2014-09-17,5.98,Corporate,1.5548
44569,2014-09-05,13.12,Consumer,3.772
44574,2014-09-17,3.444,Consumer,-2.7552
44577,2014-10-03,17.46,Consumer,5.9364
44580,2014-12-23,23.128,Consumer,2.891
44583,2014-10-21,15.15,Consumer,1.8
44587,2014-01-17,9.51,Home Office,0.66
44593,2014-03-25,14.55,Consumer,3.18
44594,2014-09-17,14.22,Corporate,0.27
44603,2014-08-27,34.35,Consumer,-11.1
44604,2014-02-10,44.73,Corporate,9.36
44608,2014-12-02,20.64,Consumer,9.06
44613,2014-07-07,41.1345,Consumer,1.4445
44615,2014-12-16,19.4934,Corporate,-12.9066
44620,2014-09-22,20.16,Consumer,9.8784
44623,2014-03-03,12.222,Corporate,-20.1663
44628,2014-09-23,11.228,Corporate,-18.5262
44630,2014-10-10,18.98,Consumer,8.9206
44631,2014-05-19,8.928,Corporate,0.6696
44637,2014-06-21,4.464,Consumer,0.3348
44642,2014-04-09,15.417,Consumer,-21.093
44649,2014-08-05,16.53,Corporate,7.41
44652,2014-08-12,10.152,Consumer,-6.858
44653,2014-11-05,19.08,Consumer,8.16
44654,2014-05-22,18.72,Corporate,2.97
44657,2014-09-16,10.95,Home Office,2.4
44663,2014-10-28,13.272,Corporate,-6.008
44664,2014-11-06,32.12,Corporate,15.72
44665,2014-12-12,21.3,Consumer,8.7
44667,2014-12-15,19.176,Corporate,-0.024
44668,2014-10-14,24.36,Consumer,-5.72
44674,2014-03-28,26.52,Corporate,12.18
44678,2014-03-25,16.65,Corporate,4.65
44679,2014-11-03,27.24,Consumer,9.24
44683,2014-02-13,15.0147,Consumer,-2.5353
44685,2014-06-14,10.2795,Consumer,-7.8705
44693,2014-04-12,11.364,Home Office,-17.046
44695,2014-12-03,12.16,Corporate,2.128
44696,2014-01-08,7.89,Consumer,3.5505
44700,2014-11-14,22.0,Consumer,1.375
44710,2014-03-01,22.11,Consumer,3.96
44711,2014-06-02,17.46,Home Office,7.14
44713,2014-11-25,26.4,Home Office,-23.16
44715,2014-01-27,14.97,Consumer,5.37
44720,2014-08-04,30.96,Consumer,11.76
44721,2014-01-16,13.56,Corporate,0.52
44726,2014-08-15,22.32,Consumer,1.76
44727,2014-11-26,15.552,Consumer,1.992
44728,2014-01-17,24.48,Corporate,11.43
44731,2014-04-15,79.11,Corporate,15.75
44733,2014-06-20,17.415,Corporate,3.075
44734,2014-03-10,18.0,Corporate,-17.28
44735,2014-07-04,27.0,Corporate,2.7
44736,2014-05-26,28.44,Corporate,0.0
44740,2014-09-08,15.552,Consumer,5.4432
44743,2014-09-21,11.784,Consumer,3.9771
44744,2014-10-21,15.984,Corporate,1.3986
44745,2014-05-21,8.288,Consumer,3.0044
44746,2014-02-27,10.53,Corporate,2.82
44747,2014-05-23,53.97,Corporate,18.33
44749,2014-12-13,23.73,Corporate,10.65
44754,2014-09-09,20.136,Consumer,-27.204
44762,2014-08-04,28.38,Corporate,5.64
44763,2014-08-11,15.66,Consumer,0.3
44765,2014-09-05,10.64,Consumer,5.1
44769,2014-06-10,9.28,Corporate,1.2
44770,2014-10-16,27.072,Consumer,-14.448
44775,2014-11-17,34.92,Consumer,14.28
44778,2014-12-24,19.14,Home Office,4.2
44780,2014-09-20,15.714,Home Office,4.314
44781,2014-05-07,12.42,Consumer,0.66
44783,2014-08-05,21.7035,Consumer,-5.7465
44786,2014-06-03,50.1,Consumer,16.98
44787,2014-12-03,8.752,Consumer,-3.7196
44788,2014-04-17,25.98,Corporate,1.5588
44790,2014-11-20,25.06,Consumer,12.53
44792,2014-05-21,7.41,Consumer,3.4827
44799,2014-08-21,25.92,Consumer,12.4416
44803,2014-11-14,11.82,Corporate,3.9
44806,2014-12-15,23.16,Consumer,6.24
44812,2014-12-09,6.03,Consumer,1.86
44814,2014-07-28,5.91,Corporate,0.51
44815,2014-08-14,34.92,Home Office,11.16
44817,2014-03-14,28.0,Corporate,1.68
44818,2014-10-02,66.96,Consumer,20.72
44821,2014-12-13,11.84,Consumer,2.48
44823,2014-04-22,18.564,Consumer,-23.516
44824,2014-04-08,20.352,Consumer,-11.548
44828,2014-06-23,16.0,Consumer,4.96
44830,2014-06-30,41.52,Home Office,8.64
44832,2014-08-12,18.24,Consumer,6.48
44834,2014-08-13,15.12,Consumer,2.52
44836,2014-11-04,18.522,Consumer,3.882
44839,2014-11-14,20.58,Consumer,5.94
44840,2014-02-13,12.8733,Consumer,-2.0367
44842,2014-08-20,22.0374,Consumer,1.2474
44846,2014-06-06,37.26,Corporate,5.31
44847,2014-09-22,23.5554,Home Office,2.2554
44849,2014-11-22,18.72,Consumer,9.12
44853,2014-02-13,26.76,Corporate,10.38
44857,2014-07-26,20.23,Consumer,9.5081
44860,2014-07-04,24.56,Home Office,11.5432
44862,2014-11-19,44.384,Consumer,15.5344
44865,2014-05-20,27.888,Corporate,10.1094
44869,2014-09-14,15.92,Consumer,2.786
44870,2014-03-24,32.48,Consumer,4.872
44873,2014-09-25,15.51,Home Office,3.8775
44875,2014-09-15,8.56,Consumer,3.852
44876,2014-11-18,12.9,Consumer,5.01
44877,2014-08-27,12.57,Corporate,1.62
44882,2014-04-02,14.28,Corporate,3.54
44888,2014-08-26,9.408,Consumer,0.288
44897,2014-11-06,13.932,Consumer,-3.948
44898,2014-05-08,45.36,Home Office,7.56
44899,2014-01-01,13.8,Consumer,4.92
44901,2014-04-17,31.2,Consumer,4.05
44903,2014-12-20,49.56,Consumer,5.94
44906,2014-08-07,43.515,Consumer,-7.875
44908,2014-05-19,31.8,Corporate,5.64
44910,2014-08-14,23.22,Consumer,6.9
44913,2014-08-16,22.5225,Consumer,2.0025
44917,2014-11-20,18.7,Consumer,7.106
44918,2014-10-07,41.96,Home Office,2.9372
44920,2014-06-02,3.798,Consumer,-2.6586
44931,2014-05-09,29.322,Corporate,-40.098
44934,2014-12-17,19.68,Consumer,3.3
44939,2014-10-30,16.0,Consumer,4.96
44940,2014-11-20,14.952,Home Office,-22.428
44941,2014-11-20,14.952,Home Office,-22.428
44944,2014-11-25,26.76,Consumer,7.48
44946,2014-11-19,30.52,Consumer,10.64
44948,2014-01-06,16.86,Home Office,6.06
44951,2014-02-17,8.37,Consumer,-2.19
44953,2014-08-02,20.82,Corporate,7.02
44954,2014-12-27,16.875,Corporate,-11.925
44957,2014-11-05,12.852,Consumer,2.112
44962,2014-10-03,22.5,Home Office,9.0
44967,2014-09-05,16.784,Consumer,-0.2098
44975,2014-05-26,29.84,Home Office,13.428
44976,2014-09-03,10.9,Consumer,2.834
44978,2014-08-18,16.784,Home Office,-22.2388
44979,2014-12-04,10.32,Consumer,3.741
44981,2014-04-29,28.08,Consumer,5.265
44982,2014-10-21,4.768,Consumer,-0.7748
44983,2014-11-17,12.42,Consumer,4.4712
44984,2014-09-23,21.96,Consumer,-23.07
44985,2014-06-02,54.96,Corporate,-33.0
44986,2014-05-27,29.04,Consumer,9.24
44987,2014-09-18,13.68,Consumer,4.08
44988,2014-11-06,25.44,Consumer,2.28
44990,2014-08-07,16.02,Consumer,-15.0
44991,2014-03-02,23.79,Corporate,2.85
44992,2014-05-06,23.244,Corporate,-24.426
44995,2014-08-28,9.74,Corporate,3.5
44999,2014-11-03,14.72,Corporate,2.2
45002,2014-04-10,54.18,Corporate,27.06
45004,2014-04-30,78.84,Corporate,38.58
45006,2014-12-18,20.64,Home Office,-6.24
45007,2014-08-29,20.196,Corporate,-9.954
45010,2014-10-20,15.6933,Consumer,-13.6467
45012,2014-06-27,15.92,Home Office,5.4128
45013,2014-04-10,12.96,Home Office,6.2208
45014,2014-12-10,12.96,Corporate,6.2208
45017,2014-09-17,20.736,Home Office,7.2576
45018,2014-09-19,9.82,Corporate,3.2406
45026,2014-12-17,13.36,Home Office,6.4128
45030,2014-11-06,101.4,Consumer,38.532
45031,2014-12-27,13.32,Corporate,-27.12
45033,2014-12-28,8.76,Consumer,1.38
45034,2014-06-18,13.95,Home Office,6.39
45037,2014-03-10,11.94,Consumer,-11.07
45038,2014-04-28,16.65,Consumer,7.98
45039,2014-09-26,13.29,Consumer,0.39
45043,2014-06-09,10.77,Consumer,0.0
45051,2014-11-10,17.16,Corporate,4.62
45060,2014-01-29,15.96,Home Office,2.37
45061,2014-10-17,40.56,Home Office,2.82
45064,2014-08-12,16.1415,Consumer,6.2415
45065,2014-05-13,11.28,Home Office,5.28
45068,2014-07-07,16.056,Corporate,5.8203
45069,2014-12-18,13.23,Consumer,6.0858
45073,2014-12-10,41.54,Corporate,19.5238
45076,2014-05-30,23.55,Home Office,1.1775
45082,2014-07-22,14.94,Consumer,7.1712
45090,2014-07-16,4.788,Consumer,-10.242
45093,2014-08-19,24.192,Home Office,3.492
45100,2014-08-01,12.012,Corporate,1.592
45104,2014-04-22,65.712,Consumer,-0.048
45105,2014-04-08,23.616,Corporate,-0.804
45110,2014-02-17,27.3,Corporate,-25.14
45112,2014-05-10,177.12,Consumer,10.56
45113,2014-12-11,11.82,Consumer,1.02
45121,2014-11-25,13.7376,Corporate,-6.7824
45123,2014-09-24,26.676,Consumer,2.196
45124,2014-04-15,13.872,Consumer,5.0286
45125,2014-08-26,9.728,Consumer,1.7024
45127,2014-04-17,26.046,Consumer,-44.2782
45131,2014-10-03,22.638,Consumer,-16.6012
45134,2014-11-27,27.46,Home Office,9.8856
45137,2014-01-06,29.1,Home Office,6.36
45139,2014-09-30,15.48,Consumer,4.32
45145,2014-02-14,18.69,Home Office,8.58
45146,2014-09-22,23.97,Consumer,0.45
45148,2014-06-12,18.33,Consumer,3.48
45151,2014-02-06,5.808,Corporate,-4.512
45152,2014-12-26,17.622,Consumer,-20.598
45154,2014-11-17,14.64,Home Office,1.88
45155,2014-12-26,11.64,Home Office,-3.72
45159,2014-08-07,13.68,Consumer,1.88
45160,2014-12-29,14.04,Consumer,6.42
45161,2014-06-26,29.28,Corporate,11.4
45163,2014-10-29,22.536,Consumer,-29.904
45165,2014-09-28,7.98,Consumer,2.7
45166,2014-11-21,16.24,Corporate,7.78
45170,2014-08-28,34.02,Consumer,14.28
45171,2014-09-03,19.2,Consumer,-18.48
45173,2014-07-01,9.045,Consumer,-3.465
45175,2014-04-01,33.7875,Corporate,1.0875
45179,2014-04-02,93.51,Home Office,20.52
45180,2014-09-26,20.142,Consumer,3.522
45181,2014-07-21,14.0934,Consumer,0.4734
45183,2014-11-28,16.0605,Consumer,5.8605
45185,2014-10-02,19.44,Corporate,9.3312
45187,2014-02-12,21.336,Corporate,7.7343
45193,2014-03-26,11.05,Consumer,2.9835
45195,2014-12-24,44.96,Corporate,20.6816
45197,2014-09-23,17.94,Consumer,6.4584
45201,2014-11-08,7.88,Consumer,2.5216
45205,2014-03-25,14.28,Home Office,1.56
45206,2014-06-17,11.712,Consumer,-16.128
45210,2014-11-25,48.45,Corporate,22.77
45214,2014-08-02,5.931,Home Office,-5.559
45220,2014-06-19,14.553,Consumer,-18.447
45221,2014-11-24,15.72,Corporate,5.64
45224,2014-10-08,10.12,Corporate,1.6
45229,2014-09-29,18.48,Home Office,4.96
45234,2014-09-15,618.084,Consumer,27.444
45235,2014-11-26,13.83,Consumer,5.1
45238,2014-03-11,27.0,Consumer,3.78
45239,2014-09-16,15.24,Consumer,6.84
45240,2014-12-01,16.173,Corporate,2.313
45243,2014-05-08,14.628,Corporate,-9.432
45262,2014-02-27,29.6,Consumer,13.32
45266,2014-08-21,10.14,Consumer,-8.37
45267,2014-07-23,26.37,Consumer,10.8
45268,2014-01-16,19.56,Consumer,4.68
45272,2014-06-26,16.68,Consumer,6.33
45274,2014-03-06,13.8,Consumer,1.38
45278,2014-06-02,19.14,Consumer,4.2
45281,2014-09-04,48.66,Corporate,22.86
45282,2014-11-09,13.05,Consumer,6.0
45286,2014-06-02,18.72,Corporate,-10.92
45291,2014-08-08,17.61,Consumer,-12.03
45299,2014-08-14,11.25,Home Office,0.9
45301,2014-02-25,84.18,Consumer,37.86
45302,2014-05-08,144.045,Consumer,-51.975
45307,2014-12-05,28.44,Corporate,-8.1
45308,2014-09-19,10.86,Corporate,5.1042
45310,2014-03-17,6.48,Home Office,3.1104
45311,2014-07-01,22.23,Consumer,9.7812
45313,2014-07-18,10.56,Corporate,0.0
45314,2014-10-15,27.396,Home Office,-42.4638
45316,2014-09-26,24.448,Corporate,8.8624
45317,2014-12-04,13.344,Consumer,1.0008
45318,2014-12-26,21.0,Consumer,5.775
45326,2014-07-12,7.26,Corporate,2.52
45328,2014-01-06,7.35,Consumer,2.25
45329,2014-12-02,11.46,Home Office,2.97
45330,2014-01-02,14.37,Consumer,3.0
45332,2014-09-23,12.876,Home Office,-7.104
45334,2014-06-30,16.44,Corporate,8.22
45341,2014-06-08,10.72,Corporate,-10.72
45350,2014-08-13,18.36,Corporate,0.72
45351,2014-10-23,936.27,Consumer,65.52
45353,2014-11-10,27.96,Consumer,4.17
45359,2014-05-25,7.5684,Corporate,-1.4316
45360,2014-12-25,37.86,Consumer,5.64
45362,2014-11-28,26.892,Home Office,2.592
45364,2014-08-03,44.352,Consumer,-0.048
45365,2014-06-17,191.98,Consumer,51.8346
45367,2014-10-24,13.72,Consumer,1.2005
45374,2014-12-26,18.18,Corporate,5.25
45378,2014-11-06,15.39,Consumer,0.0
45384,2014-09-12,14.19,Consumer,2.97
45386,2014-11-08,27.78,Home Office,6.93
45389,2014-09-09,6.228,Consumer,-2.202
45394,2014-09-24,20.316,Corporate,-23.874
45395,2014-06-24,20.78,Home Office,1.66
45396,2014-09-03,19.344,Consumer,-15.976
45397,2014-07-19,8.514,Consumer,-17.446
45398,2014-03-06,13.584,Corporate,-2.736
45401,2014-05-12,20.4,Consumer,0.0
45405,2014-11-14,20.82,Consumer,1.86
45409,2014-08-04,11.43,Corporate,4.89
45411,2014-08-02,27.72,Corporate,8.55
45413,2014-10-20,8.25,Consumer,1.56
45415,2014-08-28,15.54,Consumer,5.1
45416,2014-10-10,24.72,Corporate,6.9
45421,2014-11-17,21.96,Home Office,6.12
45422,2014-06-12,11.988,Consumer,1.008
45426,2014-04-10,17.43,Consumer,-13.363
45429,2014-05-19,14.56,Consumer,6.2608
45430,2014-05-12,37.59,Consumer,17.6673
45432,2014-06-11,8.4,Corporate,4.2
45433,2014-05-21,6.98,Home Office,3.3504
45438,2014-03-03,18.528,Consumer,-12.352
45439,2014-07-28,12.96,Consumer,6.2208
45440,2014-05-29,15.552,Corporate,5.4432
45441,2014-10-27,55.616,Home Office,5.5616
45444,2014-09-29,21.888,Consumer,-16.512
45447,2014-09-27,10.05,Consumer,4.92
45454,2014-11-04,13.29,Corporate,0.39
45455,2014-03-25,24.0,Consumer,2.88
45456,2014-10-22,38.64,Consumer,-46.38
45457,2014-04-23,17.184,Consumer,-0.216
45462,2014-07-07,17.07,Corporate,-3.09
45463,2014-01-21,16.5,Corporate,2.28
45464,2014-01-14,54.12,Consumer,12.96
45467,2014-01-20,12.66,Consumer,0.48
45469,2014-07-16,17.73,Consumer,1.53
45473,2014-10-30,24.084,Consumer,8.784
45475,2014-12-11,18.0783,Corporate,0.9783
45480,2014-05-30,19.278,Corporate,6.588
45483,2014-06-16,19.56,Consumer,1.7115
45484,2014-06-05,6.37,Corporate,-9.555
45485,2014-12-06,14.976,Consumer,5.4288
45488,2014-08-05,8.784,Corporate,3.1842
45493,2014-10-16,11.68,Corporate,4.2048
45494,2014-03-24,20.04,Consumer,9.6192
45496,2014-07-12,29.8,Corporate,9.3125
45498,2014-11-06,12.96,Consumer,6.2208
45502,2014-04-24,8.37,Corporate,3.09
45503,2014-06-18,7.812,Corporate,-9.378
45507,2014-10-02,19.764,Home Office,-17.136
45510,2014-07-25,27.12,Consumer,5.94
45511,2014-04-11,12.8,Home Office,2.88
45516,2014-05-08,9.3,Consumer,4.62
45518,2014-04-26,18.036,Corporate,-3.624
45521,2014-12-03,17.37,Corporate,4.68
45522,2014-01-22,26.52,Corporate,1.32
45526,2014-11-17,17.52,Corporate,8.04
45528,2014-02-27,5.04,Corporate,0.84
45530,2014-09-14,31.5,Corporate,6.9
45531,2014-09-16,11.4,Consumer,2.82
45537,2014-07-22,18.468,Home Office,4.908
45547,2014-12-12,10.368,Consumer,3.6288
45550,2014-06-04,15.552,Consumer,5.4432
45553,2014-09-16,12.42,Consumer,5.2164
45555,2014-11-19,7.38,Corporate,3.4686
45558,2014-03-14,8.328,Consumer,-3.972
45559,2014-11-04,11.646,Consumer,-9.354
45563,2014-09-12,6.687,Consumer,-8.703
45564,2014-11-13,8.79,Home Office,3.33
45567,2014-09-16,18.528,Consumer,-20.862
45570,2014-04-10,14.112,Consumer,-19.308
45571,2014-09-26,19.94,Corporate,5.18
45573,2014-04-15,16.0,Corporate,2.4
45575,2014-09-03,19.04,Consumer,6.08
45588,2014-03-10,18.09,Consumer,5.76
45589,2014-06-18,10.74,Corporate,3.96
45592,2014-01-15,14.01,Corporate,-2.85
45593,2014-08-05,41.7216,Consumer,1.5216
45594,2014-05-05,22.38,Consumer,5.76
45595,2014-09-17,16.155,Corporate,-10.035
45596,2014-06-27,13.8807,Consumer,-5.2593
45597,2014-09-05,21.708,Consumer,6.228
45600,2014-11-26,24.96,Corporate,2.22
45606,2014-10-21,39.96,Consumer,18.7812
45608,2014-12-19,18.704,Corporate,2.338
45609,2014-12-10,14.94,Consumer,7.0218
45610,2014-05-07,11.06,Corporate,-18.802
45612,2014-04-02,23.976,Corporate,-5.6943
45615,2014-09-25,12.72,Home Office,4.9608
45620,2014-05-05,5.772,Home Office,-1.608
45622,2014-03-28,20.58,Corporate,5.94
45624,2014-05-29,12.24,Corporate,4.65
45629,2014-08-20,13.056,Home Office,-12.744
45631,2014-11-29,14.944,Consumer,-2.816
45632,2014-06-24,9.52,Consumer,2.64
45633,2014-05-21,22.64,Home Office,5.4
45634,2014-08-15,11.0,Consumer,3.72
45636,2014-11-10,28.12,Home Office,5.32
45642,2014-11-10,14.76,Corporate,2.34
45645,2014-01-22,11.82,Consumer,1.02
45646,2014-06-16,6.39,Consumer,-6.39
45647,2014-10-06,40.05,Consumer,18.81
45651,2014-07-24,13.128,Corporate,4.2666
45653,2014-12-06,20.94,Corporate,6.0726
45657,2014-07-30,33.48,Consumer,16.4052
45658,2014-03-22,8.544,Consumer,2.8836
45659,2014-06-11,15.58,Consumer,3.895
45660,2014-06-27,13.872,Corporate,4.6818
45662,2014-11-05,7.536,Home Office,-13.188
45665,2014-08-14,8.883,Corporate,-10.377
45666,2014-03-26,10.95,Consumer,2.4
45667,2014-01-29,17.046,Corporate,-31.254
45671,2014-07-26,18.75,Consumer,8.61
45672,2014-10-29,14.688,Consumer,-16.662
45673,2014-06-24,11.37,Consumer,4.08
45675,2014-08-12,59.52,Consumer,0.54
45678,2014-01-08,17.28,Home Office,6.36
45679,2014-09-25,31.52,Home Office,4.08
45685,2014-06-25,18.528,Consumer,-8.352
45686,2014-04-23,40.98,Consumer,15.96
45691,2014-09-16,17.73,Corporate,1.53
45695,2014-04-18,28.2366,Consumer,5.4366
45698,2014-12-11,14.1192,Corporate,-7.8408
45700,2014-10-31,18.5076,Corporate,-2.4624
45704,2014-12-29,13.96,Consumer,6.4216
45705,2014-07-12,8.67,Corporate,4.0749
45710,2014-10-28,7.056,Home Office,2.205
45713,2014-11-17,23.36,Home Office,6.0736
45716,2014-08-18,8.56,Corporate,3.852
45719,2014-05-28,27.192,Corporate,0.3399
45720,2014-10-25,11.68,Consumer,5.256
45722,2014-09-05,19.2,Consumer,4.41
45723,2014-05-08,24.48,Consumer,-17.76
45724,2014-01-03,12.456,Consumer,-15.804
45726,2014-09-27,14.976,Consumer,-9.984
45727,2014-02-17,16.938,Corporate,-25.422
45729,2014-08-12,10.572,Corporate,-13.488
45731,2014-10-07,12.408,Consumer,-17.712
45733,2014-09-26,42.912,Corporate,-34.368
45734,2014-12-25,13.44,Corporate,5.64
45735,2014-06-27,14.64,Home Office,4.95
45738,2014-11-11,15.21,Home Office,-21.81
45739,2014-10-31,14.22,Corporate,0.27
45740,2014-12-24,7.62,Consumer,3.42
45741,2014-12-28,31.848,Consumer,-6.392
45743,2014-06-04,15.84,Consumer,-4.8
45744,2014-07-30,11.184,Home Office,0.744
45745,2014-10-29,13.32,Corporate,0.42
45747,2014-11-03,17.244,Home Office,-11.256
45750,2014-12-11,16.218,Home Office,-35.142
45752,2014-12-13,14.6,Consumer,5.52
45753,2014-12-19,18.564,Corporate,-12.376
45755,2014-08-09,42.45,Home Office,11.85
45756,2014-03-24,27.96,Corporate,-25.74
45757,2014-04-17,39.54,Consumer,16.56
45760,2014-08-20,10.707,Home Office,-0.813
45762,2014-10-04,22.6008,Home Office,2.4408
45763,2014-05-27,22.32,Home Office,-17.04
45769,2014-05-01,5.76,Consumer,2.8224
45770,2014-05-24,18.32,Consumer,-46.716
45775,2014-12-04,10.368,Consumer,3.6288
45778,2014-11-07,18.16,Consumer,1.816
45780,2014-11-06,17.4,Consumer,1.56
45788,2014-09-19,11.292,Corporate,-16.938
45789,2014-05-07,10.65,Corporate,2.64
45790,2014-02-05,11.4,Consumer,2.61
45791,2014-12-09,15.624,Home Office,-18.756
45796,2014-06-16,18.92,Corporate,4.72
45799,2014-06-25,17.62,Corporate,8.8
45800,2014-02-07,14.04,Consumer,0.84
45802,2014-01-28,122.13,Consumer,61.02
45805,2014-10-02,9.6,Home Office,4.38
45806,2014-11-13,13.11,Home Office,4.44
45808,2014-01-03,78.246,Consumer,-0.054
45810,2014-04-24,10.761,Consumer,4.161
45817,2014-09-26,8.26,Consumer,3.8822
45818,2014-12-19,32.4,Consumer,15.552
45821,2014-07-24,11.68,Consumer,5.4896
45822,2014-03-06,18.69,Consumer,9.1581
45823,2014-01-15,18.336,Consumer,6.6468
45831,2014-10-10,22.2,Corporate,5.28
45834,2014-03-19,13.68,Corporate,4.08
45837,2014-08-12,49.32,Corporate,11.82
45840,2014-12-19,15.48,Home Office,2.61
45841,2014-06-11,10.26,Consumer,2.64
45842,2014-10-14,12.93,Consumer,0.36
45844,2014-01-20,19.584,Home Office,-11.766
45847,2014-10-08,12.9,Consumer,1.1
45853,2014-03-16,25.84,Consumer,-14.24
45854,2014-10-10,10.044,Consumer,-6.036
45857,2014-10-29,17.16,Consumer,8.2
45858,2014-11-03,18.76,Home Office,7.84
45861,2014-04-07,13.62,Consumer,3.78
45871,2014-10-24,31.482,Consumer,-1.818
45872,2014-11-13,12.7836,Corporate,-3.1764
45879,2014-12-10,9.708,Corporate,-5.8248
45882,2014-07-29,9.984,Corporate,3.6192
45883,2014-01-22,14.4,Home Office,7.056
45884,2014-01-30,8.34,Consumer,2.1684
45890,2014-03-22,8.856,Consumer,2.8782
45892,2014-05-20,18.693,Corporate,-29.937
45894,2014-12-26,3.411,Consumer,-5.349
45897,2014-03-04,12.3,Consumer,4.65
45900,2014-02-28,15.6,Home Office,2.46
45903,2014-05-15,16.71,Consumer,3.15
45906,2014-04-21,17.334,Consumer,-27.756
45908,2014-09-23,14.26,Home Office,6.98
45921,2014-03-14,21.0705,Home Office,-16.8795
45922,2014-10-31,10.3455,Consumer,0.3555
45923,2014-06-16,30.699,Consumer,13.599
45927,2014-01-23,11.96,Home Office,5.382
45928,2014-09-03,15.072,Corporate,4.1448
45930,2014-12-25,17.88,Consumer,5.5875
45932,2014-09-18,12.96,Consumer,6.3504
45933,2014-01-21,24.2,Consumer,7.986
45936,2014-10-03,8.94,Home Office,4.1124
45940,2014-12-12,14.952,Consumer,5.0463
45941,2014-10-16,14.73,Consumer,7.2177
45944,2014-04-22,20.736,Corporate,7.2576
45946,2014-12-25,21.312,Corporate,7.992
45947,2014-05-02,4.608,Consumer,1.4976
45948,2014-01-15,12.12,Home Office,2.5452
45962,2014-01-24,21.99,Corporate,10.11
45965,2014-06-04,8.86,Corporate,0.0
45971,2014-05-30,30.24,Consumer,11.76
45972,2014-07-05,18.56,Consumer,2.4
45979,2014-10-07,15.9,Consumer,-15.3
45980,2014-07-07,21.54,Consumer,0.0
45987,2014-04-17,17.46,Consumer,6.06
45989,2014-12-10,15.114,Home Office,-0.006
45992,2014-11-13,10.56,Corporate,4.752
45993,2014-07-09,12.96,Consumer,4.1472
45998,2014-07-19,16.096,Consumer,5.2312
46002,2014-07-16,7.83,Consumer,3.6018
46004,2014-07-15,9.248,Consumer,3.3524
46008,2014-02-10,8.469,Home Office,-19.761
46011,2014-11-14,15.15,Consumer,2.1
46013,2014-02-24,30.45,Home Office,15.21
46018,2014-04-12,17.55,Consumer,0.87
46021,2014-03-26,16.62,Home Office,1.32
46023,2014-07-03,12.636,Consumer,-19.884
46026,2014-06-23,15.072,Corporate,-8.328
46029,2014-12-13,15.96,Consumer,-35.74
46030,2014-09-05,14.7,Corporate,4.4
46032,2014-08-13,19.68,Corporate,7.26
46037,2014-01-03,24.72,Consumer,11.1
46038,2014-08-18,42.12,Home Office,21.06
46041,2014-05-05,13.41,Consumer,3.6
46042,2014-05-07,17.946,Consumer,-2.694
46046,2014-09-22,20.46,Consumer,1.02
46048,2014-10-23,12.936,Corporate,-5.904
46052,2014-06-21,5.248,Consumer,0.5904
46056,2014-12-19,6.63,Consumer,1.7901
46061,2014-11-14,8.64,Consumer,4.2336
46070,2014-08-15,16.152,Corporate,-10.908
46073,2014-03-18,8.442,Corporate,-15.498
46077,2014-08-12,13.38,Corporate,3.21
46083,2014-08-27,7.536,Consumer,-4.404
46085,2014-06-09,15.24,Corporate,7.16
46086,2014-12-01,11.92,Home Office,4.16
46094,2014-11-23,160.92,Corporate,77.22
46096,2014-01-14,31.56,Consumer,3.78
46099,2014-09-12,8.55,Home Office,-6.33
46102,2014-01-15,34.11,Consumer,9.54
46104,2014-07-26,45.96,Home Office,0.36
46106,2014-08-08,22.0374,Consumer,-12.5226
46107,2014-02-05,14.19,Home Office,0.99
46113,2014-11-11,6.45,Home Office,2.37
46115,2014-12-02,221.55,Consumer,6.6465
46119,2014-03-18,18.75,Consumer,9.0
46120,2014-04-18,12.03,Home Office,-9.223
46128,2014-07-15,13.12,Consumer,2.132
46133,2014-11-13,14.04,Consumer,7.02
46137,2014-01-16,12.36,Consumer,1.23
46138,2014-12-26,11.904,Home Office,-14.586
46143,2014-09-23,12.36,Corporate,3.45
46147,2014-08-07,8.49,Home Office,2.37
46148,2014-01-02,15.15,Consumer,2.1
46150,2014-12-17,14.076,Consumer,-16.944
46151,2014-11-18,16.65,Consumer,4.65
46152,2014-10-28,24.72,Corporate,10.86
46153,2014-02-25,12.732,Consumer,-10.188
46157,2014-09-23,14.256,Home Office,-5.484
46159,2014-01-13,12.36,Corporate,3.8
46162,2014-10-02,13.08,Consumer,4.56
46164,2014-11-22,9.588,Consumer,-0.012
46166,2014-12-03,25.14,Corporate,7.74
46167,2014-11-21,24.72,Corporate,2.46
46172,2014-10-03,15.714,Corporate,-1.236
46174,2014-04-23,21.6,Consumer,10.8
46177,2014-12-23,28.998,Home Office,9.918
46181,2014-11-07,15.28,Consumer,7.4872
46183,2014-06-05,12.48,Consumer,5.616
46184,2014-07-04,23.99,Consumer,5.5177
46185,2014-12-11,19.104,Consumer,5.7312
46186,2014-07-11,18.84,Consumer,7.9128
46190,2014-10-01,3.89,Corporate,1.0114
46192,2014-04-21,15.76,Consumer,3.546
46193,2014-11-07,8.505,Consumer,-11.355
46197,2014-03-18,9.24,Consumer,2.85
46202,2014-08-25,8.82,Consumer,0.0
46203,2014-06-27,23.7,Consumer,0.0
46204,2014-12-19,51.93,Home Office,9.33
46208,2014-08-11,28.56,Consumer,11.04
46211,2014-06-23,15.036,Corporate,1.496
46212,2014-03-21,13.824,Home Office,-9.216
46213,2014-05-01,13.248,Corporate,-5.112
46214,2014-09-25,32.0,Home Office,14.08
46218,2014-05-05,16.8,Corporate,1.34
46220,2014-06-26,13.98,Corporate,6.84
46224,2014-11-11,26.94,Home Office,12.39
46225,2014-09-01,33.21,Consumer,10.26
46227,2014-09-16,14.88,Consumer,-2.1
46240,2014-12-05,13.392,Corporate,3.1806
46242,2014-12-24,13.84,Corporate,-22.144
46243,2014-09-25,15.57,Home Office,-11.418
46246,2014-03-17,5.193,Consumer,-3.462
46247,2014-04-24,11.664,Consumer,3.3534
46249,2014-11-15,34.24,Consumer,9.9296
46252,2014-08-04,14.52,Consumer,4.2
46254,2014-09-03,4.77,Consumer,-10.83
46255,2014-10-21,14.88,Corporate,3.27
46256,2014-10-28,13.644,Corporate,-30.486
46258,2014-11-12,22.32,Consumer,0.87
46261,2014-01-04,8.208,Corporate,-7.032
46262,2014-03-03,7.929,Corporate,-7.671
46266,2014-06-06,6.04,Consumer,2.44
46267,2014-10-13,15.28,Home Office,1.96
46271,2014-06-06,6.4,Home Office,1.96
46272,2014-07-01,21.9,Consumer,5.88
46274,2014-04-25,8.64,Consumer,3.18
46277,2014-06-24,29.988,Consumer,-4.512
46279,2014-12-08,20.16,Corporate,-18.18
46281,2014-04-18,17.0316,Consumer,5.9316
46282,2014-06-16,29.79,Home Office,-29.79
46285,2014-11-28,21.7035,Home Office,-5.7465
46286,2014-11-28,37.08,Consumer,17.73
46287,2014-09-11,24.9,Consumer,11.703
46289,2014-10-22,17.856,Home Office,2.0088
46290,2014-04-15,10.776,Consumer,3.5022
46294,2014-09-08,7.857,Home Office,-6.0237
46295,2014-02-14,10.71,Consumer,2.7846
46303,2014-08-12,25.92,Home Office,12.4416
46309,2014-07-22,3.654,Consumer,-3.306
46313,2014-12-29,16.98,Corporate,7.98
46314,2014-09-17,49.77,Corporate,13.92
46321,2014-10-02,13.18,Consumer,1.3
46328,2014-09-17,13.38,Consumer,3.42
46330,2014-04-26,17.28,Consumer,7.92
46333,2014-05-02,22.68,Corporate,4.98
46334,2014-02-24,14.355,Home Office,-10.485
46337,2014-01-02,36.45,Consumer,4.71
46338,2014-06-05,25.6149,Corporate,-15.5151
46342,2014-11-04,10.116,Consumer,-1.374
46343,2014-05-01,13.896,Corporate,-9.264
46346,2014-07-21,14.62,Corporate,6.8714
46348,2014-09-03,9.4,Consumer,2.726
46350,2014-03-26,23.1,Corporate,6.93
46352,2014-04-21,14.56,Consumer,-6.188
46355,2014-01-27,11.84,Consumer,5.6832
46361,2014-10-03,18.24,Consumer,3.96
46364,2014-11-26,13.56,Consumer,2.97
46366,2014-10-20,8.76,Corporate,4.02
46368,2014-09-19,20.82,Consumer,7.02
46369,2014-11-06,19.2,Consumer,4.41
46372,2014-09-19,6.72,Consumer,2.82
46374,2014-06-13,10.26,Consumer,2.64
46376,2014-12-10,17.52,Corporate,8.04
46377,2014-04-30,14.19,Consumer,2.82
46382,2014-03-21,13.04,Consumer,3.52
46384,2014-11-19,18.66,Corporate,7.26
46386,2014-11-01,9.0,Consumer,4.32
46387,2014-11-17,9.456,Consumer,-4.264
46390,2014-07-21,10.728,Corporate,-15.852
46392,2014-01-08,21.6,Consumer,0.48
46397,2014-12-17,6.81,Corporate,1.89
46399,2014-10-13,13.23,Corporate,0.0
46402,2014-08-28,12.69,Home Office,4.35
46403,2014-06-16,11.6034,Consumer,-0.7566
46404,2014-11-03,10.5078,Consumer,3.9078
46414,2014-07-14,39.594,Consumer,-7.2589
46415,2014-05-30,7.98,Consumer,3.99
46416,2014-01-16,4.276,Consumer,-6.6278
46420,2014-05-08,9.888,Consumer,-3.732
46425,2014-02-07,19.932,Consumer,-24.918
46426,2014-03-06,14.28,Consumer,6.54
46429,2014-04-16,5.316,Corporate,-5.604
46430,2014-05-16,11.37,Consumer,2.61
46431,2014-06-25,18.84,Corporate,8.46
46433,2014-01-24,13.2,Consumer,0.24
46442,2014-05-10,22.4,Consumer,9.6
46443,2014-09-13,14.4,Consumer,6.6
46444,2014-09-22,11.64,Consumer,1.36
46446,2014-10-27,31.168,Corporate,-16.432
46447,2014-12-26,20.97,Consumer,-5.46
46448,2014-12-26,20.004,Consumer,-22.026
46450,2014-01-09,71.04,Corporate,24.84
46453,2014-11-16,40.068,Consumer,-1.452
46461,2014-11-05,23.68,Home Office,8.88
46464,2014-04-18,20.736,Home Office,7.2576
46465,2014-12-25,14.376,Consumer,4.8519
46468,2014-08-05,7.968,Corporate,2.8884
46469,2014-09-24,20.736,Consumer,7.2576
46472,2014-02-17,14.99,Corporate,7.3451
46473,2014-12-18,24.816,Consumer,8.3754
46475,2014-09-10,6.258,Consumer,-5.215
46476,2014-05-27,12.96,Consumer,6.2208
46477,2014-11-21,43.128,Consumer,-39.912
46478,2014-05-07,15.624,Corporate,-18.756
46479,2014-08-22,10.08,Corporate,4.62
46480,2014-03-13,14.661,Corporate,-17.619
46482,2014-12-30,58.8,Consumer,18.0
46483,2014-12-29,13.32,Corporate,5.46
46486,2014-11-10,21.54,Consumer,0.0
46488,2014-04-01,12.9,Corporate,3.3
46493,2014-11-06,14.7,Consumer,2.94
46504,2014-11-13,12.348,Consumer,-2.892
46511,2014-09-09,29.6,Corporate,5.92
46512,2014-11-13,10.548,Consumer,0.648
46519,2014-12-15,12.375,Consumer,-1.755
46525,2014-09-16,21.69,Consumer,-9.57
46526,2014-10-22,19.77,Consumer,-9.93
46528,2014-08-28,18.306,Corporate,7.866
46529,2014-05-31,14.4,Consumer,4.86
46535,2014-07-25,45.225,Corporate,17.475
46538,2014-12-23,9.381,Home Office,-6.219
46542,2014-06-13,19.04,Consumer,9.3296
46546,2014-05-06,9.552,Consumer,-7.3232
46553,2014-10-21,6.672,Consumer,2.502
46554,2014-11-24,4.36,Consumer,0.1744
46556,2014-12-10,15.57,Consumer,7.14
46557,2014-09-09,16.71,Consumer,4.17
46568,2014-10-23,13.32,Corporate,6.24
46572,2014-11-10,17.48,Corporate,-14.02
46576,2014-06-03,20.16,Home Office,-8.64
46577,2014-04-25,17.632,Consumer,5.912
46578,2014-12-16,22.2,Consumer,11.08
46587,2014-08-22,17.82,Consumer,3.18
46588,2014-01-02,8.85,Home Office,4.05
46589,2014-01-21,146.79,Corporate,44.01
46591,2014-10-28,7.62,Corporate,3.42
46596,2014-06-11,146.88,Consumer,48.42
46601,2014-12-29,21.8784,Consumer,-8.6916
46604,2014-04-03,25.11,Consumer,6.5286
46614,2014-08-07,24.64,Home Office,11.8272
46615,2014-09-23,12.96,Consumer,6.2208
46618,2014-02-03,30.96,Corporate,10.062
46623,2014-01-03,16.11,Consumer,4.83
46625,2014-12-29,10.53,Consumer,2.82
46631,2014-01-28,4.41,Corporate,0.0
46632,2014-11-27,12.57,Corporate,3.87
46634,2014-01-07,5.91,Corporate,2.1
46637,2014-05-09,5.076,Corporate,-1.794
46639,2014-04-04,8.688,Consumer,-2.632
46642,2014-06-16,16.84,Consumer,8.08
46644,2014-10-09,17.76,Corporate,8.16
46646,2014-04-03,20.064,Corporate,-3.016
46648,2014-10-20,8.904,Home Office,0.264
46649,2014-08-08,12.64,Consumer,4.4
46653,2014-03-15,58.212,Home Office,-7.788
46654,2014-11-18,16.02,Corporate,0.63
46655,2014-04-06,22.11,Consumer,3.96
46658,2014-09-02,14.094,Corporate,3.594
46659,2014-09-27,33.924,Corporate,-12.996
46661,2014-08-11,12.72,Home Office,-1.44
46663,2014-09-29,27.24,Home Office,12.48
46668,2014-04-26,33.36,Corporate,3.0
46671,2014-11-21,27.58,Home Office,11.5836
46673,2014-06-11,11.56,Consumer,5.4332
46675,2014-10-23,32.7,Corporate,-6.54
46677,2014-01-02,12.736,Consumer,2.2288
46681,2014-09-15,11.25,Consumer,0.9
46682,2014-08-22,5.352,Home Office,-2.958
46684,2014-05-08,11.196,Home Office,-7.584
46690,2014-08-07,166.89,Home Office,25.02
46692,2014-02-17,14.04,Corporate,0.84
46694,2014-07-22,18.288,Home Office,-10.992
46697,2014-09-06,5.91,Consumer,2.1
46704,2014-11-10,16.48,Corporate,-19.02
46706,2014-04-01,12.888,Consumer,1.908
46709,2014-03-11,9.3,Consumer,3.06
46712,2014-08-20,14.688,Consumer,5.988
46716,2014-12-22,11.85,Consumer,5.55
46717,2014-09-07,11.82,Consumer,0.09
46721,2014-10-01,11.52,Consumer,3.78
46722,2014-06-18,16.686,Consumer,-0.954
46727,2014-09-11,7.184,Corporate,2.245
46732,2014-12-19,12.96,Consumer,6.2208
46734,2014-08-28,5.952,Consumer,0.372
46735,2014-03-18,10.272,Home Office,3.21
46738,2014-10-24,9.762,Consumer,-15.1311
46740,2014-11-24,11.52,Consumer,4.176
46747,2014-12-10,13.005,Corporate,-9.9705
46748,2014-06-09,17.52,Home Office,-3.504
46757,2014-04-24,14.52,Consumer,4.62
46760,2014-09-19,117.18,Consumer,18.72
46761,2014-09-10,10.92,Consumer,-10.68
46762,2014-09-26,11.58,Consumer,3.12
46763,2014-08-28,7.065,Home Office,-12.015
46769,2014-05-23,25.088,Home Office,7.448
46771,2014-09-05,24.0,Corporate,7.44
46772,2014-01-30,13.44,Consumer,1.34
46777,2014-03-08,27.32,Consumer,12.56
46787,2014-08-05,9.78,Consumer,2.34
46793,2014-02-14,79.29,Home Office,7.11
46807,2014-03-26,6.848,Consumer,2.14
46816,2014-05-03,15.7,Consumer,7.065
46817,2014-11-14,11.21,Consumer,3.363
46818,2014-06-13,8.856,Consumer,-6.8634
46821,2014-05-08,13.056,Consumer,-12.744
46825,2014-09-03,11.1,Consumer,0.66
46828,2014-12-11,18.84,Home Office,8.46
46829,2014-03-11,17.496,Consumer,-23.964
46830,2014-12-24,15.912,Corporate,-19.128
46832,2014-09-05,13.2,Consumer,3.54
46840,2014-06-20,7.9,Corporate,3.78
46843,2014-10-21,7.62,Home Office,3.42
46846,2014-03-14,13.14,Consumer,-7.89
46849,2014-11-11,18.81,Consumer,-1.26
46852,2014-01-02,13.788,Corporate,-2.532
46861,2014-04-26,8.896,Consumer,0.6672
46862,2014-11-28,57.568,Consumer,5.7568
46866,2014-03-14,27.12,Consumer,12.4752
46867,2014-09-20,4.842,Home Office,-3.3894
46868,2014-08-14,14.76,Consumer,4.797
46869,2014-07-24,63.312,Corporate,20.5764
46874,2014-11-07,19.728,Corporate,-24.192
46875,2014-03-05,7.656,Consumer,-7.284
46880,2014-09-20,15.33,Consumer,0.75
46881,2014-11-28,79.704,Corporate,-183.336
46889,2014-06-24,15.64,Consumer,5.78
46896,2014-01-07,20.97,Home Office,10.26
46897,2014-07-24,16.71,Home Office,-15.39
46898,2014-06-30,133.56,Home Office,-44.04
46899,2014-07-16,10.08,Home Office,1.68
46905,2014-09-26,23.43,Corporate,-8.97
46911,2014-09-08,13.896,Corporate,-5.184
46912,2014-05-07,32.382,Consumer,-7.038
46913,2014-05-16,4.752,Consumer,-3.168
46916,2014-03-18,13.776,Home Office,-22.0416
46920,2014-09-04,5.56,Home Office,2.224
46927,2014-08-22,14.208,Consumer,-8.892
46928,2014-09-02,28.062,Home Office,-25.278
46931,2014-06-18,5.91,Consumer,0.51
46934,2014-07-09,22.455,Consumer,-17.985
46936,2014-03-06,10.95,Consumer,4.26
46943,2014-09-08,44.8,Corporate,20.1
46944,2014-12-02,7.7,Consumer,0.46
46946,2014-04-30,9.06,Consumer,3.66
46947,2014-12-01,15.615,Corporate,-5.085
46948,2014-08-01,8.34,Consumer,2.28
46951,2014-04-07,11.46,Consumer,4.68
46952,2014-09-22,17.01,Corporate,7.14
46953,2014-03-25,21.84,Corporate,8.28
46957,2014-02-14,410.22,Corporate,81.99
46962,2014-11-24,28.4,Corporate,11.076
46968,2014-09-18,11.784,Corporate,4.2717
46969,2014-02-10,12.992,Consumer,-32.48
46974,2014-09-08,13.48,Consumer,1.8872
46978,2014-01-02,13.748,Consumer,-22.6842
46982,2014-08-22,32.088,Consumer,11.2308
46983,2014-01-29,10.77,Consumer,0.0
46984,2014-08-08,15.18,Corporate,0.3
46988,2014-02-07,9.564,Consumer,-13.176
46990,2014-08-18,13.5,Corporate,5.4
46991,2014-08-28,14.7,Consumer,2.94
46992,2014-06-09,14.04,Corporate,5.04
47000,2014-06-13,5.72,Consumer,1.54
47002,2014-09-15,13.68,Consumer,3.12
47003,2014-04-16,13.26,Consumer,6.36
47008,2014-08-26,7.38,Consumer,0.0
47010,2014-12-23,30.3,Corporate,2.1
47011,2014-08-23,19.665,Consumer,-2.385
47013,2014-08-08,29.76,Corporate,-23.22
47022,2014-12-05,39.33,Consumer,7.83
47025,2014-03-04,11.934,Home Office,-1.866
47027,2014-12-31,13.904,Corporate,4.5188
47031,2014-04-27,20.34,Home Office,9.3564
47034,2014-04-05,16.98,Home Office,8.49
47037,2014-12-05,12.99,Consumer,1.5588
47043,2014-04-22,12.24,Home Office,0.48
47044,2014-08-23,21.48,Corporate,8.58
47050,2014-09-29,6.03,Consumer,1.86
47051,2014-01-29,5.688,Corporate,-12.912
47052,2014-03-24,3.012,Corporate,-4.368
47055,2014-04-01,8.328,Consumer,-5.472
47058,2014-12-17,27.93,Consumer,3.06
47060,2014-06-19,9.912,Corporate,-6.948
47065,2014-09-29,14.144,Home Office,-1.256
47067,2014-12-11,21.336,Home Office,-6.424
47072,2014-05-09,8.64,Corporate,3.36
47078,2014-08-16,11.61,Home Office,1.08
47079,2014-05-25,9.4128,Corporate,-4.4472
47081,2014-10-22,12.225,Consumer,-3.675
47083,2014-05-27,12.9,Home Office,4.74
47084,2014-12-27,10.95,Consumer,-2.01
47085,2014-12-03,9.84,Consumer,1.26
47087,2014-11-25,10.824,Consumer,2.5707
47090,2014-11-27,12.84,Corporate,3.7236
47092,2014-03-18,7.31,Consumer,3.4357
47098,2014-09-20,16.74,Corporate,4.8546
47099,2014-11-18,13.904,Corporate,4.5188
47101,2014-01-23,15.12,Corporate,4.914
47103,2014-01-03,5.432,Consumer,-13.58
47106,2014-09-10,10.17,Consumer,4.56
47108,2014-10-23,98.46,Consumer,39.36
47110,2014-01-29,6.57,Corporate,-6.81
47114,2014-04-30,14.94,Corporate,-21.69
47115,2014-08-22,9.51,Consumer,0.66
47119,2014-05-13,11.37,Consumer,4.08
47121,2014-07-31,16.02,Home Office,-22.05
47123,2014-09-18,17.496,Consumer,-23.964
47124,2014-06-05,5.7,Consumer,2.37
47128,2014-11-20,12.528,Corporate,-8.152
47129,2014-11-23,11.04,Corporate,1.86
47131,2014-07-21,607.36,Corporate,133.6
47139,2014-11-13,7.335,Consumer,-3.825
47141,2014-11-20,28.02,Consumer,10.32
47142,2014-12-09,45.6,Home Office,0.84
47144,2014-08-06,30.15,Consumer,13.5
47145,2014-10-27,11.8773,Corporate,4.2273
47147,2014-12-23,18.249,Home Office,-12.951
47149,2014-10-13,8.16,Consumer,1.95
47152,2014-09-19,8.82,Corporate,2.3814
47163,2014-11-17,107.88,Consumer,10.788
47164,2014-12-29,7.968,Corporate,-2.3904
47166,2014-06-03,10.688,Consumer,3.7408
47168,2014-08-22,22.752,Consumer,7.11
47170,2014-02-07,8.436,Consumer,-6.144
47171,2014-06-23,10.08,Home Office,4.62
47172,2014-12-21,17.76,Consumer,-16.08
47173,2014-06-28,21.48,Corporate,4.26
47182,2014-10-02,24.92,Consumer,0.24
47186,2014-12-04,6.672,Corporate,-0.128
47195,2014-09-16,52.56,Consumer,24.12
47196,2014-10-13,16.02,Corporate,0.63
47197,2014-09-26,12.06,Home Office,-1.98
47199,2014-06-03,5.325,Consumer,-2.685
47203,2014-10-27,7.6479,Consumer,-1.3221
47211,2014-02-12,9.585,Consumer,1.575
47215,2014-06-27,4.54,Home Office,2.043
47221,2014-10-18,10.64,Consumer,2.7664
47223,2014-12-25,8.544,Home Office,1.9224
47229,2014-01-23,7.872,Corporate,0.8856
47237,2014-07-11,15.228,Consumer,-18.792
47238,2014-04-25,27.3,Consumer,3.78
47240,2014-12-01,10.05,Consumer,4.92
47242,2014-08-01,2.808,Consumer,-1.692
47246,2014-06-04,3.384,Corporate,-1.866
47247,2014-07-02,8.847,Consumer,-14.463
47249,2014-08-11,12.69,Consumer,5.82
47251,2014-07-08,23.04,Corporate,7.32
47255,2014-06-07,15.72,Corporate,7.2
47258,2014-09-27,9.56,Corporate,2.18
47261,2014-06-30,22.428,Consumer,-14.952
47263,2014-07-23,5.328,Consumer,-9.472
47264,2014-06-30,12.51,Home Office,3.42
47265,2014-03-26,30.48,Consumer,13.68
47269,2014-01-22,107.28,Consumer,36.36
47275,2014-03-21,29.7648,Consumer,-2.8752
47285,2014-11-20,16.896,Consumer,5.28
47287,2014-10-31,7.168,Consumer,0.9856
47290,2014-11-12,10.89,Consumer,2.8314
47295,2014-09-29,10.368,Corporate,3.6288
47296,2014-03-05,8.72,Home Office,0.654
47298,2014-09-03,16.0,Corporate,5.6
47301,2014-12-14,12.96,Consumer,6.3504
47305,2014-10-21,13.83,Consumer,5.1
47307,2014-06-14,7.173,Consumer,-15.567
47308,2014-08-28,15.54,Corporate,0.0
47310,2014-12-05,13.98,Corporate,2.64
47311,2014-05-27,13.23,Consumer,4.23
47315,2014-08-29,7.656,Home Office,-7.284
47317,2014-01-09,18.12,Corporate,3.6
47320,2014-07-31,11.868,Corporate,-6.132
47321,2014-12-05,16.48,Corporate,3.44
47332,2014-06-24,24.75,Consumer,10.62
47334,2014-10-17,11.82,Corporate,1.98
47338,2014-11-12,9.27,Consumer,0.81
47344,2014-10-31,7.42,Consumer,3.71
47345,2014-12-19,18.96,Consumer,8.532
47348,2014-07-09,13.12,Home Office,4.3296
47353,2014-07-12,30.32,Consumer,11.8248
47360,2014-12-12,7.28,Home Office,3.4944
47362,2014-06-17,18.54,Consumer,6.48
47364,2014-06-01,12.48,Home Office,0.99
47365,2014-04-05,21.588,Consumer,-14.052
47366,2014-09-03,10.74,Consumer,2.13
47368,2014-02-12,36.24,Consumer,7.2
47372,2014-08-12,24.72,Corporate,10.86
47379,2014-03-12,17.6,Corporate,-22.88
47380,2014-12-27,15.948,Consumer,-6.912
47381,2014-11-22,11.58,Corporate,-4.06
47382,2014-07-30,6.408,Consumer,-3.972
47384,2014-10-23,7.56,Consumer,0.36
47389,2014-07-06,31.836,Consumer,-9.604
47390,2014-04-24,26.595,Consumer,-0.405
47391,2014-12-04,8.985,Consumer,-4.875
47393,2014-11-12,21.12,Consumer,4.2
47396,2014-04-17,33.24,Home Office,12.24
47400,2014-10-11,11.88,Home Office,0.57
47402,2014-08-15,5.76,Consumer,2.8224
47406,2014-12-02,10.128,Consumer,3.6714
47408,2014-02-20,12.84,Home Office,3.4668
47416,2014-09-10,11.176,Corporate,0.8382
47417,2014-02-17,18.368,Consumer,6.1992
47422,2014-02-28,17.49,Home Office,6.12
47423,2014-01-10,10.77,Home Office,4.62
47427,2014-04-22,39.072,Consumer,-44.988
47428,2014-09-18,12.078,Consumer,-20.142
47431,2014-12-15,13.176,Consumer,-11.004
47433,2014-01-18,14.82,Consumer,2.8
47434,2014-09-25,8.8,Home Office,4.12
47436,2014-12-19,16.104,Consumer,-9.696
47437,2014-10-28,8.6,Consumer,3.6
47440,2014-04-24,101.25,Consumer,-6.75
47443,2014-10-30,11.664,Consumer,1.404
47446,2014-08-21,10.5894,Corporate,-3.2706
47448,2014-06-24,33.36,Home Office,15.0
47450,2014-06-30,7.884,Consumer,0.504
47454,2014-09-09,9.096,Corporate,1.7055
47457,2014-12-02,19.44,Home Office,9.3312
47458,2014-07-08,15.552,Consumer,5.4432
47460,2014-03-12,12.294,Home Office,-8.6058
47462,2014-12-04,13.592,Consumer,-14.2716
47464,2014-07-22,2.864,Corporate,-4.5824
47466,2014-12-19,29.34,Corporate,10.8558
47470,2014-05-12,21.168,Corporate,-7.422
47473,2014-12-18,19.548,Home Office,-15.162
47475,2014-12-02,7.224,Consumer,-1.836
47478,2014-08-11,5.787,Corporate,-12.363
47479,2014-09-25,10.572,Home Office,-13.488
47485,2014-11-27,9.564,Corporate,-9.096
47487,2014-06-23,8.0,Consumer,1.2
47488,2014-10-21,12.68,Corporate,1.76
47490,2014-09-05,13.12,Consumer,4.04
47491,2014-07-29,10.224,Corporate,-0.036
47499,2014-12-15,48.6,Consumer,20.88
47500,2014-07-21,5.91,Consumer,0.51
47504,2014-03-10,13.41,Corporate,-0.03
47505,2014-08-18,30.855,Consumer,1.005
47506,2014-09-24,19.2,Corporate,2.28
47508,2014-11-13,14.016,Corporate,4.9056
47509,2014-10-13,5.88,Consumer,1.5876
47511,2014-06-09,12.176,Consumer,-18.8728
47514,2014-12-26,31.8,Consumer,13.674
47516,2014-03-04,17.88,Home Office,6.06
47517,2014-11-10,6.66,Consumer,0.57
47518,2014-05-08,9.84,Consumer,3.63
47519,2014-07-15,13.26,Consumer,6.09
47522,2014-03-18,10.53,Home Office,2.82
47523,2014-04-30,10.26,Corporate,2.55
47531,2014-03-06,17.46,Home Office,0.51
47534,2014-08-19,9.288,Corporate,-12.312
47545,2014-12-03,20.28,Consumer,6.27
47546,2014-06-09,17.82,Consumer,3.18
47547,2014-03-06,13.185,Corporate,-2.385
47559,2014-09-05,10.192,Consumer,3.185
47561,2014-05-19,6.874,Corporate,-10.6547
47566,2014-07-28,14.89,Consumer,4.0203
47569,2014-12-02,7.712,Home Office,1.7352
47570,2014-08-19,9.912,Consumer,1.239
47586,2014-08-14,19.08,Corporate,8.16
47587,2014-11-29,5.304,Home Office,-1.866
47588,2014-02-07,6.228,Consumer,-2.202
47592,2014-07-07,9.216,Corporate,-11.064
47593,2014-11-27,6.996,Corporate,-8.424
47594,2014-05-21,4.104,Corporate,-4.806
47600,2014-11-19,11.844,Home Office,-1.416
47601,2014-08-23,12.12,Home Office,-3.44
47602,2014-11-03,7.56,Consumer,0.36
47603,2014-05-19,40.5,Corporate,6.48
47610,2014-12-02,14.04,Consumer,0.24
47611,2014-11-28,11.6283,Consumer,-1.8417
47612,2014-01-25,9.03,Consumer,3.33
47617,2014-11-28,14.0397,Consumer,-9.3003
47618,2014-05-27,13.545,Home Office,-0.735
47627,2014-10-20,24.368,Corporate,-3.3506
47628,2014-11-13,12.224,Home Office,4.4312
47630,2014-07-06,15.552,Corporate,5.6376
47637,2014-12-24,175.872,Corporate,63.7536
47638,2014-07-19,9.184,Consumer,1.148
47644,2014-04-07,106.32,Home Office,49.9704
47645,2014-11-05,4.144,Home Office,-6.4232
47649,2014-06-10,23.46,Corporate,10.74
47651,2014-10-30,16.5,Corporate,4.11
47653,2014-07-31,10.74,Consumer,4.29
47670,2014-10-22,29.7,Consumer,0.5
47674,2014-09-26,9.0,Corporate,-9.0
47680,2014-09-09,11.4,Home Office,-1.92
47681,2014-07-10,85.212,Home Office,-1.908
47682,2014-01-10,22.1487,Consumer,-1.2813
47690,2014-10-31,11.168,Consumer,-2.5128
47691,2014-09-03,4.92,Corporate,2.214
47692,2014-12-04,14.624,Consumer,5.1184
47699,2014-02-06,7.12,Consumer,0.712
47700,2014-08-19,10.782,Consumer,-7.9068
47701,2014-11-19,20.736,Corporate,7.2576
47703,2014-06-25,6.408,Corporate,-8.982
47706,2014-11-24,5.79,Consumer,1.56
47707,2014-04-02,88.8,Corporate,7.92
47709,2014-05-07,26.58,Consumer,0.78
47711,2014-06-18,127.44,Consumer,9.9
47713,2014-01-29,25.26,Consumer,0.48
47714,2014-12-03,12.96,Home Office,-19.08
47715,2014-08-05,10.74,Consumer,2.13
47716,2014-06-04,5.076,Corporate,-1.794
47719,2014-10-03,8.184,Corporate,-2.056
47722,2014-05-26,18.54,Home Office,5.7
47724,2014-06-25,24.012,Consumer,-3.228
47726,2014-06-28,16.08,Consumer,6.72
47729,2014-10-16,8.82,Home Office,2.64
47731,2014-07-11,25.84,Corporate,9.76
47734,2014-06-27,16.86,Home Office,-10.8
47738,2014-04-15,10.5,Corporate,-3.78
47740,2014-10-24,56.85,Consumer,13.05
47742,2014-08-07,15.858,Consumer,0.258
47748,2014-11-28,15.12,Corporate,1.98
47749,2014-01-16,22.0692,Consumer,-3.3708
47758,2014-09-12,10.528,Consumer,3.29
47759,2014-08-29,21.81,Home Office,5.8887
47761,2014-09-10,17.48,Consumer,8.2156
47762,2014-07-16,8.96,Consumer,4.3904
47764,2014-04-11,4.419,Corporate,-3.0933
47765,2014-08-01,17.52,Corporate,8.4096
47770,2014-04-25,10.43,Consumer,-18.2525
47774,2014-04-25,6.792,Home Office,-7.308
47776,2014-11-14,11.58,Corporate,3.12
47778,2014-05-15,31.83,Home Office,8.91
47779,2014-07-01,7.776,Consumer,-9.084
47781,2014-09-23,16.98,Corporate,2.88
47783,2014-02-18,6.975,Consumer,-11.865
47784,2014-05-02,13.2,Consumer,0.24
47786,2014-06-04,12.192,Corporate,-15.558
47787,2014-06-09,9.87,Consumer,4.02
47790,2014-10-09,6.192,Consumer,-6.848
47795,2014-01-21,22.14,Corporate,1.32
47797,2014-07-01,53.55,Consumer,4.23
47799,2014-07-14,25.92,Consumer,3.06
47800,2014-01-25,8.04,Consumer,3.36
47805,2014-12-23,27.225,Consumer,-15.345
47808,2014-02-07,32.472,Corporate,1.572
47815,2014-01-15,7.92,Consumer,0.693
47819,2014-10-13,7.968,Home Office,2.6892
47821,2014-09-22,12.294,Consumer,-8.6058
47832,2014-01-24,4.938,Home Office,-3.6212
47835,2014-09-27,11.511,Consumer,-26.109
47839,2014-06-04,11.97,Home Office,0.21
47840,2014-09-02,14.61,Consumer,4.8
47843,2014-11-17,50.1,Corporate,3.0
47850,2014-09-22,13.72,Home Office,1.92
47853,2014-04-02,4.576,Consumer,-3.784
47857,2014-06-23,20.16,Corporate,-9.76
47861,2014-02-14,32.28,Consumer,16.14
47862,2014-06-11,196.11,Home Office,-6.54
47863,2014-08-07,11.4,Consumer,4.74
47864,2014-12-16,12.3,Consumer,2.46
47865,2014-03-14,9.705,Consumer,-0.795
47873,2014-07-04,9.552,Corporate,1.5522
47875,2014-12-23,7.824,Consumer,2.934
47879,2014-10-23,3.168,Consumer,-2.5344
47880,2014-11-13,9.96,Consumer,4.5816
47882,2014-07-28,234.95,Consumer,32.893
47883,2014-12-18,13.68,Consumer,4.77
47884,2014-12-17,47.82,Consumer,13.38
47886,2014-04-14,6.66,Consumer,-5.34
47887,2014-11-24,5.88,Home Office,-5.88
47888,2014-08-28,51.27,Consumer,17.94
47890,2014-09-19,6.84,Home Office,1.41
47895,2014-11-21,36.96,Corporate,8.49
47896,2014-04-23,4.806,Consumer,-6.894
47897,2014-01-27,4.284,Consumer,-3.456
47898,2014-08-12,8.883,Consumer,-10.377
47903,2014-09-10,10.416,Consumer,-14.604
47905,2014-09-08,9.192,Consumer,-4.328
47907,2014-11-06,8.688,Consumer,-2.352
47908,2014-12-17,11.68,Consumer,3.72
47909,2014-03-05,11.04,Home Office,-0.72
47916,2014-02-28,26.32,Corporate,8.64
47919,2014-06-10,16.32,Corporate,7.62
47921,2014-09-08,12.06,Consumer,-1.98
47926,2014-04-21,12.69,Home Office,4.35
47929,2014-09-26,20.7,Consumer,9.936
47930,2014-11-07,5.78,Corporate,2.8322
47933,2014-11-20,6.672,Consumer,0.5004
47940,2014-07-03,5.232,Home Office,-8.1096
47944,2014-03-22,13.02,Home Office,0.3906
47947,2014-10-03,8.352,Corporate,-6.288
47951,2014-06-11,21.456,Consumer,-18.774
47958,2014-07-28,12.81,Corporate,3.57
47965,2014-05-20,9.78,Corporate,1.16
47966,2014-11-22,4.56,Consumer,-2.9
47967,2014-06-05,32.208,Consumer,-19.392
47969,2014-09-01,9.06,Corporate,0.44
47971,2014-08-18,18.0,Corporate,6.12
47972,2014-11-27,20.88,Corporate,0.2
47977,2014-09-10,16.86,Corporate,-4.74
47983,2014-08-19,9.94,Corporate,3.0814
47984,2014-07-22,6.48,Home Office,3.1752
47985,2014-11-22,8.62,Home Office,2.2412
47996,2014-01-16,11.31,Consumer,0.99
47999,2014-12-30,18.528,Consumer,-15.762
48002,2014-05-24,13.5,Consumer,4.32
48003,2014-04-30,53.652,Corporate,-55.008
48008,2014-01-20,7.248,Home Office,-7.272
48016,2014-11-29,9.288,Home Office,-0.012
48018,2014-07-19,10.64,Consumer,3.6
48023,2014-04-01,5.456,Consumer,-4.784
48025,2014-10-06,28.92,Consumer,10.68
48028,2014-12-14,98.388,Consumer,-11.532
48034,2014-02-13,333.6,Corporate,19.98
48040,2014-04-11,7.16,Home Office,3.58
48041,2014-05-01,15.528,Home Office,4.8525
48048,2014-10-21,4.448,Consumer,1.112
48050,2014-01-31,9.344,Consumer,3.1536
48053,2014-11-25,13.762,Corporate,-24.7716
48056,2014-08-27,6.75,Corporate,0.99
48058,2014-11-04,5.304,Corporate,-3.726
48060,2014-07-15,7.95,Consumer,0.15
48063,2014-01-28,8.76,Corporate,4.02
48067,2014-12-29,20.052,Consumer,-19.578
48068,2014-04-16,13.11,Corporate,0.9
48072,2014-09-17,6.69,Corporate,1.71
48076,2014-10-09,7.092,Corporate,-2.388
48079,2014-11-26,5.352,Consumer,-1.288
48080,2014-09-25,8.88,Corporate,3.72
48086,2014-11-24,13.98,Consumer,6.84
48089,2014-01-31,23.22,Home Office,2.16
48090,2014-12-10,7.56,Consumer,-2.13
48091,2014-09-23,66.45,Corporate,14.55
48093,2014-03-12,10.26,Consumer,2.76
48097,2014-12-17,13.2129,Consumer,-6.7671
48098,2014-11-28,13.3878,Consumer,-11.8722
48103,2014-05-01,11.952,Home Office,3.8844
48104,2014-08-30,3.24,Corporate,-5.184
48106,2014-07-06,11.394,Corporate,-17.6607
48108,2014-07-09,15.84,Home Office,4.9104
48110,2014-12-30,19.6,Consumer,9.604
48116,2014-07-22,17.48,Consumer,4.5448
48120,2014-08-14,36.024,Corporate,11.7078
48121,2014-10-06,15.8,Corporate,4.108
48124,2014-08-01,11.54,Home Office,5.5392
48125,2014-03-01,7.78,Consumer,3.501
48127,2014-10-14,9.87,Corporate,4.02
48131,2014-02-16,8.94,Corporate,1.95
48132,2014-02-11,5.04,Corporate,0.84
48136,2014-01-29,8.469,Corporate,-19.761
48143,2014-12-05,10.32,Home Office,4.53
48145,2014-09-08,9.4,Consumer,1.88
48147,2014-07-11,14.176,Consumer,-1.064
48150,2014-11-18,5.952,Corporate,-1.408
48151,2014-06-03,11.232,Home Office,1.792
48153,2014-09-27,17.08,Consumer,3.56
48155,2014-11-05,28.48,Consumer,2.24
48156,2014-12-22,136.368,Consumer,11.328
48158,2014-09-22,8.76,Home Office,3.12
48159,2014-10-17,5.92,Consumer,-1.48
48162,2014-08-15,14.04,Consumer,7.02
48164,2014-08-22,42.579,Consumer,3.969
48165,2014-01-11,7.3755,Consumer,0.6555
48167,2014-03-05,9.32,Corporate,2.7028
48174,2014-06-09,10.36,Consumer,5.0764
48176,2014-05-16,11.12,Consumer,3.475
48178,2014-05-15,7.992,Consumer,0.6993
48179,2014-05-13,6.16,Consumer,2.9568
48182,2014-09-04,8.904,Corporate,3.339
48186,2014-03-01,9.84,Consumer,4.7232
48187,2014-07-17,16.938,Consumer,-39.522
48188,2014-06-14,12.69,Home Office,5.82
48192,2014-08-01,7.515,Corporate,-16.035
48193,2014-04-22,24.78,Consumer,7.92
48195,2014-03-18,4.203,Corporate,-4.647
48198,2014-09-01,11.19,Consumer,2.88
48199,2014-06-02,15.75,Consumer,7.08
48201,2014-06-18,57.69,Consumer,2.88
48202,2014-07-11,24.96,Consumer,1.98
48204,2014-10-16,13.032,Consumer,-8.148
48205,2014-11-27,4.14,Corporate,-2.49
48206,2014-11-27,5.928,Corporate,-2.232
48207,2014-09-12,8.85,Consumer,4.05
48210,2014-11-18,10.29,Home Office,0.72
48212,2014-10-22,24.768,Consumer,5.208
48218,2014-07-22,12.36,Corporate,1.6
48219,2014-06-03,6.18,Consumer,1.9
48221,2014-04-24,10.88,Consumer,3.48
48225,2014-05-08,14.84,Consumer,4.6
48228,2014-07-10,6.69,Consumer,-3.27
48229,2014-12-26,6.66,Corporate,0.57
48237,2014-07-11,17.16,Corporate,2.04
48246,2014-12-26,13.023,Consumer,-10.4184
48251,2014-11-13,9.21,Consumer,2.3025
48254,2014-09-10,6.368,Consumer,2.388
48259,2014-04-18,10.9,Consumer,3.597
48261,2014-09-18,5.8,Home Office,-10.15
48264,2014-08-04,16.06,Corporate,4.1756
48270,2014-11-26,11.49,Consumer,0.09
48271,2014-06-26,4.17,Home Office,1.14
48272,2014-10-24,13.5,Corporate,0.54
48276,2014-11-28,4.842,Corporate,-4.218
48279,2014-06-12,9.27,Consumer,3.24
48280,2014-06-13,14.7,Corporate,2.94
48288,2014-11-11,18.0,Corporate,4.68
48289,2014-06-11,96.3,Consumer,36.54
48291,2014-07-09,10.2,Consumer,0.0
48292,2014-11-21,8.01,Consumer,-1.53
48293,2014-08-19,15.96,Consumer,1.59
48294,2014-10-21,13.83,Home Office,5.1
48296,2014-02-17,25.0665,Consumer,8.2365
48297,2014-12-18,15.24,Consumer,5.1435
48300,2014-05-14,14.94,Corporate,7.3206
48302,2014-06-07,4.95,Home Office,2.178
48310,2014-10-17,18.528,Corporate,4.4004
48314,2014-07-25,11.352,Corporate,-11.088
48320,2014-03-13,8.592,Corporate,-10.368
48322,2014-11-03,12.06,Corporate,3.36
48328,2014-10-22,12.192,Consumer,-0.048
48329,2014-06-25,12.352,Consumer,-14.528
48332,2014-10-17,13.536,Consumer,4.216
48341,2014-09-27,28.035,Corporate,5.175
48343,2014-02-13,9.4122,Consumer,0.5622
48344,2014-11-13,17.6967,Corporate,-13.4433
48350,2014-10-31,13.904,Consumer,5.214
48353,2014-11-28,8.76,Consumer,0.7665
48359,2014-03-29,26.72,Corporate,12.8256
48360,2014-09-30,51.75,Consumer,15.525
48363,2014-08-20,19.44,Consumer,9.3312
48364,2014-09-15,3.882,Consumer,-2.588
48366,2014-11-04,18.368,Corporate,5.9696
48369,2014-12-10,11.088,Consumer,-8.1312
48371,2014-09-15,11.56,Consumer,5.6644
48376,2014-07-24,9.6,Consumer,2.88
48379,2014-12-01,9.06,Consumer,4.5
48381,2014-03-12,14.208,Home Office,-8.892
48382,2014-09-02,10.26,Consumer,0.18
48384,2014-11-30,7.191,Home Office,-16.329
48385,2014-01-31,15.75,Consumer,1.71
48386,2014-04-17,13.68,Home Office,4.08
48389,2014-06-19,12.12,Corporate,-6.08
48390,2014-10-08,7.056,Consumer,-1.184
48394,2014-10-13,22.86,Consumer,6.84
48399,2014-07-16,6.51,Corporate,-2.49
48405,2014-12-30,18.396,Consumer,-1.284
48407,2014-12-03,63.1215,Consumer,2.2815
48408,2014-08-02,9.78,Consumer,3.42
48412,2014-12-22,5.88,Consumer,1.7052
48414,2014-09-01,10.744,Consumer,0.8058
48415,2014-10-22,5.184,Corporate,1.8144
48420,2014-11-26,10.48,Consumer,2.8296
48421,2014-09-27,9.24,Corporate,2.9568
48425,2014-10-01,11.646,Home Office,-17.469
48427,2014-09-08,11.46,Home Office,4.11
48432,2014-11-19,11.088,Consumer,-17.382
48439,2014-09-29,10.08,Consumer,-10.44
48440,2014-06-11,10.8,Consumer,2.79
48442,2014-12-17,2.7,Consumer,-6.3
48444,2014-05-08,6.86,Home Office,1.78
48446,2014-12-19,10.5,Corporate,5.04
48449,2014-06-23,6.636,Home Office,-2.444
48453,2014-04-29,15.06,Home Office,6.9
48454,2014-09-08,9.684,Home Office,-0.216
48456,2014-01-24,10.692,Corporate,3.672
48462,2014-09-01,8.376,Consumer,2.7222
48463,2014-12-11,12.96,Consumer,6.2208
48465,2014-10-15,13.456,Home Office,-23.548
48466,2014-01-30,5.22,Consumer,2.4012
48467,2014-02-04,5.184,Home Office,1.8144
48473,2014-06-09,33.24,Home Office,5.28
48475,2014-09-06,6.66,Consumer,0.57
48477,2014-12-26,12.96,Consumer,-24.24
48480,2014-03-21,9.063,Corporate,-16.317
48486,2014-05-06,10.836,Consumer,-5.424
48492,2014-01-28,16.52,Consumer,4.28
48493,2014-12-13,8.208,Corporate,-2.352
48496,2014-10-29,46.08,Consumer,18.36
48498,2014-12-23,25.26,Consumer,-10.62
48503,2014-10-24,57.2082,Consumer,-24.9018
48506,2014-12-16,35.5656,Corporate,-10.2744
48507,2014-04-15,23.58,Corporate,5.4
48510,2014-05-23,10.836,Corporate,-0.564
48513,2014-12-09,9.68,Consumer,4.6464
48514,2014-12-11,14.2,Consumer,3.3725
48517,2014-12-29,7.4,Corporate,3.034
48521,2014-08-08,13.76,Consumer,4.644
48523,2014-08-30,9.408,Corporate,0.7056
48524,2014-09-19,10.08,Consumer,3.528
48528,2014-01-24,6.48,Corporate,3.1104
48529,2014-05-15,3.76,Corporate,1.0904
48530,2014-01-02,3.6,Home Office,1.728
48533,2014-10-24,2.22,Corporate,0.666
48534,2014-11-24,10.688,Corporate,3.7408
48535,2014-11-24,6.104,Corporate,-9.156
48540,2014-10-07,9.344,Consumer,1.8688
48542,2014-07-03,5.823,Consumer,-4.677
48544,2014-12-25,264.96,Corporate,29.1
48546,2014-03-17,11.28,Consumer,2.01
48549,2014-12-24,8.325,Corporate,-13.335
48550,2014-07-29,5.91,Corporate,2.1
48555,2014-09-10,10.8,Consumer,-13.77
48556,2014-07-17,26.37,Consumer,7.11
48561,2014-11-17,18.48,Home Office,4.96
48567,2014-04-15,7.215,Corporate,-0.165
48568,2014-12-26,28.56,Corporate,3.12
48569,2014-11-22,19.5,Home Office,-6.66
48572,2014-05-22,17.97,Corporate,5.2113
48575,2014-12-17,10.8,Consumer,5.184
48576,2014-09-05,8.256,Consumer,0.6192
48580,2014-09-19,15.96,Consumer,7.98
48582,2014-11-13,18.24,Consumer,9.12
48584,2014-09-05,10.368,Consumer,3.6288
48586,2014-11-01,9.912,Corporate,3.2214
48595,2014-12-18,8.232,Consumer,-10.908
48596,2014-02-10,15.66,Consumer,-22.98
48597,2014-11-12,20.82,Consumer,8.52
48600,2014-03-06,6.72,Consumer,2.82
48606,2014-11-25,9.36,Corporate,0.46
48608,2014-11-06,9.52,Home Office,4.36
48619,2014-10-19,9.2856,Home Office,-0.7344
48620,2014-09-09,13.47,Corporate,1.2
48626,2014-03-19,2.688,Consumer,-7.392
48628,2014-11-19,2.96,Consumer,1.4208
48629,2014-12-02,62.958,Home Office,9.4437
48631,2014-10-20,8.96,Corporate,4.3008
48634,2014-01-16,12.7,Consumer,5.842
48635,2014-08-25,24.672,Corporate,7.71
48639,2014-11-22,11.76,Corporate,3.1752
48640,2014-05-31,3.89,Consumer,1.8672
48641,2014-04-18,7.38,Consumer,3.4686
48642,2014-05-05,9.396,Corporate,-7.5168
48652,2014-11-27,11.76,Consumer,5.64
48657,2014-08-22,9.912,Consumer,-6.948
48658,2014-01-28,17.46,Corporate,0.51
48662,2014-01-20,7.56,Consumer,-8.07
48664,2014-02-28,16.05,Home Office,1.59
48666,2014-07-02,8.973,Consumer,-8.997
48669,2014-04-21,23.787,Consumer,-45.213
48672,2014-02-04,9.68,Consumer,4.44
48675,2014-06-13,10.836,Consumer,-0.904
48676,2014-11-04,21.06,Home Office,3.12
48679,2014-10-06,9.536,Corporate,0.216
48691,2014-04-14,5.28,Corporate,2.376
48692,2014-06-05,8.64,Consumer,2.5056
48694,2014-09-05,5.56,Consumer,1.7375
48695,2014-12-26,3.62,Home Office,1.1946
48699,2014-11-05,4.3,Home Office,1.419
48703,2014-06-30,12.096,Home Office,-26.244
48705,2014-07-07,9.27,Consumer,4.05
48706,2014-12-12,41.544,Corporate,-91.416
48711,2014-11-24,7.83,Consumer,-11.49
48712,2014-01-28,32.1,Consumer,3.18
48714,2014-09-18,21.42,Consumer,-44.34
48715,2014-10-11,10.728,Home Office,-12.912
48716,2014-06-04,2.532,Corporate,-3.558
48718,2014-09-23,17.52,Home Office,2.76
48722,2014-09-05,15.12,Home Office,1.64
48726,2014-10-20,17.592,Consumer,-1.208
48727,2014-09-03,15.872,Home Office,2.372
48728,2014-04-02,3.432,Consumer,-4.928
48729,2014-02-24,13.88,Consumer,-12.52
48730,2014-09-25,8.24,Home Office,1.14
48732,2014-09-10,95.85,Consumer,35.46
48733,2014-09-10,11.49,Consumer,2.16
48735,2014-02-28,41.931,Corporate,2.301
48736,2014-01-24,8.31,Consumer,-1.35
48737,2014-12-13,27.36,Consumer,8.7
48740,2014-11-15,3.648,Consumer,-2.7968
48741,2014-11-15,8.64,Consumer,3.024
48742,2014-09-03,6.57,Consumer,1.7739
48747,2014-11-20,21.96,Consumer,10.7604
48750,2014-10-04,17.92,Consumer,1.12
48751,2014-10-22,8.559,Consumer,-6.5619
48752,2014-07-26,3.304,Consumer,1.0738
48754,2014-12-02,10.368,Corporate,3.6288
48759,2014-11-04,21.84,Corporate,2.4
48763,2014-03-11,7.164,Consumer,-6.696
48769,2014-06-08,6.33,Home Office,0.24
48770,2014-06-04,6.012,Corporate,-3.018
48771,2014-03-31,13.11,Corporate,0.9
48772,2014-02-19,8.784,Consumer,-5.496
48776,2014-07-03,8.64,Corporate,3.18
48780,2014-01-16,4.88,Corporate,0.34
48781,2014-08-25,10.05,Home Office,4.92
48784,2014-06-17,13.7532,Consumer,3.1932
48785,2014-12-04,7.524,Consumer,-4.116
48788,2014-04-17,16.52,Home Office,2.065
48790,2014-01-20,6.0,Consumer,2.1
48793,2014-05-12,7.996,Home Office,-6.9965
48794,2014-12-16,10.192,Corporate,1.0192
48795,2014-12-20,13.36,Consumer,4.008
48798,2014-05-30,6.24,Consumer,2.6208
48804,2014-10-06,7.992,Corporate,2.6973
48807,2014-12-19,5.76,Home Office,1.6704
48809,2014-01-04,9.12,Consumer,3.1008
48810,2014-04-21,8.7,Home Office,-6.38
48815,2014-12-23,28.8,Consumer,1.44
48816,2014-12-09,10.56,Corporate,1.98
48817,2014-06-12,6.804,Home Office,-3.066
48825,2014-07-21,37.24,Consumer,14.52
48828,2014-09-15,13.356,Consumer,0.396
48829,2014-12-12,6.84,Consumer,3.34
48830,2014-01-22,7.98,Corporate,0.84
48831,2014-10-07,10.41,Consumer,-1.89
48835,2014-11-19,13.68,Home Office,4.5
48836,2014-08-27,8.5158,Home Office,1.7358
48837,2014-12-22,19.35,Consumer,7.11
48839,2014-08-26,22.545,Consumer,-1.395
48840,2014-11-25,7.938,Home Office,1.758
48846,2014-03-22,5.78,Consumer,2.8322
48850,2014-11-03,23.85,Corporate,10.7325
48857,2014-11-15,15.28,Home Office,7.4872
48862,2014-09-02,5.094,Home Office,-3.906
48867,2014-09-03,10.8,Consumer,1.62
48868,2014-06-18,12.36,Home Office,3.45
48878,2014-06-03,11.952,Home Office,0.732
48879,2014-12-01,5.76,Consumer,0.0
48882,2014-05-09,23.64,Home Office,2.04
48884,2014-06-24,27.72,Consumer,6.6
48886,2014-01-26,14.04,Corporate,7.02
48887,2014-10-02,7.0596,Corporate,-3.9204
48891,2014-06-24,9.69,Corporate,1.11
48893,2014-11-07,8.73,Consumer,2.9682
48896,2014-10-21,13.36,Consumer,4.1416
48898,2014-07-19,7.656,Consumer,-6.1248
48900,2014-06-23,3.036,Consumer,-5.0094
48905,2014-10-27,14.76,Consumer,4.9815
48906,2014-11-04,10.688,Consumer,3.7408
48907,2014-12-19,7.236,Consumer,-6.03
48908,2014-12-14,8.64,Consumer,4.2336
48910,2014-10-03,4.776,Corporate,-2.154
48912,2014-05-08,9.0,Home Office,-9.48
48915,2014-01-29,8.883,Corporate,-8.607
48923,2014-04-18,14.01,Corporate,5.16
48926,2014-08-01,6.0,Consumer,1.26
48930,2014-09-10,5.112,Consumer,-2.178
48935,2014-06-03,17.52,Consumer,5.58
48937,2014-06-30,76.464,Home Office,30.564
48947,2014-11-19,11.0556,Consumer,2.6556
48949,2014-12-23,57.9396,Home Office,-51.3804
48950,2014-12-20,4.41,Consumer,-2.36
48951,2014-11-24,27.992,Consumer,2.0994
48953,2014-12-02,6.783,Consumer,-4.7481
48954,2014-01-02,48.896,Consumer,8.5568
48958,2014-06-26,11.304,Home Office,-2.1195
48959,2014-06-20,11.184,Consumer,0.8388
48961,2014-09-04,5.96,Corporate,1.6688
48962,2014-10-10,12.816,Consumer,4.3254
48970,2014-09-01,6.672,Home Office,2.1684
48971,2014-04-26,13.904,Consumer,4.5188
48973,2014-12-05,8.8,Consumer,2.552
48977,2014-09-27,2.224,Home Office,0.556
48978,2014-03-19,13.9,Corporate,3.753
48980,2014-12-04,11.352,Consumer,-11.088
48984,2014-01-22,9.51,Consumer,0.66
48986,2014-10-08,25.35,Corporate,6.84
48987,2014-06-23,2.88,Consumer,-2.34
48988,2014-06-11,17.07,Consumer,8.01
48992,2014-10-14,5.56,Consumer,2.48
48996,2014-10-29,7.464,Corporate,-11.196
48998,2014-09-29,7.072,Home Office,-8.328
49000,2014-04-01,3.088,Consumer,-1.792
49004,2014-09-23,12.36,Consumer,1.6
49007,2014-02-17,11.28,Corporate,-7.36
49009,2014-11-20,22.68,Corporate,3.6
49010,2014-12-08,18.9,Corporate,-0.78
49011,2014-09-19,11.43,Corporate,4.11
49014,2014-12-22,25.8,Consumer,10.02
49015,2014-10-13,11.43,Corporate,4.11
49025,2014-07-30,4.368,Consumer,0.3822
49026,2014-11-12,10.368,Home Office,3.6288
49027,2014-07-02,443.92,Home Office,13.3176
49028,2014-11-22,8.448,Consumer,2.64
49029,2014-11-25,20.724,Consumer,-15.1976
49035,2014-12-12,5.4,Home Office,2.592
49037,2014-09-25,7.3,Home Office,2.19
49038,2014-02-11,22.8,Home Office,9.48
49039,2014-04-17,12.36,Home Office,3.45
49040,2014-01-10,7.236,Corporate,-10.164
49041,2014-02-17,6.0,Corporate,1.26
49042,2014-07-09,7.947,Consumer,-13.803
49043,2014-09-26,3.87,Consumer,0.36
49045,2014-01-24,6.33,Consumer,0.24
49047,2014-05-22,7.02,Consumer,3.51
49051,2014-12-26,5.304,Corporate,-1.866
49052,2014-12-03,10.14,Home Office,-8.37
49053,2014-02-19,4.44,Consumer,-4.02
49055,2014-04-03,5.792,Corporate,-5.528
49060,2014-11-10,46.08,Consumer,-11.52
49063,2014-06-12,1.956,Consumer,-0.424
49068,2014-09-01,24.0,Consumer,10.95
49071,2014-10-15,7.8,Consumer,3.27
49073,2014-01-02,7.524,Corporate,0.864
49074,2014-08-19,6.744,Consumer,-11.4648
49075,2014-09-23,5.607,Consumer,-4.2987
49076,2014-04-17,13.71,Consumer,-10.054
49080,2014-09-10,8.832,Consumer,-1.9872
49083,2014-06-04,3.912,Corporate,1.2714
49086,2014-07-15,4.96,Consumer,2.3312
49088,2014-12-29,4.28,Consumer,1.926
49089,2014-05-01,4.842,Home Office,-3.5508
49091,2014-08-01,11.01,Home Office,5.3949
49093,2014-06-12,10.32,Consumer,4.53
49096,2014-11-28,2.178,Consumer,-2.562
49097,2014-06-20,9.84,Consumer,1.65
49098,2014-10-20,3.99,Corporate,0.42
49100,2014-06-18,6.12,Corporate,0.24
49103,2014-10-16,7.548,Consumer,-6.612
49107,2014-05-20,10.89,Consumer,4.23
49110,2014-04-11,6.52,Consumer,1.76
49113,2014-06-06,5.64,Home Office,1.24
49120,2014-05-09,6.66,Consumer,-0.42
49121,2014-09-15,63.24,Consumer,0.6
49123,2014-06-14,14.388,Consumer,-4.452
49124,2014-01-29,16.2,Consumer,-8.1
49127,2014-04-25,1.188,Corporate,-0.99
49129,2014-11-02,25.12,Consumer,7.85
49130,2014-06-23,8.928,Home Office,0.6696
49133,2014-03-07,11.52,Home Office,5.6448
49134,2014-10-06,63.824,Home Office,13.5626
49137,2014-12-19,4.824,Consumer,1.7487
49142,2014-06-24,10.26,Consumer,2.64
49146,2014-09-09,10.242,Corporate,-9.918
49151,2014-12-05,10.71,Home Office,1.71
49152,2014-11-03,5.772,Consumer,-1.608
49153,2014-09-15,6.78,Home Office,0.26
49155,2014-10-18,5.22,Corporate,-1.4
49156,2014-07-24,37.9,Home Office,2.6
49160,2014-08-18,13.296,Consumer,4.116
49161,2014-09-13,8.34,Consumer,3.72
49164,2014-12-25,9.693,Corporate,-1.077
49167,2014-11-18,155.25,Consumer,24.84
49168,2014-05-05,12.474,Consumer,5.544
49170,2014-03-20,3.075,Corporate,-0.555
49179,2014-08-12,9.184,Corporate,2.87
49183,2014-11-03,5.32,Corporate,2.6068
49184,2014-01-15,5.97,Consumer,-4.577
49192,2014-06-10,6.84,Home Office,1.41
49194,2014-01-13,7.26,Consumer,2.52
49195,2014-12-27,14.97,Consumer,5.37
49196,2014-12-30,10.41,Corporate,3.51
49197,2014-04-09,3.6,Home Office,-7.92
49199,2014-12-01,7.14,Consumer,2.76
49200,2014-07-05,8.4,Consumer,3.27
49203,2014-10-11,7.335,Home Office,-17.115
49207,2014-11-18,8.4,Consumer,0.06
49215,2014-05-07,12.66,Corporate,0.72
49216,2014-12-24,9.08,Consumer,4.32
49217,2014-03-12,8.88,Corporate,-4.02
49218,2014-10-24,6.128,Consumer,-1.532
49219,2014-02-12,12.0,Consumer,0.48
49222,2014-05-09,4.65,Home Office,1.29
49226,2014-08-11,4.89,Corporate,1.17
49230,2014-11-12,13.5,Consumer,3.78
49234,2014-12-08,33.12,Consumer,2.16
49236,2014-04-18,8.964,Home Office,-6.5736
49238,2014-08-28,2.896,Corporate,0.9774
49239,2014-05-02,48.9,Home Office,18.093
49243,2014-09-16,31.744,Consumer,8.3328
49244,2014-09-12,10.272,Consumer,3.21
49245,2014-11-21,2.97,Corporate,1.3365
49248,2014-12-02,8.001,Consumer,-5.6007
49250,2014-12-26,4.272,Home Office,-2.088
49252,2014-09-04,6.318,Consumer,-9.102
49256,2014-10-09,10.38,Consumer,2.16
49257,2014-04-18,6.948,Consumer,-9.972
49260,2014-10-24,16.128,Consumer,-15.072
49261,2014-06-20,7.227,Corporate,-12.303
49265,2014-06-06,5.64,Home Office,1.24
49270,2014-12-27,18.8,Consumer,3.76
49272,2014-09-08,20.64,Consumer,-5.86
49273,2014-04-11,11.64,Corporate,1.36
49280,2014-01-13,11.319,Consumer,-4.161
49288,2014-03-11,6.696,Home Office,0.5022
49290,2014-11-03,8.856,Corporate,2.8782
49297,2014-12-05,11.352,Corporate,2.6961
49300,2014-04-17,7.98,Home Office,0.84
49302,2014-06-17,13.65,Consumer,2.85
49305,2014-10-14,14.256,Consumer,-9.984
49307,2014-12-18,7.464,Consumer,-2.256
49308,2014-06-18,84.72,Consumer,11.85
49313,2014-12-03,21.696,Home Office,-11.934
49314,2014-11-30,3.708,Home Office,-5.202
49316,2014-06-04,7.296,Corporate,-6.984
49322,2014-11-17,7.18,Corporate,2.86
49324,2014-11-13,7.2,Home Office,3.3
49328,2014-05-06,5.488,Consumer,-0.412
49330,2014-07-05,22.248,Home Office,9.348
49331,2014-11-21,5.355,Consumer,-4.095
49338,2014-09-30,7.968,Home Office,2.5896
49339,2014-12-10,10.4,Consumer,5.096
49343,2014-07-06,6.316,Corporate,-10.4214
49348,2014-06-22,6.24,Home Office,3.0576
49349,2014-05-26,3.29,Consumer,1.4805
49353,2014-11-18,18.75,Consumer,8.61
49359,2014-07-04,9.27,Corporate,4.26
49360,2014-09-19,7.02,Home Office,3.51
49362,2014-04-01,5.34,Corporate,2.16
49363,2014-03-07,6.426,Consumer,-11.574
49364,2014-12-31,3.99,Consumer,0.42
49365,2014-01-08,4.53,Home Office,2.25
49368,2014-07-23,6.72,Corporate,2.82
49376,2014-10-28,3.44,Consumer,-1.56
49378,2014-09-05,4.44,Consumer,0.08
49379,2014-04-21,26.928,Home Office,-5.872
49384,2014-12-09,55.44,Consumer,-33.3
49385,2014-09-26,6.57,Home Office,-1.35
49387,2014-07-11,5.481,Corporate,0.291
49388,2014-06-04,13.284,Corporate,-8.676
49392,2014-01-23,8.82,Consumer,2.64
49397,2014-07-21,8.792,Consumer,-5.7148
49398,2014-06-21,9.82,Consumer,4.8118
49400,2014-06-30,11.54,Consumer,5.77
49405,2014-02-21,9.432,Corporate,3.0654
49408,2014-06-06,8.64,Consumer,3.36
49409,2014-04-25,6.888,Home Office,-4.152
49417,2014-06-06,8.82,Home Office,0.0
49419,2014-10-21,8.37,Corporate,0.57
49421,2014-05-26,13.032,Home Office,-8.148
49422,2014-06-05,189.58008,Consumer,14.78008
49426,2014-04-02,5.712,Corporate,-0.768
49428,2014-12-02,19.644,Consumer,-1.316
49432,2014-06-16,2.955,Consumer,-1.965
49433,2014-06-18,18.2214,Corporate,-3.1086
49435,2014-06-24,15.48,Home Office,3.87
49436,2014-08-28,4.89,Corporate,1.71
49437,2014-11-05,9.664,Home Office,3.2616
49440,2014-09-06,2.78,Home Office,0.7228
49443,2014-05-05,9.11,Consumer,4.0995
49447,2014-05-01,10.368,Consumer,3.6288
49448,2014-11-28,6.99,Consumer,2.0271
49451,2014-05-29,3.564,Corporate,-6.237
49452,2014-11-26,5.16,Consumer,1.3416
49453,2014-04-07,8.1,Corporate,-5.94
49455,2014-10-13,10.368,Home Office,3.7584
49458,2014-09-25,4.89,Consumer,1.17
49460,2014-12-24,8.712,Consumer,-10.248
49465,2014-12-04,5.676,Consumer,-5.544
49468,2014-10-29,7.62,Consumer,3.42
49471,2014-06-12,5.91,Consumer,0.51
49472,2014-09-02,7.524,Corporate,-14.556
49473,2014-03-26,8.76,Consumer,3.12
49475,2014-10-18,12.94,Consumer,1.02
49481,2014-03-13,49.5,Consumer,0.0
49482,2014-12-01,53.9964,Consumer,-13.3236
49487,2014-01-01,3.64,Corporate,1.638
49488,2014-02-04,5.229,Consumer,-4.1832
49489,2014-05-07,6.408,Home Office,0.6408
49491,2014-04-01,13.468,Consumer,-22.8956
49492,2014-09-05,6.912,Corporate,0.864
49499,2014-11-19,5.82,Corporate,2.7354
49502,2014-08-15,5.976,Corporate,-7.644
49503,2014-06-03,7.05,Corporate,2.25
49505,2014-09-16,8.208,Consumer,-7.032
49506,2014-04-05,13.86,Consumer,-20.79
49509,2014-11-05,13.17,Home Office,5.91
49510,2014-11-19,9.63,Consumer,-19.29
49516,2014-05-07,5.44,Consumer,1.74
49519,2014-05-02,18.912,Home Office,-1.268
49523,2014-09-02,75.96,Consumer,6.72
49524,2014-05-07,43.56,Consumer,-20.94
49525,2014-02-07,6.804,Corporate,-3.996
49527,2014-07-26,42.39,Corporate,10.71
49528,2014-06-02,5.2041,Corporate,1.8741
49531,2014-10-25,14.4,Consumer,6.18
49532,2014-06-26,7.26,Corporate,1.29
49533,2014-01-14,8.388,Corporate,1.398
49536,2014-11-04,12.39,Corporate,5.6994
49539,2014-02-14,6.63,Consumer,1.7901
49540,2014-06-12,3.76,Home Office,1.0904
49541,2014-08-24,8.72,Consumer,2.943
49543,2014-04-02,6.264,Corporate,2.0358
49545,2014-10-04,6.63,Home Office,3.1161
49549,2014-11-05,4.928,Consumer,1.7248
49550,2014-01-15,11.34,Home Office,5.5566
49552,2014-11-22,6.09,Corporate,2.61
49554,2014-04-25,5.208,Home Office,-3.792
49564,2014-09-05,4.8,Consumer,-6.72
49565,2014-02-28,6.81,Consumer,1.89
49572,2014-06-03,10.752,Home Office,0.792
49574,2014-12-26,10.728,Home Office,-0.912
49575,2014-04-07,8.34,Consumer,2.28
49583,2014-04-22,2.694,Consumer,-4.7145
49584,2014-10-31,9.64,Corporate,3.6632
49585,2014-03-03,6.976,Corporate,-1.3952
49586,2014-12-03,9.024,Corporate,3.1584
49593,2014-04-29,8.384,Corporate,0.7336
49594,2014-07-08,16.776,Consumer,4.8231
49598,2014-01-02,15.224,Consumer,-38.8212
49599,2014-10-28,6.576,Corporate,0.5754
49601,2014-06-03,3.933,Consumer,-8.277
49603,2014-01-03,3.231,Consumer,-7.029
49605,2014-09-19,6.03,Corporate,1.86
49606,2014-04-23,4.89,Consumer,1.17
49609,2014-01-09,4.452,Consumer,-5.928
49614,2014-07-05,9.12,Home Office,-4.2
49628,2014-06-06,16.9818,Consumer,-2.4582
49630,2014-09-10,4.503,Corporate,-3.6024
49633,2014-12-30,6.03,Consumer,2.9547
49635,2014-09-02,7.58,Home Office,2.9562
49639,2014-09-01,6.208,Home Office,0.6984
49641,2014-09-03,11.696,Consumer,3.9474
49642,2014-09-08,80.96,Consumer,34.8128
49643,2014-04-14,7.92,Corporate,1.683
49648,2014-03-31,6.9,Home Office,2.46
49651,2014-07-08,10.8,Home Office,1.62
49652,2014-03-12,4.53,Consumer,2.25
49658,2014-06-12,5.304,Consumer,-1.866
49661,2014-09-18,8.82,Consumer,0.0
49663,2014-04-01,5.931,Consumer,-3.969
49666,2014-03-05,5.436,Corporate,0.036
49667,2014-10-18,5.176,Consumer,-6.744
49668,2014-10-29,10.188,Consumer,-2.772
49669,2014-05-12,24.984,Corporate,-1.696
49680,2014-06-18,23.598,Consumer,2.598
49681,2014-10-13,7.74,Consumer,3.66
49683,2014-05-30,9.54,Consumer,4.44
49684,2014-09-26,5.56,Consumer,1.4456
49689,2014-12-23,1.641,Consumer,-1.3128
49690,2014-06-23,10.332,Home Office,-7.5768
49692,2014-12-08,15.552,Corporate,5.4432
49694,2014-01-13,9.78,Corporate,4.89
49695,2014-12-23,6.33,Consumer,-9.8115
49701,2014-07-21,13.36,Corporate,6.4128
49704,2014-11-05,3.6,Consumer,-4.14
49707,2014-10-21,7.29,Consumer,0.36
49709,2014-08-19,15.87,Consumer,6.33
49710,2014-06-03,6.99,Consumer,3.42
49713,2014-05-13,13.11,Consumer,4.44
49715,2014-01-20,4.356,Consumer,-5.124
49717,2014-07-28,16.53,Home Office,7.26
49718,2014-10-11,8.712,Home Office,-11.088
49736,2014-01-31,7.71,Corporate,3.4695
49743,2014-05-20,5.58,Home Office,1.395
49744,2014-01-30,12.128,Consumer,-20.6176
49748,2014-10-22,6.216,Home Office,-4.9728
49749,2014-11-03,3.312,Corporate,0.6624
49751,2014-06-04,5.2,Consumer,0.585
49752,2014-11-18,4.158,Corporate,-3.465
49753,2014-03-28,11.94,Home Office,5.97
49758,2014-05-09,10.53,Corporate,2.4
49759,2014-01-03,3.816,Consumer,-2.544
49761,2014-10-30,16.542,Home Office,-28.128
49763,2014-08-19,17.49,Consumer,2.07
49766,2014-02-17,4.644,Corporate,-6.516
49767,2014-06-04,4.545,Corporate,-8.505
49769,2014-02-11,29.01,Home Office,3.18
49779,2014-05-29,3.18,Home Office,1.42
49781,2014-10-29,5.598,Corporate,-13.062
49784,2014-03-17,8.6,Consumer,1.72
49786,2014-01-09,40.008,Consumer,-22.672
49792,2014-09-29,6.6555,Consumer,0.5355
49794,2014-01-18,44.685,Home Office,-34.875
49802,2014-11-22,5.56,Home Office,1.4456
49805,2014-10-21,3.75,Corporate,1.8
49807,2014-06-11,40.032,Consumer,15.012
49818,2014-06-18,5.004,Consumer,-11.196
49820,2014-12-17,16.86,Consumer,6.06
49824,2014-04-17,8.28,Consumer,-16.56
49827,2014-04-09,14.535,Home Office,-11.145
49833,2014-10-11,6.714,Home Office,-5.646
49834,2014-12-10,13.71,Corporate,2.58
49837,2014-12-22,33.6,Home Office,2.68
49839,2014-09-24,32.04,Home Office,-10.44
49841,2014-10-17,4.224,Consumer,-0.776
49843,2014-09-10,9.9351,Consumer,1.2951
49844,2014-06-23,10.5894,Consumer,-3.2706
49845,2014-11-12,6.615,Consumer,1.905
49846,2014-06-19,27.48,Corporate,12.36
49850,2014-04-11,7.61,Home Office,3.5767
49851,2014-06-18,2.304,Corporate,-3.5712
49852,2014-04-02,5.78,Consumer,2.7166
49855,2014-11-24,7.476,Corporate,-5.9808
49860,2014-06-17,5.936,Corporate,-8.904
49861,2014-09-10,14.136,Consumer,4.2408
49862,2014-06-25,2.88,Consumer,1.3536
49863,2014-03-31,5.715,Consumer,-4.7625
49867,2014-08-18,5.552,Home Office,-1.041
49869,2014-06-11,14.7,Corporate,4.116
49871,2014-07-15,4.448,Consumer,1.4456
49873,2014-07-08,5.94,Consumer,0.1188
49874,2014-08-06,26.52,Corporate,12.18
49876,2014-09-28,19.56,Corporate,4.68
49879,2014-12-12,3.99,Corporate,0.42
49880,2014-01-20,10.572,Corporate,-15.348
49882,2014-01-30,38.16,Corporate,17.91
49887,2014-03-06,16.896,Corporate,-3.104
49889,2014-09-15,8.208,Consumer,-2.352
49891,2014-06-08,7.448,Corporate,-3.912
49894,2014-06-06,7.3,Consumer,2.7
49896,2014-02-10,6.0,Corporate,1.26
49899,2014-12-09,6.72,Consumer,-1.08
49901,2014-09-26,8.16,Consumer,1.95
49904,2014-03-11,5.248,Home Office,0.5904
49908,2014-09-08,4.896,Consumer,1.6524
49910,2014-03-11,13.092,Corporate,-10.0372
49911,2014-07-16,6.56,Consumer,1.9024
49915,2014-03-31,6.08,Consumer,2.0672
49925,2014-09-06,6.72,Consumer,2.82
49927,2014-10-28,4.482,Corporate,-9.138
49933,2014-12-05,4.248,Home Office,-4.692
49938,2014-04-04,4.095,Consumer,-7.665
49942,2014-06-30,10.92,Home Office,-4.38
49948,2014-05-12,10.68,Consumer,4.32
49949,2014-08-04,18.45,Consumer,3.69
49950,2014-09-19,6.318,Consumer,2.808
49954,2014-11-27,23.5956,Corporate,-17.9244
49961,2014-12-23,4.17,Corporate,1.0842
49966,2014-10-22,4.064,Home Office,1.3716
49982,2014-04-21,5.931,Consumer,-3.969
49983,2014-01-28,5.094,Consumer,-11.406
49985,2014-06-20,9.954,Consumer,-18.306
49986,2014-06-04,76.48,Consumer,-76.48
49990,2014-05-02,4.644,Home Office,-2.436
49992,2014-09-04,5.56,Corporate,2.48
49999,2014-12-24,7.3617,Corporate,-0.8583
50000,2014-07-19,7.9818,Home Office,-5.1582
50011,2014-05-12,5.248,Home Office,0.5904
50012,2014-03-06,7.9,Consumer,2.528
50013,2014-09-29,9.24,Consumer,4.4352
50014,2014-08-13,54.92,Consumer,19.7712
50015,2014-05-13,7.77,Corporate,2.0979
50016,2014-05-06,6.68,Consumer,3.2064
50019,2014-10-28,5.607,Corporate,-3.9249
50021,2014-08-22,6.672,Consumer,2.085
50022,2014-05-08,6.228,Consumer,-2.202
50027,2014-06-17,13.2,Consumer,0.0
50028,2014-12-04,13.56,Consumer,-15.27
50032,2014-06-23,4.53,Consumer,2.25
50034,2014-06-03,7.83,Consumer,3.21
50035,2014-09-25,5.532,Home Office,-3.198
50040,2014-12-16,8.49,Consumer,2.37
50048,2014-11-25,8.64,Consumer,2.92
50049,2014-11-10,6.444,Consumer,-1.416
50050,2014-09-18,3.26,Corporate,0.88
50051,2014-11-20,3.144,Home Office,0.304
50052,2014-12-31,26.4,Consumer,12.36
50055,2014-06-03,21.72,Consumer,2.82
50057,2014-07-17,81.828,Consumer,1.338
50064,2014-10-02,6.672,Corporate,0.5004
50070,2014-03-18,9.144,Consumer,3.0861
50071,2014-09-18,10.776,Corporate,3.5022
50074,2014-11-04,11.673,Consumer,-7.782
50075,2014-08-28,5.184,Consumer,1.8144
50079,2014-08-20,2.296,Consumer,-3.9032
50082,2014-12-29,2.96,Corporate,-1.406
50084,2014-09-27,35.88,Corporate,16.146
50088,2014-02-17,7.692,Consumer,-3.6537
50090,2014-11-25,7.78,Consumer,3.501
50091,2014-02-18,5.715,Home Office,-4.7625
50098,2014-05-08,10.14,Home Office,-8.37
50103,2014-12-03,10.98,Consumer,4.5
50106,2014-08-22,6.456,Home Office,-6.954
50107,2014-03-02,4.89,Corporate,1.17
50109,2014-03-12,7.152,Consumer,-5.928
50110,2014-06-09,7.164,Corporate,-6.696
50111,2014-04-05,5.712,Consumer,-7.008
50113,2014-06-19,6.192,Corporate,-6.678
50115,2014-03-21,14.82,Corporate,6.66
50117,2014-04-01,2.316,Consumer,-2.564
50121,2014-06-12,126.174,Corporate,-0.066
50125,2014-08-06,13.9761,Corporate,-4.5039
50127,2014-05-03,8.964,Corporate,0.864
50129,2014-06-29,61.47,Consumer,25.74
50133,2014-04-15,14.592,Consumer,2.5536
50135,2014-04-22,2.934,Consumer,-4.9878
50137,2014-08-29,5.56,Home Office,1.4456
50142,2014-10-20,2.072,Consumer,-3.5224
50145,2014-09-10,9.856,Corporate,3.4496
50152,2014-12-12,6.54,Corporate,2.1582
50153,2014-10-15,4.77,Consumer,2.04
50155,2014-12-16,4.095,Corporate,-6.705
50156,2014-12-26,5.304,Home Office,-7.296
50157,2014-07-03,6.12,Home Office,0.24
50159,2014-06-11,5.238,Consumer,-5.082
50164,2014-07-02,5.931,Consumer,-5.559
50172,2014-09-15,45.36,Consumer,2.16
50175,2014-12-17,9.52,Home Office,2.94
50176,2014-11-13,162.112,Corporate,-10.168
50179,2014-06-18,6.81,Home Office,1.89
50180,2014-01-27,38.97,Consumer,-28.08
50181,2014-08-14,6.993,Consumer,0.843
50197,2014-03-27,3.76,Home Office,1.316
50202,2014-08-18,13.92,Corporate,4.872
50203,2014-01-30,4.768,Consumer,0.4768
50204,2014-05-23,2.78,Home Office,0.7228
50209,2014-10-03,4.884,Corporate,-7.326
50215,2014-08-15,10.53,Consumer,2.4
50217,2014-07-28,69.96,Home Office,8.28
50220,2014-12-12,2.808,Consumer,-1.692
50221,2014-11-30,3.15,Home Office,-3.99
50226,2014-06-25,11.28,Consumer,-7.36
50229,2014-09-25,40.74,Consumer,15.48
50230,2014-12-19,14.7,Consumer,3.48
50231,2014-04-11,3.552,Home Office,-0.148
50239,2014-07-24,5.319,Consumer,0.399
50243,2014-08-26,3.424,Consumer,1.07
50245,2014-02-25,4.956,Consumer,-3.7996
50246,2014-12-21,6.48,Corporate,3.1104
50252,2014-03-05,2.464,Home Office,0.8624
50258,2014-06-20,11.568,Corporate,3.7596
50261,2014-11-26,4.347,Consumer,-10.023
50262,2014-05-20,4.644,Corporate,-6.516
50264,2014-01-06,5.148,Consumer,-9.312
50265,2014-04-07,11.148,Consumer,-2.802
50266,2014-08-11,3.429,Consumer,-3.891
50272,2014-11-18,7.884,Consumer,-10.656
50275,2014-05-13,3.132,Consumer,-1.488
50278,2014-09-12,5.292,Corporate,-3.708
50280,2014-09-30,6.33,Consumer,0.24
50287,2014-11-12,6.72,Consumer,1.2
50288,2014-10-13,26.712,Consumer,-6.288
50289,2014-04-12,3.492,Corporate,-1.648
50292,2014-08-20,31.17,Corporate,-17.49
50293,2014-05-13,25.515,Corporate,11.055
50294,2014-08-06,4.788,Consumer,-0.972
50296,2014-12-18,11.808,Home Office,4.2804
50300,2014-12-21,6.984,Corporate,2.3571
50303,2014-09-05,4.368,Consumer,-3.0576
50306,2014-07-22,8.8,Consumer,3.872
50311,2014-12-18,11.58,Consumer,-13.32
50314,2014-05-07,11.43,Consumer,4.11
50315,2014-02-28,4.89,Home Office,1.17
50316,2014-11-11,7.614,Corporate,-9.396
50317,2014-01-28,3.708,Corporate,-7.422
50321,2014-06-12,4.8,Corporate,2.19
50325,2014-12-18,12.18,Consumer,-3.06
50326,2014-12-24,4.944,Corporate,-6.186
50329,2014-06-09,7.88,Consumer,1.02
50331,2014-05-28,81.12,Corporate,-9.48
50339,2014-02-06,7.38,Consumer,0.88
50340,2014-09-01,11.13,Consumer,4.11
50342,2014-06-10,7.812,Consumer,-2.748
50343,2014-11-13,63.0276,Corporate,-47.6124
50344,2014-11-13,340.65,Consumer,160.05
50350,2014-06-26,5.344,Home Office,0.7348
50351,2014-07-18,7.904,Consumer,2.1736
50352,2014-02-26,1.788,Consumer,-3.0396
50356,2014-05-04,22.96,Consumer,6.6584
50358,2014-01-02,6.47,Consumer,-9.705
50364,2014-08-22,4.62,Home Office,-4.17
50366,2014-11-18,3.264,Consumer,-1.086
50367,2014-09-27,4.473,Consumer,-7.317
50369,2014-09-02,5.52,Corporate,-3.36
50371,2014-08-20,4.89,Consumer,1.17
50372,2014-12-08,7.308,Consumer,-7.332
50385,2014-09-22,67.86,Consumer,7.44
50388,2014-10-29,5.436,Home Office,0.216
50393,2014-12-22,6.63,Consumer,1.7901
50398,2014-06-16,4.26,Consumer,1.7466
50400,2014-10-24,3.564,Consumer,-6.237
50404,2014-02-10,21.12,Corporate,6.5472
50405,2014-06-04,4.554,Consumer,-3.4914
50406,2014-12-29,1.68,Corporate,-2.688
50409,2014-11-17,1.824,Corporate,-1.3984
50411,2014-12-17,5.984,Corporate,2.244
50412,2014-01-20,2.04,Consumer,0.9588
50413,2014-09-11,3.438,Consumer,-5.052
50416,2014-11-13,4.884,Consumer,-7.326
50417,2014-03-11,3.222,Consumer,-3.558
50424,2014-03-11,5.22,Home Office,1.86
50428,2014-08-08,28.575,Consumer,-4.125
50430,2014-12-04,11.34,Consumer,-7.74
50431,2014-11-13,13.29,Consumer,-8.55
50434,2014-10-10,10.816,Consumer,3.5152
50436,2014-05-01,4.608,Home Office,1.6704
50437,2014-10-02,1.44,Consumer,0.504
50442,2014-12-01,2.368,Consumer,0.8288
50445,2014-01-21,3.52,Consumer,1.0208
50447,2014-05-13,10.272,Home Office,1.1556
50448,2014-09-16,2.688,Consumer,0.84
50450,2014-11-19,41.472,Corporate,14.5152
50451,2014-09-29,2.655,Corporate,-1.8585
50452,2014-06-12,4.572,Consumer,-3.81
50459,2014-11-26,6.99,Consumer,3.42
50463,2014-02-07,2.016,Consumer,-2.184
50464,2014-02-07,3.936,Consumer,-2.274
50469,2014-09-15,3.86,Corporate,1.42
50471,2014-01-21,8.064,Consumer,0.504
50473,2014-10-02,5.232,Consumer,-3.288
50474,2014-01-28,13.545,Consumer,-11.025
50475,2014-09-01,12.36,Consumer,-7.44
50478,2014-06-26,122.55,Home Office,2.4
50479,2014-08-14,61.128,Consumer,16.248
50480,2014-01-31,7.155,Corporate,0.615
50481,2014-09-17,8.82,Corporate,4.0572
50483,2014-11-21,4.656,Consumer,1.5714
50488,2014-03-09,3.36,Consumer,0.8736
50489,2014-04-29,6.848,Corporate,0.7704
50494,2014-04-24,3.0,Home Office,1.05
50497,2014-11-04,4.086,Consumer,-2.9964
50498,2014-11-05,3.564,Consumer,-2.97
50499,2014-03-14,7.992,Corporate,2.5974
50502,2014-01-13,21.48,Corporate,-32.22
50503,2014-08-29,4.383,Corporate,-5.427
50504,2014-08-20,4.212,Corporate,-3.498
50505,2014-11-19,5.103,Consumer,-4.767
50508,2014-10-13,2.952,Consumer,-3.258
50514,2014-12-30,5.247,Consumer,-10.173
50515,2014-08-02,12.4,Consumer,-2.34
50519,2014-09-15,4.08,Corporate,-2.94
50520,2014-06-10,24.57,Home Office,4.59
50526,2014-11-22,9.02,Home Office,3.5178
50534,2014-09-21,4.36,Consumer,1.7876
50535,2014-11-01,5.248,Home Office,0.5904
50537,2014-11-03,5.56,Consumer,1.4456
50538,2014-06-20,6.888,Home Office,-11.0208
50544,2014-09-03,2.718,Consumer,-1.842
50546,2014-12-23,1.935,Corporate,-2.865
50550,2014-10-29,8.88,Corporate,-4.02
50552,2014-07-06,6.612,Consumer,-0.448
50554,2014-12-17,8.91,Home Office,-5.73
50560,2014-07-15,6.2646,Home Office,-5.4654
50565,2014-12-02,17.52,Consumer,6.132
50569,2014-01-25,5.67,Consumer,0.1134
50570,2014-12-05,5.346,Consumer,-4.455
50573,2014-02-21,6.56,Home Office,1.9024
50575,2014-12-08,3.552,Corporate,1.2432
50576,2014-02-04,3.882,Consumer,-2.588
50577,2014-08-25,3.744,Corporate,1.3104
50582,2014-07-13,3.816,Consumer,1.1925
50583,2014-03-25,12.768,Corporate,0.9576
50588,2014-12-13,3.159,Consumer,-4.971
50589,2014-12-13,3.429,Consumer,-3.891
50590,2014-02-20,7.911,Consumer,-13.209
50593,2014-10-07,12.06,Corporate,3.36
50594,2014-05-03,4.428,Consumer,-7.992
50595,2014-11-19,4.692,Corporate,-1.668
50601,2014-06-24,78.44,Corporate,16.44
50604,2014-04-17,11.19,Consumer,-5.43
50611,2014-08-08,11.68,Consumer,5.4896
50622,2014-10-07,6.48,Consumer,3.1104
50624,2014-08-27,3.231,Corporate,-7.539
50625,2014-06-06,1.809,Consumer,-2.361
50633,2014-03-11,3.393,Consumer,-6.927
50635,2014-05-03,1.962,Consumer,-2.628
50640,2014-11-24,3.624,Home Office,-3.576
50643,2014-05-26,22.3,Corporate,5.7
50644,2014-09-09,4.48,Consumer,1.96
50646,2014-09-24,4.704,Corporate,0.144
50647,2014-06-18,16.98,Corporate,0.48
50648,2014-07-01,4.8,Corporate,2.19
50649,2014-09-25,48.96,Corporate,-4.92
50650,2014-01-21,21.0,Consumer,6.72
50654,2014-07-24,40.464,Consumer,4.704
50655,2014-10-27,6.16,Consumer,2.9568
50656,2014-11-24,3.304,Consumer,1.0738
50658,2014-10-03,2.88,Consumer,1.4112
50660,2014-12-03,10.08,Corporate,5.04
50661,2014-10-08,4.24,Consumer,-6.36
50664,2014-11-14,2.064,Consumer,0.1548
50665,2014-04-25,1.81,Home Office,0.6516
50666,2014-05-20,13.216,Consumer,4.2952
50669,2014-12-26,3.856,Corporate,1.3978
50671,2014-11-06,12.96,Consumer,6.2208
50672,2014-07-24,13.92,Home Office,4.35
50674,2014-05-04,8.0,Corporate,2.8
50682,2014-07-28,8.58,Consumer,1.35
50683,2014-06-24,29.4,Consumer,9.0
50686,2014-12-26,2.07,Consumer,-2.37
50688,2014-12-30,4.203,Consumer,-4.647
50692,2014-11-10,2.364,Corporate,-4.036
50694,2014-04-18,2.955,Consumer,-2.445
50697,2014-11-06,2.388,Consumer,-1.8308
50701,2014-06-30,5.184,Corporate,1.8144
50703,2014-05-19,3.048,Consumer,1.0287
50707,2014-11-24,6.464,Consumer,-4.04
50710,2014-12-29,1.188,Corporate,-0.99
50714,2014-04-30,4.91,Consumer,2.4059
50719,2014-03-18,4.608,Home Office,1.6704
50723,2014-07-22,2.112,Consumer,-3.3792
50724,2014-01-03,2.58,Consumer,-1.38
50730,2014-07-05,13.41,Consumer,1.05
50734,2014-03-20,42.784,Consumer,6.384
50736,2014-04-08,5.328,Home Office,-3.552
50737,2014-07-09,7.56,Consumer,3.0996
50739,2014-09-29,1.744,Consumer,-0.3488
50740,2014-09-10,4.672,Corporate,1.5768
50743,2014-05-01,2.376,Corporate,0.7425
50745,2014-11-19,2.944,Consumer,-0.6624
50746,2014-05-12,6.848,Home Office,2.14
50747,2014-08-05,3.318,Corporate,-5.6406
50748,2014-05-01,9.78,Corporate,4.0098
50754,2014-11-06,4.41,Home Office,2.0286
50756,2014-12-16,2.448,Corporate,-1.902
50757,2014-05-26,2.448,Consumer,-1.902
50758,2014-12-09,4.77,Corporate,2.04
50763,2014-06-18,3.216,Consumer,-1.464
50766,2014-12-22,2.384,Home Office,-2.276
50768,2014-11-25,5.72,Consumer,1.54
50771,2014-06-24,175.42,Consumer,80.64
50776,2014-07-04,9.78,Corporate,2.34
50788,2014-09-12,12.96,Home Office,6.2208
50791,2014-11-29,1.64,Home Office,0.738
50794,2014-09-10,6.56,Consumer,1.9024
50806,2014-09-02,2.052,Home Office,-3.378
50807,2014-08-29,2.547,Corporate,-3.573
50812,2014-10-11,13.329,Home Office,-16.461
50813,2014-12-31,7.12,Consumer,0.56
50816,2014-09-09,12.06,Home Office,3.48
50817,2014-05-30,2.238,Home Office,-4.862
50820,2014-06-29,66.57,Consumer,29.28
50822,2014-09-22,12.06,Consumer,0.36
50825,2014-11-07,5.68,Consumer,1.7608
50827,2014-10-13,0.99,Home Office,0.4356
50828,2014-05-05,2.313,Consumer,-1.9275
50829,2014-11-25,2.88,Home Office,1.4112
50830,2014-05-20,3.52,Home Office,1.0208
50832,2014-05-19,1.996,Corporate,-3.2934
50834,2014-01-15,2.508,Consumer,-1.8392
50835,2014-01-30,8.57,Consumer,2.2282
50841,2014-11-24,97.32,Home Office,17.46
50842,2014-10-30,15.894,Home Office,-27.606
50845,2014-06-03,14.28,Corporate,6.54
50847,2014-12-26,8.784,Consumer,-5.496
50848,2014-07-24,3.99,Consumer,0.42
50854,2014-03-19,26.94,Corporate,8.58
50858,2014-08-07,26.1,Consumer,6.75
50859,2014-06-17,11.49,Consumer,3.33
50860,2014-12-19,8.1174,Corporate,1.7574
50861,2014-07-26,12.045,Corporate,-3.555
50862,2014-03-21,2.91,Consumer,1.3677
50865,2014-09-10,3.036,Corporate,-2.3276
50866,2014-12-19,3.2,Consumer,1.376
50868,2014-12-04,3.15,Consumer,1.512
50869,2014-11-14,11.22,Corporate,-7.48
50877,2014-05-15,5.04,Consumer,1.764
50878,2014-07-22,3.52,Corporate,1.6896
50882,2014-12-26,3.168,Consumer,-5.0688
50883,2014-05-19,1.892,Corporate,-0.9933
50887,2014-01-15,2.52,Home Office,0.1008
50889,2014-08-22,2.364,Home Office,-1.446
50891,2014-02-11,3.15,Consumer,-5.46
50894,2014-02-17,3.744,Corporate,-7.746
50895,2014-12-10,2.052,Home Office,-3.378
50897,2014-09-29,5.552,Home Office,-0.768
50899,2014-10-27,59.16,Consumer,10.02
50902,2014-12-20,15.392,Home Office,3.832
50904,2014-12-11,20.16,Consumer,-4.86
50907,2014-11-07,5.682,Home Office,-3.788
50908,2014-07-07,2.946,Corporate,-2.2586
50912,2014-04-27,1.988,Consumer,-1.4413
50917,2014-12-31,3.024,Consumer,-0.6048
50919,2014-05-23,1.592,Consumer,-2.6268
50924,2014-05-02,3.328,Consumer,0.416
50928,2014-03-07,4.928,Consumer,1.7248
50930,2014-11-07,16.398,Consumer,-31.182
50932,2014-11-10,8.478,Consumer,-13.302
50936,2014-12-11,5.79,Consumer,1.56
50939,2014-10-28,2.052,Corporate,-3.378
50941,2014-11-19,5.808,Consumer,-4.512
50943,2014-05-13,2.808,Consumer,-0.702
50944,2014-12-16,2.628,Consumer,-2.112
50945,2014-09-29,43.752,Home Office,-38.328
50952,2014-06-18,23.1,Home Office,5.52
50956,2014-07-03,89.4,Consumer,30.3
50957,2014-02-17,6.777,Corporate,0.207
50960,2014-11-28,12.1158,Home Office,-4.1442
50961,2014-01-08,2.808,Consumer,-1.9656
50966,2014-10-03,10.16,Corporate,3.4544
50975,2014-08-01,8.361,Corporate,-5.589
50976,2014-01-20,8.688,Corporate,-4.392
50977,2014-06-23,4.518,Consumer,-10.242
50980,2014-08-04,4.56,Consumer,1.62
50981,2014-10-16,60.264,Home Office,-56.256
50984,2014-06-18,3.456,Corporate,-1.744
50985,2014-09-03,16.8,Consumer,1.34
50986,2014-12-05,2.808,Consumer,0.268
50991,2014-01-09,48.75,Corporate,11.7
50993,2014-12-10,2.624,Corporate,0.4264
50998,2014-10-28,8.448,Corporate,2.64
50999,2014-12-29,2.48,Home Office,0.868
51005,2014-03-25,2.664,Consumer,-4.626
51008,2014-04-22,2.928,Consumer,-0.822
51014,2014-09-17,6.99,Consumer,3.42
51018,2014-10-22,9.54,Consumer,4.44
51019,2014-10-27,19.9863,Corporate,-10.6137
51021,2014-06-03,2.97,Home Office,-0.6435
51023,2014-07-30,2.896,Corporate,0.4706
51026,2014-08-24,2.784,Consumer,0.4176
51032,2014-12-12,1.392,Consumer,-3.7584
51038,2014-05-21,14.7,Consumer,2.94
51043,2014-06-20,2.808,Consumer,-0.702
51060,2014-10-10,18.24,Consumer,6.156
51062,2014-09-11,2.78,Consumer,1.3622
51064,2014-09-03,5.588,Corporate,-15.0876
51067,2014-04-12,1.752,Consumer,0.1533
51069,2014-12-26,4.944,Home Office,-3.966
51071,2014-09-09,1.899,Corporate,-4.191
51072,2014-06-13,4.41,Consumer,0.0
51073,2014-10-31,4.53,Consumer,2.25
51076,2014-06-26,6.34,Consumer,2.2
51082,2014-01-27,7.16,Corporate,3.4368
51085,2014-05-24,1.824,Consumer,0.6156
51089,2014-10-16,3.99,Consumer,0.42
51090,2014-09-17,1.359,Home Office,-0.921
51091,2014-11-25,4.032,Consumer,-7.128
51093,2014-07-31,1.548,Corporate,-1.962
51100,2014-09-01,9.516,Consumer,-0.804
51102,2014-02-04,5.595,Consumer,-2.715
51103,2014-11-03,6.27,Consumer,2.94
51108,2014-12-27,3.132,Home Office,-2.61
51113,2014-05-05,2.202,Corporate,-1.5414
51114,2014-09-12,1.556,Consumer,-4.2012
51117,2014-11-07,1.248,Consumer,-1.9344
51122,2014-12-26,1.86,Corporate,-1.5
51124,2014-09-29,2.776,Home Office,-3.544
51126,2014-10-24,11.616,Consumer,1.856
51129,2014-06-23,18.72,Consumer,-12.78
51130,2014-12-10,1.248,Corporate,-1.9344
51134,2014-09-19,8.928,Consumer,0.558
51136,2014-12-15,2.032,Home Office,-1.3208
51143,2014-08-14,1.584,Consumer,0.4752
51152,2014-01-31,2.385,Consumer,-5.415
51153,2014-11-17,7.62,Corporate,3.42
51159,2014-06-30,3.096,Corporate,-3.924
51162,2014-02-28,43.65,Consumer,9.54
51171,2014-11-04,16.272,Consumer,5.2884
51173,2014-03-24,4.077,Corporate,-9.513
51178,2014-01-02,173.46,Consumer,50.28
51179,2014-11-18,20.664,Home Office,-23.496
51181,2014-06-23,5.952,Home Office,-5.658
51187,2014-07-10,1.08,Consumer,-0.792
51188,2014-11-25,5.88,Corporate,2.8812
51192,2014-08-18,8.016,Home Office,1.002
51193,2014-11-05,1.408,Home Office,-2.3232
51194,2014-03-03,0.556,Corporate,-0.9452
51204,2014-06-17,18.54,Consumer,8.7138
51205,2014-07-17,2.912,Home Office,0.91
51207,2014-06-25,10.272,Corporate,3.21
51208,2014-06-20,2.264,Consumer,-5.2072
51210,2014-01-16,32.784,Consumer,-52.4544
51212,2014-12-18,1.161,Consumer,-2.349
51220,2014-09-22,1.908,Consumer,-1.5264
51222,2014-12-30,12.53,Consumer,5.8891
51224,2014-12-13,4.02,Consumer,-1.11
51227,2014-12-12,2.448,Corporate,-1.902
51228,2014-11-24,1.197,Consumer,-2.373
51234,2014-11-12,6.9,Consumer,-0.84
51237,2014-06-11,279.96,Home Office,17.4975
51239,2014-02-10,3.984,Consumer,-2.6892
51241,2014-05-24,1.188,Consumer,-1.9602
51247,2014-12-12,2.673,Corporate,-4.647
51248,2014-12-18,2.781,Consumer,-3.249
51250,2014-12-22,36.68,Corporate,16.8
51251,2014-05-23,27.3,Consumer,3.78
51253,2014-07-08,18.36,Corporate,-13.26
51256,2014-04-17,2.896,Consumer,-4.7784
51257,2014-09-30,35.0,Consumer,16.8
51261,2014-12-17,53.73,Consumer,6.42
51262,2014-12-23,6.69,Consumer,1.71
51264,2014-08-05,17.88,Consumer,5.88
51266,2014-11-25,47.142,Corporate,8.862
51271,2014-04-09,5.34,Consumer,2.16
51272,2014-04-17,19.32,Consumer,0.56
51274,2014-09-11,5.92,Home Office,0.04
51276,2014-06-09,1.624,Corporate,-4.466
51280,2014-11-29,34.128,Home Office,-49.572
51281,2014-06-09,84.0,Consumer,9.2
51283,2014-05-30,26.94,Corporate,1.86
51284,2014-08-05,58.05,Home Office,19.95
51285,2014-06-19,65.1,Corporate,4.5
51286,2014-06-20,0.444,Consumer,-1.11
