,Sales
0,2309.65
1,3709.395
2,5175.171
3,2892.51
4,2832.96
5,2862.675
6,1822.08
7,5244.84
8,5083.96
9,4297.644
10,4164.05
11,4626.15
12,2616.96
13,2221.8
14,3701.52
15,1869.588
16,2249.91
17,7958.58
18,2565.594
19,3409.74
20,1977.72
21,2735.952
22,2754.0
23,5273.7
24,1713.84
25,2106.496
26,1715.16
27,3069.738
28,4158.912
29,1878.72
30,1696.64
31,2402.865
32,2453.43
33,2526.93
34,3610.848
35,3817.26
36,2799.96
37,7999.98
38,4141.02
39,2875.095
40,3200.5962
41,4518.78
42,5667.87
43,5785.02
44,3018.624
45,9449.95
46,2092.5
47,2761.2
48,2174.13
49,3473.14
50,3050.376
51,2108.64
52,2399.96
53,2197.5
54,2582.16
55,1526.52
56,3149.93
57,1745.34
58,4191.507
59,4367.896
60,3063.27
61,4643.8
62,4473.0
63,1502.01
64,5049.0
65,2104.55
66,2188.05
67,1920.36
68,1704.0
69,1858.68
70,3298.26
71,2443.48
72,3808.8
73,3427.1496
74,3441.69
75,2863.35
76,6354.95
77,1487.4
78,3200.04
79,2301.0
80,5729.346
81,5301.24
82,5443.96
83,4416.174
84,3219.9
85,2487.8088
86,2266.44
87,3068.361
88,3728.43
89,1581.48
90,1916.73
91,1685.88
92,2432.16
93,3863.88
94,2465.82
95,1847.52
96,2899.89
97,2891.7
98,2016.846
99,3155.544
100,3856.14
101,3524.472
102,2167.296
103,2556.0
104,1469.25
105,4448.832
106,2036.86
107,2472.66
108,3739.176
109,2570.865
110,9099.93
111,2875.77
112,1741.8
113,1601.64
114,3670.8
115,2973.32
116,1900.95
117,1261.33
118,4544.1
119,1455.12
120,1943.19
121,6999.96
122,9892.74
123,1695.87
124,1505.979
125,1954.17
126,2244.48
127,8399.976
128,1628.82
129,1213.18876
130,1590.6
131,2330.64
132,3278.5848
133,3741.5238
134,1603.136
135,3637.602
136,2455.88
137,1024.68
138,2807.84
139,4476.8
140,2297.96
141,2671.41
142,3834.0
143,2054.272
144,3501.7368
145,1725.462
146,1583.7
147,1931.04
148,2760.345
149,3078.72
150,1983.135
151,1112.778
152,3616.5
153,3059.982
154,2892.105
155,3263.4
156,2396.2656
157,3117.088
158,4899.93
159,1888.7
160,3000.78
161,3801.63
162,5211.12
163,1356.03
164,3569.643
165,1287.45
166,2910.0816
167,3126.4002
168,5276.988
169,2645.376
170,1637.01
171,4499.985
172,2645.376
173,2399.6
174,3238.305
175,2291.814
176,2124.5
177,2757.78
178,1549.98
179,2624.985
180,3146.4
181,2456.619
182,2228.6355
183,2999.95
184,4001.04
185,4876.875
186,1788.822
187,3622.29
188,1242.585
189,4453.05
190,2673.36
191,2046.195
192,5451.3
193,4535.976
194,1722.2832
195,2575.944
196,1007.424
197,2934.33
198,4624.29
199,1066.446
200,957.6
201,4864.32
202,2154.9
203,1433.8395
204,2784.6
205,3063.27
206,3404.5
207,1606.23
208,2044.8
209,1214.85
210,1521.0
211,2443.905
212,1348.704
213,1141.8
214,1865.97
215,6998.64
216,1091.25
217,1094.22
218,1320.624
219,2555.64
220,3498.72
221,1439.976
222,2272.86
223,5211.12
224,2582.16
225,3194.55
226,1704.996
227,1538.721
228,1381.32
229,1181.547
230,1696.248
231,3359.952
232,4663.736
233,1237.56
234,1274.7
235,3172.14
236,4305.552
237,3979.29
238,1586.69
239,2395.2
240,1259.97
241,2058.0
242,2539.8765
243,2898.21
244,1320.0075
245,2171.16
246,4448.223
247,1913.4
248,2300.616
249,2615.94
250,1066.68
251,3504.9
252,2544.6
253,3694.68
254,2214.849
255,1236.48
256,1805.9
257,3059.982
258,1687.8
259,2715.93
260,1810.3
261,2120.5
262,1275.0
263,1593.648
264,1114.236
265,2944.08
266,3309.2598
267,897.48
268,2056.05
269,2365.6592
270,1336.356
271,3038.64
272,2698.65
273,3799.08
274,2756.34
275,983.88
276,1719.807
277,1421.541
278,1053.6884
279,1440.84
280,2544.372
281,2625.12
282,1554.48
283,1278.0
284,3474.08
285,2550.0
286,1101.48
287,1016.792
288,1199.976
289,934.248
290,10499.97
291,3908.88
292,2142.3
293,1900.584
294,1840.68
295,2624.04
296,3076.5
297,3181.7718
298,1392.633
299,1296.24
300,1682.91
301,1278.0
302,2570.76
303,2332.96
304,1582.2
305,1801.632
306,1512.0
307,695.7
308,2550.0
309,2025.36
310,2285.7
311,1029.2589
312,1058.2792
313,5751.54
314,2442.069
315,1190.52
316,3150.819
317,1599.9
318,2063.4
319,1269.9
320,3274.02
321,848.32
322,3080.0
323,2847.36
324,1725.75
325,1479.3138
326,4899.93
327,1282.23
328,2478.6
329,17499.95
330,959.76
331,1090.782
332,4135.641
333,2325.28
334,5486.67
335,1523.664
336,1625.2425
337,1319.96
338,734.94
339,2065.32
340,1391.52
341,1552.831
342,2461.06
343,2939.93
344,8159.952
345,1226.19
346,1809.255
347,1863.0
348,4548.81
349,1244.187
350,2364.102
351,1946.313
352,895.92
353,2283.714
354,2549.76
355,3299.562
356,2489.4
357,3406.664
358,999.98
359,1189.242
360,2879.952
361,1269.6
362,3499.155
363,2993.025
364,815.949
365,1245.0
366,1027.728
367,1703.025
368,1803.0837
369,676.485
370,969.36
371,1637.01
372,1655.96144
373,976.96
374,731.34
375,1239.0
376,1680.606
377,2190.75
378,935.172
379,1026.96
380,2550.0
381,1224.714
382,2667.537
383,2605.92
384,2962.68
385,2664.0
386,1513.56
387,1233.63
388,855.15
389,956.34
390,1801.632
391,1838.52
392,4498.83
393,1824.144
394,2344.0
395,2043.72
396,856.8
397,2509.36
398,819.936
399,2797.248
400,1455.08
401,2189.0898
402,5451.3
403,1291.08
404,1526.52
405,1079.85
406,1869.72
407,1815.24
408,959.76
409,3045.84
410,2125.0
411,976.08
412,1266.36
413,1458.65
414,2134.44
415,4748.436
416,1867.5
417,1001.7
418,899.136
419,663.92
420,4306.32
421,899.55
422,763.92
423,2544.24
424,1136.664
425,2301.0
426,3908.88
427,1951.84
428,2479.96
429,2249.16
430,2528.26
431,1461.135
432,3045.84
433,3785.292
434,1399.93
435,2152.956
436,1244.1
437,2226.816
438,1586.412
439,3040.0
440,3425.4
441,1136.94
442,677.6352
443,731.34
444,3499.93
445,1272.72
446,1856.34
447,2295.0
448,1622.1825
449,1063.44
450,3449.88
451,585.456
452,1429.44
453,1057.8
454,1092.96
455,1483.0
456,1792.4
457,2455.677
458,1900.44
459,3712.59
460,2372.22
461,5725.35
462,2553.18
463,2003.52
464,1188.36
465,2875.095
466,2380.5
467,1619.1
468,2821.7178
469,2991.1032
470,1798.6764
471,2544.84
472,951.72
473,2575.92
474,1699.83
475,2634.552
476,3707.352
477,4298.85
478,3417.48
479,2080.32
480,840.6
481,1369.764
482,1288.8
483,660.69
484,3234.24
485,2171.3
486,2074.734
487,849.8
488,1177.173
489,2270.34
490,2665.62
491,2863.08
492,1253.07
493,3369.24
494,1464.12
495,1273.125
496,1704.89
497,1258.7774
498,2584.008
499,1482.39
500,1274.7
501,1604.9
502,2818.08
503,1046.25
504,3187.2
505,4099.68
506,703.35
507,2293.488
508,1238.6115
509,1715.056
510,1665.62
511,2841.66
512,3399.66
513,1607.76
514,840.15
515,1236.33
516,2488.56
517,1124.256
518,3999.95
519,726.72
520,2799.96
521,1519.92
522,1279.32
523,723.3
524,642.69
525,2619.0
526,1704.87
527,1715.91
528,1278.0
529,1234.56
530,4195.2
531,1765.395
532,1480.368
533,2968.98
534,2301.138
535,1100.52
536,2518.95
537,996.3
538,1919.976
539,922.95
540,1850.445
541,664.56
542,1547.1
543,2190.951
544,3242.88
545,2544.6
546,2605.56
547,1271.457
548,876.3
549,1207.56
550,2051.1
551,2544.24
552,1421.664
553,1314.45
554,3991.98
555,980.32
556,1799.97
557,2470.5
558,1499.95
559,877.02
560,1618.37
561,1917.36
562,2173.5
563,1927.59
564,1799.1
565,1814.25
566,1293.675
567,2477.55
568,1399.944
569,723.3
570,2097.12
571,1350.12
572,3242.88
573,1044.63
574,1793.98
575,597.36
576,3955.14
577,796.824
578,2305.26
579,2833.76
580,2077.32
581,1916.88
582,1212.5
583,2404.704
584,1622.565
585,856.44
586,2887.056
587,1361.043
588,3391.74
589,2375.296
590,889.02
591,1782.48
592,667.7685
593,1612.845
594,845.208
595,2799.63
596,1549.1286
597,1696.4
598,935.5
599,2036.8125
600,980.52
601,1654.644
602,1525.188
603,2063.7684
604,1457.28
605,1693.23
606,4164.05
607,1411.2
608,2039.796
609,5737.5
610,1641.087
611,1380.9
612,1917.0
613,823.5
614,872.32
615,3180.75
616,2910.1875
617,2348.82
618,1924.16
619,910.35
620,856.68
621,1731.072
622,1330.992
623,2573.82
624,1914.08
625,3393.12
626,1079.316
627,1446.6
628,3272.01
629,3386.859
630,728.532
631,2498.526
632,2575.92
633,2546.46
634,2888.76
635,1031.4
636,1237.44
637,1018.32
638,600.6
639,2756.943
640,1534.869
641,1781.136
642,6439.8
643,1363.2
644,3315.27
645,1266.86
646,2123.028
647,2478.84
648,1894.536
649,1006.056
650,5399.91
651,1317.9
652,1350.09
653,1839.18
654,2799.96
655,1908.18
656,1264.466
657,3930.072
658,965.16
659,748.116
660,943.866
661,1447.44
662,1552.5
663,1999.96
664,2405.2
665,1212.96
666,919.26
667,3045.84
668,766.872
669,2880.18
670,1403.36
671,1819.104
672,2249.91
673,2018.331
674,2065.5
675,1274.16
676,2485.62
677,1560.24
678,3271.2
679,751.488
680,2120.8
681,2102.832
682,820.488
683,2803.92
684,1718.172
685,553.44
686,2794.2525
687,1242.54
688,1626.192
689,1274.7
690,1553.76
691,2205.568
692,2690.97
693,3227.7
694,1395.0
695,2291.835
696,1660.8
697,2436.672
698,899.43
699,954.6
700,1903.0
701,2621.322
702,1590.9
703,1467.36
704,1091.2806
705,2014.3632
706,3877.68
707,1673.184
708,3083.43
709,2863.35
710,2841.66
711,765.459
712,1887.84
713,742.336
714,795.408
715,1801.6
716,779.28
717,613.26
718,979.95
719,1837.56
720,3979.29
721,1349.85
722,1198.2986
723,3393.68
724,1864.215
725,1142.64
726,1630.8
727,1172.664
728,2021.88
729,836.928
730,1302.78
731,2243.88
732,1221.561
733,1609.29
734,1596.51
735,975.92
736,2018.88
737,1885.32
738,3119.34
739,1964.25
740,1202.94
741,1653.804
742,621.0
743,2673.81
744,1307.97
745,1145.232
746,1504.52
747,1902.10816
748,1913.4
749,1854.72
750,2958.984
751,810.72
752,2953.584
753,2593.8
754,2051.013
755,2504.74
756,1318.65
757,1120.77
758,1983.968
759,3044.8
760,656.856
761,2518.95
762,1669.248
763,2476.08
764,1687.8
765,1302.78
766,2125.32
767,1954.44
768,856.92
769,3696.0315
770,1302.96
771,1136.664
772,1043.9304
773,1720.116
774,1253.76
775,2180.244
776,1306.467
777,1704.96
778,1633.14
779,775.536
780,2012.049
781,2166.8976
782,3271.2
783,755.80536
784,2182.68
785,1285.56
786,1479.36
787,740.184
788,1533.15
789,2563.92
790,2897.91
791,1582.11
792,1497.666
793,2616.96
794,1399.113
795,3421.71
796,1322.93
797,820.08
798,2678.94
799,1198.56
800,1832.607
801,1857.06
802,1752.6
803,1850.46
804,2337.15
805,788.4
806,715.53
807,1478.272
808,3094.56
809,882.0324
810,959.984
811,953.82
812,2871.54
813,2544.6
814,886.1412
815,473.847
816,1767.6
817,780.608
818,892.136
819,2711.7
820,2111.97
821,1189.2825
822,1908.45
823,1793.98
824,909.12
825,1854.9297
826,924.66
827,1760.43
828,827.28
829,1510.96
830,2098.32
831,1938.24
832,803.52
833,1391.76
834,942.784
835,952.29
836,2927.28
837,1619.91
838,1999.96
839,2117.22
840,799.984
841,2747.7
842,1014.72
843,1591.56
844,533.22
845,2124.5
846,1053.8676
847,1087.936
848,1248.84
849,2040.92
850,1068.714
851,875.22
852,1403.082
853,1743.96
854,1071.84
855,925.02
856,1682.748
857,1944.9
858,3040.8
859,1799.994
860,1003.34928
861,825.174
862,808.731
863,2764.3275
864,2563.056
865,457.14
866,599.98
867,1933.2
868,704.052
869,1355.13
870,1198.33
871,1295.84
872,2819.52
873,2571.12
874,976.08
875,607.32
876,1159.056
877,1649.95
878,1697.584
879,2063.4
880,632.043
881,2906.4
882,2572.74
883,2022.272
884,1583.82
885,2003.92
886,826.11
887,1656.72
888,2015.496
889,2219.184
890,2533.92
891,1410.4
892,1773.72
893,1377.9
894,2582.16
895,589.41
896,1257.456
897,1294.75
898,2429.44
899,1439.92
900,977.022
901,2891.7
902,901.95
903,2042.82
904,997.8004
905,1411.344
906,1647.0
907,972.567
908,1313.712
909,1273.56
910,1908.18
911,1256.22
912,2398.374
913,680.28
914,964.08
915,5199.96
916,1709.235
917,929.34
918,1119.888
919,1799.97
920,2383.857
921,1891.5
922,912.24
923,947.22176
924,1983.015
925,2146.6
926,2879.82
927,1622.01
928,1503.684
929,1454.9
930,893.5614
931,1143.44
932,2280.6
933,1401.84
934,2088.24
935,2194.53
936,1527.12
937,972.615
938,794.7
939,2761.2
940,3312.24
941,825.792
942,538.194
943,3180.3
944,1860.0
945,2582.16
946,881.1
947,1622.1825
948,1677.186
949,1001.88
950,2519.958
951,554.526
952,2120.8
953,1531.2
954,1572.84
955,1236.33
956,3023.928
957,759.66
958,2951.991
959,1282.41
960,627.276
961,756.8
962,553.92
963,3873.24
964,791.19
965,2470.5
966,2120.7
967,759.06
968,1581.03
969,1161.1971
970,642.72
971,1308.48
972,3547.44
973,724.8
974,1487.04
975,803.52
976,839.988
977,1011.696
978,2419.2
979,803.04
980,1773.72
981,777.24
982,1893.3
983,689.094
984,737.91
985,2570.76
986,1199.76
987,3216.24
988,1274.24
989,2145.72
990,895.92
991,882.15
992,2793.528
993,895.05
994,1570.176
995,2614.689
996,569.536
997,636.78
998,2751.2
999,1587.0015
1000,1037.7096
1001,2279.96
1002,1487.4
1003,908.608
1004,1241.001
1005,1121.688
1006,1838.52
1007,899.136
1008,783.96
1009,2605.392
1010,803.52
1011,584.2
1012,1679.616
1013,1148.7825
1014,681.72
1015,3633.9
1016,1229.6865
1017,2637.0
1018,1764.165
1019,757.32
1020,3720.0
1021,985.2
1022,2367.954
1023,837.864
1024,824.22
1025,723.66
1026,4618.215
1027,1212.56
1028,1299.99
1029,1075.44
1030,883.95
1031,1209.84
1032,1926.72
1033,703.71
1034,804.768
1035,470.112
1036,1447.44
1037,1028.16
1038,1519.32
1039,935.172
1040,3256.95
1041,952.722
1042,2968.7
1043,2584.386
1044,891.756
1045,1134.81
1046,634.8
1047,722.36
1048,491.136
1049,2842.83
1050,642.72
1051,947.22
1052,2076.0
1053,1309.203
1054,2266.1475
1055,1081.71
1056,3606.336
1057,2367.36
1058,1113.264
1059,1285.44
1060,1718.1
1061,544.38
1062,1971.675
1063,578.238
1064,900.08
1065,755.0868
1066,714.3
1067,510.24
1068,498.36
1069,2069.55
1070,1836.0
1071,1001.7
1072,624.42
1073,859.68
1074,750.195
1075,1269.9
1076,535.653
1077,2182.68
1078,1181.88
1079,2614.689
1080,1429.05
1081,826.0
1082,1431.3375
1083,959.984
1084,3407.94
1085,752.21256
1086,1584.387
1087,2548.56
1088,781.02
1089,1559.16
1090,771.228
1091,967.32
1092,1241.001
1093,3266.376
1094,1352.376
1095,1508.04
1096,738.63
1097,694.47
1098,874.02
1099,629.958
1100,2396.4
1101,3709.26
1102,1245.86
1103,528.93
1104,1828.35
1105,1487.808
1106,1029.6
1107,1317.3096
1108,1987.32
1109,1471.1157
1110,3028.8
1111,1713.096
1112,1245.861
1113,2266.1475
1114,886.221
1115,2683.8
1116,2752.8525
1117,1629.756
1118,1070.685
1119,1444.548
1120,907.011
1121,2147.6
1122,822.42
1123,1921.968
1124,1563.552
1125,704.9
1126,1378.17
1127,1196.86
1128,2453.04
1129,1007.979
1130,1332.639
1131,2147.46
1132,759.78
1133,637.896
1134,512.568
1135,2605.56
1136,865.9
1137,2605.92
1138,1111.725
1139,778.5
1140,1035.3
1141,915.68
1142,2198.7
1143,1272.12
1144,1207.67296
1145,1821.6
1146,1325.85
1147,535.8
1148,954.54
1149,816.72
1150,1754.298
1151,683.988
1152,721.8534
1153,1770.2524
1154,1922.3379
1155,636.21
1156,5759.964
1157,579.95
1158,868.95
1159,2003.168
1160,1227.57992
1161,1620.3
1162,2399.96
1163,1169.694
1164,3048.15
1165,914.28
1166,1232.28
1167,709.69776
1168,1219.04
1169,1993.08
1170,1819.86
1171,559.62
1172,595.17
1173,1781.19
1174,2289.75
1175,2070.15
1176,780.6912
1177,1157.58
1178,1513.56
1179,911.574
1180,1058.022
1181,1094.22
1182,2472.6933
1183,4404.9
1184,1570.6
1185,2019.6
1186,1852.032
1187,3139.128
1188,599.88
1189,1954.44
1190,2056.95
1191,1022.56
1192,1981.044
1193,538.488
1194,590.904
1195,1150.038
1196,1770.67156
1197,1284.822
1198,1621.953
1199,905.13
1200,1859.13
1201,1429.44
1202,987.957
1203,1136.64
1204,1141.8
1205,2973.06
1206,1026.54
1207,1104.408
1208,903.006
1209,775.62
1210,1393.524
1211,617.55
1212,2060.7
1213,646.4988
1214,1743.96
1215,890.4285
1216,1229.904
1217,2066.4
1218,1274.88
1219,1717.848
1220,1321.92
1221,630.15
1222,619.95
1223,1113.504
1224,2470.5
1225,2363.757
1226,2981.58
1227,1461.7
1228,1167.168
1229,966.4
1230,528.009
1231,1424.9
1232,1125.6
1233,1034.94
1234,775.56576
1235,946.764
1236,439.68
1237,585.552
1238,1138.83
1239,676.0305
1240,1455.12
1241,2060.7
1242,1217.568
1243,1591.11
1244,1384.29
1245,1013.832
1246,1215.36
1247,1822.08
1248,1649.214
1249,1266.03
1250,1703.14688
1251,1845.72
1252,637.35
1253,2671.452
1254,1126.02
1255,1264.466
1256,3029.28
1257,1121.67216
1258,521.184
1259,511.56
1260,2186.7
1261,1458.96
1262,641.97
1263,1925.88
1264,447.944
1265,584.82
1266,556.704
1267,2300.076
1268,863.928
1269,946.344
1270,795.6
1271,1652.94
1272,757.08
1273,2888.127
1274,701.47424
1275,467.04
1276,1953.666
1277,826.62
1278,875.22
1279,1399.98
1280,991.02
1281,858.64
1282,996.54
1283,1836.0
1284,753.888
1285,1002.6
1286,764.928
1287,1199.76
1288,1252.584
1289,821.88
1290,1285.44
1291,2076.48
1292,755.73
1293,927.72
1294,525.48
1295,2194.836
1296,861.6
1297,1976.562
1298,803.52
1299,1954.44
1300,714.15
1301,766.95
1302,1062.534
1303,2254.41
1304,1272.6
1305,1679.96
1306,390.96
1307,2115.216
1308,570.9
1309,1523.46696
1310,976.08
1311,529.74
1312,617.976
1313,976.08
1314,2970.9
1315,761.73348
1316,522.48
1317,956.88
1318,1913.52
1319,1123.92
1320,409.08
1321,2518.29
1322,1508.04
1323,1347.57
1324,1411.02
1325,2357.488
1326,1849.32
1327,586.08
1328,1274.7
1329,791.93296
1330,508.68
1331,1266.96
1332,1000.02
1333,1123.956
1334,1527.12
1335,782.28
1336,968.4
1337,2096.4555
1338,840.15
1339,1025.52
1340,1184.0272
1341,2177.584
1342,1327.347
1343,563.904
1344,1207.08
1345,1136.43
1346,698.64
1347,1089.75
1348,1888.7
1349,2804.58
1350,543.92
1351,1363.96
1352,1282.8
1353,1904.4
1354,776.25
1355,1599.156
1356,1224.9
1357,858.06
1358,1652.4
1359,1899.15
1360,2049.84
1361,2039.0715
1362,1272.6
1363,1938.15
1364,758.979
1365,900.72
1366,1112.697
1367,1144.89
1368,1287.96
1369,2120.8
1370,1196.3
1371,2092.752
1372,1324.35
1373,454.95
1374,1869.72
1375,346.29
1376,1908.72
1377,688.95
1378,1312.64
1379,993.66
1380,2415.42
1381,1685.90144
1382,1088.792
1383,2509.36
1384,1448.16
1385,1060.44
1386,1115.37
1387,616.44
1388,442.372
1389,1071.84
1390,1136.664
1391,1081.302
1392,1308.48
1393,1375.6
1394,1622.3355
1395,2092.5
1396,1340.3421
1397,1607.202
1398,1333.44
1399,552.501
1400,1181.0325
1401,788.22
1402,1900.5
1403,2713.41
1404,810.15
1405,2217.78
1406,687.852
1407,1141.47
1408,1241.28
1409,960.0
1410,4627.368
1411,933.536
1412,1524.2058
1413,918.459
1414,799.272
1415,2550.0
1416,1299.684
1417,1448.82
1418,1052.16
1419,766.5246
1420,509.16
1421,1836.03
1422,1460.5
1423,2544.24
1424,2068.335
1425,2220.534
1426,2583.18
1427,428.274
1428,395.44752
1429,730.32
1430,1243.98
1431,1884.6
1432,561.568
1433,1715.16
1434,1795.92
1435,1182.6
1436,2830.425
1437,627.168
1438,2885.085
1439,2863.35
1440,1085.42
1441,1099.96
1442,651.708
1443,724.8
1444,1289.5659
1445,1015.92
1446,726.78
1447,3177.711
1448,1388.94
1449,874.68
1450,1119.36
1451,829.22
1452,551.16
1453,1729.14
1454,2077.32
1455,1395.0
1456,932.985
1457,772.47
1458,1587.0015
1459,1551.6
1460,1704.56
1461,703.968
1462,965.0475
1463,1274.7
1464,1123.08
1465,1487.976
1466,1274.7
1467,2423.54
1468,474.984
1469,1358.28
1470,1471.96
1471,2534.0175
1472,1060.8
1473,485.888
1474,1674.45
1475,967.896
1476,1855.68
1477,811.23
1478,1046.25
1479,750.68
1480,1121.94
1481,1962.0
1482,663.936
1483,709.56
1484,1111.56
1485,1161.16
1486,393.5727
1487,920.88
1488,1061.04
1489,1114.4
1490,1888.236
1491,628.44
1492,3547.44
1493,1762.68
1494,610.6
1495,1057.38
1496,3024.189
1497,1912.5
1498,1808.757
1499,2386.125
1500,1367.4
1501,1413.45
1502,731.94
1503,1718.4
1504,825.12
1505,1473.1
1506,578.2
1507,1578.636
1508,501.9
1509,1614.87
1510,2672.517
1511,1699.56
1512,1286.145
1513,1961.82
1514,2016.846
1515,497.88
1516,1564.56
1517,870.24
1518,695.7
1519,626.352
1520,1275.0
1521,837.6
1522,1054.74
1523,757.2
1524,1411.55124
1525,1490.7
1526,756.6
1527,783.99
1528,2472.93
1529,321.728
1530,1181.16
1531,743.13
1532,776.412
1533,1049.2
1534,1462.14
1535,1083.75
1536,963.9
1537,464.2785
1538,672.448
1539,478.24
1540,1091.412
1541,1305.882
1542,677.76
1543,1652.4
1544,842.76
1545,1770.6
1546,1263.3
1547,2131.245
1548,1721.25
1549,1268.784
1550,1958.04
1551,1779.12
1552,1168.65
1553,520.464
1554,1567.44
1555,652.68
1556,698.04112
1557,1648.44
1558,1532.1
1559,581.4
1560,1447.8135
1561,1889.946
1562,1275.0
1563,1535.814
1564,571.83
1565,1767.552
1566,885.528
1567,561.3
1568,954.09
1569,523.8
1570,843.318
1571,704.76
1572,979.95
1573,798.75
1574,846.6
1575,727.45
1576,725.84
1577,632.145
1578,1002.9105
1579,527.31
1580,830.7
1581,1830.78
1582,1895.388
1583,1071.0
1584,452.088
1585,2452.275
1586,1023.332
1587,1216.53
1588,1353.6
1589,391.98
1590,1536.84
1591,979.95
1592,1266.96
1593,1441.3
1594,832.93
1595,1358.28
1596,2172.0768
1597,1892.25
1598,1035.8
1599,1795.92
1600,2129.4954
1601,1052.31
1602,512.76
1603,1201.095
1604,2173.5
1605,951.6
1606,1038.492
1607,972.81048
1608,1402.29
1609,404.73
1610,696.75
1611,1904.4
1612,1429.26
1613,2571.12
1614,1322.352
1615,931.77
1616,751.92
1617,868.95
1618,899.208
1619,897.225
1620,677.778
1621,1315.68
1622,520.8
1623,418.464
1624,1175.12
1625,763.28
1626,1388.73
1627,1501.2
1628,785.61
1629,852.48
1630,871.71
1631,882.75096
1632,1158.12
1633,963.136
1634,1899.54
1635,1272.63
1636,1253.07
1637,899.91
1638,1704.87
1639,1219.96
1640,1012.68
1641,1658.64
1642,1043.92
1643,786.744
1644,2124.5
1645,760.38
1646,575.968
1647,1251.936
1648,648.576
1649,1961.0352
1650,954.36
1651,482.76
1652,2104.74
1653,636.3
1654,504.0
1655,1940.064
1656,576.2
1657,566.2308
1658,1199.98
1659,785.34
1660,590.352
1661,1068.768
1662,1206.84
1663,513.72
1664,1232.88
1665,897.156
1666,719.07
1667,1078.08
1668,1314.45
1669,1111.725
1670,543.186
1671,1228.465
1672,586.08
1673,1361.9304
1674,774.18
1675,1308.48
1676,1086.18
1677,1409.04
1678,517.80624
1679,834.9
1680,893.8104
1681,425.833
1682,1428.8
1683,1917.0
1684,635.04
1685,1180.44
1686,1548.99
1687,840.56
1688,542.484
1689,1269.72
1690,852.48
1691,1878.72
1692,899.43
1693,1443.96
1694,1115.37
1695,1935.104
1696,697.86
1697,837.2376
1698,2153.16
1699,557.76
1700,2052.54
1701,346.92
1702,286.86
1703,1196.02
1704,1021.14
1705,883.264
1706,433.92
1707,393.2388
1708,1954.17
1709,636.24
1710,524.28
1711,1629.9075
1712,1210.626
1713,2878.47
1714,920.4
1715,1003.17
1716,1726.335
1717,1502.784
1718,477.8424
1719,439.92
1720,871.4
1721,1652.4
1722,1776.544
1723,1630.125
1724,1181.67
1725,331.84
1726,378.66
1727,1052.16
1728,1214.72
1729,1093.4112
1730,1568.8365
1731,947.22
1732,1658.88
1733,1095.8025
1734,2035.5816
1735,861.408
1736,2679.12
1737,1936.62
1738,454.71
1739,504.36
1740,404.676
1741,1076.58
1742,500.202
1743,1298.55
1744,2050.488
1745,1798.6764
1746,2276.0388
1747,1470.78
1748,627.192
1749,1439.968
1750,572.58
1751,1232.1
1752,636.06
1753,355.482
1754,1102.08
1755,801.568
1756,398.352
1757,1125.488
1758,1218.24
1759,2855.16
1760,617.97
1761,583.8
1762,1487.628
1763,1952.16
1764,1625.76
1765,2277.6
1766,1792.98
1767,530.52
1768,1067.6772
1769,601.32
1770,1774.224
1771,1145.6
1772,967.552
1773,931.176
1774,1592.7
1775,959.968
1776,1607.202
1777,1032.48
1778,1314.45
1779,728.568
1780,2365.605
1781,1255.5
1782,1467.36
1783,417.9
1784,1037.52
1785,2129.7
1786,1086.18
1787,872.13
1788,1680.3
1789,1068.984
1790,596.28
1791,565.515
1792,868.077
1793,473.84
1794,339.12
1795,1601.73
1796,429.48
1797,1395.54
1798,826.2
1799,1000.9125
1800,717.84
1801,1516.32
1802,2194.92
1803,758.484
1804,474.95
1805,1979.928
1806,1931.958
1807,837.63
1808,3217.41
1809,1180.44
1810,1863.54
1811,2011.92
1812,2076.606
1813,461.104
1814,532.5
1815,741.888
1816,645.138
1817,2799.944
1818,860.895
1819,399.95
1820,1496.16
1821,1464.12
1822,478.8
1823,761.4
1824,1198.32
1825,2676.672
1826,1971.3456
1827,1908.72
1828,1995.3
1829,2290.14
1830,1685.16
1831,629.1
1832,1029.375
1833,1454.49
1834,411.21
1835,1952.424
1836,646.74
1837,1156.68
1838,1513.56
1839,1075.44
1840,494.376
1841,1362.9
1842,392.93256
1843,637.08
1844,2477.55
1845,507.276
1846,599.9
1847,1773.9
1848,1486.26
1849,1727.46
1850,823.8591
1851,698.8995
1852,1194.165
1853,565.02
1854,991.8124
1855,678.771
1856,1717.335
1857,1097.544
1858,1046.376
1859,1264.466
1860,634.95
1861,1036.624
1862,613.095
1863,1007.232
1864,447.3
1865,1394.95
1866,758.352
1867,1236.42
1868,1468.44
1869,962.7345
1870,969.0228
1871,1649.214
1872,594.96
1873,1349.91
1874,1553.76
1875,1718.1
1876,492.912
1877,1573.488
1878,1199.96
1879,561.54
1880,630.36
1881,795.48
1882,625.644
1883,717.72
1884,967.56
1885,1653.12
1886,578.79
1887,752.51196
1888,1207.84
1889,951.72
1890,347.22
1891,2321.514
1892,465.0
1893,1063.44
1894,1236.06
1895,499.98
1896,490.32
1897,2123.13
1898,1406.86
1899,527.868
1900,1179.2625
1901,1152.6459
1902,1457.28
1903,1599.92
1904,1281.834
1905,2278.32
1906,1162.89
1907,1127.28
1908,1459.68
1909,611.2
1910,928.2
1911,334.9288
1912,1115.7768
1913,1451.136
1914,1371.42
1915,990.468
1916,1287.96
1917,865.62
1918,1166.96
1919,1488.424
1920,786.96
1921,1661.499
1922,798.75
1923,1117.92
1924,744.0
1925,659.178
1926,904.9
1927,1692.76768
1928,336.24
1929,1116.84
1930,1199.976
1931,1696.64
1932,1232.1
1933,827.9733
1934,539.775
1935,1279.165
1936,756.9
1937,470.376
1938,1264.965
1939,2722.86
1940,2272.86
1941,1011.9
1942,1053.164
1943,822.852
1944,808.731
1945,1846.11
1946,584.352
1947,802.2
1948,2286.88
1949,956.025
1950,1762.3
1951,453.438
1952,483.136
1953,1035.84
1954,2841.66
1955,2737.98
1956,403.56
1957,1075.23
1958,655.56
1959,938.145
1960,1397.169
1961,668.34
1962,596.7
1963,892.98
1964,1325.85
1965,552.56
1966,654.24
1967,2086.98
1968,900.072
1969,1383.12
1970,729.54
1971,1669.6
1972,1190.28
1973,1609.29
1974,892.269
1975,775.728
1976,2313.8325
1977,1272.3
1978,1731.1
1979,1093.92
1980,3200.73
1981,714.72
1982,731.34
1983,448.02
1984,696.192
1985,1422.72
1986,729.48
1987,662.775
1988,911.04
1989,1236.33
1990,1123.128
1991,1049.97
1992,2052.54
1993,363.39
1994,556.6
1995,1282.8
1996,2549.4
1997,544.008
1998,620.64
1999,700.152
2000,828.96
2001,570.5
2002,1356.72
2003,2003.52
2004,488.16
2005,1541.43
2006,1066.44
2007,1423.68
2008,1903.284
2009,3062.631
2010,822.42
2011,1292.34
2012,1334.64
2013,2591.56
2014,1242.54
2015,640.74
2016,1000.26
2017,560.97
2018,969.084
2019,516.96
2020,1811.34
2021,533.61
2022,909.72
2023,1122.174
2024,2756.943
2025,1652.4
2026,655.52
2027,795.6
2028,513.12
2029,767.214
2030,1629.45
2031,1451.4
2032,1109.556
2033,1516.2
2034,767.52
2035,2135.28
2036,623.96
2037,1026.24
2038,892.08
2039,1590.66
2040,541.518
2041,746.388
2042,607.38
2043,1023.2904
2044,1208.0
2045,2069.88
2046,378.4
2047,2280.4
2048,771.968
2049,1377.0
2050,1272.6
2051,578.502
2052,785.79
2053,1718.0004
2054,1314.24
2055,1737.18
2056,845.46
2057,1227.9984
2058,603.92
2059,950.22
2060,2152.776
2061,1162.89
2062,1414.611
2063,698.544
2064,1177.173
2065,596.16
2066,523.764
2067,1928.34
2068,1879.96
2069,503.664
2070,747.36
2071,1571.22
2072,752.51196
2073,592.56
2074,1703.76
2075,825.1
2076,815.292
2077,1926.72
2078,1759.5135
2079,2320.64
2080,1001.76
2081,719.28
2082,1919.976
2083,298.62
2084,394.272
2085,678.79968
2086,616.815
2087,678.96
2088,631.176
2089,1226.3445
2090,553.92
2091,1842.66
2092,1058.2792
2093,1513.56
2094,1106.91
2095,1031.1
2096,343.0971
2097,620.1585
2098,1285.56
2099,866.1
2100,990.12
2101,1889.99
2102,1085.553
2103,950.4
2104,1026.24
2105,355.725
2106,1271.97
2107,445.62
2108,737.64
2109,1270.17456
2110,1542.24
2111,1519.14
2112,1013.488
2113,2131.92
2114,1277.82
2115,1487.04
2116,1040.55
2117,1431.54
2118,2571.12
2119,939.36
2120,1573.92
2121,1587.168
2122,723.72
2123,1235.25
2124,705.072
2125,846.288
2126,1319.6502
2127,537.4
2128,1121.568
2129,576.0
2130,985.284
2131,266.58
2132,475.944
2133,534.9555
2134,744.1
2135,1621.953
2136,1249.857
2137,1711.125
2138,1298.241
2139,380.19
2140,878.223
2141,1022.97
2142,327.18
2143,921.375
2144,1440.84
2145,1006.0641
2146,697.584
2147,313.35
2148,1187.64
2149,949.104
2150,1469.25
2151,2636.85
2152,729.48
2153,990.9516
2154,636.489
2155,1190.17488
2156,741.852
2157,895.92
2158,394.98
2159,1513.2
2160,1564.56
2161,1591.02
2162,1302.96
2163,1598.058
2164,892.44
2165,1575.14
2166,1633.188
2167,850.95
2168,1666.656
2169,1630.8
2170,1380.6
2171,1285.56
2172,631.782
2173,917.9235
2174,961.8
2175,649.20492
2176,802.2
2177,490.5
2178,842.94
2179,585.98568
2180,949.77
2181,2033.584
2182,471.0
2183,309.8844
2184,949.6872
2185,2438.667
2186,437.34
2187,626.56
2188,624.18
2189,1503.744
2190,2075.04
2191,2070.0
2192,1636.956
2193,1690.04
2194,871.98
2195,583.48
2196,1076.247
2197,1054.02
2198,985.68
2199,788.4
2200,1751.625
2201,1053.1894
2202,452.55444
2203,1611.0
2204,565.11
2205,1363.905
2206,666.84
2207,1198.32
2208,739.44
2209,276.102
2210,1049.616
2211,666.72
2212,760.38
2213,589.41
2214,513.81
2215,821.94
2216,318.675
2217,358.02
2218,537.544
2219,1616.0625
2220,393.54
2221,527.01
2222,867.96
2223,1497.9
2224,2068.335
2225,690.48
2226,433.98
2227,1128.72
2228,1979.89
2229,1955.124
2230,590.94
2231,1184.391
2232,1743.96
2233,793.5879
2234,1487.724
2235,587.7
2236,1134.9
2237,566.61
2238,1285.44
2239,899.55
2240,1117.701
2241,1345.329
2242,874.962
2243,1242.9
2244,1838.1
2245,1436.5212
2246,1272.48
2247,1000.26
2248,464.0
2249,738.288
2250,972.567
2251,607.9
2252,869.1
2253,398.88
2254,290.7
2255,1006.5897
2256,660.312
2257,1415.76
2258,1325.76
2259,1140.3
2260,825.1
2261,972.81048
2262,723.72
2263,879.6
2264,1281.75
2265,2275.5
2266,674.058
2267,782.94
2268,1839.18
2269,1272.48
2270,807.084
2271,902.712
2272,1272.6
2273,891.9
2274,849.8
2275,994.5
2276,1590.66
2277,805.5
2278,898.38
2279,479.984
2280,683.064
2281,1593.375
2282,1275.12
2283,447.552
2284,1102.536
2285,591.948
2286,496.584
2287,896.886
2288,2003.92
2289,1294.8
2290,412.8
2291,547.83
2292,415.08
2293,1008.0
2294,1889.055
2295,701.54
2296,883.92
2297,1451.4
2298,1679.616
2299,460.98
2300,1117.92
2301,485.94
2302,1001.7
2303,675.54
2304,689.136
2305,601.3
2306,410.88
2307,865.98
2308,1508.256
2309,773.94
2310,397.6
2311,1482.84836
2312,1003.62
2313,1724.928
2314,1526.5
2315,380.0736
2316,471.18
2317,1838.52
2318,642.0
2319,370.899
2320,736.5
2321,1323.9
2322,2142.0
2323,2999.95
2324,1192.8
2325,631.96
2326,465.0
2327,733.95
2328,1854.495
2329,778.6935
2330,851.57344
2331,1272.6
2332,541.296
2333,743.58
2334,1761.8692
2335,1503.25
2336,388.8
2337,700.65
2338,716.1
2339,1758.0
2340,797.232
2341,403.866
2342,855.225
2343,862.0878
2344,1223.7912
2345,1236.96
2346,1499.7
2347,2549.985
2348,484.83
2349,655.9
2350,602.76
2351,654.6
2352,842.32
2353,1236.96
2354,550.128
2355,2544.96
2356,760.116
2357,1352.3976
2358,1553.76
2359,789.93
2360,831.789
2361,1708.14
2362,794.3562
2363,743.7
2364,1140.75
2365,1912.5
2366,831.1122
2367,1060.56
2368,665.55
2369,580.72
2370,877.92
2371,712.8
2372,989.04
2373,1403.244
2374,413.64
2375,1144.89
2376,1292.1
2377,1998.24
2378,887.271
2379,558.9552
2380,455.1
2381,1837.56
2382,3445.344
2383,442.638
2384,679.671
2385,1235.286
2386,503.96
2387,792.36
2388,1516.28136
2389,727.5
2390,1057.8
2391,587.16
2392,659.54
2393,1134.21
2394,1439.968
2395,1666.656
2396,911.04
2397,848.32
2398,1028.601
2399,1871.88
2400,1199.8
2401,645.138
2402,1649.75
2403,443.07
2404,417.34
2405,1054.02
2406,1027.2
2407,873.2928
2408,561.12
2409,724.12
2410,644.076
2411,612.684
2412,546.0
2413,1078.08
2414,751.872
2415,1495.35
2416,2243.88
2417,657.84
2418,578.136
2419,1057.9798
2420,578.976
2421,710.76
2422,877.38
2423,666.96
2424,671.984
2425,899.82
2426,815.796
2427,363.92
2428,348.56
2429,529.8
2430,1070.16
2431,681.92
2432,1058.1
2433,1101.33
2434,667.539
2435,633.48
2436,2478.6
2437,1115.91
2438,628.11
2439,1395.0
2440,848.07
2441,1970.496
2442,931.77
2443,1867.136
2444,572.8
2445,2567.84
2446,378.405
2447,1019.904
2448,720.42
2449,1133.35
2450,381.44
2451,394.704
2452,1354.95
2453,532.77
2454,956.16
2455,1111.56
2456,1899.54
2457,846.78304
2458,640.725
2459,1725.057
2460,1019.7
2461,699.2
2462,868.959
2463,700.68
2464,464.292
2465,569.568
2466,1011.738
2467,486.324
2468,947.22
2469,720.48
2470,1447.65
2471,1799.75
2472,1523.664
2473,1272.3
2474,413.37
2475,2239.936
2476,1820.7
2477,387.396
2478,650.72
2479,900.96
2480,639.0
2481,380.864
2482,762.93
2483,588.6
2484,1428.3
2485,3187.5
2486,738.36
2487,1091.04
2488,496.83
2489,1140.75
2490,645.2775
2491,735.408
2492,780.423
2493,1828.98
2494,1408.1
2495,573.615
2496,519.66
2497,1142.064
2498,1140.3
2499,715.64
2500,314.0046
2501,359.235
2502,1781.682
2503,307.152
2504,2080.32
2505,682.5
2506,640.08
2507,1603.314
2508,911.328
2509,1274.3625
2510,444.5415
2511,459.52
2512,1512.20952
2513,1210.86
2514,772.68
2515,275.52
2516,1052.433
2517,274.995
2518,892.224
2519,985.824
2520,2408.0925
2521,930.0
2522,1301.44
2523,507.84
2524,918.78
2525,445.44
2526,1549.98
2527,2180.34
2528,963.9
2529,766.8
2530,672.19292
2531,3221.4
2532,3232.845
2533,724.536
2534,621.45
2535,1387.68
2536,858.96
2537,613.89
2538,998.85
2539,1239.3
2540,881.93
2541,743.265
2542,511.623
2543,1162.485
2544,627.168
2545,1218.45
2546,395.4
2547,1393.875
2548,767.952
2549,1058.1
2550,770.85
2551,384.72
2552,1040.22
2553,1380.6
2554,971.5
2555,870.24
2556,583.92
2557,832.842
2558,2276.4825
2559,1533.33
2560,1894.4205
2561,1087.2
2562,635.80584
2563,816.264
2564,1676.259
2565,548.64
2566,770.3064
2567,1192.56
2568,532.8
2569,423.24
2570,354.9
2571,659.424
2572,621.18
2573,762.075
2574,1094.22
2575,575.96
2576,785.91
2577,450.66
2578,1017.927
2579,280.872
2580,911.358
2581,1287.432
2582,1543.44
2583,723.3
2584,1091.34
2585,629.424
2586,970.048
2587,1109.052
2588,1502.376
2589,2223.99
2590,1167.48
2591,735.048
2592,796.425
2593,451.6
2594,1431.135
2595,393.96
2596,951.0426
2597,1297.62
2598,1023.36
2599,485.856
2600,2570.94
2601,3421.467
2602,724.248
2603,1822.536
2604,863.2
2605,920.4
2606,1022.256
2607,440.37
2608,381.76
2609,1139.16
2610,2052.54
2611,1497.44
2612,602.651
2613,967.552
2614,1649.95
2615,612.9
2616,1250.235
2617,598.104
2618,555.6
2619,1813.5
2620,500.13
2621,1269.912
2622,1431.4725
2623,1621.9275
2624,975.92
2625,1591.11
2626,898.74
2627,1707.264
2628,1603.136
2629,1084.68
2630,993.25408
2631,1016.64
2632,1236.6
2633,476.28
2634,2525.184
2635,1845.72
2636,552.204
2637,1208.25
2638,526.40508
2639,1000.98
2640,674.352
2641,1252.704
2642,884.952
2643,569.22
2644,461.484
2645,765.0
2646,370.02
2647,583.92
2648,1648.44
2649,1100.16
2650,630.336
2651,1258.7774
2652,913.43
2653,872.5514
2654,527.76
2655,462.834
2656,483.2
2657,461.052
2658,402.96
2659,262.278
2660,1184.72
2661,955.5
2662,735.39
2663,785.61
2664,1000.98
2665,642.6336
2666,401.28
2667,1455.12
2668,1010.34
2669,1362.72
2670,870.24
2671,781.47
2672,1232.1
2673,655.35
2674,757.5795
2675,1481.7
2676,1110.267
2677,1837.206
2678,497.64
2679,1422.24
2680,988.008
2681,1168.83
2682,769.68
2683,1860.0
2684,719.96
2685,384.21
2686,1702.12
2687,1059.237
2688,618.56
2689,1601.46
2690,1063.9678
2691,714.204
2692,474.18
2693,1051.38
2694,826.2
2695,1318.38
2696,988.3194
2697,900.9
2698,609.52
2699,1187.64
2700,866.4
2701,2042.544
2702,1270.99
2703,1657.08
2704,1205.54
2705,757.32
2706,1096.326
2707,1567.62
2708,619.02
2709,912.456
2710,1859.55
2711,965.58
2712,535.68
2713,1414.53
2714,799.848
2715,828.36
2716,1352.032
2717,307.314
2718,569.88
2719,951.72
2720,333.576
2721,2346.84
2722,414.75
2723,215.976
2724,406.6
2725,758.85924
2726,1969.596
2727,590.1174
2728,671.93
2729,756.78
2730,1649.25488
2731,388.8
2732,545.4
2733,414.666
2734,396.84
2735,955.17
2736,914.34
2737,1245.024
2738,240.0
2739,1250.04
2740,676.8
2741,1112.778
2742,1241.28
2743,750.06
2744,1536.489
2745,707.88
2746,552.24
2747,689.22
2748,332.43
2749,970.272
2750,854.28
2751,762.075
2752,1852.875
2753,714.42
2754,881.55
2755,724.248
2756,1119.582
2757,1290.6
2758,364.284
2759,967.032
2760,415.62
2761,1058.25
2762,743.04
2763,1220.31
2764,1302.696
2765,1417.3578
2766,1715.91
2767,720.76
2768,1277.82
2769,616.2
2770,414.66
2771,1078.08
2772,820.665
2773,488.88
2774,1198.32
2775,514.548
2776,1744.64
2777,1107.2
2778,664.2
2779,852.48
2780,1117.92
2781,632.21304
2782,629.58
2783,1549.296
2784,729.5295
2785,918.0
2786,1537.074
2787,339.96
2788,605.61
2789,494.6088
2790,1134.94556
2791,545.85
2792,1022.528
2793,614.272
2794,1603.071
2795,822.96
2796,773.28
2797,1057.14
2798,2171.3
2799,586.944
2800,485.1288
2801,587.16
2802,757.2
2803,677.4075
2804,536.43
2805,1113.024
2806,542.646
2807,566.52
2808,1280.08
2809,793.56
2810,925.92
2811,1048.56
2812,265.74
2813,500.7
2814,1024.716
2815,1174.08
2816,583.44
2817,342.09
2818,633.18
2819,659.424
2820,723.12
2821,2124.72
2822,1236.2
2823,706.86
2824,1180.095
2825,1917.24
2826,351.9
2827,872.94
2828,447.93
2829,568.728
2830,900.234
2831,569.07
2832,579.45
2833,361.584
2834,826.56
2835,306.992
2836,657.006
2837,969.36
2838,338.4
2839,688.743
2840,1697.25
2841,345.23736
2842,228.33
2843,319.98
2844,1459.68
2845,1322.8
2846,274.5
2847,654.102
2848,1828.71
2849,987.957
2850,1281.75
2851,292.2
2852,1439.982
2853,939.84
2854,1051.7175
2855,619.2
2856,1337.634
2857,284.16
2858,579.136
2859,838.38
2860,1502.976
2861,1048.35
2862,785.088
2863,1219.61588
2864,383.95056
2865,445.2369
2866,794.736
2867,1693.3
2868,773.4
2869,538.24
2870,1130.76
2871,366.75
2872,747.054
2873,717.408
2874,991.2
2875,1474.802
2876,863.2
2877,2491.2
2878,820.44
2879,2314.116
2880,552.96
2881,1094.22
2882,931.176
2883,1293.75
2884,830.88
2885,992.16
2886,323.136
2887,985.2
2888,3812.97
2889,254.85
2890,517.92
2891,541.92
2892,997.29
2893,999.9639
2894,856.8
2895,1388.88
2896,252.558
2897,1034.8938
2898,513.12
2899,1195.2
2900,964.17
2901,767.52
2902,598.458
2903,759.6
2904,716.55
2905,881.685
2906,425.28
2907,1242.36
2908,1174.56
2909,1589.4
2910,1565.88
2911,2189.52
2912,487.38
2913,391.86
2914,1332.496
2915,1192.3106
2916,1771.74
2917,457.164
2918,910.98
2919,2379.618
2920,252.48
2921,965.0475
2922,782.28
2923,772.776
2924,657.216
2925,596.4
2926,1060.8
2927,1031.04
2928,1885.428
2929,802.07264
2930,636.15
2931,780.165
2932,559.93
2933,394.56
2934,1166.92
2935,383.4656
2936,1419.6636
2937,1268.96
2938,654.48
2939,2078.64
2940,756.9
2941,286.8
2942,613.89
2943,1053.6884
2944,362.151
2945,1286.67
2946,879.6
2947,683.952
2948,418.32
2949,2079.4
2950,1579.746
2951,1285.56
2952,359.058
2953,1047.948
2954,296.4884
2955,1825.6182
2956,2171.6
2957,620.298
2958,618.78
2959,479.984
2960,849.75
2961,661.905
2962,815.6286
2963,1105.92
2964,1095.66
2965,1113.264
2966,704.76
2967,1285.05
2968,749.49
2969,1065.96
2970,1747.25
2971,1810.26
2972,1207.08
2973,639.84
2974,683.5785
2975,980.91
2976,1708.74
2977,591.948
2978,383.976
2979,1088.235
2980,1331.253
2981,610.47
2982,551.04
2983,458.16
2984,395.82
2985,651.48
2986,861.9
2987,246.48
2988,770.3811
2989,457.7616
2990,562.08
2991,1640.7
2992,785.88
2993,305.92
2994,410.184
2995,169.1208
2996,862.344
2997,825.36
2998,879.0
2999,414.66
3000,715.86
3001,656.56
3002,795.6
3003,831.24
3004,1534.96
3005,913.05
3006,876.3
3007,2430.08
3008,812.88
3009,1420.416
3010,607.512
3011,1227.03
3012,459.63
3013,448.48
3014,1112.208
3015,490.32
3016,324.52
3017,876.3
3018,457.326
3019,305.9745
3020,629.95
3021,527.92
3022,891.5256
3023,487.88
3024,1082.48
3025,646.2
3026,1325.76
3027,993.06
3028,1494.6
3029,362.151
3030,607.2
3031,824.95
3032,378.45
3033,1193.4
3034,454.779
3035,829.52
3036,383.76
3037,1359.96
3038,618.56
3039,586.764
3040,1128.735
3041,1275.0
3042,2004.156
3043,1639.872
3044,1483.704
3045,523.86
3046,425.5695
3047,1320.0
3048,409.9992
3049,795.6
3050,266.25
3051,670.752
3052,259.524
3053,469.12
3054,1548.36
3055,759.66
3056,512.7
3057,1293.488
3058,1065.96
3059,908.82
3060,1396.92056
3061,259.83
3062,1137.75
3063,924.21
3064,895.05
3065,718.116
3066,1240.12
3067,705.348
3068,669.222
3069,437.58
3070,1099.5
3071,1515.24
3072,768.366
3073,984.9
3074,470.772
3075,292.8
3076,1325.85
3077,1777.8
3078,1272.6
3079,250.2
3080,706.806
3081,242.856
3082,507.6
3083,523.602
3084,611.058
3085,788.9256
3086,533.1588
3087,1241.28
3088,667.539
3089,719.9874
3090,454.272
3091,741.96
3092,685.44
3093,429.92
3094,1571.724
3095,1147.23
3096,412.56
3097,424.2
3098,602.28
3099,469.287
3100,338.1
3101,914.49
3102,333.78
3103,1056.86
3104,831.24
3105,973.32
3106,875.376
3107,525.51
3108,461.6
3109,690.48
3110,915.12
3111,1621.44
3112,1302.96
3113,1025.4
3114,1564.29
3115,1785.78
3116,3810.996
3117,549.927
3118,497.16
3119,538.44
3120,287.94
3121,901.95
3122,1880.64
3123,403.92
3124,1402.29
3125,465.24
3126,724.8
3127,972.648
3128,520.56
3129,252.18
3130,500.49
3131,635.08728
3132,1301.25
3133,888.93
3134,919.89
3135,684.16
3136,2811.45
3137,727.056
3138,435.168
3139,805.707
3140,773.12
3141,776.79
3142,801.568
3143,477.54
3144,651.06
3145,1785.2304
3146,1302.78
3147,1104.48
3148,1002.95008
3149,729.135
3150,657.776
3151,576.6
3152,418.446
3153,526.08
3154,616.14
3155,747.36
3156,453.06
3157,746.82
3158,1877.16
3159,674.244
3160,439.2
3161,527.46
3162,799.47
3163,521.82
3164,1121.832
3165,716.1
3166,723.3
3167,2503.872
3168,971.88
3169,1420.83264
3170,764.28
3171,863.31
3172,414.72
3173,768.144
3174,575.856
3175,1463.64
3176,300.18
3177,2906.766
3178,481.14
3179,980.91
3180,439.5
3181,767.952
3182,818.376
3183,392.67
3184,374.85
3185,419.4
3186,617.97
3187,616.572
3188,839.43
3189,1252.584
3190,1220.87336
3191,977.292
3192,1577.94
3193,620.64
3194,1093.248
3195,961.43328
3196,682.95
3197,587.97
3198,1350.99
3199,572.454
3200,697.32
3201,402.39
3202,1285.38
3203,670.14
3204,633.48
3205,865.62
3206,434.16
3207,646.272
3208,251.944
3209,887.976
3210,863.128
3211,1031.04
3212,1380.1
3213,910.35
3214,850.35
3215,537.6
3216,479.97
3217,526.62
3218,713.15088
3219,1444.128
3220,295.4
3221,1519.32
3222,246.6
3223,335.52
3224,717.72
3225,806.336
3226,529.32
3227,714.72
3228,449.1
3229,1074.06
3230,718.2
3231,663.39
3232,583.308
3233,476.361
3234,489.96
3235,431.976
3236,386.68
3237,850.0
3238,463.176
3239,1195.2
3240,875.61
3241,727.296
3242,645.948
3243,1232.352
3244,770.4
3245,1856.19
3246,1243.9044
3247,607.14
3248,638.91
3249,296.34
3250,956.664
3251,401.976
3252,1918.98
3253,987.56
3254,1173.42
3255,606.1328
3256,2070.9
3257,1473.408
3258,442.26
3259,494.1
3260,1557.0
3261,876.528
3262,410.88
3263,714.204
3264,616.998
3265,1578.636
3266,624.24
3267,426.3
3268,1395.24392
3269,1234.359
3270,364.14
3271,692.73176
3272,825.792
3273,245.13
3274,330.64
3275,351.09
3276,636.3
3277,1135.8
3278,575.92
3279,1539.36
3280,899.16
3281,1016.64
3282,892.5768
3283,643.8852
3284,1206.84
3285,579.6
3286,541.44
3287,843.9
3288,342.51
3289,793.8
3290,914.28
3291,527.0085
3292,528.444
3293,548.694
3294,822.852
3295,334.3035
3296,1745.34
3297,603.54
3298,2114.64
3299,1707.21
3300,1695.87
3301,627.9
3302,555.228
3303,1168.44
3304,1158.408
3305,1260.1746
3306,664.35
3307,1236.465
3308,218.16
3309,881.34
3310,353.16
3311,2321.9
3312,915.9
3313,1039.27728
3314,1081.08
3315,385.76
3316,526.62
3317,1157.22
3318,359.32
3319,1227.717
3320,1100.16
3321,677.817
3322,398.352
3323,1262.925
3324,1255.5
3325,1579.86
3326,1174.56
3327,728.64
3328,1316.448
3329,1801.632
3330,885.87
3331,636.36
3332,381.78
3333,1035.72
3334,756.6
3335,1463.64
3336,823.96
3337,1226.52
3338,1126.296
3339,1758.12
3340,799.83
3341,958.63888
3342,717.12
3343,637.5
3344,516.0
3345,706.65
3346,1691.235
3347,370.62
3348,878.904
3349,1272.12
3350,680.562
3351,491.456
3352,919.89
3353,714.42
3354,637.335
3355,504.06984
3356,2541.98
3357,504.36
3358,740.34
3359,636.3
3360,967.2
3361,853.344
3362,1360.62
3363,622.86
3364,408.3
3365,567.0
3366,575.16
3367,1599.9
3368,828.06
3369,1285.56
3370,637.35
3371,764.28
3372,540.192
3373,578.61
3374,848.4
3375,1074.8
3376,868.64
3377,558.4
3378,245.514
3379,397.89
3380,744.0
3381,986.904
3382,1092.72
3383,852.498
3384,1362.06
3385,634.95
3386,449.496
3387,698.352
3388,505.32
3389,824.28
3390,874.02
3391,672.72
3392,620.055
3393,1050.732
3394,603.92
3395,591.7032
3396,1047.48
3397,497.7
3398,1391.76
3399,504.0756
3400,2060.744
3401,956.16
3402,709.3125
3403,1109.16
3404,685.8
3405,568.47
3406,256.74
3407,371.97
3408,463.68
3409,412.695
3410,505.95
3411,1025.88
3412,972.864
3413,370.944
3414,653.13
3415,1533.33
3416,1700.0
3417,594.27
3418,822.852
3419,744.066
3420,520.11
3421,1291.65
3422,925.23
3423,574.47
3424,714.24
3425,344.91
3426,335.744
3427,389.655
3428,1567.62
3429,910.35
3430,318.08256
3431,1193.4
3432,345.28
3433,887.103
3434,643.977
3435,315.98
3436,667.56
3437,560.916
3438,1781.19
3439,1268.96
3440,881.9326
3441,1199.976
3442,333.9
3443,1279.968
3444,1225.65
3445,516.9
3446,262.528
3447,736.218
3448,1268.82
3449,899.982
3450,961.48
3451,1079.568
3452,1262.061
3453,494.982
3454,1034.88
3455,628.44
3456,1369.2
3457,826.56
3458,634.24
3459,1259.93
3460,308.7
3461,956.13
3462,588.784
3463,429.48
3464,566.4
3465,825.36
3466,1393.92
3467,1022.22
3468,896.76
3469,1138.44
3470,1568.61
3471,1127.76
3472,397.44
3473,731.424
3474,1486.53
3475,512.96
3476,895.92
3477,492.84
3478,2190.72
3479,1000.98
3480,1432.0
3481,1199.76
3482,528.43
3483,1244.16
3484,432.6
3485,687.48
3486,652.32
3487,1788.588
3488,1744.64
3489,1336.829
3490,479.04
3491,1274.7
3492,327.12
3493,229.056
3494,380.88
3495,685.44
3496,347.97
3497,520.464
3498,748.752
3499,825.6
3500,625.02
3501,672.0
3502,371.52
3503,434.352
3504,853.93
3505,2447.55
3506,667.92
3507,481.52
3508,1360.56
3509,1114.9656
3510,512.0436
3511,244.26
3512,370.782
3513,773.55
3514,829.44
3515,609.98
3516,538.44
3517,1239.84
3518,1297.62
3519,625.02
3520,494.376
3521,1282.8
3522,786.8232
3523,611.745
3524,1156.896
3525,550.08
3526,619.2
3527,805.896
3528,672.448
3529,338.94
3530,631.91364
3531,634.1192
3532,319.56
3533,692.472
3534,447.264
3535,745.686
3536,828.06
3537,332.28
3538,1292.1
3539,651.48
3540,881.55
3541,715.64
3542,1039.992
3543,1285.56
3544,1609.29
3545,1579.92
3546,264.384
3547,709.0275
3548,769.86
3549,1212.848
3550,740.7
3551,1231.05
3552,1091.168
3553,692.44
3554,1094.22
3555,458.4
3556,1319.8
3557,4007.84
3558,968.4
3559,1324.88
3560,230.352
3561,1952.424
3562,1272.186
3563,963.36
3564,1272.12
3565,1726.65
3566,509.868
3567,509.88
3568,370.818
3569,386.1
3570,1169.36
3571,199.08
3572,1272.42
3573,424.8
3574,446.04
3575,464.049
3576,821.52
3577,972.64
3578,780.84
3579,214.455
3580,639.45
3581,1248.8625
3582,1181.016
3583,546.66
3584,575.928
3585,1058.58
3586,215.46
3587,1107.9369
3588,959.104
3589,526.5
3590,1048.7313
3591,814.374
3592,322.44
3593,1044.2166
3594,630.024
3595,406.2888
3596,190.92
3597,424.158
3598,781.224
3599,1221.48
3600,189.6
3601,872.13
3602,887.46
3603,1085.42
3604,1656.72
3605,406.98
3606,575.64
3607,672.96
3608,341.9766
3609,531.36
3610,728.595
3611,835.056
3612,463.68
3613,917.73
3614,929.988
3615,488.16
3616,370.6425
3617,591.3
3618,811.104
3619,316.296
3620,695.16
3621,690.0
3622,547.128
3623,294.66
3624,850.5
3625,509.88
3626,467.43
3627,452.55
3628,406.44
3629,962.4712
3630,751.6299
3631,824.04
3632,755.2
3633,1227.2
3634,599.16
3635,828.8811
3636,1292.7
3637,1075.088
3638,1378.56
3639,763.26
3640,2544.24
3641,782.0328
3642,1314.45
3643,1676.88
3644,720.064
3645,348.81
3646,1715.16
3647,1067.94
3648,848.124
3649,542.1
3650,333.84
3651,743.58
3652,476.982
3653,1519.32
3654,1893.888
3655,779.58
3656,914.5125
3657,749.07
3658,801.568
3659,1188.36
3660,910.8
3661,554.16
3662,573.48
3663,437.7171
3664,853.092
3665,892.35
3666,525.69
3667,406.44
3668,815.796
3669,1466.88
3670,2348.4
3671,981.372
3672,826.56
3673,245.13
3674,696.42
3675,5100.0
3676,1285.56
3677,248.796
3678,1272.42
3679,877.02
3680,381.63
3681,848.08
3682,559.062
3683,758.484
3684,632.34
3685,410.8
3686,816.72
3687,844.116
3688,1244.16
3689,1526.56
3690,760.2
3691,622.2
3692,546.0
3693,521.96
3694,517.405
3695,505.90616
3696,823.8591
3697,458.208
3698,495.42
3699,1256.445
3700,1741.8
3701,950.4
3702,421.27576
3703,972.864
3704,275.4
3705,677.58
3706,1841.67
3707,578.79
3708,1516.28136
3709,1026.90208
3710,643.136
3711,477.24
3712,783.96
3713,643.1508
3714,223.398
3715,365.283
3716,3357.6
3717,848.544
3718,655.452
3719,911.424
3720,806.68
3721,1454.832
3722,780.3
3723,1409.76
3724,1314.432
3725,286.848
3726,899.91
3727,1076.406
3728,396.9
3729,1136.94
3730,477.6
3731,911.04
3732,1359.864
3733,1162.89
3734,1023.936
3735,1484.544
3736,1209.45
3737,829.32
3738,531.36
3739,478.8404
3740,381.576
3741,319.968
3742,853.65
3743,603.42
3744,850.95
3745,951.8376
3746,437.688
3747,1123.1703
3748,743.904
3749,275.58
3750,642.69
3751,888.4755
3752,1267.65
3753,1533.9
3754,434.4
3755,950.4
3756,891.99
3757,578.976
3758,780.75
3759,821.88
3760,820.7
3761,236.97
3762,523.602
3763,248.85
3764,269.64
3765,1038.84
3766,435.45
3767,1244.16
3768,283.26
3769,692.7
3770,673.05
3771,468.72
3772,327.24
3773,492.1236
3774,532.72
3775,877.02
3776,554.76
3777,447.86
3778,325.86
3779,1182.8296
3780,230.74428
3781,400.848
3782,323.82
3783,1175.4
3784,1123.08
3785,729.99
3786,1106.46
3787,493.38
3788,1063.9678
3789,2858.52
3790,1267.53
3791,915.136
3792,849.92
3793,697.584
3794,568.32
3795,1322.01
3796,338.7
3797,496.53
3798,568.269
3799,261.48
3800,494.464
3801,496.53
3802,740.775
3803,604.768
3804,269.865
3805,720.42
3806,1409.04
3807,1048.194
3808,2615.94
3809,652.45
3810,1440.96
3811,636.06
3812,1978.56
3813,1079.784
3814,1107.432
3815,305.1
3816,433.568
3817,4355.168
3818,1238.55
3819,372.28
3820,741.96
3821,961.8
3822,756.54
3823,546.588
3824,430.848
3825,1026.24
3826,319.2
3827,1017.522
3828,457.14
3829,297.48
3830,246.3
3831,636.24
3832,944.93
3833,534.6
3834,449.874
3835,637.08
3836,302.4
3837,824.97
3838,470.376
3839,218.25
3840,347.8377
3841,527.16
3842,541.24
3843,712.65
3844,788.4
3845,204.912
3846,683.256
3847,765.0
3848,613.56
3849,1161.54
3850,1706.184
3851,747.558
3852,346.761
3853,783.72
3854,723.92
3855,986.37
3856,583.872
3857,979.695
3858,657.552
3859,498.744
3860,465.24
3861,970.2
3862,341.55
3863,487.38
3864,328.59
3865,967.56
3866,382.41
3867,1322.01
3868,243.69
3869,344.5425
3870,577.888
3871,1137.2235
3872,686.32
3873,357.3648
3874,536.43
3875,499.56
3876,397.8
3877,589.815
3878,1277.82
3879,287.4456
3880,764.82
3881,351.339
3882,831.936
3883,979.95
3884,663.072
3885,1247.4
3886,248.82
3887,911.358
3888,776.0
3889,533.82
3890,318.4
3891,766.8
3892,1745.34
3893,1078.0455
3894,1173.0492
3895,457.95
3896,497.6556
3897,2001.86
3898,492.3
3899,637.416
3900,826.2
3901,439.2
3902,628.44
3903,1018.104
3904,666.84
3905,379.287
3906,551.872
3907,880.32
3908,756.8
3909,1327.2
3910,785.79
3911,837.0
3912,864.0
3913,524.64
3914,756.0
3915,496.64472
3916,367.83
3917,284.4
3918,734.4
3919,1164.375
3920,769.176
3921,517.92
3922,460.1688
3923,506.43
3924,940.914
3925,247.455
3926,1071.576
3927,958.68
3928,1805.88
3929,691.96
3930,415.08
3931,636.408
3932,1979.7
3933,831.24
3934,688.74
3935,833.94
3936,377.6
3937,500.576
3938,890.595
3939,364.416
3940,246.48
3941,664.767
3942,1269.84
3943,514.2348
3944,639.06
3945,555.516
3946,339.39984
3947,799.2
3948,837.6
3949,634.848
3950,912.6
3951,435.12
3952,1474.128
3953,437.157
3954,1894.05
3955,516.66
3956,369.09
3957,511.84
3958,461.43
3959,637.184
3960,661.851
3961,286.8
3962,471.96
3963,336.72
3964,477.12384
3965,330.04
3966,941.77824
3967,607.824
3968,751.984
3969,594.54
3970,272.76
3971,523.341
3972,537.4
3973,967.98
3974,340.86
3975,805.56
3976,764.28
3977,1375.8456
3978,458.43
3979,302.94
3980,259.74
3981,228.744
3982,543.456
3983,857.1
3984,730.6173
3985,1287.45
3986,666.08
3987,612.45
3988,428.4765
3989,1085.94
3990,683.88
3991,1056.1086
3992,1171.53
3993,275.68
3994,319.968
3995,773.7975
3996,651.96
3997,450.48
3998,308.745
3999,239.97
4000,957.5775
4001,1001.584
4002,765.36
4003,1115.17
4004,1725.462
4005,924.966
4006,292.7592
4007,1495.92
4008,500.94
4009,640.656
4010,263.52
4011,210.68
4012,453.12
4013,449.9145
4014,1105.956
4015,616.14
4016,468.6381
4017,1275.0
4018,846.612
4019,210.48
4020,568.29
4021,725.67
4022,525.69
4023,676.2
4024,830.2158
4025,927.84
4026,776.88
4027,940.0716
4028,189.98
4029,187.68
4030,1157.22
4031,396.18
4032,912.75
4033,604.752
4034,1252.48
4035,692.03316
4036,317.16
4037,517.95
4038,474.8301
4039,551.36
4040,601.536
4041,612.45
4042,825.1
4043,743.25
4044,1403.92
4045,163.908
4046,344.34
4047,1287.45
4048,1419.363
4049,825.36
4050,1305.36
4051,1167.48
4052,1190.49
4053,264.222
4054,687.6
4055,266.94
4056,403.83
4057,822.906
4058,754.05
4059,444.204
4060,668.925
4061,916.272
4062,293.58
4063,249.84
4064,861.9
4065,322.0
4066,990.36
4067,314.1
4068,511.623
4069,1189.728
4070,1048.8
4071,1238.688
4072,439.74
4073,732.06
4074,889.536
4075,883.8
4076,1422.24
4077,388.92
4078,874.68
4079,1330.29
4080,463.84
4081,1175.4
4082,600.3
4083,637.08
4084,1023.36
4085,1243.98
4086,716.40432
4087,493.92
4088,325.36
4089,910.6
4090,564.36
4091,793.584
4092,461.9
4093,866.0644
4094,396.72496
4095,301.41
4096,803.25
4097,868.59
4098,249.15
4099,986.202
4100,344.981
4101,662.448
4102,703.29
4103,380.457
4104,395.88
4105,558.4
4106,1015.9848
4107,2120.79
4108,1334.55
4109,631.91364
4110,870.24
4111,1053.405
4112,288.54
4113,692.85
4114,637.08
4115,874.68
4116,1091.25
4117,1119.36
4118,710.964
4119,400.784
4120,423.24
4121,454.48
4122,248.28
4123,435.294
4124,321.824
4125,660.8
4126,930.0
4127,741.96
4128,1818.84
4129,587.412
4130,517.5
4131,577.764
4132,583.8
4133,391.14
4134,1265.85
4135,818.08
4136,1336.86
4137,1295.78
4138,745.416
4139,595.17
4140,761.832
4141,657.396
4142,585.12
4143,491.55
4144,512.7
4145,825.36
4146,872.67
4147,1373.52
4148,955.17
4149,601.65
4150,1117.92
4151,982.912
4152,796.48
4153,503.4
4154,455.1876
4155,528.66
4156,426.24
4157,311.304
4158,1002.72
4159,764.688
4160,227.34
4161,258.9
4162,659.3625
4163,1640.7
4164,516.132
4165,287.55
4166,659.976
4167,1028.16
4168,1533.33
4169,463.84
4170,523.41
4171,388.08
4172,577.68
4173,919.26
4174,471.33
4175,185.52
4176,759.66
4177,1236.96
4178,755.0946
4179,1186.65
4180,1010.16
4181,551.61
4182,513.12
4183,485.43
4184,797.944
4185,537.28
4186,667.68
4187,633.92
4188,414.72
4189,612.84
4190,1184.94
4191,451.152
4192,447.2
4193,534.357
4194,358.41
4195,789.9525
4196,639.66
4197,1292.94
4198,209.93
4199,261.96
4200,825.36
4201,1192.737
4202,846.6
4203,709.56
4204,928.256
4205,940.914
4206,459.513
4207,863.82
4208,591.3
4209,370.53
4210,1490.7
4211,582.336
4212,836.64
4213,245.55
4214,456.96
4215,467.1576
4216,1133.22
4217,671.25
4218,582.0
4219,1250.04
4220,972.24
4221,314.352
4222,479.988
4223,217.584
4224,1987.32
4225,755.73
4226,415.44
4227,370.35
4228,227.28
4229,1311.552
4230,714.42
4231,355.482
4232,1912.32
4233,1133.04
4234,793.68
4235,705.348
4236,1131.03
4237,1744.64
4238,893.025
4239,682.08
4240,1269.72
4241,470.48
4242,987.12
4243,515.88
4244,324.36
4245,656.532
4246,333.84
4247,533.79
4248,632.07
4249,1785.888
4250,572.67
4251,657.4815
4252,788.868
4253,899.55
4254,1080.63
4255,1083.54
4256,392.31
4257,998.82
4258,253.02
4259,928.2
4260,353.85
4261,330.696
4262,353.76
4263,307.62
4264,1383.36
4265,304.71
4266,568.47
4267,254.52
4268,687.6
4269,861.21
4270,342.08
4271,593.568
4272,831.456
4273,773.55
4274,713.124
4275,499.99
4276,636.5244
4277,1099.96
4278,575.64
4279,763.917
4280,1362.825
4281,445.554
4282,999.12
4283,1200.888
4284,289.8
4285,357.12
4286,156.168
4287,1379.92
4288,956.124
4289,916.41
4290,255.42
4291,1280.286
4292,309.36
4293,657.15
4294,913.43
4295,488.6258
4296,597.915
4297,618.24
4298,824.22
4299,737.64
4300,1235.25
4301,360.0
4302,1009.44
4303,747.405
4304,796.1355
4305,531.18
4306,217.28
4307,526.582
4308,1545.0825
4309,515.184
4310,332.01
4311,710.964
4312,873.0
4313,1758.0
4314,1032.0
4315,696.762
4316,287.968
4317,598.68024
4318,1032.5
4319,987.45
4320,520.56
4321,455.712
4322,267.36
4323,772.605
4324,1059.12
4325,327.312
4326,969.36
4327,1279.32
4328,1106.19
4329,525.042
4330,255.22
4331,720.42
4332,1272.48
4333,1080.63
4334,1001.584
4335,928.256
4336,890.73
4337,1272.92
4338,331.8
4339,198.9
4340,352.44
4341,327.24
4342,651.348
4343,667.539
4344,370.152
4345,556.665
4346,656.91
4347,1428.84
4348,672.48
4349,754.758
4350,259.2
4351,706.4
4352,535.734
4353,323.976
4354,569.184
4355,932.992
4356,715.86
4357,413.37
4358,1008.063
4359,769.14
4360,677.8776
4361,523.25
4362,323.79112
4363,989.97
4364,219.84
4365,753.72
4366,1035.0
4367,621.0
4368,952.7
4369,1577.94
4370,1003.02
4371,306.81
4372,712.584
4373,458.136
4374,1054.68
4375,826.902
4376,354.9
4377,906.68
4378,249.99
4379,1740.06
4380,370.818
4381,514.165
4382,413.904
4383,872.32
4384,890.15612
4385,509.4
4386,450.441
4387,735.156
4388,756.81
4389,316.74
4390,664.36
4391,1629.2205
4392,332.64
4393,838.62
4394,356.16
4395,680.76
4396,373.08
4397,569.55
4398,234.276
4399,1020.612
4400,297.96
4401,988.632
4402,347.67
4403,457.92
4404,645.54
4405,244.2
4406,335.944
4407,639.84
4408,1154.90556
4409,284.1
4410,590.058
4411,599.34
4412,366.84
4413,495.42
4414,535.05
4415,750.97504
4416,227.28
4417,264.6
4418,459.513
4419,235.95
4420,348.488
4421,1635.255
4422,511.92
4423,973.32
4424,410.76
4425,370.26
4426,293.112
4427,239.97
4428,653.52
4429,513.72
4430,538.56
4431,294.729
4432,859.2
4433,166.275
4434,1447.56
4435,769.662
4436,1101.5676
4437,899.97
4438,350.93672
4439,557.2
4440,354.564
4441,376.128
4442,954.36
4443,493.56
4444,231.132
4445,743.988
4446,897.372
4447,698.04112
4448,712.8
4449,659.52
4450,262.14
4451,460.08
4452,484.176
4453,681.408
4454,357.36
4455,580.56
4456,328.776
4457,343.95
4458,457.95
4459,915.9
4460,360.3915
4461,578.421
4462,366.744
4463,515.862
4464,930.0
4465,427.68
4466,440.19
4467,333.6
4468,382.14
4469,666.0
4470,379.89
4471,391.36
4472,705.072
4473,183.968
4474,680.848
4475,604.908
4476,592.3
4477,258.9
4478,286.79
4479,848.4
4480,332.496
4481,453.4788
4482,303.984
4483,1592.7
4484,572.58
4485,2803.92
4486,654.24
4487,667.9215
4488,337.68
4489,327.564
4490,793.206
4491,343.83
4492,627.228
4493,1062.36
4494,553.92
4495,1003.02
4496,1133.22
4497,735.408
4498,1140.75
4499,288.4
4500,390.15
4501,947.079
4502,343.74
4503,1162.64
4504,886.41
4505,1233.63
4506,292.44
4507,1127.808
4508,697.5
4509,438.368
4510,1275.12
4511,657.84
4512,669.12
4513,337.23
4514,195.76
4515,277.89
4516,196.668
4517,566.2062
4518,1021.14
4519,550.2
4520,1091.25
4521,1078.08
4522,1215.36
4523,1034.4
4524,494.04
4525,756.135
4526,819.6975
4527,2610.72
4528,966.4
4529,741.852
4530,839.889
4531,1141.938
4532,883.84
4533,204.85
4534,216.888
4535,478.48
4536,727.5
4537,708.15
4538,643.824
4539,587.79
4540,205.8
4541,1239.0
4542,907.2
4543,735.48
4544,743.4
4545,444.42
4546,339.192
4547,409.8
4548,563.808
4549,1126.02
4550,520.11
4551,632.34
4552,342.37
4553,1144.5
4554,793.68
4555,1181.547
4556,429.6
4557,1005.156
4558,734.94
4559,856.44
4560,623.4648
4561,328.28
4562,610.077
4563,826.56
4564,1175.58
4565,923.76
4566,880.146
4567,1682.748
4568,772.776
4569,304.56
4570,437.94
4571,1155.6
4572,462.348
4573,1141.8
4574,254.52
4575,417.42
4576,473.976
4577,636.06
4578,1140.48
4579,904.032
4580,459.24
4581,583.12
4582,1285.47
4583,1158.3
4584,779.58
4585,741.852
4586,724.08
4587,622.14
4588,332.181
4589,1508.85
4590,751.2579
4591,533.82
4592,869.7
4593,369.1125
4594,302.46
4595,566.97
4596,308.556
4597,759.44
4598,378.81
4599,275.7
4600,355.36
4601,907.011
4602,485.904
4603,198.72
4604,266.72
4605,5726.16
4606,1931.94
4607,583.12
4608,300.18
4609,1270.41
4610,338.04
4611,254.496
4612,1116.36
4613,263.296
4614,634.68
4615,195.39
4616,609.66
4617,581.96
4618,883.792
4619,964.53
4620,1243.9044
4621,561.087
4622,535.68
4623,867.5
4624,412.8
4625,457.14
4626,295.92
4627,680.5
4628,788.67
4629,1039.08
4630,254.16
4631,459.0
4632,761.6
4633,246.48
4634,705.544
4635,1267.76
4636,423.3
4637,370.575
4638,207.36
4639,596.4
4640,480.522
4641,761.544
4642,549.24
4643,709.0275
4644,267.36
4645,333.153
4646,276.6
4647,723.168
4648,569.058
4649,583.38
4650,653.55
4651,1480.68
4652,692.328
4653,373.59
4654,458.4
4655,293.85
4656,580.608
4657,911.52
4658,763.92
4659,759.96
4660,432.6
4661,333.6
4662,2190.848
4663,637.335
4664,575.92584
4665,346.74
4666,833.7
4667,717.633
4668,711.12
4669,212.76
4670,468.315
4671,233.28
4672,892.224
4673,750.735
4674,947.916
4675,467.04
4676,167.96
4677,1367.84
4678,189.405
4679,274.407
4680,456.192
4681,385.11
4682,634.392
4683,818.25
4684,956.6648
4685,1461.2895
4686,1467.36
4687,295.056
4688,730.44
4689,751.872
4690,693.84
4691,564.76
4692,670.14
4693,552.96
4694,975.12
4695,700.68
4696,899.95
4697,696.762
4698,1399.93
4699,799.83
4700,481.32
4701,680.6
4702,402.9
4703,842.376
4704,1247.64
4705,1470.78
4706,1272.12
4707,963.2
4708,415.62
4709,580.6
4710,538.203
4711,677.6352
4712,653.1
4713,555.552
4714,379.96
4715,788.4
4716,692.58
4717,634.116
4718,521.82
4719,725.49
4720,435.99
4721,666.4
4722,667.32
4723,413.52
4724,332.96
4725,664.36
4726,302.94
4727,182.196
4728,340.08
4729,245.484
4730,534.8
4731,412.8
4732,381.375
4733,793.476
4734,596.052
4735,519.68
4736,1019.52
4737,705.72
4738,486.642
4739,521.37
4740,1064.2672
4741,807.732
4742,859.3065
4743,883.2861
4744,999.432
4745,180.075
4746,386.4
4747,254.88
4748,1713.96
4749,655.776
4750,823.96
4751,735.12
4752,501.47504
4753,596.7
4754,292.44
4755,466.768
4756,733.44
4757,486.999
4758,497.28
4759,634.96752
4760,421.27576
4761,509.04
4762,728.64
4763,517.65
4764,583.92
4765,315.2
4766,269.82
4767,287.94
4768,1031.4
4769,915.1155
4770,954.45
4771,513.12
4772,379.809
4773,1314.45
4774,530.22
4775,863.128
4776,820.992
4777,351.2892
4778,1031.82
4779,293.28
4780,535.14
4781,934.185
4782,922.86
4783,511.3962
4784,298.92
4785,561.87
4786,835.17
4787,533.82
4788,663.0
4789,542.94
4790,221.454
4791,731.82
4792,528.43
4793,916.8
4794,870.588
4795,1073.024
4796,985.68
4797,520.68
4798,435.0024
4799,737.586
4800,1144.2048
4801,342.072
4802,487.38
4803,366.84
4804,628.81
4805,479.97
4806,462.642
4807,410.22
4808,989.7
4809,321.36
4810,940.32
4811,887.84
4812,583.12
4813,540.36
4814,571.374
4815,387.261
4816,615.24
4817,591.3
4818,584.352
4819,340.2
4820,786.618
4821,451.818
4822,1793.98
4823,552.96
4824,519.96
4825,631.512
4826,545.37
4827,293.04
4828,183.84
4829,755.3862
4830,506.88
4831,712.3428
4832,433.62
4833,639.6
4834,231.36
4835,697.08304
4836,826.2
4837,252.84
4838,413.1
4839,396.0
4840,861.76
4841,359.97
4842,859.2
4843,683.4
4844,1420.8
4845,643.02
4846,415.44
4847,622.62
4848,1035.909
4849,396.333
4850,437.724
4851,911.52
4852,1200.312
4853,383.952
4854,1114.272
4855,2120.8
4856,985.11
4857,1285.44
4858,1567.2
4859,431.976
4860,422.625
4861,872.32
4862,704.88
4863,955.8675
4864,768.51
4865,931.77
4866,449.04
4867,368.5302
4868,271.7631
4869,465.16
4870,1212.96
4871,797.04
4872,1081.302
4873,293.085
4874,869.76
4875,240.744
4876,834.75
4877,646.5375
4878,785.79
4879,726.144
4880,815.103
4881,414.72
4882,821.52
4883,580.672
4884,582.912
4885,914.28
4886,437.481
4887,686.7
4888,923.58
4889,426.6
4890,487.62
4891,520.08
4892,985.248
4893,447.944
4894,441.9
4895,662.832
4896,697.584
4897,142.38
4898,1317.492
4899,453.681
4900,525.78
4901,666.84
4902,884.448
4903,809.7
4904,577.665
4905,197.88
4906,743.58
4907,1614.582
4908,264.56
4909,409.239
4910,220.32
4911,861.6
4912,570.24
4913,884.52
4914,509.04
4915,575.694
4916,989.04
4917,1403.92
4918,672.72
4919,735.98
4920,680.82
4921,497.64
4922,182.58
4923,263.88
4924,527.46
4925,400.788
4926,566.0
4927,439.02
4928,1297.368
4929,565.362
4930,798.75
4931,305.3925
4932,604.656
4933,879.984
4934,424.272
4935,420.864
4936,513.12
4937,587.97
4938,629.95
4939,600.53
4940,710.832
4941,799.92
4942,1421.52
4943,402.78
4944,743.13
4945,681.744
4946,408.744
4947,562.68
4948,426.79
4949,607.36
4950,342.54
4951,628.2
4952,727.5
4953,992.9955
4954,1214.72
4955,536.8
4956,1731.1
4957,633.18
4958,637.2
4959,639.66
4960,409.7
4961,1386.88
4962,1124.58
4963,811.134
4964,661.905
4965,1199.76
4966,934.86
4967,215.592
4968,595.0
4969,312.912
4970,593.64
4971,413.28
4972,587.16
4973,659.52
4974,974.988
4975,753.72
4976,280.26
4977,562.68
4978,1079.976
4979,695.76
4980,1002.95008
4981,711.858
4982,591.0156
4983,870.24
4984,333.96
4985,346.113
4986,666.72
4987,468.9
4988,570.96
4989,603.72
4990,863.4951
4991,1217.568
4992,316.05
4993,624.18
4994,1218.735
4995,601.55448
4996,699.98
4997,274.416
4998,482.48
4999,481.68
5000,588.36
5001,735.39
5002,368.226
5003,967.56
5004,619.4205
5005,552.56
5006,558.6315
5007,1098.96
5008,1215.92
5009,192.8
5010,1039.728
5011,254.16
5012,1715.056
5013,330.156
5014,402.894
5015,535.734
5016,535.68
5017,567.8
5018,1478.25
5019,1178.01
5020,699.98
5021,411.8
5022,324.0
5023,399.5775
5024,798.84
5025,1217.58
5026,236.952
5027,750.6
5028,343.17
5029,325.68
5030,1892.25
5031,235.3086
5032,342.225
5033,487.984
5034,921.978
5035,396.802
5036,1025.4
5037,1190.304
5038,324.06
5039,249.372
5040,502.0836
5041,674.6904
5042,671.892
5043,591.3
5044,890.052
5045,440.88
5046,1053.6884
5047,577.584
5048,947.7
5049,241.568
5050,524.58
5051,930.0
5052,629.064
5053,581.67432
5054,210.008
5055,646.776
5056,1335.68
5057,335.502
5058,623.7
5059,955.17
5060,831.4608
5061,625.02
5062,443.475
5063,876.8428
5064,851.57344
5065,871.08
5066,333.48
5067,822.3
5068,352.6587
5069,766.692
5070,246.48
5071,311.136
5072,661.176
5073,800.208
5074,255.78
5075,590.22
5076,409.59
5077,540.048
5078,367.0
5079,351.68
5080,319.41
5081,899.16
5082,784.782
5083,620.496
5084,433.95
5085,620.6145
5086,986.904
5087,490.3059
5088,426.36
5089,354.9
5090,478.48
5091,720.64
5092,473.472
5093,445.95
5094,1488.24
5095,262.864
5096,506.64
5097,310.88
5098,360.96
5099,534.357
5100,343.785
5101,513.213
5102,783.54976
5103,256.095
5104,637.08
5105,309.3825
5106,553.635
5107,446.068
5108,338.688
5109,335.64
5110,729.48
5111,344.682
5112,212.1
5113,154.77
5114,256.74
5115,617.28
5116,897.2
5117,528.444
5118,1021.14
5119,232.08
5120,547.11
5121,952.29
5122,424.944
5123,384.3
5124,706.158
5125,657.93
5126,348.34192
5127,791.964
5128,261.954
5129,517.92
5130,688.95
5131,1879.96
5132,875.7
5133,417.0
5134,382.56
5135,288.84
5136,243.3
5137,684.606
5138,346.74
5139,830.574
5140,643.977
5141,246.15
5142,476.49
5143,960.64
5144,358.0
5145,285.20844
5146,529.92
5147,364.59
5148,413.316
5149,827.268
5150,507.492
5151,1050.96
5152,478.7406
5153,666.248
5154,879.0
5155,431.37
5156,447.84
5157,686.76
5158,307.008
5159,697.2
5160,1001.1366
5161,501.248
5162,890.595
5163,724.8
5164,902.712
5165,395.82
5166,550.4
5167,506.43
5168,579.528
5169,1103.04
5170,702.27
5171,1120.77
5172,379.53
5173,244.768
5174,646.3044
5175,387.136
5176,1968.03
5177,381.915
5178,503.51096
5179,1085.42
5180,783.96
5181,704.55
5182,546.06
5183,1564.56
5184,467.32
5185,661.851
5186,634.74
5187,182.76
5188,419.944
5189,1256.88
5190,760.38
5191,195.444
5192,567.12
5193,418.716
5194,827.55
5195,449.64
5196,640.656
5197,211.92
5198,227.745
5199,800.64
5200,273.18
5201,312.576
5202,1036.624
5203,644.448
5204,522.48
5205,375.165
5206,207.648
5207,626.80224
5208,725.3415
5209,830.7
5210,370.52
5211,229.2
5212,866.4
5213,836.592
5214,1239.462
5215,269.22
5216,523.23144
5217,859.32
5218,507.924
5219,334.68
5220,1071.441
5221,518.85
5222,1522.638
5223,574.91
5224,246.6945
5225,547.136
5226,228.78
5227,1103.97
5228,600.84
5229,636.3
5230,1076.004
5231,541.77
5232,1188.0
5233,542.34
5234,474.8
5235,707.0
5236,540.324
5237,676.2
5238,2105.04
5239,657.216
5240,395.88
5241,770.22
5242,813.8325
5243,634.96752
5244,239.666
5245,351.68
5246,499.56
5247,747.63
5248,462.24
5249,728.64
5250,991.44
5251,704.76
5252,177.66
5253,239.98
5254,456.192
5255,644.436
5256,962.08
5257,278.46
5258,551.286
5259,217.89
5260,370.56
5261,977.022
5262,587.79
5263,493.43
5264,705.72
5265,291.792
5266,298.2
5267,602.28
5268,523.48
5269,635.90848
5270,410.76
5271,254.94
5272,422.928
5273,468.792
5274,1049.44
5275,2460.96
5276,509.488
5277,225.72
5278,1000.02
5279,340.38
5280,210.78
5281,504.0
5282,565.32
5283,426.24
5284,1001.76
5285,669.78
5286,364.92
5287,161.892
5288,849.95
5289,157.92
5290,434.04
5291,1112.94
5292,296.64
5293,324.819
5294,207.0
5295,489.0858
5296,647.84
5297,632.07
5298,764.928
5299,495.18
5300,859.653
5301,576.0
5302,626.1
5303,1100.52
5304,273.564
5305,354.12
5306,613.71
5307,725.7
5308,632.07
5309,263.106
5310,789.936
5311,780.57
5312,776.16
5313,195.78
5314,1233.84
5315,483.552
5316,325.44
5317,544.38
5318,334.8
5319,840.15
5320,879.0
5321,555.138
5322,810.54
5323,685.8
5324,1592.85
5325,513.12
5326,435.999
5327,348.84
5328,698.04112
5329,671.94
5330,504.9
5331,336.36
5332,339.36
5333,597.84
5334,499.2
5335,966.3444
5336,332.0
5337,195.12
5338,271.9
5339,383.607
5340,827.334
5341,413.3943
5342,178.254
5343,212.94
5344,761.832
5345,279.74624
5346,198.24
5347,512.76
5348,703.16
5349,473.616
5350,391.98
5351,1140.3
5352,764.775
5353,205.68
5354,472.518
5355,656.532
5356,1017.936
5357,171.312
5358,1409.04
5359,493.32
5360,672.5115
5361,891.405
5362,190.89
5363,512.19
5364,384.34656
5365,579.136
5366,1024.38
5367,1582.95
5368,242.298
5369,552.0
5370,397.8
5371,561.54
5372,565.32
5373,336.06
5374,637.44
5375,837.0
5376,1130.832
5377,748.116
5378,286.26
5379,319.92
5380,799.83
5381,395.88
5382,303.84
5383,548.9046
5384,228.15
5385,804.168
5386,207.984
5387,896.76
5388,342.72
5389,981.36
5390,218.52
5391,1317.3264
5392,469.92
5393,508.38
5394,701.616
5395,1012.62
5396,423.24
5397,589.815
5398,627.1722
5399,1415.88
5400,370.008
5401,170.64
5402,1490.685
5403,221.292
5404,459.24
5405,1518.183
5406,1928.78
5407,518.4
5408,467.46
5409,339.795
5410,217.35
5411,668.4
5412,762.594
5413,328.16
5414,685.248
5415,383.76
5416,339.15
5417,907.152
5418,347.58
5419,796.32
5420,450.36
5421,677.58
5422,508.32
5423,513.48
5424,546.48
5425,701.622
5426,719.4825
5427,617.895
5428,375.9
5429,1022.04
5430,1038.339
5431,764.82
5432,428.76
5433,462.348
5434,476.49
5435,861.6
5436,412.56
5437,256.16664
5438,618.72
5439,438.3
5440,786.48
5441,749.72
5442,744.0
5443,602.3808
5444,801.96
5445,842.352
5446,460.44
5447,533.67912
5448,998.1
5449,840.9
5450,1028.9175
5451,381.76
5452,1236.465
5453,159.84
5454,164.88
5455,616.4
5456,423.3
5457,1026.24
5458,488.04
5459,479.92
5460,366.21
5461,1071.84
5462,362.136
5463,627.12
5464,909.0
5465,674.4
5466,1391.04
5467,597.0
5468,308.112
5469,1502.784
5470,663.11112
5471,1363.96
5472,314.532
5473,527.16
5474,880.416
5475,808.92
5476,349.944
5477,224.4
5478,593.73
5479,1011.972
5480,332.496
5481,204.96
5482,587.76
5483,427.41
5484,426.972
5485,344.169
5486,911.984
5487,933.21
5488,863.88
5489,622.5
5490,736.5
5491,990.15
5492,571.455
5493,674.244
5494,573.174
5495,619.95
5496,370.575
5497,427.41
5498,266.28
5499,687.48
5500,701.96
5501,851.7
5502,214.608
5503,666.344
5504,987.7
5505,704.92
5506,299.052
5507,362.88
5508,829.32
5509,404.514
5510,558.42
5511,347.49
5512,311.07
5513,285.804
5514,1050.48
5515,1244.16
5516,879.06
5517,727.536
5518,762.615
5519,662.175
5520,450.16
5521,558.0
5522,1430.77272
5523,347.232
5524,982.125
5525,657.396
5526,662.112
5527,765.639
5528,297.576
5529,1230.66
5530,676.9728
5531,396.408
5532,242.838
5533,596.196
5534,508.26144
5535,870.24
5536,327.981
5537,963.36
5538,346.74
5539,492.273
5540,383.8
5541,519.792
5542,764.8
5543,218.352
5544,177.984
5545,556.665
5546,1016.1
5547,306.072
5548,714.3
5549,706.32
5550,669.33
5551,639.968
5552,735.048
5553,786.2868
5554,517.347
5555,1250.04
5556,529.0005
5557,1057.32
5558,161.94
5559,267.912
5560,234.9
5561,560.52
5562,302.376
5563,230.256
5564,880.95
5565,1247.64
5566,298.44
5567,659.988
5568,650.72
5569,379.44
5570,955.62
5571,623.43
5572,868.842
5573,654.24
5574,394.98
5575,457.95
5576,797.944
5577,653.175
5578,168.81
5579,328.644
5580,816.6
5581,1116.45
5582,351.09
5583,1022.04
5584,333.48
5585,637.35
5586,831.2
5587,471.92
5588,1094.5449
5589,363.8466
5590,833.328
5591,713.61
5592,636.3
5593,605.1
5594,464.778
5595,859.2
5596,173.304
5597,224.748
5598,332.28
5599,498.36
5600,209.76
5601,515.52
5602,537.408
5603,931.446
5604,189.522
5605,509.76
5606,634.8
5607,537.516
5608,928.17
5609,549.48
5610,573.21
5611,711.12
5612,728.946
5613,735.84
5614,553.0896
5615,341.9982
5616,432.456
5617,779.22
5618,368.91
5619,365.958
5620,716.85
5621,808.92
5622,849.6
5623,1062.81
5624,410.88
5625,590.22
5626,512.91
5627,477.576
5628,695.88
5629,519.93804
5630,187.88
5631,304.92
5632,331.452
5633,548.28
5634,927.84
5635,648.0
5636,209.7
5637,469.2156
5638,674.4
5639,1072.86
5640,582.0
5641,269.28
5642,292.44
5643,385.02
5644,238.4824
5645,157.84
5646,447.74272
5647,1154.9616
5648,439.56
5649,434.04
5650,501.81
5651,1039.32
5652,142.9758
5653,286.464
5654,142.83
5655,437.67
5656,460.593
5657,313.9641
5658,538.38
5659,489.0
5660,551.76
5661,597.0
5662,1654.668
5663,495.42
5664,311.01
5665,762.48
5666,593.892
5667,191.82
5668,207.9
5669,585.06
5670,400.95
5671,304.71
5672,530.52
5673,718.0186
5674,642.0
5675,494.97
5676,734.4
5677,517.86
5678,754.45
5679,388.608
5680,149.22
5681,351.09
5682,538.755
5683,418.26512
5684,906.24
5685,847.53
5686,1213.758
5687,288.66
5688,483.57
5689,475.2486
5690,372.96
5691,182.07
5692,642.06
5693,299.94
5694,360.38
5695,589.32
5696,694.8
5697,240.96
5698,352.8
5699,449.97
5700,1122.6
5701,871.182
5702,561.584
5703,315.63
5704,367.902
5705,539.91
5706,1176.0
5707,642.0
5708,484.52
5709,615.72
5710,362.352
5711,866.52
5712,597.96168
5713,720.0
5714,755.26644
5715,217.584
5716,262.14
5717,1057.38
5718,333.09
5719,327.12
5720,275.24
5721,707.52
5722,1019.52
5723,256.86
5724,511.68
5725,286.85
5726,990.432
5727,316.44
5728,1451.511
5729,960.64
5730,177.0
5731,346.08
5732,148.32
5733,492.42
5734,379.08
5735,687.4
5736,154.17
5737,993.615
5738,381.456
5739,384.912
5740,266.352
5741,437.61
5742,773.6496
5743,885.168
5744,751.872
5745,455.04
5746,209.01296
5747,604.92
5748,453.12
5749,380.97
5750,513.52
5751,489.2
5752,697.16
5753,328.5306
5754,740.46
5755,652.37264
5756,600.558
5757,284.37012
5758,327.5802
5759,776.85
5760,493.8
5761,241.785
5762,676.368
5763,183.789
5764,594.1638
5765,876.3
5766,460.971
5767,379.7
5768,1600.96
5769,1234.278
5770,560.6
5771,328.8
5772,954.72
5773,289.92
5774,243.747
5775,1582.38
5776,508.32
5777,448.2
5778,897.15
5779,953.82
5780,540.432
5781,852.813
5782,606.6396
5783,398.61
5784,876.3
5785,724.104
5786,710.964
5787,220.5144
5788,563.24
5789,154.98
5790,220.56
5791,597.66
5792,195.66
5793,272.76
5794,145.26
5795,573.696
5796,283.611
5797,380.97
5798,265.3
5799,339.6
5800,356.238
5801,262.4274
5802,303.3
5803,589.2
5804,159.0
5805,975.186
5806,700.4046
5807,498.96
5808,236.88
5809,229.5216
5810,1145.28
5811,511.44
5812,369.45
5813,315.776
5814,334.611
5815,518.272
5816,1631.916
5817,666.225
5818,1119.582
5819,636.86
5820,826.2
5821,725.84
5822,417.42
5823,719.976
5824,1035.84
5825,336.393
5826,274.064
5827,848.28
5828,714.312
5829,209.592
5830,394.98
5831,372.168
5832,435.504
5833,603.72
5834,238.0
5835,624.24
5836,138.45
5837,793.68
5838,853.5
5839,866.646
5840,391.545
5841,467.289
5842,757.32
5843,1345.329
5844,681.1506
5845,610.6
5846,321.75
5847,457.812
5848,933.471
5849,333.66
5850,427.68
5851,397.8
5852,499.95
5853,451.6
5854,311.76
5855,799.83
5856,821.52
5857,675.12
5858,561.54
5859,272.72
5860,521.184
5861,363.6
5862,341.46
5863,651.96
5864,644.76
5865,583.584
5866,195.72
5867,563.4
5868,350.85688
5869,266.22
5870,735.98
5871,272.61
5872,268.164
5873,558.18
5874,679.884
5875,971.808
5876,203.256
5877,492.264
5878,527.01
5879,641.85
5880,841.568
5881,1145.34
5882,963.63
5883,657.765
5884,894.42
5885,439.3116
5886,361.557
5887,556.92
5888,169.44
5889,508.68
5890,335.64
5891,203.388
5892,330.939
5893,944.2
5894,356.616
5895,692.328
5896,672.10416
5897,190.56
5898,891.108
5899,275.94
5900,217.44
5901,285.78
5902,680.28
5903,582.84
5904,493.047
5905,151.56
5906,366.84
5907,379.7388
5908,720.42
5909,369.576
5910,830.574
5911,577.9
5912,1847.34
5913,238.65
5914,158.76
5915,411.8
5916,594.816
5917,874.68
5918,590.58
5919,512.19
5920,1077.066
5921,254.16
5922,449.496
5923,616.005
5924,2616.96
5925,1102.86
5926,730.0125
5927,945.828
5928,388.43
5929,151.76
5930,455.52
5931,1035.84
5932,289.92
5933,516.636
5934,769.44
5935,1246.48
5936,771.282
5937,417.144
5938,346.68
5939,413.64
5940,467.568
5941,1056.86
5942,673.344
5943,370.926
5944,765.625
5945,739.536
5946,622.944
5947,450.684
5948,812.736
5949,712.992
5950,978.84
5951,585.6
5952,448.74
5953,283.56
5954,507.82232
5955,449.46
5956,779.796
5957,199.75968
5958,155.08
5959,194.31
5960,1244.187
5961,129.32
5962,595.296
5963,453.6
5964,954.52
5965,450.792
5966,481.32
5967,491.82
5968,380.916
5969,612.84
5970,439.6
5971,881.34
5972,216.216
5973,143.4
5974,262.24
5975,443.9104
5976,276.24
5977,1560.24
5978,434.46
5979,1200.72
5980,186.948
5981,394.98
5982,779.27832
5983,733.44
5984,536.1375
5985,340.35
5986,594.72
5987,737.019
5988,354.15
5989,275.88
5990,341.73
5991,397.143
5992,455.9418
5993,605.25
5994,704.25
5995,318.09
5996,298.62
5997,800.928
5998,256.74
5999,1097.28
6000,357.552
6001,1278.0
6002,396.92
6003,204.876
6004,175.23
6005,558.576
6006,572.76
6007,211.168
6008,485.88
6009,345.96
6010,259.7
6011,479.72
6012,679.68
6013,487.38
6014,307.872
6015,625.99
6016,678.96
6017,610.6
6018,1158.12
6019,290.52
6020,295.7175
6021,695.28
6022,862.464
6023,298.116
6024,769.65
6025,4912.59
6026,795.6
6027,366.12
6028,529.011
6029,778.1499
6030,504.54
6031,1676.5515
6032,434.16
6033,863.64
6034,729.48
6035,439.02
6036,466.32
6037,210.288
6038,780.57
6039,898.59
6040,890.841
6041,303.96
6042,545.652
6043,1003.986
6044,312.09
6045,513.29136
6046,290.898
6047,309.75
6048,988.86
6049,201.96
6050,389.25
6051,373.68
6052,287.97
6053,400.88
6054,326.55
6055,1086.18
6056,343.83
6057,976.5
6058,229.152
6059,1151.928
6060,256.16664
6061,408.3
6062,215.968
6063,336.36
6064,257.004
6065,844.2
6066,1421.664
6067,421.47536
6068,144.99
6069,1216.65
6070,214.758
6071,549.36
6072,185.92
6073,945.945
6074,1071.441
6075,501.81
6076,1199.76
6077,287.94
6078,525.42
6079,604.07568
6080,533.2527
6081,575.96
6082,174.17096
6083,238.293
6084,337.68
6085,465.0
6086,601.888
6087,377.45
6088,354.9
6089,544.95
6090,380.058
6091,306.16
6092,298.08
6093,233.766
6094,239.97
6095,513.12
6096,636.3
6097,787.92
6098,999.98
6099,308.718
6100,720.76
6101,455.52
6102,1582.11
6103,486.324
6104,513.024
6105,686.4
6106,957.18
6107,575.4
6108,639.96
6109,799.95
6110,246.48
6111,214.2
6112,481.815
6113,150.384
6114,462.672
6115,316.764
6116,185.01
6117,341.84
6118,131.568
6119,271.05
6120,900.234
6121,455.52
6122,566.787
6123,247.84
6124,393.84
6125,419.68
6126,328.14
6127,1733.6
6128,585.15
6129,173.097
6130,743.028
6131,298.032
6132,133.824
6133,413.775
6134,483.78
6135,551.556
6136,946.26368
6137,371.07
6138,351.54
6139,1049.2
6140,302.08
6141,417.0
6142,239.22
6143,392.67
6144,509.9575
6145,428.1
6146,424.89
6147,169.92
6148,168.96
6149,221.904
6150,182.76
6151,169.092
6152,479.97
6153,1274.7
6154,511.575
6155,464.76
6156,352.512
6157,484.029
6158,673.568
6159,532.56
6160,429.48
6161,688.92
6162,861.15
6163,615.24
6164,431.55
6165,704.34
6166,546.944
6167,369.84
6168,261.63
6169,1024.38
6170,541.184
6171,487.728
6172,626.625
6173,517.08
6174,502.2
6175,677.4
6176,362.4
6177,389.28
6178,573.48
6179,414.36
6180,2109.36
6181,790.416
6182,693.84
6183,533.76
6184,363.384
6185,554.85
6186,359.976
6187,485.0
6188,1127.52
6189,412.02
6190,624.96
6191,764.802
6192,293.58
6193,634.78788
6194,472.992
6195,344.034
6196,198.045
6197,517.08
6198,459.39
6199,327.981
6200,290.666
6201,663.11112
6202,791.88
6203,299.52
6204,175.17
6205,622.14
6206,549.48
6207,1100.608
6208,219.28
6209,1816.95
6210,535.41
6211,599.97
6212,495.06
6213,900.207
6214,503.5908
6215,415.44
6216,424.116
6217,201.584
6218,599.4
6219,395.8875
6220,760.98
6221,624.42
6222,147.84
6223,443.92
6224,323.37
6225,613.56
6226,453.681
6227,355.455
6228,209.792
6229,846.48
6230,1033.32
6231,845.856
6232,460.2
6233,457.14
6234,504.0
6235,367.74
6236,170.64
6237,393.165
6238,1088.76
6239,539.97
6240,697.16
6241,489.0
6242,963.9
6243,698.058
6244,563.76
6245,483.66
6246,272.76
6247,309.12
6248,989.04
6249,449.15
6250,1085.58
6251,307.86
6252,405.3
6253,750.195
6254,437.61
6255,242.352
6256,263.55
6257,838.593
6258,805.707
6259,464.04
6260,605.88
6261,445.986
6262,390.78
6263,378.81
6264,211.728
6265,469.854
6266,697.86
6267,300.416
6268,648.54032
6269,874.68
6270,714.15
6271,261.96
6272,528.57
6273,307.56336
6274,394.6455
6275,577.08
6276,317.142
6277,681.72
6278,358.92
6279,398.52
6280,799.56
6281,731.424
6282,613.9992
6283,323.976
6284,354.24
6285,447.74272
6286,691.983
6287,1217.673
6288,642.72
6289,298.68
6290,763.26
6291,1091.168
6292,297.96
6293,915.1155
6294,1275.0
6295,388.608
6296,565.32
6297,419.9
6298,586.092
6299,407.976
6300,316.1664
6301,111.84
6302,943.704
6303,646.38
6304,673.568
6305,638.56032
6306,501.81
6307,900.08
6308,1080.096
6309,579.3
6310,214.848
6311,297.84
6312,801.96
6313,583.872
6314,618.084
6315,662.84
6316,145.98
6317,418.02592
6318,369.18
6319,469.233
6320,385.86
6321,438.96
6322,768.49992
6323,1284.822
6324,426.249
6325,276.489
6326,758.96
6327,534.438
6328,239.24
6329,1302.78
6330,525.69
6331,1004.976
6332,1014.741
6333,398.6631
6334,196.8
6335,127.302
6336,456.588
6337,413.04
6338,3172.14
6339,490.08
6340,189.576
6341,568.863
6342,506.38
6343,531.48
6344,825.36
6345,302.616
6346,308.07
6347,799.6
6348,136.701
6349,448.8
6350,171.558
6351,732.78
6352,405.12
6353,427.9
6354,659.976
6355,557.728
6356,612.54
6357,495.3375
6358,256.446
6359,385.29
6360,567.6204
6361,615.276
6362,262.926
6363,990.12
6364,689.82
6365,741.006
6366,399.96
6367,1128.39
6368,561.495
6369,1008.13968
6370,340.443
6371,674.4
6372,820.44
6373,512.28
6374,855.36
6375,552.501
6376,424.35
6377,707.049
6378,772.68
6379,240.12
6380,251.1966
6381,486.6
6382,368.271
6383,744.0
6384,1040.8
6385,421.38
6386,263.36
6387,596.82
6388,1299.66
6389,415.2
6390,1533.33
6391,551.205
6392,1050.246
6393,1307.97
6394,559.926
6395,680.76
6396,370.17
6397,867.3
6398,715.2
6399,232.344
6400,423.3
6401,554.04
6402,1220.94
6403,379.242
6404,363.447
6405,339.6
6406,206.4
6407,372.9132
6408,383.796
6409,385.398
6410,634.96752
6411,715.89
6412,576.384
6413,485.73
6414,1973.295
6415,288.84
6416,1075.23
6417,500.85
6418,332.85
6419,612.6
6420,840.6
6421,871.8
6422,600.36
6423,414.72
6424,178.1595
6425,464.94
6426,369.72
6427,621.76
6428,468.765
6429,747.054
6430,369.72
6431,487.96
6432,1812.72
6433,156.24
6434,946.344
6435,704.25
6436,256.719
6437,382.51668
6438,465.102
6439,428.04
6440,756.78
6441,604.752
6442,887.922
6443,378.32184
6444,304.776
6445,1058.25
6446,329.85
6447,147.568
6448,260.592
6449,593.82
6450,412.673
6451,705.072
6452,1349.325
6453,507.6
6454,637.35
6455,1378.728
6456,358.272
6457,245.07
6458,187.76
6459,485.55
6460,1180.2348
6461,183.372
6462,185.528
6463,516.488
6464,508.77
6465,182.376
6466,477.84
6467,494.97
6468,338.4
6469,203.76
6470,466.128
6471,540.048
6472,705.72
6473,352.98
6474,823.5675
6475,138.39
6476,497.76
6477,623.96
6478,672.48
6479,264.96
6480,207.12
6481,661.3
6482,397.8
6483,942.36
6484,574.47
6485,737.6
6486,436.05
6487,249.75
6488,2057.13
6489,209.986
6490,381.63
6491,523.86
6492,803.52
6493,820.7
6494,866.0644
6495,299.1
6496,667.9215
6497,414.9
6498,1289.76
6499,255.744
6500,542.94
6501,732.72
6502,722.4714
6503,991.764
6504,464.85
6505,255.84
6506,647.76
6507,619.974
6508,424.89
6509,315.432
6510,339.48
6511,137.79
6512,331.8
6513,245.862
6514,317.058
6515,307.4625
6516,652.68
6517,447.744
6518,297.55
6519,206.604
6520,191.6
6521,447.876
6522,545.94
6523,672.12
6524,2544.96
6525,701.372
6526,438.51
6527,394.92
6528,848.4
6529,534.762
6530,260.82
6531,1714.365
6532,453.6
6533,551.556
6534,155.7
6535,310.688
6536,337.2
6537,224.4
6538,393.25
6539,255.285
6540,367.2
6541,593.9895
6542,496.44
6543,319.92
6544,911.52
6545,190.8
6546,277.89
6547,561.344
6548,356.292
6549,241.17
6550,572.52
6551,269.85
6552,151.1976
6553,341.9982
6554,195.444
6555,1136.664
6556,425.25
6557,775.278
6558,735.98
6559,435.999
6560,292.7592
6561,339.18
6562,291.96
6563,217.755
6564,1086.147
6565,477.3411
6566,251.2
6567,549.36
6568,595.0
6569,307.548
6570,883.84
6571,311.25
6572,650.7
6573,406.368
6574,322.2
6575,277.08
6576,325.269
6577,976.56
6578,297.18
6579,264.8268
6580,549.99
6581,348.93
6582,788.4
6583,731.82
6584,729.84
6585,1431.81
6586,378.39
6587,340.92
6588,470.302
6589,952.2
6590,985.248
6591,3085.344
6592,165.88
6593,473.61
6594,509.85
6595,149.58
6596,1023.12
6597,503.96
6598,459.513
6599,861.84
6600,244.74
6601,647.904
6602,195.417
6603,143.37
6604,915.136
6605,369.144
6606,364.32
6607,557.28
6608,159.48
6609,691.1163
6610,568.62
6611,350.088
6612,274.9545
6613,871.98
6614,793.206
6615,895.18
6616,976.08
6617,248.82
6618,227.08
6619,414.0
6620,410.76
6621,535.8825
6622,636.36
6623,487.984
6624,557.28
6625,369.117
6626,133.35
6627,410.346
6628,660.312
6629,491.76
6630,182.55
6631,567.135
6632,543.0168
6633,690.48
6634,183.95496
6635,337.2
6636,244.74
6637,646.569
6638,405.09
6639,691.4706
6640,669.06
6641,687.36
6642,599.16
6643,333.9
6644,1291.446
6645,607.716
6646,725.344
6647,531.522
6648,643.98
6649,448.77
6650,700.176
6651,769.176
6652,589.68
6653,247.32
6654,876.3
6655,141.825
6656,337.92
6657,231.72
6658,701.6625
6659,601.47
6660,307.776
6661,1554.936
6662,333.92
6663,593.53056
6664,117.62
6665,829.1325
6666,853.93
6667,1283.52
6668,366.84
6669,756.6
6670,656.46
6671,303.92
6672,281.82
6673,521.43
6674,566.61
6675,502.95
6676,500.88
6677,769.95
6678,230.742
6679,295.452
6680,163.98
6681,176.04
6682,675.06
6683,496.86
6684,140.98
6685,182.304
6686,648.9
6687,504.12
6688,530.145
6689,424.9575
6690,311.25
6691,164.772
6692,312.51
6693,584.22
6694,171.882
6695,302.376
6696,309.24
6697,341.8
6698,533.1588
6699,145.68
6700,256.86
6701,238.5
6702,654.102
6703,643.248
6704,776.466
6705,367.2
6706,143.52
6707,332.748
6708,677.4
6709,147.24
6710,252.828
6711,1318.752
6712,428.22
6713,711.828
6714,378.88
6715,196.08
6716,642.72
6717,177.824
6718,456.66
6719,437.724
6720,251.52
6721,335.52
6722,633.528
6723,695.88
6724,191.49624
6725,382.725
6726,139.944
6727,464.13
6728,457.485
6729,706.32
6730,705.72
6731,769.184
6732,538.44
6733,491.64
6734,384.944
6735,1527.12
6736,325.632
6737,439.56
6738,238.14
6739,623.168
6740,366.744
6741,566.916
6742,626.184
6743,438.15
6744,1687.392
6745,195.264
6746,679.96
6747,563.517
6748,845.856
6749,510.306
6750,747.3
6751,479.115
6752,119.64
6753,256.284
6754,409.272
6755,811.28
6756,665.88
6757,342.3
6758,526.62
6759,575.6634
6760,156.249
6761,463.32
6762,872.94
6763,327.76
6764,166.56
6765,683.332
6766,716.96
6767,630.585
6768,499.584
6769,928.8
6770,671.544
6771,671.9265
6772,770.7
6773,417.456
6774,435.78
6775,459.24
6776,147.3
6777,543.92
6778,492.96
6779,323.028
6780,321.72
6781,412.8
6782,494.532
6783,1428.3
6784,362.46
6785,763.44
6786,387.63
6787,438.84
6788,364.32
6789,4486.86
6790,405.144
6791,281.88
6792,1339.416
6793,780.3
6794,454.71
6795,828.306
6796,680.76
6797,401.04
6798,410.8
6799,1429.44
6800,454.965
6801,556.1
6802,423.19192
6803,444.042
6804,249.84
6805,241.96
6806,652.995
6807,339.0
6808,776.88
6809,798.66
6810,182.112
6811,532.98
6812,328.0824
6813,740.178
6814,322.2
6815,432.9612
6816,629.93
6817,354.48
6818,659.9
6819,146.736
6820,382.41
6821,259.98
6822,380.19
6823,776.412
6824,307.44
6825,463.104
6826,784.782
6827,683.496
6828,116.34
6829,338.4
6830,373.23
6831,167.1
6832,375.4
6833,473.9502
6834,240.3
6835,449.91
6836,760.2
6837,439.452
6838,189.96
6839,747.3
6840,1236.42
6841,236.1
6842,267.09
6843,486.09
6844,459.0
6845,356.238
6846,344.61
6847,278.82
6848,1021.14
6849,203.184
6850,439.56
6851,628.2
6852,303.69
6853,916.11
6854,272.76
6855,370.98
6856,340.08
6857,273.321
6858,636.24
6859,880.8
6860,396.4
6861,294.3
6862,235.71
6863,563.4
6864,850.9872
6865,364.74
6866,549.24
6867,244.5
6868,318.03
6869,240.37
6870,362.4
6871,692.718
6872,379.08
6873,445.28
6874,459.95
6875,211.3
6876,380.16
6877,528.66
6878,348.429
6879,369.45
6880,567.6
6881,523.98
6882,329.76
6883,332.28
6884,244.56
6885,480.24
6886,361.68
6887,446.4
6888,354.15
6889,256.52592
6890,333.6
6891,1612.872
6892,350.48
6893,161.514
6894,184.758
6895,321.36
6896,511.68
6897,573.48
6898,327.6
6899,268.935
6900,352.35
6901,384.45
6902,993.531
6903,323.46
6904,313.44
6905,396.84
6906,743.25
6907,756.9
6908,179.97
6909,491.64
6910,649.32
6911,620.32
6912,942.36
6913,364.416
6914,933.262
6915,635.6262
6916,176.256
6917,637.2
6918,892.8
6919,639.0
6920,650.88
6921,978.48
6922,781.864
6923,594.36
6924,414.24
6925,873.072
6926,618.56
6927,338.1
6928,660.312
6929,607.92
6930,219.84
6931,150.24
6932,333.96
6933,244.2
6934,289.44
6935,675.8775
6936,712.35
6937,375.9
6938,762.48
6939,555.21
6940,336.0
6941,185.22
6942,464.128
6943,387.09
6944,607.36
6945,659.34
6946,546.975
6947,340.86
6948,531.58
6949,299.58
6950,675.54
6951,566.61
6952,337.92
6953,821.3
6954,545.52
6955,743.04
6956,517.5
6957,307.656
6958,856.8
6959,255.84
6960,500.4
6961,966.7
6962,166.62
6963,372.036
6964,121.575
6965,207.036
6966,451.1295
6967,196.98
6968,618.86
6969,467.43
6970,356.94
6971,267.84
6972,855.75
6973,827.52
6974,448.578
6975,539.244
6976,500.67
6977,442.476
6978,877.905
6979,646.8
6980,141.12
6981,200.76
6982,341.82
6983,209.6
6984,528.93
6985,120.0
6986,385.92
6987,348.624
6988,1037.19
6989,217.2
6990,1004.1672
6991,856.656
6992,527.34
6993,360.0
6994,307.44
6995,390.96
6996,471.9
6997,1054.02
6998,354.9
6999,607.68
7000,349.2
7001,335.1465
7002,319.83
7003,332.832
7004,282.18
7005,433.62
7006,770.352
7007,423.67096
7008,559.92
7009,603.92
7010,933.408
7011,261.48
7012,646.425
7013,1004.024
7014,301.77
7015,735.048
7016,309.996
7017,285.696
7018,454.8
7019,397.74
7020,414.9
7021,199.44
7022,556.704
7023,828.6
7024,344.8152
7025,404.676
7026,682.4478
7027,532.8
7028,655.35
7029,717.336
7030,112.05
7031,224.75
7032,629.184
7033,361.96
7034,396.9
7035,567.6
7036,312.06
7037,533.88
7038,791.1
7039,430.575
7040,198.272
7041,169.92
7042,414.27
7043,344.704
7044,1461.7
7045,541.188
7046,865.242
7047,359.568
7048,249.06
7049,440.88
7050,349.44
7051,533.22
7052,249.18
7053,310.5
7054,422.82
7055,530.22
7056,486.368
7057,152.0
7058,843.9
7059,728.64
7060,208.11
7061,407.2626
7062,360.712
7063,511.056
7064,561.4125
7065,469.92
7066,444.624
7067,241.28
7068,158.58
7069,363.447
7070,391.14
7071,647.76
7072,758.484
7073,841.8
7074,145.962
7075,333.78
7076,498.42
7077,274.14
7078,182.28
7079,517.08
7080,226.257
7081,690.12
7082,441.9
7083,168.04
7084,353.568
7085,356.238
7086,384.38064
7087,273.472
7088,152.25
7089,728.82
7090,682.992
7091,1875.258
7092,408.3
7093,695.808
7094,197.94
7095,182.94
7096,572.481
7097,735.75
7098,489.96
7099,1015.68
7100,221.4
7101,656.991
7102,415.968
7103,471.21568
7104,976.7772
7105,887.271
7106,344.22
7107,329.76
7108,401.355
7109,602.76
7110,716.0
7111,447.696
7112,785.088
7113,709.128
7114,304.3776
7115,205.44
7116,682.08
7117,530.22
7118,830.7
7119,247.6
7120,425.91
7121,396.78
7122,364.32
7123,227.16
7124,204.3
7125,230.256
7126,206.784
7127,166.68
7128,568.215
7129,513.72
7130,526.635
7131,155.82
7132,634.78788
7133,1128.384
7134,457.568
7135,891.54
7136,207.9
7137,236.1765
7138,803.04
7139,368.334
7140,154.44
7141,183.136
7142,422.73
7143,2596.293
7144,636.21
7145,124.68
7146,1168.4
7147,154.26
7148,449.568
7149,351.216
7150,435.84
7151,301.38
7152,157.95
7153,248.832
7154,359.76
7155,854.784
7156,1684.752
7157,390.08
7158,422.01
7159,1007.944
7160,761.4
7161,1089.75
7162,443.7
7163,537.705
7164,391.14
7165,1166.94
7166,148.44
7167,282.9
7168,341.577
7169,696.654
7170,245.484
7171,310.14
7172,424.35
7173,136.35
7174,421.38
7175,378.39
7176,730.2
7177,285.3
7178,243.6
7179,263.1
7180,358.92
7181,423.24
7182,880.74
7183,632.61
7184,513.6
7185,457.95
7186,298.68
7187,532.98
7188,251.006
7189,599.165
7190,281.88
7191,455.328
7192,446.148
7193,879.6
7194,718.794
7195,423.6
7196,578.34
7197,457.812
7198,762.48
7199,448.578
7200,547.136
7201,806.10768
7202,119.25
7203,346.761
7204,352.86
7205,701.298
7206,170.24
7207,142.08
7208,747.36
7209,453.747
7210,1113.408
7211,560.115
7212,181.986
7213,419.4
7214,496.0
7215,670.95
7216,381.84
7217,379.134
7218,452.94
7219,181.26
7220,364.392
7221,224.856
7222,333.48
7223,94.98
7224,484.03
7225,504.972
7226,256.86
7227,270.54
7228,572.67
7229,920.4
7230,332.28
7231,539.472
7232,626.175
7233,242.52
7234,370.44
7235,313.248
7236,317.058
7237,225.568
7238,246.384
7239,234.0
7240,445.96
7241,504.09
7242,667.4244
7243,653.94
7244,909.552
7245,204.36
7246,584.2
7247,270.96
7248,351.66
7249,726.84
7250,241.434
7251,468.9
7252,563.92
7253,1031.355
7254,661.32
7255,660.08
7256,254.352
7257,504.09
7258,439.992
7259,809.04432
7260,553.92
7261,719.136
7262,618.3
7263,706.158
7264,296.64
7265,149.232
7266,318.36
7267,495.36
7268,244.65
7269,490.4802
7270,445.41
7271,415.287
7272,384.592
7273,239.94
7274,545.52
7275,377.352
7276,439.74
7277,398.31
7278,343.02
7279,598.995
7280,865.62
7281,486.0
7282,662.88
7283,723.92
7284,159.84
7285,379.314
7286,336.6
7287,659.97
7288,675.72
7289,161.7
7290,651.96
7291,548.505
7292,302.76
7293,208.16
7294,671.93
7295,669.21888
7296,361.86
7297,308.16
7298,424.2
7299,749.49
7300,196.98
7301,516.0
7302,1451.5
7303,479.36
7304,252.72
7305,408.78
7306,239.952
7307,388.62
7308,276.6
7309,321.568
7310,408.42
7311,442.884
7312,122.76
7313,492.399
7314,276.18
7315,465.156
7316,395.88
7317,352.9575
7318,414.96
7319,529.9
7320,293.85
7321,375.9
7322,348.39
7323,469.99
7324,391.86
7325,442.692
7326,345.096
7327,191.31
7328,410.352
7329,192.9
7330,246.84
7331,259.05
7332,258.576
7333,1183.6296
7334,524.896
7335,324.0
7336,279.9
7337,311.85
7338,671.814
7339,662.448
7340,539.97
7341,390.24
7342,1119.195
7343,649.35
7344,225.24
7345,519.525
7346,287.52
7347,420.687
7348,123.24
7349,348.04
7350,304.8
7351,274.992
7352,408.42
7353,1587.12
7354,736.29
7355,198.24
7356,334.3035
7357,397.89
7358,349.6
7359,547.74
7360,272.76
7361,773.4
7362,458.64
7363,795.2064
7364,468.44
7365,253.92
7366,339.18
7367,606.9
7368,535.78
7369,291.0
7370,379.08
7371,297.18
7372,846.288
7373,740.7
7374,555.03
7375,551.16
7376,607.824
7377,583.47
7378,621.504
7379,688.32
7380,503.96
7381,406.44
7382,512.064
7383,258.12
7384,263.64
7385,532.704
7386,315.72
7387,475.944
7388,230.22
7389,198.528
7390,280.792
7391,493.32
7392,858.24
7393,290.64
7394,154.26
7395,281.34
7396,225.296
7397,306.24
7398,876.681
7399,11199.968
7400,569.97
7401,220.24
7402,418.8
7403,545.916
7404,301.71
7405,359.475
7406,1226.52
7407,589.1364
7408,501.67464
7409,781.47
7410,379.38
7411,173.94
7412,511.56
7413,904.65
7414,845.488
7415,556.704
7416,169.1
7417,560.1
7418,426.4
7419,430.88
7420,212.04
7421,395.32776
7422,271.68
7423,674.4
7424,339.18
7425,333.6
7426,375.6069
7427,409.26
7428,273.456
7429,747.0
7430,245.22
7431,383.96
7432,698.352
7433,291.0
7434,657.93
7435,395.82
7436,920.4
7437,718.72
7438,377.46
7439,517.92
7440,330.84
7441,668.16
7442,286.38
7443,322.2
7444,284.16
7445,326.835
7446,486.6
7447,617.895
7448,423.3
7449,311.29488
7450,454.5
7451,422.928
7452,694.32
7453,581.55
7454,215.64
7455,541.77
7456,344.0
7457,254.19
7458,524.178
7459,918.96
7460,973.35
7461,560.655
7462,543.09
7463,206.28
7464,674.352
7465,113.82
7466,304.38
7467,585.552
7468,335.72
7469,228.78
7470,650.352
7471,613.224
7472,519.48
7473,270.72
7474,387.96
7475,382.14
7476,255.85
7477,369.9
7478,454.6
7479,230.5098
7480,559.872
7481,459.39
7482,771.72
7483,607.52
7484,837.63
7485,595.92
7486,252.0
7487,447.2
7488,576.72
7489,854.352
7490,478.56
7491,634.95
7492,633.18
7493,327.408
7494,703.04
7495,615.15
7496,207.48
7497,271.242
7498,862.812
7499,157.5
7500,340.86
7501,149.95
7502,327.564
7503,1054.02
7504,108.56
7505,625.3875
7506,350.406
7507,545.094
7508,172.62
7509,161.94
7510,241.44
7511,135.09
7512,822.42
7513,320.544
7514,149.97
7515,354.15
7516,780.3
7517,517.47
7518,847.872
7519,215.475
7520,1843.17
7521,319.984
7522,405.12
7523,699.744
7524,358.0
7525,621.99
7526,204.16
7527,228.285
7528,403.168
7529,447.627
7530,222.56
7531,559.872
7532,119.94
7533,497.94
7534,271.46
7535,189.7
7536,582.894
7537,320.37
7538,219.834
7539,512.28
7540,925.92
7541,430.5708
7542,346.14
7543,273.24
7544,959.984
7545,259.77
7546,574.02
7547,415.2
7548,283.8
7549,362.5047
7550,262.14
7551,330.4
7552,492.835
7553,505.17
7554,275.58
7555,600.48
7556,250.2
7557,263.96
7558,607.9
7559,276.912
7560,888.14016
7561,218.844
7562,453.84
7563,521.82
7564,599.292
7565,408.006
7566,145.9
7567,795.51
7568,575.64
7569,411.75
7570,486.09
7571,566.0
7572,327.4446
7573,408.75
7574,152.22
7575,182.88
7576,263.58
7577,835.056
7578,298.566
7579,603.92
7580,300.24
7581,423.28
7582,559.71
7583,669.08
7584,728.832
7585,221.94
7586,339.36
7587,228.42
7588,466.722
7589,302.832
7590,406.704
7591,532.864
7592,259.92
7593,216.04
7594,856.35
7595,408.744
7596,394.56
7597,244.26
7598,358.88
7599,176.1435
7600,144.585
7601,462.348
7602,355.968
7603,119.52
7604,139.65
7605,237.3219
7606,364.14
7607,309.12
7608,731.82
7609,355.3425
7610,374.058
7611,247.86
7612,125.99
7613,629.64
7614,684.36
7615,757.8454
7616,594.22
7617,342.5136
7618,231.36
7619,575.64
7620,145.8
7621,756.6
7622,688.32
7623,547.3
7624,318.43
7625,574.02
7626,968.744
7627,250.68
7628,429.7293
7629,497.16
7630,507.6
7631,609.66
7632,264.492
7633,901.908
7634,139.44
7635,324.744
7636,848.4
7637,537.03
7638,365.796
7639,356.13
7640,693.198
7641,793.6875
7642,490.26
7643,126.3
7644,1762.3
7645,394.98
7646,423.1755
7647,162.72
7648,263.736
7649,341.55552
7650,486.1725
7651,535.815
7652,295.29
7653,215.322
7654,157.86
7655,511.29
7656,541.44
7657,306.126
7658,505.08
7659,670.14
7660,333.36
7661,299.9
7662,881.93
7663,533.2527
7664,266.58
7665,739.8
7666,643.8393
7667,330.144
7668,507.84
7669,414.102
7670,391.86
7671,430.575
7672,736.8225
7673,380.36388
7674,657.84
7675,167.58
7676,1240.974
7677,844.02
7678,140.96
7679,479.196
7680,194.4
7681,235.92
7682,546.3612
7683,403.68
7684,108.784
7685,399.672
7686,477.6
7687,549.98
7688,570.15
7689,437.688
7690,1165.68
7691,410.5
7692,722.36
7693,576.7112
7694,362.85
7695,227.136
7696,253.764
7697,294.3
7698,644.88
7699,386.3
7700,357.68
7701,204.6
7702,386.91
7703,911.88
7704,276.6
7705,536.64
7706,559.992
7707,439.5
7708,520.11
7709,722.352
7710,395.82
7711,158.22
7712,366.84
7713,287.97
7714,638.73
7715,578.34
7716,176.49
7717,246.0
7718,665.88
7719,846.6
7720,825.216
7721,372.192
7722,232.62
7723,307.395
7724,327.3
7725,151.83
7726,318.48
7727,595.38
7728,419.4
7729,388.872
7730,311.688
7731,350.352
7732,1392.384
7733,316.656
7734,795.6
7735,529.15956
7736,333.66
7737,229.284
7738,518.4
7739,248.7
7740,214.2
7741,497.592
7742,220.95
7743,424.2
7744,1281.45
7745,206.784
7746,226.557
7747,240.64
7748,162.0
7749,367.902
7750,1151.22
7751,529.9884
7752,237.3
7753,465.0
7754,263.136
7755,541.44
7756,465.0372
7757,191.28
7758,281.61564
7759,385.686
7760,304.45
7761,253.98256
7762,194.448
7763,532.5
7764,264.99
7765,642.6
7766,363.4902
7767,477.15
7768,483.552
7769,816.72
7770,844.02
7771,790.65552
7772,705.8805
7773,252.0
7774,880.32
7775,253.692
7776,172.2
7777,1139.92
7778,474.48
7779,265.44
7780,669.21888
7781,254.526
7782,600.558
7783,599.28
7784,491.94
7785,587.28
7786,297.48
7787,504.0
7788,166.04
7789,420.96
7790,457.14
7791,1057.38
7792,597.36
7793,638.288
7794,349.068
7795,537.4
7796,760.38
7797,190.72
7798,500.576
7799,248.88
7800,118.0
7801,179.2
7802,450.36
7803,142.56
7804,181.764
7805,595.08744
7806,319.77
7807,306.9
7808,504.36
7809,205.7
7810,264.6
7811,264.9
7812,120.24
7813,325.98
7814,221.96
7815,755.0868
7816,892.755
7817,355.11
7818,653.55
7819,236.25
7820,98.352
7821,1065.0
7822,184.5
7823,693.198
7824,418.6728
7825,664.146
7826,612.981
7827,574.56
7828,771.72
7829,608.58
7830,1310.7
7831,415.872
7832,274.32
7833,663.84
7834,225.072
7835,256.74
7836,571.32
7837,775.26
7838,324.66
7839,239.9
7840,600.558
7841,646.38
7842,222.345
7843,397.89
7844,536.58
7845,402.7824
7846,845.46
7847,544.275
7848,303.12
7849,141.993
7850,482.112
7851,327.3
7852,329.67
7853,232.2
7854,349.44
7855,597.84
7856,362.0
7857,799.96
7858,268.03
7859,758.979
7860,370.737
7861,636.06
7862,287.28
7863,629.95
7864,777.21
7865,622.14
7866,192.0
7867,251.64
7868,398.352
7869,343.02
7870,347.2875
7871,231.72
7872,525.132
7873,257.076
7874,341.49564
7875,234.78
7876,341.52
7877,869.7
7878,1269.9
7879,657.93
7880,337.2
7881,254.352
7882,184.068
7883,350.85688
7884,1015.168
7885,785.79
7886,346.92
7887,664.56
7888,310.38
7889,477.666
7890,753.888
7891,501.3
7892,454.86
7893,523.23144
7894,256.392
7895,341.88
7896,784.8
7897,473.61
7898,274.8
7899,528.69
7900,505.7864
7901,247.77
7902,428.28
7903,378.4
7904,773.388
7905,557.2188
7906,603.3
7907,684.606
7908,1045.44
7909,409.8
7910,907.416
7911,333.576
7912,940.96
7913,792.0045
7914,266.352
7915,256.16664
7916,620.1585
7917,377.01
7918,140.976
7919,480.2232
7920,587.7
7921,384.34656
7922,357.21
7923,303.84
7924,425.91
7925,415.1
7926,883.71
7927,191.6
7928,384.72
7929,423.67096
7930,312.444
7931,221.024
7932,384.96852
7933,303.3
7934,474.984
7935,149.1
7936,757.32
7937,399.168
7938,517.92
7939,1044.63
7940,260.28
7941,208.56
7942,777.96
7943,347.2056
7944,204.75
7945,299.97
7946,481.568
7947,164.2
7948,486.0
7949,984.84
7950,324.27016
7951,236.76
7952,718.72
7953,290.52
7954,447.876
7955,802.2645
7956,198.528
7957,213.92
7958,142.74
7959,121.2
7960,551.3886
7961,428.34
7962,1552.77
7963,356.6196
7964,273.8298
7965,246.12
7966,428.4
7967,381.591
7968,457.4628
7969,399.54
7970,613.908
7971,769.44
7972,449.64
7973,241.89
7974,408.36
7975,485.73
7976,413.424
7977,355.56
7978,488.04
7979,508.26144
7980,572.616
7981,534.18
7982,354.564
7983,346.08
7984,270.594
7985,494.424
7986,733.635
7987,554.3736
7988,177.12
7989,287.58
7990,248.022
7991,155.34
7992,752.76
7993,500.992
7994,606.933
7995,513.108
7996,199.368
7997,719.952
7998,513.36
7999,145.35
8000,480.96
8001,586.398
8002,304.99
8003,135.48
8004,141.12
8005,374.58
8006,567.486
8007,448.341
8008,281.88
8009,231.92
8010,333.66
8011,455.97
8012,491.94
8013,492.42
8014,412.95
8015,222.56
8016,511.02
8017,334.8222
8018,342.72
8019,341.46
8020,427.42
8021,638.82
8022,687.4
8023,210.5685
8024,113.92
8025,524.4
8026,173.82
8027,789.6
8028,474.2496
8029,368.34
8030,188.7975
8031,362.4
8032,455.52
8033,378.39
8034,852.48
8035,169.65
8036,273.702
8037,338.31
8038,584.61
8039,1116.99
8040,845.728
8041,1093.2
8042,823.5
8043,539.92
8044,189.225
8045,637.749
8046,467.43
8047,363.924
8048,211.12
8049,296.784
8050,299.115
8051,636.36
8052,588.978
8053,504.72
8054,256.86
8055,650.7
8056,239.97
8057,616.92
8058,267.96
8059,132.15
8060,622.14
8061,276.69
8062,245.13
8063,318.96
8064,577.53
8065,138.3
8066,138.57
8067,697.86
8068,447.84
8069,750.864
8070,183.0
8071,710.76
8072,883.8
8073,487.616
8074,485.88
8075,521.96
8076,485.676
8077,102.24
8078,429.6
8079,729.48
8080,383.64
8081,214.896
8082,548.2
8083,573.102
8084,364.74
8085,149.82
8086,331.728
8087,336.24
8088,312.822
8089,3408.0
8090,360.0
8091,509.88
8092,863.31
8093,270.72
8094,292.896
8095,105.06
8096,444.768
8097,251.16
8098,151.83
8099,895.944
8100,243.0
8101,363.92
8102,189.65992
8103,346.68
8104,332.856
8105,488.88
8106,320.88
8107,100.95
8108,241.96
8109,382.624
8110,398.52
8111,534.72
8112,484.08
8113,242.298
8114,504.36
8115,311.25
8116,636.264
8117,514.188
8118,450.912
8119,825.216
8120,385.2
8121,495.99
8122,225.24
8123,482.2
8124,447.3
8125,331.536
8126,148.98
8127,133.92
8128,301.38
8129,914.97
8130,546.72
8131,317.7045
8132,268.704
8133,267.12
8134,286.8
8135,523.26
8136,268.848
8137,494.64
8138,411.93
8139,502.02
8140,116.784
8141,844.116
8142,309.456
8143,180.18
8144,206.76
8145,819.54
8146,883.8
8147,586.5246
8148,251.55
8149,268.704
8150,691.95
8151,402.39
8152,260.25
8153,218.16
8154,459.63
8155,324.66
8156,540.189
8157,1032.75
8158,191.968
8159,273.96
8160,495.3606
8161,256.74
8162,145.536
8163,260.4
8164,124.428
8165,414.66
8166,418.6
8167,614.85
8168,291.06
8169,359.772
8170,497.76
8171,703.8
8172,825.36
8173,352.404
8174,518.0694
8175,207.81
8176,260.52
8177,381.63
8178,485.28
8179,359.88
8180,587.97
8181,559.872
8182,537.696
8183,239.344
8184,222.81
8185,369.72
8186,1084.95
8187,278.88
8188,636.15
8189,163.1331
8190,87.237
8191,408.422
8192,295.2
8193,352.44
8194,378.92064
8195,331.776
8196,402.96
8197,674.901
8198,886.95
8199,424.5315
8200,387.224
8201,190.512
8202,173.46
8203,242.88
8204,746.24
8205,498.0
8206,161.568
8207,877.3418
8208,423.9
8209,437.088
8210,371.79
8211,409.08
8212,123.12
8213,333.774
8214,366.08
8215,179.496
8216,735.024
8217,85.44
8218,485.82
8219,706.86
8220,260.34
8221,734.94
8222,244.2
8223,618.48
8224,169.064
8225,436.704
8226,403.2
8227,526.10568
8228,583.48
8229,231.48
8230,576.0
8231,148.96
8232,599.472
8233,190.92
8234,255.968
8235,317.16
8236,469.84
8237,274.704
8238,373.68
8239,603.3
8240,623.3175
8241,479.976
8242,476.928
8243,318.43
8244,229.57992
8245,745.686
8246,432.81
8247,630.15
8248,308.07
8249,494.22
8250,632.07
8251,883.71
8252,454.086
8253,256.8
8254,580.635
8255,303.2712
8256,364.74
8257,415.44
8258,222.9795
8259,166.08
8260,339.84
8261,538.44
8262,377.01
8263,445.326
8264,592.68
8265,181.797
8266,236.4
8267,510.18
8268,597.0
8269,371.168
8270,378.39
8271,552.36
8272,414.18
8273,281.97
8274,197.72
8275,357.6
8276,493.452
8277,787.92
8278,196.98
8279,518.784
8280,139.032
8281,250.02
8282,288.0
8283,255.936
8284,598.32
8285,676.485
8286,191.13
8287,597.132
8288,137.88
8289,496.53
8290,531.9
8291,272.52
8292,221.98
8293,124.5
8294,642.69
8295,508.92
8296,342.54
8297,315.18
8298,550.08
8299,157.815
8300,195.66
8301,527.46
8302,477.3
8303,396.78
8304,447.876
8305,294.368
8306,509.796
8307,538.056
8308,402.084
8309,331.92
8310,333.96
8311,340.704
8312,365.22
8313,239.976
8314,125.1
8315,341.577
8316,579.51
8317,490.26
8318,659.7
8319,325.08
8320,546.96
8321,727.536
8322,409.14
8323,528.12
8324,639.66
8325,395.94
8326,115.8
8327,431.976
8328,1950.372
8329,1119.984
8330,437.04
8331,239.372
8332,423.19192
8333,1027.152
8334,755.944
8335,702.3
8336,347.64
8337,165.42
8338,290.196
8339,404.9
8340,215.976
8341,414.72
8342,429.6
8343,543.105
8344,334.4418
8345,612.198
8346,216.945
8347,199.98
8348,333.999
8349,149.4
8350,346.113
8351,271.264
8352,389.61
8353,286.605
8354,999.96
8355,435.672
8356,421.95
8357,423.27
8358,417.42
8359,723.324
8360,221.292
8361,263.96
8362,516.66
8363,264.96
8364,721.8534
8365,130.2
8366,443.73
8367,513.48
8368,232.875
8369,291.6
8370,520.02
8371,345.9
8372,230.376
8373,447.84
8374,216.8442
8375,408.42
8376,360.128
8377,209.658
8378,237.33
8379,159.99
8380,160.93
8381,859.04
8382,673.647
8383,195.885
8384,101.7
8385,978.39
8386,226.56
8387,383.96
8388,540.804
8389,645.948
8390,101.94
8391,395.12
8392,823.5801
8393,293.52
8394,473.6
8395,342.792
8396,312.48
8397,310.35
8398,389.48
8399,520.38
8400,439.2
8401,343.68
8402,507.84
8403,696.762
8404,696.852
8405,520.68
8406,111.12
8407,573.48
8408,478.08
8409,211.68
8410,328.64
8411,213.36
8412,277.056
8413,265.44
8414,385.76
8415,623.16
8416,818.28
8417,247.424
8418,268.62
8419,274.14
8420,567.528
8421,526.45
8422,359.976
8423,278.64
8424,723.72
8425,136.14
8426,211.464
8427,204.83064
8428,126.846
8429,414.72
8430,529.15956
8431,235.008
8432,622.45
8433,383.952
8434,324.0
8435,318.816
8436,948.051
8437,130.56
8438,378.0
8439,344.6
8440,807.24
8441,324.45
8442,381.72
8443,387.18
8444,175.1
8445,250.263
8446,212.13
8447,256.68
8448,288.36
8449,636.768
8450,283.26
8451,127.008
8452,691.56
8453,149.28
8454,139.95
8455,988.2327
8456,199.95
8457,220.56
8458,236.16
8459,413.82
8460,529.8
8461,334.8
8462,215.376
8463,345.24
8464,507.663
8465,801.568
8466,147.712
8467,222.24
8468,590.1174
8469,448.96
8470,250.65
8471,869.7
8472,226.56
8473,414.33
8474,84.6
8475,409.032
8476,757.5
8477,242.94
8478,504.0
8479,254.94
8480,408.36
8481,405.891
8482,714.42
8483,680.01
8484,242.55
8485,170.1
8486,477.3006
8487,340.38
8488,241.74
8489,107.73
8490,412.02
8491,732.9
8492,558.0
8493,391.98
8494,376.866
8495,385.02
8496,225.82
8497,173.61
8498,731.82
8499,967.98
8500,740.85
8501,190.998
8502,276.69
8503,439.992
8504,297.9036
8505,685.755
8506,492.768
8507,340.35
8508,586.4
8509,642.992
8510,154.35
8511,219.6
8512,282.744
8513,604.575
8514,312.336
8515,177.48
8516,634.5
8517,265.26
8518,99.84
8519,418.728
8520,865.053
8521,459.92
8522,270.9
8523,457.893
8524,1160.784
8525,161.7
8526,444.798
8527,254.9
8528,594.18
8529,527.76
8530,445.176
8531,645.966
8532,123.93
8533,437.472
8534,342.624
8535,299.98
8536,500.13
8537,877.1422
8538,142.623
8539,346.92
8540,527.34
8541,428.175
8542,349.965
8543,546.0
8544,477.12384
8545,988.08
8546,720.064
8547,209.76
8548,418.296
8549,639.0
8550,253.32
8551,501.47504
8552,176.38652
8553,875.016
8554,248.82
8555,259.74
8556,658.638
8557,156.744
8558,457.84
8559,572.67
8560,2768.58
8561,689.96
8562,248.22
8563,210.9
8564,275.49
8565,954.09
8566,409.77
8567,343.92
8568,98.64
8569,350.808
8570,179.88
8571,504.09
8572,278.6652
8573,338.7
8574,931.392
8575,263.488
8576,648.324
8577,239.85
8578,558.42
8579,149.46
8580,168.288
8581,727.56
8582,409.5441
8583,623.6685
8584,533.376
8585,671.0598
8586,520.2
8587,491.832
8588,647.84
8589,715.38636
8590,287.94
8591,718.64
8592,868.644
8593,557.0475
8594,373.275
8595,282.18
8596,379.809
8597,271.992
8598,285.6
8599,166.8
8600,234.816
8601,349.32
8602,1369.764
8603,567.9
8604,299.04
8605,212.04
8606,555.66
8607,561.087
8608,934.86
8609,408.3
8610,319.984
8611,273.472
8612,444.624
8613,330.1384
8614,510.12
8615,190.44
8616,244.5
8617,729.48
8618,776.25
8619,251.91
8620,113.28
8621,235.944
8622,859.5
8623,679.8
8624,316.476
8625,292.1
8626,211.168
8627,490.14
8628,348.46168
8629,207.18
8630,95.688
8631,544.725
8632,355.38
8633,502.92
8634,249.18
8635,333.8
8636,298.14
8637,135.84
8638,654.102
8639,948.618
8640,486.36
8641,152.82
8642,515.646
8643,422.73
8644,114.6
8645,463.968
8646,131.868
8647,119.96
8648,658.746
8649,665.145
8650,170.46
8651,179.991
8652,258.264
8653,321.075
8654,726.3486
8655,401.646
8656,298.14
8657,260.415
8658,523.98
8659,509.97
8660,278.88
8661,378.66
8662,1301.25
8663,301.96
8664,415.008
8665,246.72
8666,619.152
8667,333.9
8668,228.906
8669,391.608
8670,631.5
8671,349.056
8672,392.22
8673,581.25
8674,1091.04
8675,298.26
8676,404.16
8677,505.90616
8678,284.1098
8679,342.06
8680,284.1
8681,523.92
8682,647.872
8683,342.72
8684,352.38
8685,829.728
8686,371.28
8687,161.28
8688,480.03
8689,220.44
8690,259.248
8691,299.97
8692,627.696
8693,177.45
8694,424.2
8695,680.76
8696,535.68
8697,570.15
8698,634.86
8699,718.95
8700,358.68
8701,93.0762
8702,579.51
8703,672.57
8704,333.36
8705,428.28
8706,197.19
8707,303.0
8708,449.64
8709,256.74
8710,390.72
8711,199.08
8712,915.9
8713,345.06
8714,116.28
8715,235.188
8716,607.14
8717,145.896
8718,254.52
8719,364.32
8720,429.4125
8721,207.76
8722,526.64
8723,282.6
8724,314.496
8725,364.8483
8726,415.2
8727,190.65
8728,157.392
8729,551.7504
8730,1983.015
8731,202.92
8732,199.98
8733,612.48
8734,392.94
8735,198.39
8736,224.82
8737,242.94
8738,1799.64
8739,155.52
8740,303.84
8741,919.05
8742,700.056
8743,212.32
8744,852.498
8745,436.704
8746,438.84
8747,226.12
8748,227.4
8749,238.272
8750,232.4
8751,333.96
8752,406.35
8753,483.6
8754,600.48
8755,437.34
8756,740.34
8757,278.9298
8758,624.736
8759,281.34
8760,487.728
8761,272.97
8762,194.64
8763,251.37
8764,234.45
8765,435.99
8766,375.84
8767,613.56
8768,162.06
8769,319.644
8770,250.992
8771,507.276
8772,422.058
8773,146.56
8774,492.42
8775,551.205
8776,268.32
8777,889.92
8778,512.34
8779,219.618
8780,415.44
8781,404.73
8782,484.65
8783,512.163
8784,507.6
8785,197.97
8786,920.4
8787,984.18
8788,392.31
8789,208.5
8790,326.835
8791,323.136
8792,151.72
8793,453.576
8794,508.32
8795,551.985
8796,188.552
8797,307.272
8798,394.98
8799,197.7
8800,441.96
8801,348.81
8802,493.83
8803,479.9
8804,549.75
8805,494.64
8806,384.96852
8807,628.24
8808,246.024
8809,265.824
8810,199.9
8811,329.4
8812,199.26
8813,698.352
8814,98.376
8815,207.12
8816,185.04
8817,360.24
8818,257.76
8819,317.52
8820,414.66
8821,291.792
8822,685.44
8823,314.64
8824,440.5275
8825,364.92
8826,284.76
8827,241.38
8828,281.34
8829,283.92
8830,321.9426
8831,341.96
8832,407.904
8833,288.08268
8834,255.108
8835,250.83732
8836,850.35
8837,277.398
8838,598.23
8839,879.15
8840,386.388
8841,729.84
8842,148.68
8843,418.05
8844,146.82
8845,291.06
8846,529.2
8847,548.604
8848,435.357
8849,603.92
8850,135.72
8851,429.9
8852,115.44
8853,245.56
8854,1462.1445
8855,99.28
8856,311.25
8857,148.014
8858,422.82
8859,211.65
8860,509.696
8861,664.56
8862,468.792
8863,96.48
8864,339.18
8865,146.96
8866,573.9498
8867,132.79
8868,563.024
8869,168.48
8870,207.0
8871,119.92
8872,332.163
8873,674.55
8874,392.88
8875,257.499
8876,192.16
8877,204.63
8878,322.44
8879,222.384
8880,411.75
8881,269.9
8882,404.73
8883,170.07
8884,248.832
8885,363.3
8886,233.7
8887,406.44
8888,190.863
8889,269.82
8890,431.968
8891,430.92
8892,156.88
8893,154.764
8894,811.72
8895,272.52
8896,618.732
8897,631.91364
8898,199.392
8899,185.76
8900,435.294
8901,528.43
8902,140.736
8903,592.74
8904,262.74
8905,368.172
8906,340.08
8907,124.44
8908,1049.93
8909,589.9
8910,299.52
8911,217.6
8912,207.81
8913,633.48
8914,298.62
8915,496.16568
8916,355.38
8917,382.32
8918,276.72
8919,314.9601
8920,516.96
8921,244.65
8922,408.456
8923,408.3
8924,244.615
8925,126.8
8926,371.808
8927,198.9
8928,246.84
8929,264.9384
8930,293.29224
8931,191.88
8932,179.392
8933,459.918
8934,337.2456
8935,643.365
8936,342.792
8937,659.168
8938,243.81
8939,670.41
8940,217.2
8941,170.786
8942,184.194
8943,527.16
8944,425.7
8945,419.944
8946,281.88
8947,302.376
8948,464.97
8949,493.452
8950,132.3
8951,220.08
8952,1081.647
8953,135.8
8954,364.5
8955,447.2
8956,325.08
8957,244.8
8958,313.722
8959,372.96
8960,341.7471
8961,155.34
8962,593.46
8963,318.132
8964,445.28
8965,380.97
8966,1072.08
8967,479.984
8968,418.8
8969,382.32
8970,127.9
8971,727.536
8972,497.4
8973,340.86
8974,156.1032
8975,725.7
8976,571.44
8977,299.975
8978,157.9
8979,169.38
8980,396.78
8981,243.0
8982,247.36428
8983,326.97
8984,134.946
8985,128.37
8986,281.82
8987,1219.7
8988,258.9
8989,105.18
8990,293.0
8991,377.568
8992,276.8
8993,529.15956
8994,129.132
8995,359.499
8996,335.664
8997,209.7
8998,416.592
8999,82.86
9000,394.2
9001,323.19
9002,110.1132
9003,466.7007
9004,846.1992
9005,408.7215
9006,207.81
9007,410.7
9008,424.062
9009,200.394
9010,328.14
9011,387.84
9012,578.64
9013,394.98
9014,212.592
9015,459.918
9016,243.92
9017,572.192
9018,1107.516
9019,254.97
9020,146.28
9021,326.84
9022,152.55
9023,328.3992
9024,244.56
9025,516.0
9026,976.08
9027,131.85
9028,168.6
9029,421.372
9030,479.97
9031,96.96
9032,81.63
9033,144.0
9034,137.58
9035,389.9928
9036,804.56
9037,332.28
9038,100.62
9039,223.92
9040,171.36
9041,332.019
9042,173.349
9043,655.776
9044,277.56
9045,400.32
9046,333.96
9047,651.0
9048,139.8
9049,183.72
9050,371.328
9051,160.92
9052,382.9
9053,295.776
9054,232.624
9055,252.27
9056,319.984
9057,478.17
9058,245.07
9059,493.68
9060,214.02
9061,380.538
9062,508.32
9063,249.885
9064,366.84
9065,620.055
9066,539.658
9067,238.62
9068,554.16
9069,110.856
9070,270.56
9071,189.0
9072,361.998
9073,146.6775
9074,735.66
9075,563.808
9076,183.735
9077,193.68
9078,698.85
9079,373.41
9080,626.184
9081,121.23
9082,1164.6975
9083,260.82
9084,135.9333
9085,189.54
9086,829.32
9087,995.28
9088,947.17
9089,245.82
9090,294.6
9091,117.558
9092,111.384
9093,375.9
9094,197.883
9095,542.94
9096,131.88
9097,269.244
9098,151.056
9099,250.26
9100,273.18
9101,123.39
9102,266.91
9103,392.4
9104,132.696
9105,388.68
9106,267.192
9107,204.63
9108,450.48
9109,1347.52
9110,131.648
9111,509.4
9112,511.5
9113,225.54
9114,130.212
9115,403.272
9116,186.624
9117,984.18
9118,585.69
9119,232.4
9120,142.36
9121,1487.16
9122,147.04
9123,244.8
9124,231.6312
9125,268.32
9126,220.44
9127,351.84
9128,285.075
9129,442.764
9130,719.7
9131,565.32
9132,333.6
9133,396.78
9134,163.425
9135,177.12
9136,171.16
9137,68.769
9138,515.61
9139,274.491
9140,371.3364
9141,247.35
9142,266.22
9143,737.019
9144,295.29
9145,266.04
9146,144.9
9147,351.216
9148,196.45
9149,249.0
9150,373.08
9151,293.52
9152,566.712
9153,329.9886
9154,127.0
9155,762.39216
9156,600.64
9157,486.12
9158,232.55
9159,602.76
9160,418.392
9161,572.616
9162,304.2405
9163,308.7
9164,166.44
9165,182.61
9166,487.593
9167,283.56
9168,362.664
9169,127.104
9170,200.1
9171,377.68
9172,617.1
9173,417.216
9174,464.13
9175,622.14
9176,224.289
9177,204.672
9178,317.9925
9179,95.202
9180,478.44
9181,713.29056
9182,243.7
9183,357.21
9184,352.35
9185,345.6
9186,242.04
9187,218.025
9188,512.499
9189,398.972
9190,716.0
9191,409.4604
9192,555.072
9193,280.35
9194,879.984
9195,312.03
9196,354.12
9197,494.22
9198,113.76
9199,201.36
9200,529.98
9201,184.86
9202,588.0225
9203,219.78
9204,303.66
9205,172.752
9206,508.32
9207,487.92
9208,284.94
9209,533.799
9210,509.3634
9211,822.42
9212,468.93
9213,319.68
9214,302.67
9215,297.918
9216,805.86
9217,646.38
9218,525.72
9219,166.536
9220,512.19
9221,311.4
9222,235.05
9223,595.17
9224,654.102
9225,261.03
9226,377.97
9227,268.8
9228,275.97
9229,896.99
9230,758.85924
9231,729.99
9232,182.91
9233,256.8
9234,928.8
9235,241.65
9236,381.96
9237,389.97
9238,585.98568
9239,528.69
9240,314.55
9241,207.24
9242,451.08
9243,339.18
9244,173.488
9245,238.2
9246,330.075
9247,489.0
9248,265.65
9249,487.728
9250,718.794
9251,249.264
9252,189.93936
9253,281.3265
9254,551.61
9255,250.4046
9256,149.76
9257,636.21
9258,846.48
9259,174.96
9260,641.96
9261,371.97
9262,146.688
9263,331.92
9264,485.73
9265,219.84
9266,147.75
9267,285.48
9268,211.44
9269,667.56
9270,761.886
9271,453.48
9272,248.52
9273,605.1
9274,422.82
9275,673.2
9276,175.26
9277,646.38
9278,184.66
9279,236.52096
9280,278.7
9281,152.64
9282,650.97
9283,394.704
9284,169.5
9285,530.34
9286,568.608
9287,454.5
9288,158.328
9289,434.16
9290,197.49
9291,418.5
9292,362.92
9293,550.24
9294,321.21
9295,539.964
9296,269.28
9297,358.96
9298,273.48
9299,199.99
9300,607.32
9301,194.796
9302,268.812
9303,166.617
9304,324.072
9305,571.374
9306,446.4
9307,245.97
9308,396.84
9309,533.8935
9310,382.401
9311,333.24
9312,369.28
9313,555.39
9314,248.022
9315,1274.24
9316,152.55
9317,119.952
9318,248.94
9319,459.88
9320,193.14
9321,313.9641
9322,439.344
9323,457.056
9324,562.2925
9325,259.136
9326,293.22
9327,546.6
9328,486.09
9329,493.452
9330,567.42
9331,361.86
9332,156.204
9333,506.64
9334,556.1
9335,334.68
9336,519.66
9337,462.348
9338,380.688
9339,180.36
9340,407.232
9341,562.887
9342,520.98
9343,469.962
9344,171.558
9345,381.91464
9346,164.48
9347,314.352
9348,683.6
9349,381.636
9350,513.6
9351,274.68
9352,408.3
9353,211.95
9354,629.95
9355,1232.28
9356,228.528
9357,210.048
9358,577.665
9359,821.4
9360,399.9159
9361,196.776
9362,598.2
9363,322.44
9364,186.786
9365,282.66
9366,508.768
9367,370.368
9368,349.965
9369,380.4
9370,185.536
9371,517.9
9372,437.52
9373,208.272
9374,399.54
9375,291.654
9376,639.6
9377,154.848
9378,426.06
9379,398.688
9380,204.95
9381,365.91
9382,581.04
9383,244.35
9384,313.488
9385,297.36
9386,343.8
9387,357.156
9388,1034.16
9389,401.58
9390,585.63
9391,302.4816
9392,190.62
9393,575.505
9394,497.7
9395,185.055
9396,401.088
9397,613.287
9398,382.4253
9399,228.8808
9400,828.84
9401,605.34
9402,467.97
9403,398.52
9404,529.32
9405,757.32
9406,146.82
9407,362.352
9408,264.96
9409,825.0606
9410,217.02
9411,629.1
9412,112.52
9413,246.72
9414,218.862
9415,292.53
9416,196.752
9417,491.0
9418,283.92
9419,174.12
9420,194.0805
9421,166.4316
9422,128.76
9423,286.44
9424,409.95
9425,1661.049
9426,210.996
9427,248.98
9428,110.72
9429,578.2
9430,669.06
9431,387.136
9432,266.832
9433,157.86
9434,283.68
9435,435.4
9436,698.04112
9437,385.56
9438,423.39152
9439,489.44
9440,322.44
9441,465.24
9442,213.36
9443,372.15
9444,397.17
9445,621.18
9446,239.148
9447,242.1
9448,406.6
9449,460.08
9450,380.55
9451,477.51
9452,239.28
9453,528.24
9454,553.365
9455,860.79
9456,108.48
9457,236.528
9458,636.15
9459,496.048
9460,457.5465
9461,265.68
9462,253.692
9463,239.7372
9464,312.228
9465,401.04
9466,431.136
9467,2799.96
9468,218.16
9469,106.26
9470,268.32
9471,343.0971
9472,590.352
9473,190.92
9474,102.72
9475,167.28
9476,515.52
9477,289.248
9478,604.16
9479,236.79
9480,243.384
9481,364.41
9482,651.39
9483,222.56
9484,217.32
9485,139.1
9486,249.885
9487,574.41488
9488,122.76
9489,409.824
9490,748.72
9491,135.96
9492,457.4628
9493,392.85
9494,554.28
9495,256.95
9496,323.325
9497,300.9234
9498,247.53
9499,429.48
9500,215.055
9501,667.84
9502,246.72
9503,87.96
9504,462.132
9505,130.71
9506,259.56
9507,314.364
9508,335.205
9509,435.45
9510,391.32
9511,166.14
9512,296.34
9513,221.112
9514,215.19
9515,94.44
9516,283.26
9517,209.76
9518,428.52
9519,336.36
9520,550.08
9521,173.34
9522,413.82
9523,118.62
9524,375.3
9525,160.02
9526,174.33
9527,352.512
9528,483.136
9529,98.96
9530,259.5
9531,211.92
9532,1198.2986
9533,186.048
9534,391.68
9535,1086.156
9536,290.34
9537,361.2
9538,267.732
9539,1114.8
9540,268.848
9541,379.44
9542,199.9
9543,691.4706
9544,164.7
9545,266.64
9546,401.355
9547,379.38
9548,355.455
9549,470.448
9550,200.9
9551,251.262
9552,399.98
9553,177.536
9554,262.17
9555,389.97
9556,369.28
9557,153.81
9558,795.33
9559,383.438
9560,249.3
9561,147.69
9562,358.8498
9563,312.6006
9564,330.4
9565,271.44
9566,555.0336
9567,629.95
9568,314.6
9569,330.22
9570,430.11
9571,329.94
9572,481.248
9573,370.44
9574,606.18
9575,168.72
9576,245.22
9577,477.09
9578,283.92
9579,290.7
9580,162.0
9581,364.32
9582,202.8
9583,393.9372
9584,834.432
9585,677.4
9586,137.2986
9587,242.1
9588,282.6
9589,201.24
9590,631.782
9591,236.0
9592,299.9
9593,1104.72
9594,316.44
9595,158.76
9596,302.45
9597,166.32
9598,205.666
9599,440.1
9600,279.6
9601,385.2
9602,533.22
9603,816.72
9604,275.616
9605,209.88
9606,289.35
9607,450.912
9608,690.768
9609,214.9
9610,373.23
9611,221.62
9612,138.696
9613,115.5
9614,157.98
9615,273.564
9616,335.58
9617,343.74
9618,317.16
9619,230.28
9620,697.86
9621,354.15
9622,751.653
9623,280.44
9624,489.12
9625,121.792
9626,362.92
9627,494.64
9628,558.9
9629,170.88
9630,247.86
9631,388.704
9632,162.54
9633,229.23
9634,200.196
9635,473.85
9636,257.25
9637,845.424
9638,305.01
9639,292.99608
9640,353.88
9641,256.68
9642,162.84
9643,210.69
9644,280.3275
9645,365.55
9646,442.2
9647,465.0
9648,423.19192
9649,717.12
9650,388.08
9651,487.6
9652,452.45
9653,332.94
9654,561.5379
9655,302.72
9656,172.2
9657,295.92
9658,145.86
9659,512.34
9660,119.232
9661,899.82
9662,821.214
9663,167.82
9664,310.752
9665,206.43
9666,441.855
9667,602.208
9668,181.656
9669,479.96
9670,213.81152
9671,182.688
9672,146.34
9673,479.988
9674,231.36
9675,385.9002
9676,271.32
9677,595.986
9678,382.4
9679,86.382
9680,451.152
9681,84.0
9682,573.9
9683,464.67
9684,360.15
9685,264.222
9686,261.03
9687,514.4004
9688,441.0
9689,591.32
9690,336.24
9691,259.77
9692,336.6
9693,166.032
9694,183.75
9695,274.32
9696,301.96
9697,268.576
9698,379.16016
9699,617.895
9700,331.84
9701,314.784
9702,214.7514
9703,468.6
9704,640.332
9705,492.4215
9706,550.431
9707,177.664
9708,379.242
9709,358.533
9710,219.9
9711,95.28
9712,333.66
9713,176.6
9714,300.98
9715,235.116
9716,391.58
9717,543.201
9718,328.995
9719,236.088
9720,195.76
9721,223.888
9722,204.36
9723,182.898
9724,109.32
9725,183.8
9726,395.32776
9727,180.224
9728,371.79
9729,193.8
9730,1278.0
9731,570.285
9732,945.828
9733,115.02
9734,173.1
9735,551.872
9736,279.944
9737,196.2
9738,254.88
9739,1309.608
9740,238.9
9741,238.8
9742,223.65
9743,262.5
9744,234.36
9745,1715.952
9746,709.665
9747,120.042
9748,117.99
9749,187.76
9750,282.51
9751,378.39
9752,115.56
9753,228.825
9754,228.75
9755,264.33
9756,247.158
9757,588.6
9758,848.4
9759,368.97
9760,475.2
9761,222.64
9762,464.5344
9763,230.56488
9764,179.508
9765,232.95
9766,1622.565
9767,426.3
9768,224.8911
9769,418.5
9770,360.0
9771,965.0475
9772,336.45
9773,179.85
9774,251.1
9775,465.24
9776,166.24
9777,193.0656
9778,250.38
9779,239.976
9780,227.24
9781,218.76
9782,721.008
9783,320.64
9784,248.22
9785,575.1474
9786,513.72
9787,337.6395
9788,326.72
9789,350.649
9790,442.4
9791,330.12
9792,260.19
9793,305.046
9794,105.48
9795,438.336
9796,144.12
9797,406.44
9798,99.488
9799,250.2
9800,149.58
9801,303.84
9802,143.73
9803,540.57
9804,225.54
9805,315.306
9806,272.84
9807,396.9
9808,346.761
9809,760.5
9810,472.8
9811,314.991
9812,419.016
9813,288.0
9814,214.2645
9815,100.368
9816,967.56
9817,406.368
9818,346.08
9819,311.4
9820,137.88
9821,148.14
9822,128.37
9823,648.18
9824,176.61
9825,526.08
9826,408.422
9827,364.704
9828,475.1916
9829,344.372
9830,217.89
9831,888.72
9832,667.9215
9833,345.06
9834,642.96
9835,314.1
9836,438.15
9837,616.14
9838,370.53
9839,445.23
9840,97.8
9841,344.16
9842,428.4
9843,370.71
9844,401.59
9845,637.5
9846,176.88
9847,269.784
9848,144.95
9849,195.93
9850,303.84
9851,258.3
9852,323.1
9853,175.92
9854,144.6
9855,222.36
9856,297.0
9857,322.59
9858,226.4022
9859,223.96
9860,433.872
9861,238.14
9862,413.424
9863,252.828
9864,458.3628
9865,109.32
9866,332.94
9867,279.86
9868,339.96
9869,435.42
9870,332.4195
9871,356.16
9872,193.68
9873,250.44
9874,1628.82
9875,340.86
9876,282.3
9877,274.68
9878,267.228
9879,275.76
9880,392.445
9881,241.5
9882,575.64
9883,363.75
9884,345.384
9885,462.105
9886,201.0675
9887,259.83
9888,339.885
9889,178.32
9890,444.72
9891,142.47
9892,228.06
9893,785.34
9894,398.61
9895,213.216
9896,307.98
9897,195.84
9898,434.88
9899,199.344
9900,166.62
9901,450.792
9902,497.61
9903,268.26
9904,381.68
9905,108.6288
9906,474.984
9907,300.93
9908,225.24
9909,244.5
9910,179.739
9911,505.2
9912,464.61
9913,201.584
9914,325.92
9915,636.21
9916,345.303
9917,230.796
9918,206.4
9919,342.5136
9920,430.704
9921,237.072
9922,820.665
9923,254.97
9924,204.15
9925,258.0
9926,565.32
9927,130.44
9928,544.008
9929,1134.9
9930,362.94
9931,274.8
9932,270.144
9933,483.516
9934,331.536
9935,642.6
9936,111.12
9937,248.5
9938,248.13
9939,910.35
9940,352.35
9941,230.04
9942,618.24
9943,360.288
9944,214.92
9945,440.64
9946,385.02
9947,364.92
9948,332.28
9949,363.447
9950,629.1
9951,139.93
9952,616.92
9953,399.6
9954,196.74
9955,349.6986
9956,100.764
9957,179.25
9958,243.06
9959,498.26
9960,503.5908
9961,475.44
9962,171.42
9963,199.2
9964,183.12
9965,557.585
9966,446.4
9967,323.064
9968,209.97
9969,325.062
9970,108.24
9971,264.06
9972,369.72
9973,258.279
9974,592.99164
9975,947.7
9976,120.98
9977,145.836
9978,683.144
9979,466.158
9980,89.92
9981,289.92
9982,219.4275
9983,333.6255
9984,171.87
9985,210.54
9986,307.98
9987,571.455
9988,498.42
9989,75.114
9990,151.92
9991,297.84
9992,399.0
9993,529.8
9994,206.56
9995,579.45
9996,319.56
9997,414.24
9998,504.72
9999,375.12
10000,473.148
10001,380.97
10002,447.84
10003,414.66
10004,339.296
10005,194.766
10006,717.12
10007,439.8
10008,248.08
10009,346.5
10010,223.83
10011,251.25
10012,364.581
10013,179.208
10014,327.12
10015,394.98
10016,201.568
10017,176.202
10018,213.43
10019,520.68
10020,357.102
10021,140.88
10022,160.7877
10023,721.875
10024,568.47
10025,245.862
10026,445.71
10027,229.392
10028,292.928
10029,336.24
10030,455.436
10031,205.44
10032,273.384
10033,219.792
10034,381.19608
10035,218.025
10036,491.76
10037,122.352
10038,359.648
10039,490.26
10040,262.278
10041,244.44
10042,225.24
10043,138.4
10044,322.218
10045,342.08
10046,215.376
10047,221.44
10048,369.09
10049,393.39
10050,222.36
10051,257.25
10052,443.808
10053,376.509
10054,492.96
10055,430.92
10056,215.1
10057,195.84
10058,98.0
10059,307.168
10060,435.51
10061,446.796
10062,417.5976
10063,440.91
10064,442.32
10065,431.928
10066,105.98
10067,385.02
10068,127.96
10069,255.78
10070,562.518
10071,340.38
10072,296.922
10073,367.71
10074,115.92
10075,184.32
10076,261.45
10077,190.2
10078,230.202
10079,255.84
10080,626.352
10081,243.168
10082,267.48
10083,860.93
10084,244.14
10085,183.33
10086,535.44
10087,484.596
10088,1732.71
10089,826.2
10090,373.23
10091,205.104
10092,261.24
10093,97.632
10094,230.16
10095,461.43
10096,231.417
10097,167.44
10098,317.94
10099,716.04
10100,339.36
10101,156.06
10102,545.04
10103,301.96
10104,289.24
10105,170.43
10106,403.2
10107,98.016
10108,196.704
10109,269.028
10110,203.14
10111,112.95
10112,83.84
10113,576.828
10114,226.8
10115,526.344
10116,133.44
10117,300.402
10118,243.0
10119,145.32
10120,263.196
10121,311.15
10122,346.92
10123,191.85552
10124,401.76
10125,493.2
10126,105.6
10127,378.92064
10128,338.3154
10129,623.7
10130,375.66
10131,549.24
10132,683.6
10133,576.6525
10134,345.96
10135,238.0
10136,370.4
10137,395.82
10138,424.2
10139,870.9
10140,194.4
10141,474.4116
10142,307.86
10143,636.36
10144,375.3675
10145,203.76
10146,441.9
10147,248.55
10148,136.6605
10149,194.32
10150,276.28
10151,170.07
10152,1242.81
10153,254.016
10154,255.42
10155,681.72
10156,248.82
10157,269.49
10158,238.944
10159,154.44
10160,3347.37
10161,158.58
10162,266.58
10163,139.6815
10164,415.62
10165,203.2
10166,234.06
10167,214.176
10168,490.44
10169,222.345
10170,364.932
10171,439.344
10172,720.0
10173,239.184
10174,343.74
10175,842.72
10176,375.744
10177,505.42712
10178,229.446
10179,116.22
10180,155.277
10181,263.88
10182,159.12
10183,263.58
10184,522.06
10185,388.608
10186,307.26
10187,428.274
10188,230.28
10189,179.82
10190,339.84
10191,281.754
10192,474.552
10193,314.55
10194,239.984
10195,389.97
10196,408.36
10197,135.2
10198,425.187
10199,292.5252
10200,248.7237
10201,249.06
10202,147.0
10203,148.932
10204,742.824
10205,636.948
10206,674.163
10207,339.9
10208,195.84
10209,267.84
10210,267.744
10211,581.55
10212,206.685
10213,222.021
10214,235.008
10215,502.488
10216,348.792
10217,546.96
10218,195.6
10219,375.84
10220,320.166
10221,225.24
10222,246.6
10223,280.2834
10224,313.362
10225,102.48
10226,529.47
10227,223.182
10228,275.76
10229,206.4
10230,351.864
10231,379.0
10232,233.8875
10233,83.55
10234,354.861
10235,764.82
10236,254.604
10237,271.984
10238,277.695
10239,93.18
10240,257.25
10241,167.94
10242,294.896
10243,81.756
10244,331.02
10245,393.504
10246,177.568
10247,387.136
10248,276.864
10249,168.03
10250,447.72
10251,302.76
10252,342.864
10253,369.544
10254,661.32
10255,705.6
10256,649.0
10257,152.1
10258,299.97
10259,319.76
10260,518.112
10261,303.84
10262,582.12
10263,496.584
10264,725.67
10265,195.0
10266,155.34
10267,354.861
10268,538.92
10269,331.728
10270,109.53
10271,854.94
10272,465.18
10273,209.568
10274,301.68
10275,489.45912
10276,201.26
10277,659.424
10278,246.69
10279,251.7
10280,650.034
10281,193.68
10282,485.904
10283,662.19296
10284,203.184
10285,524.28
10286,332.16
10287,226.56
10288,498.12
10289,194.766
10290,1345.485
10291,188.192
10292,196.92
10293,87.21
10294,85.14
10295,666.72
10296,409.824
10297,450.765
10298,243.27
10299,317.058
10300,101.754
10301,344.91
10302,239.92
10303,513.12
10304,494.0658
10305,595.38
10306,486.3
10307,170.94
10308,88.768
10309,323.2125
10310,675.96
10311,292.8
10312,137.12
10313,359.04
10314,607.32
10315,549.52
10316,434.88
10317,807.84
10318,339.15
10319,204.18
10320,262.14
10321,394.956
10322,263.96
10323,413.0
10324,459.156
10325,262.336
10326,301.38
10327,209.0136
10328,366.72
10329,329.28
10330,194.1975
10331,255.68
10332,449.568
10333,357.0
10334,636.15
10335,286.74
10336,505.386
10337,209.952
10338,174.33
10339,545.4
10340,665.1
10341,152.64
10342,319.68
10343,223.83
10344,587.97
10345,155.372
10346,378.0
10347,260.49
10348,170.14956
10349,492.624
10350,286.8
10351,535.653
10352,621.18
10353,312.12
10354,242.64
10355,329.22
10356,699.93
10357,300.768
10358,106.272
10359,239.1
10360,263.7492
10361,385.6
10362,184.752
10363,332.28
10364,507.6
10365,170.28
10366,124.593
10367,453.576
10368,319.92
10369,222.777
10370,292.734
10371,196.62
10372,167.97
10373,364.32
10374,207.12
10375,208.911
10376,239.952
10377,198.56
10378,266.22
10379,269.98
10380,166.83
10381,306.342
10382,300.63
10383,406.14
10384,399.735
10385,313.024
10386,498.0
10387,224.48
10388,519.93804
10389,440.82
10390,582.426
10391,308.64
10392,333.78
10393,75.9
10394,97.568
10395,896.328
10396,570.9
10397,349.52
10398,201.285
10399,341.523
10400,341.6
10401,173.94
10402,321.3
10403,446.24
10404,558.954
10405,124.8237
10406,152.25
10407,104.58
10408,276.48
10409,255.285
10410,247.2768
10411,110.6
10412,854.49
10413,332.01
10414,103.2
10415,222.56
10416,468.612
10417,399.672
10418,192.78
10419,379.4
10420,311.25
10421,329.55
10422,552.501
10423,324.921
10424,66.69
10425,479.94
10426,74.88
10427,221.92
10428,190.98
10429,354.861
10430,279.0
10431,364.74
10432,242.176
10433,166.92
10434,249.72
10435,425.187
10436,223.056
10437,599.985
10438,219.808
10439,80.352
10440,598.995
10441,634.86
10442,199.206
10443,309.12
10444,248.64
10445,379.386
10446,351.3
10447,310.32
10448,245.97
10449,464.04
10450,113.52
10451,517.14
10452,277.5
10453,241.368
10454,259.136
10455,138.57
10456,268.704
10457,175.68
10458,504.0
10459,698.058
10460,152.64
10461,229.56
10462,148.5
10463,150.39
10464,213.3
10465,124.74
10466,462.564
10467,300.564
10468,340.86
10469,200.76
10470,311.4
10471,385.984
10472,352.584
10473,248.82
10474,170.55
10475,206.517
10476,535.41
10477,190.08
10478,228.42
10479,219.48
10480,807.597
10481,98.352
10482,222.24
10483,364.32
10484,127.68
10485,212.4
10486,184.704
10487,304.8
10488,294.3
10489,443.988
10490,266.328
10491,377.97
10492,256.14
10493,743.58
10494,375.4575
10495,133.11
10496,327.312
10497,196.12
10498,253.02
10499,249.426
10500,323.46
10501,359.98
10502,159.12
10503,271.6
10504,329.712
10505,415.62
10506,499.168
10507,230.16
10508,504.54
10509,152.928
10510,128.223
10511,293.112
10512,136.95
10513,256.8
10514,347.88
10515,414.72
10516,235.24
10517,342.672
10518,243.168
10519,98.9
10520,78.6424
10521,142.44
10522,144.0
10523,256.64568
10524,344.4
10525,82.95
10526,117.882
10527,262.14
10528,481.6098
10529,475.2
10530,159.968
10531,143.7
10532,286.93
10533,428.68
10534,495.72
10535,180.12
10536,424.14
10537,200.64
10538,165.96
10539,341.488
10540,138.82
10541,372.555
10542,73.5402
10543,367.578
10544,123.24
10545,200.52
10546,113.58
10547,498.2988
10548,382.68
10549,496.0
10550,174.528
10551,388.125
10552,100.8
10553,172.38
10554,220.704
10555,206.52
10556,83.34
10557,348.48
10558,682.584
10559,246.9
10560,546.96
10561,488.6208
10562,142.8
10563,427.8816
10564,520.68
10565,871.2
10566,361.376
10567,396.92
10568,121.59
10569,163.1
10570,599.16
10571,473.61088
10572,248.265
10573,428.67
10574,321.6591
10575,344.0
10576,133.728
10577,193.32
10578,396.252
10579,378.88
10580,214.368
10581,492.84
10582,605.7525
10583,522.144
10584,458.1564
10585,222.666
10586,296.712
10587,152.1
10588,245.7
10589,1063.692
10590,295.47
10591,362.94
10592,448.48
10593,280.92
10594,392.76
10595,1391.76
10596,470.36
10597,328.14
10598,396.78
10599,455.76
10600,229.608
10601,97.56
10602,2183.979
10603,402.48
10604,688.734
10605,224.259
10606,288.9
10607,280.422
10608,184.14
10609,443.0706
10610,508.704
10611,392.85
10612,532.8
10613,199.95
10614,143.952
10615,427.644
10616,479.976
10617,171.5
10618,286.44
10619,156.512
10620,638.91
10621,607.2
10622,245.76
10623,82.368
10624,190.9332
10625,814.17
10626,413.1
10627,499.44
10628,305.408
10629,449.793
10630,296.028
10631,364.74
10632,363.39
10633,463.44
10634,340.86
10635,309.5568
10636,359.499
10637,331.92
10638,370.53
10639,216.144
10640,378.66
10641,128.88
10642,262.29
10643,245.82
10644,123.9
10645,171.27
10646,171.2
10647,108.51
10648,251.55
10649,197.64
10650,225.24
10651,249.06
10652,94.392
10653,334.53
10654,555.2442
10655,403.68
10656,445.281
10657,495.06
10658,163.968
10659,279.68
10660,260.28
10661,394.72896
10662,126.36
10663,277.4
10664,481.6
10665,304.704
10666,537.544
10667,807.75
10668,248.82
10669,654.804
10670,317.94
10671,163.32
10672,194.34
10673,121.02
10674,138.3
10675,313.69884
10676,311.976
10677,494.22
10678,189.63
10679,68.634
10680,286.212
10681,366.786
10682,450.0
10683,357.36
10684,230.384
10685,859.05
10686,692.94
10687,238.14
10688,520.38
10689,301.5
10690,377.19
10691,493.68
10692,269.55
10693,116.04
10694,192.78
10695,258.15
10696,245.484
10697,330.912
10698,406.44
10699,74.49
10700,137.79
10701,225.18
10702,251.1
10703,570.15
10704,122.742
10705,159.3
10706,385.077
10707,164.08
10708,365.76
10709,143.1
10710,208.035
10711,264.06
10712,224.07
10713,265.792
10714,374.058
10715,1110.267
10716,317.058
10717,480.69
10718,310.443
10719,154.08
10720,358.992
10721,339.48
10722,483.408
10723,266.4
10724,266.4
10725,227.96
10726,306.84
10727,248.88
10728,197.64
10729,209.3394
10730,98.64
10731,187.92
10732,534.357
10733,448.188
10734,89.424
10735,288.54
10736,226.2
10737,284.364
10738,114.84
10739,211.464
10740,189.54
10741,262.912
10742,312.15
10743,803.52972
10744,260.52
10745,417.204
10746,431.976
10747,181.92
10748,231.066
10749,610.6725
10750,244.74
10751,589.2
10752,392.0144
10753,199.2
10754,426.24
10755,451.136
10756,196.272
10757,202.08
10758,194.544
10759,402.72
10760,384.11024
10761,234.3519
10762,402.75
10763,147.3
10764,566.52
10765,377.37
10766,407.115
10767,259.56
10768,518.496
10769,218.75
10770,104.16
10771,559.791
10772,222.384
10773,209.979
10774,199.9
10775,845.019
10776,217.056
10777,153.04
10778,201.69
10779,147.663
10780,174.6
10781,276.16
10782,264.168
10783,332.5296
10784,463.44
10785,517.5
10786,204.876
10787,249.18
10788,273.568
10789,344.4
10790,210.288
10791,164.2
10792,155.34
10793,371.6
10794,463.248
10795,526.40508
10796,371.2
10797,303.3
10798,187.08
10799,515.904
10800,259.146
10801,133.5
10802,532.56
10803,167.28
10804,298.68
10805,177.16
10806,266.355
10807,312.51
10808,362.952
10809,464.464
10810,509.868
10811,118.1007
10812,490.32
10813,344.36988
10814,470.88
10815,364.08
10816,170.52
10817,487.88
10818,332.01
10819,294.3
10820,226.8
10821,278.85
10822,373.284
10823,378.31584
10824,122.97
10825,310.32
10826,976.08
10827,266.49
10828,223.47
10829,121.188
10830,161.1
10831,414.072
10832,450.792
10833,219.6
10834,474.0
10835,293.58
10836,252.27
10837,87.075
10838,160.38
10839,617.976
10840,155.568
10841,342.18
10842,221.06
10843,568.728
10844,350.848
10845,218.592
10846,1790.7582
10847,160.32
10848,485.024
10849,487.984
10850,251.296
10851,177.2
10852,545.88
10853,195.93
10854,119.028
10855,333.9
10856,269.22
10857,245.94
10858,118.17
10859,411.332
10860,563.94
10861,385.86
10862,299.64
10863,157.32
10864,658.672
10865,72.948
10866,293.328
10867,148.68
10868,204.15
10869,546.336
10870,396.84
10871,222.56
10872,105.06
10873,199.2375
10874,130.56
10875,241.568
10876,156.4
10877,120.45
10878,367.83
10879,147.92
10880,150.696
10881,419.136
10882,122.4
10883,636.06
10884,223.329
10885,200.97
10886,137.31
10887,597.744
10888,152.94
10889,299.97
10890,204.96
10891,340.92
10892,360.21
10893,257.952
10894,191.472
10895,475.52704
10896,153.828
10897,175.77
10898,494.64
10899,254.24
10900,161.89556
10901,408.744
10902,494.91
10903,533.94
10904,392.445
10905,483.7095
10906,323.028
10907,275.58
10908,584.6445
10909,354.72
10910,398.56
10911,264.56
10912,887.8208
10913,216.8775
10914,329.3772
10915,940.32
10916,304.8
10917,141.96
10918,447.86
10919,387.09
10920,339.18
10921,307.557
10922,415.1826
10923,256.8
10924,149.832
10925,98.85
10926,286.92
10927,435.45
10928,181.47
10929,383.796
10930,307.26
10931,154.656
10932,69.3
10933,286.32
10934,115.8
10935,631.89
10936,419.136
10937,296.235
10938,356.562
10939,297.48
10940,349.272
10941,214.14
10942,517.08
10943,395.82
10944,327.7328
10945,364.5
10946,221.712
10947,465.18
10948,282.66
10949,308.34
10950,139.5
10951,276.9378
10952,183.36
10953,226.5165
10954,354.861
10955,122.94
10956,439.8
10957,321.912
10958,294.62
10959,284.07
10960,246.48
10961,244.8
10962,784.728
10963,373.47
10964,451.2
10965,266.544
10966,137.22
10967,216.3
10968,343.2
10969,109.8
10970,207.732
10971,263.58
10972,144.9
10973,148.95
10974,226.59
10975,110.28
10976,126.9
10977,362.67
10978,470.9799
10979,207.81
10980,95.5413
10981,165.6
10982,423.36
10983,405.86
10984,249.543
10985,182.58
10986,119.96
10987,470.155
10988,500.24
10989,211.476
10990,683.91
10991,312.912
10992,193.32
10993,183.735
10994,153.657
10995,503.96
10996,261.468
10997,506.5848
10998,91.746
10999,355.92
11000,615.384
11001,845.64
11002,243.684
11003,192.0
11004,367.74
11005,159.66
11006,959.412
11007,259.4274
11008,372.12
11009,245.13
11010,440.67
11011,270.96
11012,571.428
11013,111.9
11014,204.63
11015,308.16
11016,318.12
11017,509.04
11018,523.908
11019,117.75
11020,138.096
11021,137.6
11022,228.825
11023,264.9
11024,207.36
11025,347.553
11026,593.568
11027,154.35
11028,333.576
11029,408.168
11030,198.0
11031,312.012
11032,263.73
11033,422.76208
11034,136.5525
11035,259.74
11036,249.93
11037,207.12
11038,168.075
11039,416.32
11040,191.04
11041,132.048
11042,142.452
11043,155.34
11044,303.03
11045,184.92
11046,237.87
11047,530.22
11048,143.91
11049,225.84
11050,770.4
11051,330.5367
11052,323.1
11053,200.736
11054,501.69
11055,210.24
11056,128.37
11057,263.52
11058,486.66
11059,238.62
11060,257.52
11061,268.62
11062,185.64
11063,294.57
11064,104.85
11065,312.09
11066,288.08268
11067,447.147
11068,164.736
11069,318.816
11070,174.51
11071,257.04
11072,144.084
11073,281.37008
11074,316.1664
11075,212.64
11076,105.72
11077,328.224
11078,449.372
11079,163.98
11080,272.646
11081,356.4
11082,258.96
11083,212.1
11084,530.25
11085,595.68
11086,225.84
11087,155.628
11088,100.56
11089,224.4
11090,147.84
11091,181.98
11092,289.32
11093,166.05
11094,353.22
11095,102.168
11096,571.32
11097,409.86
11098,95.0
11099,448.3665
11100,130.14
11101,189.6
11102,360.0
11103,166.71
11104,621.18
11105,206.844
11106,163.62
11107,327.879
11108,254.058
11109,270.34
11110,94.38
11111,145.44
11112,257.85
11113,149.97
11114,276.6
11115,137.68
11116,543.09
11117,273.8298
11118,506.28
11119,402.6456
11120,503.96
11121,299.96
11122,250.5
11123,82.764
11124,445.2
11125,280.65
11126,228.78
11127,597.24
11128,299.295
11129,182.994
11130,89.04
11131,169.65
11132,277.185
11133,140.94
11134,511.02
11135,201.6
11136,1071.468
11137,176.88
11138,265.475
11139,69.9
11140,144.96
11141,223.92
11142,524.28
11143,450.33
11144,64.8
11145,148.16
11146,274.68
11147,136.464
11148,233.568
11149,135.744
11150,151.164
11151,354.9
11152,291.96
11153,178.56
11154,112.698
11155,229.2
11156,409.26
11157,115.008
11158,259.038
11159,153.04
11160,242.16
11161,549.24
11162,249.18
11163,301.96
11164,348.54152
11165,152.4
11166,281.34
11167,141.6
11168,140.96
11169,330.075
11170,127.296
11171,205.632
11172,219.8
11173,197.424
11174,200.16
11175,1336.44
11176,1272.42
11177,414.9
11178,124.92
11179,503.82
11180,234.36
11181,522.06
11182,143.28
11183,158.22
11184,113.04
11185,101.04
11186,309.36
11187,79.38
11188,278.7
11189,494.8
11190,436.8
11191,475.328
11192,268.164
11193,478.08
11194,266.976
11195,128.88
11196,263.96
11197,609.98
11198,404.04
11199,431.976
11200,356.79
11201,185.376
11202,781.776
11203,440.64
11204,171.36
11205,272.94
11206,347.361
11207,316.305
11208,226.59
11209,210.68
11210,211.62
11211,495.99
11212,173.25
11213,385.56
11214,75.28
11215,464.5
11216,826.56
11217,224.3504
11218,659.9
11219,275.712
11220,327.0
11221,261.873
11222,178.0857
11223,323.028
11224,440.88
11225,164.792
11226,205.8
11227,326.3643
11228,315.75
11229,193.56
11230,182.304
11231,2951.442
11232,94.85
11233,185.92
11234,81.98
11235,190.836
11236,350.848
11237,274.176
11238,197.28
11239,721.395
11240,224.916
11241,219.48
11242,341.088
11243,142.074
11244,199.53
11245,6517.08
11246,362.232
11247,705.4
11248,397.74
11249,504.09
11250,523.764
11251,268.24
11252,496.44
11253,132.768
11254,341.46
11255,390.89664
11256,212.382
11257,119.85
11258,418.8
11259,681.408
11260,366.0
11261,256.23
11262,239.984
11263,212.592
11264,336.36
11265,125.415
11266,356.64
11267,347.22
11268,138.16
11269,201.12
11270,347.16
11271,309.42
11272,100.24
11273,390.272
11274,414.36
11275,126.9
11276,363.648
11277,284.94
11278,588.816
11279,479.984
11280,227.328
11281,158.58
11282,102.48
11283,246.9
11284,137.31
11285,480.1356
11286,667.08
11287,178.08
11288,93.51
11289,228.42
11290,166.536
11291,389.696
11292,236.5
11293,385.42
11294,246.456
11295,112.52
11296,523.974
11297,157.95
11298,142.89
11299,343.02
11300,443.988
11301,260.715
11302,765.855
11303,195.48
11304,454.41
11305,140.2
11306,144.9
11307,469.68
11308,139.032
11309,592.99164
11310,440.88
11311,215.46
11312,126.56
11313,251.964
11314,173.7
11315,87.84
11316,420.42
11317,409.032
11318,202.095
11319,513.7704
11320,173.592
11321,100.125
11322,281.82
11323,95.16
11324,257.742
11325,623.592
11326,159.2
11327,599.676
11328,158.13
11329,97.632
11330,224.0028
11331,131.0955
11332,331.02
11333,933.4014
11334,267.381
11335,253.32
11336,382.5
11337,205.8
11338,205.4025
11339,137.24
11340,344.22
11341,336.08
11342,341.6
11343,145.1
11344,366.72
11345,158.1
11346,637.896
11347,248.85
11348,302.67
11349,371.79
11350,461.3625
11351,246.48
11352,237.6
11353,184.76
11354,404.4
11355,377.928
11356,132.87
11357,144.0
11358,496.2
11359,260.34
11360,103.92
11361,137.25
11362,498.36
11363,291.78
11364,307.23
11365,366.1296
11366,219.096
11367,227.28
11368,105.498
11369,89.16
11370,147.04
11371,178.248
11372,306.774
11373,258.9
11374,105.78
11375,118.17
11376,98.94
11377,356.4
11378,238.734
11379,506.04
11380,394.2
11381,128.52
11382,224.154
11383,379.44
11384,325.08
11385,220.968
11386,284.94
11387,125.93
11388,417.231
11389,189.435
11390,322.1271
11391,247.8
11392,81.9
11393,226.56
11394,82.62
11395,369.84
11396,131.52
11397,268.92
11398,527.688
11399,264.384
11400,594.6
11401,276.18
11402,97.74
11403,298.83
11404,293.88
11405,486.66
11406,128.304
11407,298.44
11408,309.36
11409,290.52
11410,223.2
11411,201.123
11412,281.82
11413,396.336
11414,146.367
11415,1051.824
11416,277.8
11417,251.586
11418,211.62
11419,322.38
11420,217.84
11421,601.92
11422,99.099
11423,155.25
11424,447.968
11425,561.3
11426,115.74
11427,476.8
11428,366.009
11429,276.96
11430,317.66
11431,78.288
11432,239.976
11433,485.0
11434,350.64
11435,195.64
11436,167.94
11437,316.32
11438,391.32
11439,353.124
11440,120.0
11441,340.68
11442,229.32
11443,215.544
11444,456.84
11445,424.2
11446,364.8
11447,81.84
11448,314.46
11449,241.65
11450,201.584
11451,136.08
11452,409.5
11453,101.1
11454,300.48304
11455,287.712
11456,287.58
11457,277.14
11458,186.93
11459,170.64
11460,279.54
11461,242.1
11462,145.2
11463,104.67
11464,124.416
11465,158.58
11466,508.92
11467,248.856
11468,347.88
11469,179.352
11470,278.2
11471,201.285
11472,147.9654
11473,169.44
11474,267.55344
11475,413.1297
11476,256.74
11477,260.352
11478,441.45
11479,110.673
11480,248.022
11481,206.3475
11482,367.47
11483,227.24
11484,81.3
11485,206.4
11486,631.96
11487,197.1
11488,79.8
11489,92.304
11490,221.76
11491,301.896
11492,378.27
11493,228.0
11494,379.372
11495,204.95
11496,305.6
11497,210.96
11498,307.44
11499,348.3
11500,668.8638
11501,380.7
11502,497.64
11503,205.104
11504,324.9
11505,198.45
11506,235.569
11507,152.28
11508,439.344
11509,697.2
11510,336.24
11511,398.52
11512,209.37
11513,468.6
11514,165.348
11515,292.56
11516,200.76
11517,239.97
11518,111.168
11519,592.875
11520,123.34
11521,346.08
11522,277.263
11523,139.8
11524,336.6
11525,359.85
11526,382.26
11527,501.66
11528,166.68
11529,572.76
11530,339.012
11531,317.52
11532,425.0
11533,179.88
11534,244.006
11535,257.952
11536,489.27948
11537,426.24
11538,498.744
11539,151.11
11540,391.14
11541,189.0
11542,396.09
11543,218.79
11544,288.0
11545,553.8
11546,375.34
11547,306.16
11548,514.53
11549,132.3
11550,110.484
11551,169.7961
11552,246.12
11553,347.802
11554,393.48
11555,230.16
11556,308.64
11557,149.31
11558,285.576
11559,226.08
11560,533.22
11561,358.02
11562,361.44
11563,286.2
11564,117.84
11565,572.16
11566,239.456
11567,204.93
11568,232.686
11569,254.352
11570,474.43
11571,193.8
11572,114.76
11573,90.36
11574,619.95
11575,152.94
11576,182.352
11577,235.116
11578,335.988
11579,308.28
11580,279.72
11581,428.544
11582,427.41
11583,496.16568
11584,414.72
11585,110.241
11586,505.656
11587,119.04
11588,230.742
11589,491.76
11590,354.48
11591,358.0
11592,382.68
11593,472.122
11594,118.4
11595,164.28
11596,195.44832
11597,349.44
11598,734.22
11599,103.95
11600,356.57544
11601,346.5
11602,795.8295
11603,679.5495
11604,459.36
11605,256.74
11606,216.108
11607,168.6
11608,140.67
11609,310.59
11610,285.48
11611,604.08
11612,113.76
11613,166.14
11614,123.92
11615,415.62
11616,419.904
11617,199.53
11618,264.735
11619,225.909
11620,769.68
11621,183.372
11622,393.48
11623,200.64
11624,234.576
11625,95.64
11626,84.42
11627,178.0857
11628,326.76
11629,713.124
11630,130.41
11631,126.08
11632,475.86
11633,320.544
11634,344.16
11635,191.82
11636,347.82
11637,357.93
11638,91.5
11639,112.509
11640,272.76
11641,211.65
11642,146.88
11643,345.72
11644,168.96
11645,396.84
11646,772.68
11647,429.318
11648,532.704
11649,369.28
11650,137.6
11651,100.95
11652,198.0
11653,347.76
11654,464.67
11655,389.61
11656,172.62
11657,825.1
11658,153.45
11659,109.935
11660,177.72
11661,465.24
11662,237.528
11663,319.9
11664,136.944
11665,535.782
11666,338.688
11667,264.6
11668,206.988
11669,220.56
11670,275.94
11671,314.415
11672,179.94
11673,81.9
11674,140.616
11675,157.68
11676,167.8
11677,326.13
11678,236.376
11679,480.0
11680,154.6
11681,284.07
11682,555.06
11683,227.66376
11684,121.32
11685,111.75
11686,340.2585
11687,165.18
11688,225.6
11689,731.472
11690,223.5
11691,59.724
11692,313.95
11693,111.24
11694,422.5032
11695,480.69
11696,107.244
11697,186.912
11698,157.8
11699,410.22
11700,90.3
11701,115.96
11702,360.24
11703,303.0
11704,238.788
11705,141.696
11706,82.32
11707,333.78
11708,504.6
11709,207.35
11710,172.62
11711,455.664
11712,281.04
11713,340.62
11714,515.088
11715,302.376
11716,527.46
11717,724.104
11718,332.32
11719,479.97
11720,512.28
11721,100.32
11722,395.12
11723,277.8
11724,398.52
11725,165.9
11726,319.842
11727,136.59
11728,248.43
11729,266.4
11730,283.8
11731,763.929
11732,429.48
11733,168.24
11734,318.54
11735,218.034
11736,321.552
11737,419.89168
11738,185.52
11739,158.76
11740,156.222
11741,192.72
11742,129.76
11743,219.456
11744,369.856
11745,482.04
11746,1027.62
11747,249.72
11748,124.416
11749,339.3
11750,92.0
11751,461.484
11752,324.06
11753,276.15
11754,341.46
11755,290.336
11756,495.06
11757,321.3
11758,244.56
11759,289.8
11760,177.0
11761,652.68
11762,176.508
11763,342.08
11764,225.2952
11765,128.385
11766,258.75
11767,157.68
11768,226.2
11769,132.624
11770,264.512
11771,1629.27
11772,874.3635
11773,259.281
11774,341.991
11775,195.44832
11776,550.4
11777,382.9
11778,248.22
11779,125.1
11780,385.8
11781,202.2
11782,179.0
11783,332.94
11784,96.84
11785,200.66508
11786,250.65
11787,301.96
11788,1007.74048
11789,638.56032
11790,327.12
11791,131.85
11792,260.88
11793,324.921
11794,306.63
11795,441.609
11796,381.22
11797,282.4
11798,362.88
11799,342.72
11800,1055.457
11801,218.352
11802,291.136
11803,489.12
11804,256.44
11805,184.011
11806,122.688
11807,601.536
11808,272.736
11809,344.76
11810,300.78
11811,228.68
11812,211.93528
11813,120.042
11814,354.15
11815,104.79
11816,292.68
11817,232.62
11818,323.46
11819,561.33
11820,293.58
11821,390.75
11822,111.45
11823,126.624
11824,110.28
11825,100.56
11826,727.536
11827,373.896
11828,251.55
11829,284.4
11830,479.984
11831,779.58
11832,415.3
11833,106.092
11834,174.45
11835,159.48
11836,308.112
11837,382.14
11838,440.8794
11839,92.64
11840,517.5
11841,388.8
11842,118.62
11843,159.138
11844,404.76
11845,254.0343
11846,588.9225
11847,435.168
11848,148.968
11849,165.2136
11850,603.24
11851,428.4
11852,437.85
11853,187.02
11854,144.18
11855,351.675
11856,233.6664
11857,273.552
11858,347.88
11859,434.646
11860,434.04
11861,153.584
11862,124.68
11863,408.36
11864,358.92
11865,222.24
11866,175.16
11867,255.78
11868,397.44
11869,415.62
11870,176.38652
11871,131.868
11872,243.84
11873,231.15
11874,362.85
11875,73.629
11876,118.44
11877,207.184
11878,155.4
11879,579.9378
11880,256.56
11881,256.23
11882,88.41
11883,204.15
11884,69.444
11885,130.3488
11886,307.98
11887,239.28
11888,244.0
11889,561.087
11890,326.3
11891,777.87
11892,685.584
11893,159.768
11894,140.952
11895,168.84
11896,126.36
11897,157.98
11898,109.53
11899,205.8
11900,192.834
11901,111.88
11902,194.4
11903,214.02
11904,109.92
11905,382.116
11906,216.72
11907,232.62
11908,126.9
11909,184.92
11910,253.92
11911,203.688
11912,472.7514
11913,94.284
11914,350.6193
11915,243.06
11916,397.224
11917,227.24
11918,112.176
11919,227.6
11920,366.21
11921,154.872
11922,513.12
11923,83.9
11924,182.55
11925,122.25
11926,242.4
11927,178.08
11928,136.26
11929,94.05
11930,214.8
11931,277.38
11932,83.9
11933,149.58
11934,179.1
11935,135.54
11936,98.328
11937,189.69
11938,828.546
11939,291.78
11940,411.624
11941,69.3
11942,272.94
11943,588.6
11944,398.88
11945,1333.92
11946,378.39
11947,337.62
11948,152.24
11949,200.544
11950,127.68
11951,175.92
11952,256.86
11953,168.78
11954,240.45
11955,243.36
11956,431.94
11957,114.72
11958,404.88
11959,69.75
11960,479.898
11961,404.16
11962,195.72
11963,136.6
11964,425.24976
11965,285.89184
11966,225.45
11967,542.94
11968,400.608
11969,323.1
11970,341.28
11971,812.88
11972,302.376
11973,288.0
11974,228.75
11975,200.64
11976,306.24
11977,102.9
11978,306.81
11979,370.6425
11980,328.64
11981,131.58
11982,136.38
11983,150.12
11984,243.648
11985,173.94
11986,325.3617
11987,514.41
11988,220.56
11989,76.5
11990,524.28
11991,689.408
11992,564.195
11993,383.13
11994,217.85
11995,306.63
11996,163.98
11997,635.80584
11998,215.88
11999,327.232
12000,254.88
12001,468.12
12002,126.0
12003,405.1
12004,256.74
12005,212.85
12006,289.32
12007,369.6
12008,359.397
12009,203.22
12010,136.59
12011,129.696
12012,545.52
12013,470.232
12014,348.16
12015,600.588
12016,309.36
12017,135.945
12018,178.68
12019,446.04
12020,189.882
12021,918.785
12022,335.52
12023,278.4
12024,213.12
12025,110.7
12026,492.96
12027,133.11
12028,193.185
12029,223.452
12030,204.228
12031,131.64
12032,423.24
12033,160.578
12034,119.96
12035,319.98
12036,307.67688
12037,372.96
12038,287.49
12039,262.24
12040,414.03
12041,237.492
12042,365.25
12043,292.824
12044,361.96
12045,330.24
12046,175.24
12047,167.832
12048,164.7135
12049,286.0263
12050,81.6
12051,272.88
12052,755.3862
12053,108.288
12054,120.744
12055,137.25
12056,399.95
12057,500.4
12058,225.342
12059,239.1
12060,167.944
12061,713.88
12062,190.32
12063,426.5514
12064,402.75
12065,288.24
12066,357.12
12067,418.35
12068,159.984
12069,199.836
12070,135.552
12071,311.184
12072,292.8
12073,267.72
12074,182.304
12075,471.0
12076,250.2
12077,355.96
12078,130.464
12079,321.568
12080,242.214
12081,157.56
12082,202.032
12083,182.088
12084,100.17
12085,318.09
12086,237.72
12087,207.84
12088,346.08
12089,200.544
12090,154.98
12091,327.84
12092,287.92
12093,537.705
12094,482.34
12095,322.192
12096,350.136
12097,270.378
12098,319.2084
12099,235.05
12100,169.92
12101,169.4445
12102,135.432
12103,458.43
12104,335.808
12105,288.944
12106,148.56
12107,505.176
12108,424.2
12109,192.78
12110,202.2
12111,162.54
12112,207.9
12113,338.418
12114,159.3
12115,724.9338
12116,497.64
12117,355.56
12118,211.62
12119,930.0
12120,207.864
12121,228.48
12122,244.35
12123,256.35
12124,414.66
12125,266.91
12126,298.68
12127,364.776
12128,115.68
12129,76.92
12130,349.872
12131,262.95
12132,226.839
12133,105.52
12134,193.9275
12135,432.288
12136,242.2035
12137,367.704
12138,212.22
12139,379.68
12140,100.5
12141,100.92
12142,408.36
12143,237.168
12144,153.78
12145,505.986
12146,344.64
12147,118.44
12148,546.885
12149,387.5175
12150,497.7
12151,220.65
12152,97.984
12153,528.003
12154,149.58
12155,374.376
12156,181.86
12157,155.12
12158,234.32032
12159,195.72
12160,215.55
12161,796.1355
12162,195.96
12163,367.96
12164,340.182
12165,390.368
12166,95.936
12167,834.624
12168,512.163
12169,318.3
12170,332.28
12171,190.44
12172,310.12
12173,308.34
12174,378.32184
12175,302.03784
12176,224.046
12177,74.52
12178,187.68
12179,263.6
12180,206.82
12181,124.2
12182,251.79
12183,197.49
12184,93.114
12185,165.51
12186,78.66
12187,390.6
12188,249.904
12189,417.216
12190,195.264
12191,194.292
12192,219.9
12193,167.22
12194,216.3294
12195,678.7512
12196,382.21404
12197,396.45
12198,264.32
12199,164.754
12200,689.9292
12201,183.42
12202,512.94
12203,123.858
12204,165.12
12205,206.74584
12206,230.88
12207,173.79
12208,136.581
12209,161.312
12210,333.9
12211,240.16
12212,303.3
12213,1199.976
12214,111.12
12215,341.49564
12216,378.888
12217,224.37
12218,225.36
12219,205.68
12220,159.296
12221,283.986
12222,197.64
12223,258.9
12224,167.832
12225,211.968
12226,273.1968
12227,399.735
12228,231.48
12229,105.72
12230,171.42
12231,134.91
12232,191.976
12233,280.44
12234,134.46
12235,222.56
12236,446.58
12237,62.208
12238,598.68024
12239,283.2
12240,160.224
12241,369.912
12242,199.764
12243,157.968
12244,164.133
12245,144.784
12246,306.936
12247,290.98
12248,132.555
12249,250.8
12250,315.0
12251,478.332
12252,313.176
12253,641.4
12254,136.8
12255,391.86
12256,133.2
12257,116.544
12258,293.58
12259,476.361
12260,231.15
12261,222.384
12262,152.496
12263,283.26
12264,84.0
12265,421.96
12266,185.04
12267,232.08
12268,133.98
12269,336.06
12270,80.73
12271,517.92
12272,182.72
12273,219.75
12274,287.28
12275,159.8
12276,512.28
12277,520.38
12278,359.85
12279,153.0
12280,383.904
12281,171.18
12282,226.4
12283,191.49
12284,113.16
12285,155.52
12286,297.183
12287,185.88
12288,459.0
12289,691.641
12290,168.6
12291,479.95
12292,389.79
12293,172.98
12294,336.8
12295,173.88
12296,375.4098
12297,481.68
12298,379.044
12299,298.776
12300,167.888
12301,587.79
12302,204.624
12303,415.62
12304,274.68
12305,74.49
12306,244.35
12307,88.26
12308,162.3978
12309,130.92
12310,519.33
12311,107.82
12312,159.408
12313,346.32
12314,214.92
12315,113.52
12316,81.69
12317,103.68
12318,341.6
12319,558.576
12320,656.6
12321,335.583
12322,4242.3624
12323,186.8895
12324,220.776
12325,211.168
12326,281.952
12327,149.508
12328,221.7
12329,136.14
12330,293.44
12331,304.884
12332,210.98
12333,150.8
12334,173.488
12335,444.88
12336,66.624
12337,97.92
12338,363.06
12339,75.69
12340,295.65
12341,234.92
12342,730.6173
12343,787.53
12344,581.55
12345,384.21
12346,299.052
12347,371.7
12348,309.576
12349,128.85
12350,387.63
12351,307.728
12352,342.51
12353,207.45
12354,129.98
12355,255.84
12356,284.88
12357,96.66
12358,109.08
12359,252.936
12360,170.77776
12361,345.28
12362,378.45
12363,247.104
12364,249.72
12365,295.92
12366,453.747
12367,408.72
12368,170.76
12369,910.752
12370,153.12
12371,340.38
12372,63.3
12373,139.65
12374,354.32
12375,151.936
12376,194.796
12377,242.25
12378,109.38
12379,398.4
12380,364.65
12381,593.73
12382,488.3214
12383,78.57
12384,255.42
12385,424.1
12386,368.352
12387,388.161
12388,473.847
12389,166.56
12390,290.1312
12391,319.968
12392,259.75944
12393,183.36
12394,455.9688
12395,199.26
12396,201.48
12397,203.14
12398,273.664
12399,348.66
12400,342.63
12401,218.352
12402,294.3
12403,153.063
12404,384.174
12405,304.38
12406,157.44
12407,333.54
12408,416.745
12409,186.786
12410,397.44
12411,339.6858
12412,523.392
12413,169.56
12414,111.4
12415,218.3868
12416,148.32
12417,242.64
12418,347.4375
12419,152.5125
12420,422.6028
12421,575.88
12422,248.82
12423,237.42
12424,92.34
12425,253.5
12426,462.132
12427,153.584
12428,159.98
12429,381.6
12430,416.7
12431,148.5
12432,426.6
12433,173.82
12434,291.06
12435,193.68
12436,334.768
12437,100.92
12438,1295.28
12439,263.5416
12440,255.744
12441,356.6178
12442,663.8766
12443,65.584
12444,395.88
12445,251.16
12446,381.76
12447,194.64
12448,132.03
12449,227.64
12450,204.12
12451,427.68
12452,497.16
12453,81.405
12454,191.976
12455,175.92
12456,84.8406
12457,157.41
12458,266.352
12459,170.19
12460,461.16
12461,338.4
12462,232.1676
12463,340.4826
12464,301.47
12465,521.22
12466,342.09
12467,143.4
12468,321.84
12469,583.12
12470,124.056
12471,131.922
12472,243.16
12473,171.51
12474,282.66
12475,512.19
12476,86.346
12477,234.816
12478,340.68
12479,3916.08
12480,340.62
12481,91.95
12482,373.2
12483,535.35
12484,442.935
12485,285.552
12486,165.88
12487,164.322
12488,165.24
12489,270.27
12490,161.61
12491,359.97
12492,115.8
12493,108.9
12494,341.96
12495,227.28
12496,217.2
12497,233.76
12498,378.39
12499,154.368
12500,135.63
12501,265.59
12502,604.5
12503,140.376
12504,371.268
12505,458.976
12506,243.81
12507,150.98
12508,324.06
12509,158.976
12510,167.28
12511,362.25
12512,148.08
12513,122.688
12514,402.96
12515,510.57
12516,122.52
12517,354.12
12518,365.535
12519,244.8
12520,211.68
12521,522.72
12522,276.24
12523,379.08
12524,1036.8
12525,199.32
12526,245.52
12527,207.12
12528,237.51
12529,136.1034
12530,559.984
12531,242.136
12532,163.98
12533,78.12
12534,145.05
12535,107.4
12536,354.96
12537,85.23
12538,71.4378
12539,626.7
12540,225.36
12541,342.09
12542,187.839
12543,119.04
12544,126.09
12545,222.36
12546,583.308
12547,243.972
12548,90.18
12549,319.98
12550,409.824
12551,281.82
12552,194.64
12553,145.35
12554,163.36
12555,218.208
12556,78.96
12557,295.515
12558,552.501
12559,278.88
12560,191.8455
12561,124.25
12562,431.46
12563,155.034
12564,195.885
12565,244.55
12566,265.65
12567,206.4
12568,423.31168
12569,112.9392
12570,256.473
12571,102.9
12572,144.0
12573,156.24
12574,332.24
12575,160.956
12576,444.42
12577,235.872
12578,179.46
12579,280.782
12580,496.08
12581,623.7
12582,274.8
12583,186.8832
12584,339.96
12585,304.92
12586,286.26
12587,191.28
12588,466.704
12589,551.1
12590,318.132
12591,302.376
12592,431.928
12593,261.74
12594,182.3
12595,523.98
12596,98.388
12597,567.45
12598,260.6976
12599,504.9
12600,327.408
12601,366.75
12602,213.36
12603,257.98
12604,329.584
12605,475.86
12606,201.12
12607,78.534
12608,158.94
12609,162.81
12610,254.1792
12611,337.088
12612,326.646
12613,119.472
12614,262.8
12615,411.98
12616,232.88
12617,263.1
12618,205.52
12619,271.44
12620,410.67
12621,358.668
12622,358.92
12623,501.228
12624,526.45
12625,446.4
12626,99.2
12627,275.88
12628,353.22
12629,182.898
12630,474.3
12631,243.9
12632,251.01
12633,139.96
12634,98.0
12635,210.78
12636,123.99
12637,527.49
12638,341.172
12639,422.856
12640,409.26
12641,141.3
12642,470.394
12643,218.352
12644,306.98928
12645,206.604
12646,155.7
12647,262.65
12648,136.62
12649,132.264
12650,151.74
12651,529.98
12652,206.76
12653,247.86
12654,196.74
12655,261.792
12656,824.22
12657,360.38
12658,111.0
12659,580.392
12660,302.25312
12661,376.02
12662,116.712
12663,191.976
12664,196.21
12665,248.64
12666,144.9
12667,195.12
12668,100.26
12669,172.179
12670,184.8
12671,330.966
12672,361.764
12673,128.34
12674,497.64
12675,263.31
12676,126.15
12677,79.92
12678,321.75
12679,795.33
12680,358.56
12681,119.184
12682,381.78
12683,107.136
12684,276.96
12685,292.896
12686,291.96
12687,516.66
12688,254.058
12689,170.64
12690,214.14
12691,112.56
12692,260.496
12693,238.5
12694,679.5495
12695,1357.725
12696,118.665
12697,228.78
12698,203.952
12699,47.61
12700,117.0
12701,764.802
12702,340.62
12703,109.8
12704,189.576
12705,317.52
12706,178.2
12707,313.7265
12708,113.97
12709,106.92
12710,297.3
12711,202.56
12712,357.68
12713,153.414
12714,246.6945
12715,259.136
12716,95.232
12717,208.44
12718,260.288
12719,431.2182
12720,94.8
12721,447.86
12722,209.97
12723,406.44
12724,292.64
12725,364.48
12726,116.04
12727,210.924
12728,113.76
12729,312.21
12730,190.8816
12731,87.96
12732,229.2
12733,265.26
12734,236.16
12735,354.348
12736,207.81
12737,142.452
12738,165.456
12739,307.136
12740,156.816
12741,91.71
12742,96.0
12743,252.41416
12744,210.24
12745,364.74
12746,269.19
12747,238.5
12748,279.0
12749,344.64
12750,141.3
12751,324.45
12752,384.192
12753,255.0
12754,97.68
12755,220.3578
12756,351.936
12757,275.952
12758,156.88
12759,483.2
12760,60.6
12761,180.8
12762,312.18
12763,411.93
12764,429.6
12765,128.43
12766,398.7
12767,348.0273
12768,275.886
12769,129.888
12770,141.96
12771,297.3
12772,463.2
12773,366.66
12774,170.98
12775,92.16
12776,340.2585
12777,103.3725
12778,102.9
12779,207.18
12780,244.89
12781,169.8
12782,275.58
12783,196.784
12784,332.94
12785,178.56
12786,438.56
12787,243.15
12788,164.025
12789,355.32
12790,212.94
12791,160.992
12792,328.608
12793,460.50984
12794,413.82
12795,311.472
12796,213.1938
12797,234.24
12798,199.28
12799,244.65
12800,241.05
12801,387.136
12802,379.44
12803,115.44
12804,533.2212
12805,509.88
12806,161.94
12807,361.56
12808,186.84
12809,451.605
12810,76.864
12811,184.92
12812,109.38
12813,166.08
12814,185.01
12815,106.974
12816,317.142
12817,266.4
12818,204.15
12819,354.942
12820,239.84
12821,278.304
12822,134.16
12823,399.648
12824,505.90616
12825,179.856
12826,168.4
12827,80.0
12828,132.8
12829,177.6
12830,315.36
12831,136.14
12832,362.232
12833,476.763
12834,95.64
12835,315.87
12836,107.82
12837,409.216
12838,103.6
12839,162.84
12840,255.744
12841,119.271
12842,154.24
12843,382.21404
12844,235.024
12845,631.071
12846,177.225
12847,364.428
12848,198.24
12849,90.936
12850,308.499
12851,214.95
12852,636.36
12853,325.8
12854,293.52
12855,205.3328
12856,66.688
12857,341.46
12858,198.576
12859,448.8
12860,118.68
12861,92.79
12862,119.976
12863,305.312
12864,286.93
12865,259.896
12866,459.39
12867,330.24
12868,164.4
12869,298.62
12870,162.06
12871,178.2
12872,329.07
12873,479.984
12874,254.88
12875,99.54
12876,94.8
12877,95.28
12878,1386.63
12879,121.3128
12880,348.81
12881,132.5925
12882,100.5
12883,52.65
12884,259.7
12885,180.873
12886,324.9
12887,22638.48
12888,272.28
12889,198.45
12890,144.99
12891,231.6
12892,259.05
12893,195.39
12894,210.75
12895,87.12
12896,339.885
12897,133.02
12898,818.28
12899,229.44
12900,375.48752
12901,165.408
12902,150.8
12903,94.5
12904,154.2
12905,244.14
12906,333.84
12907,236.376
12908,281.04
12909,231.456
12910,79.38
12911,416.721
12912,198.75
12913,720.36
12914,287.88
12915,277.14
12916,122.0
12917,334.88
12918,286.4
12919,370.14
12920,123.92
12921,86.94
12922,237.492
12923,180.2262
12924,279.3375
12925,395.4
12926,404.832
12927,260.49
12928,224.82
12929,99.66
12930,438.96
12931,504.9
12932,137.784
12933,74.22
12934,177.96
12935,223.83
12936,390.582
12937,192.06
12938,227.28
12939,320.4585
12940,99.48
12941,352.38
12942,73.26
12943,333.963
12944,281.88
12945,54.66
12946,304.3
12947,265.26
12948,303.84
12949,102.3
12950,162.576
12951,333.48
12952,257.76
12953,254.88
12954,222.258
12955,454.41
12956,178.32
12957,130.212
12958,307.0494
12959,308.259
12960,244.55
12961,206.92
12962,111.078
12963,204.225
12964,162.6
12965,314.22
12966,323.79112
12967,290.52
12968,362.85
12969,65.4
12970,102.08
12971,161.82
12972,147.24
12973,256.16664
12974,338.94
12975,321.5088
12976,368.334
12977,140.13
12978,113.888
12979,314.1
12980,151.92
12981,147.96
12982,140.32
12983,264.6
12984,260.52
12985,254.16
12986,148.104
12987,151.2
12988,247.98
12989,374.76
12990,510.12
12991,273.96
12992,319.968
12993,255.06
12994,205.53
12995,414.9
12996,240.624
12997,388.125
12998,373.23
12999,349.02
13000,268.26
13001,318.33
13002,158.1
13003,447.678
13004,147.184
13005,228.48
13006,103.2
13007,300.24
13008,161.514
13009,362.88
13010,180.588
13011,154.7
13012,142.152
13013,3195.0
13014,365.712
13015,52.8
13016,157.95
13017,355.482
13018,101.094
13019,396.72496
13020,279.72
13021,316.8492
13022,59.752
13023,318.09
13024,132.5
13025,247.296
13026,241.32
13027,482.4855
13028,97.05
13029,349.6828
13030,309.84
13031,246.0
13032,208.656
13033,226.839
13034,364.14
13035,478.98
13036,378.9045
13037,574.02
13038,91.824
13039,231.44
13040,244.55
13041,220.704
13042,393.6
13043,136.44
13044,269.4
13045,102.18
13046,445.96
13047,88.074
13048,202.08
13049,151.875
13050,338.91
13051,232.68
13052,324.45
13053,598.23
13054,137.25
13055,571.32
13056,205.56
13057,276.784
13058,226.08
13059,198.612
13060,143.96
13061,111.672
13062,172.764
13063,186.54
13064,174.33
13065,204.93
13066,134.61
13067,309.39
13068,298.92
13069,371.28
13070,313.176
13071,74.871
13072,98.388
13073,222.618
13074,167.184
13075,86.3052
13076,200.64
13077,269.028
13078,775.62
13079,190.08
13080,347.355
13081,338.04
13082,291.792
13083,226.6
13084,174.6
13085,165.672
13086,66.696
13087,255.84
13088,183.6
13089,311.7825
13090,369.45
13091,195.72
13092,129.84
13093,95.64
13094,261.12
13095,164.76
13096,87.28
13097,135.672
13098,296.34
13099,148.05
13100,177.93
13101,221.024
13102,289.98
13103,389.056
13104,131.184
13105,167.94
13106,330.48
13107,662.2
13108,245.88
13109,154.08
13110,411.75
13111,109.008
13112,73.584
13113,58.86
13114,266.496
13115,689.52
13116,223.2
13117,293.04
13118,87.92
13119,324.27016
13120,134.082
13121,269.36
13122,204.15
13123,283.611
13124,243.33
13125,1252.3455
13126,84.648
13127,214.92
13128,211.803
13129,423.648
13130,301.89
13131,244.0
13132,122.97
13133,249.584
13134,272.76
13135,334.68
13136,222.021
13137,670.65
13138,128.85
13139,387.3
13140,239.12
13141,296.82
13142,52.05
13143,248.64
13144,180.144
13145,264.9942
13146,369.544
13147,281.94
13148,227.955
13149,126.3
13150,359.32
13151,637.0234
13152,158.6
13153,312.0435
13154,217.701
13155,75.6
13156,190.32
13157,129.12
13158,117.48
13159,207.168
13160,334.773
13161,479.952
13162,144.99
13163,695.28
13164,169.92
13165,260.88
13166,325.8
13167,172.53
13168,133.2
13169,99.96
13170,147.04
13171,100.92
13172,255.15
13173,333.6903
13174,277.0374
13175,229.74
13176,161.59616
13177,183.42
13178,117.12
13179,300.51
13180,302.376
13181,201.24
13182,461.97
13183,148.17
13184,519.33
13185,248.3
13186,57.75
13187,201.447
13188,150.66
13189,263.64
13190,98.64
13191,319.98
13192,641.835
13193,495.51
13194,87.9
13195,195.156
13196,336.15
13197,151.04
13198,447.74272
13199,215.1
13200,296.352
13201,123.753
13202,553.2
13203,150.66
13204,100.56
13205,350.649
13206,518.67
13207,338.4
13208,365.22
13209,327.3
13210,920.88
13211,46.0
13212,231.525
13213,299.16
13214,390.42
13215,484.5114
13216,158.76
13217,317.331
13218,83.97
13219,186.54
13220,154.224
13221,69.6
13222,247.212
13223,115.5
13224,246.66
13225,243.09
13226,333.0
13227,240.784
13228,230.352
13229,238.0
13230,260.52
13231,226.32
13232,325.44
13233,537.0
13234,189.7
13235,253.69552
13236,620.415
13237,439.5
13238,263.96
13239,142.56
13240,248.778
13241,285.06
13242,83.34
13243,166.05
13244,244.08
13245,146.688
13246,110.4855
13247,52.731
13248,238.152
13249,106.32
13250,183.0
13251,241.704
13252,484.596
13253,275.13
13254,122.616
13255,105.48
13256,132.256
13257,356.4135
13258,528.66
13259,156.249
13260,131.625
13261,262.86
13262,388.62
13263,174.906
13264,400.8
13265,117.36
13266,179.712
13267,956.6648
13268,120.024
13269,184.66
13270,290.826
13271,80.432
13272,207.54
13273,142.5
13274,178.875
13275,435.504
13276,198.9
13277,329.94
13278,251.91
13279,256.56
13280,469.92
13281,310.65
13282,109.32
13283,334.125
13284,368.91
13285,341.523
13286,208.548
13287,343.74
13288,129.28092
13289,311.01
13290,216.0
13291,114.45
13292,339.96
13293,409.26
13294,275.3
13295,296.88
13296,393.21
13297,98.64
13298,83.88
13299,368.226
13300,91.68
13301,308.7
13302,170.52
13303,112.752
13304,412.8
13305,196.776
13306,194.64
13307,337.2
13308,339.52
13309,164.88
13310,183.756
13311,225.84
13312,152.37
13313,357.76
13314,154.89
13315,146.352
13316,197.49
13317,176.256
13318,158.376
13319,133.472
13320,256.56
13321,81.42
13322,180.0
13323,274.68
13324,75.88
13325,486.6
13326,281.34
13327,348.32
13328,271.764
13329,232.88
13330,228.15
13331,43.605
13332,299.052
13333,840.15
13334,75.87
13335,46.305
13336,464.8
13337,88.47
13338,203.22
13339,583.872
13340,157.95
13341,330.966
13342,255.968
13343,231.84
13344,328.608
13345,474.0
13346,261.63
13347,236.88
13348,268.26
13349,148.878
13350,245.13
13351,296.34
13352,511.68
13353,439.416
13354,324.216
13355,304.9
13356,378.45
13357,319.98
13358,130.08
13359,1640.16
13360,331.96
13361,320.448
13362,314.64
13363,142.68
13364,184.167
13365,238.56
13366,229.056
13367,237.33
13368,208.95
13369,136.485
13370,132.52
13371,175.83
13372,485.856
13373,262.14
13374,231.084
13375,197.37
13376,286.299
13377,115.992
13378,137.62
13379,284.97
13380,284.16
13381,424.2
13382,283.8
13383,130.104
13384,121.05
13385,243.992
13386,104.4
13387,215.64
13388,213.75
13389,289.30044
13390,618.56
13391,65.824
13392,310.16
13393,240.84
13394,180.6
13395,217.89
13396,377.97
13397,54.96
13398,122.382
13399,170.964
13400,387.099
13401,105.12
13402,54.18
13403,79.632
13404,193.9902
13405,196.056
13406,161.91
13407,203.952
13408,260.76
13409,402.246
13410,271.731
13411,250.95708
13412,208.728
13413,150.48
13414,84.75
13415,214.8
13416,96.12
13417,179.76
13418,1136.331
13419,362.46
13420,351.84
13421,991.92
13422,154.44
13423,234.92
13424,388.608
13425,80.22
13426,736.452
13427,201.08
13428,220.44
13429,275.616
13430,158.22
13431,81.9
13432,249.75
13433,444.312
13434,138.08
13435,321.0
13436,241.176
13437,148.17
13438,145.836
13439,134.4
13440,130.32
13441,196.2
13442,321.84
13443,296.34
13444,287.94
13445,307.62
13446,333.27
13447,153.9
13448,286.44
13449,157.824
13450,477.12384
13451,99.98
13452,199.056
13453,156.672
13454,167.976
13455,104.85
13456,81.99
13457,284.4
13458,110.25
13459,348.928
13460,215.148
13461,254.94
13462,490.26
13463,235.48
13464,199.08
13465,89.712
13466,195.66
13467,323.79112
13468,252.0
13469,752.9193
13470,283.92
13471,274.2
13472,195.408
13473,176.148
13474,169.344
13475,668.22
13476,132.111
13477,200.88
13478,161.91
13479,177.849
13480,252.045
13481,511.65
13482,138.6
13483,256.74
13484,282.24
13485,187.68
13486,609.4026
13487,83.7322
13488,359.7795
13489,271.44
13490,87.96
13491,135.558
13492,190.2
13493,60.6315
13494,377.79
13495,408.24
13496,241.32
13497,118.272
13498,342.495
13499,289.35
13500,58.98
13501,137.538
13502,339.12
13503,166.32
13504,137.31
13505,170.7
13506,347.88
13507,440.64
13508,539.04
13509,809.109
13510,229.3
13511,245.88
13512,172.62
13513,311.6
13514,92.952
13515,212.058
13516,298.14
13517,467.04
13518,612.357
13519,219.75
13520,569.99
13521,250.74
13522,212.4
13523,255.45
13524,454.08
13525,211.246
13526,649.593
13527,106.8
13528,190.62
13529,195.44
13530,109.08
13531,99.48
13532,528.9
13533,221.4
13534,340.65
13535,152.1
13536,154.95
13537,217.32
13538,213.12
13539,394.065
13540,300.5328
13541,62.16
13542,225.12
13543,224.85
13544,270.594
13545,335.61
13546,233.352
13547,76.8
13548,69.3
13549,199.98
13550,226.12
13551,336.06
13552,216.3
13553,314.16
13554,98.16
13555,95.94
13556,197.82
13557,202.2
13558,384.48
13559,146.4
13560,78.15
13561,207.648
13562,251.7
13563,164.46
13564,336.48
13565,157.95
13566,352.38
13567,101.58
13568,486.12
13569,259.47
13570,141.372
13571,220.08
13572,333.54
13573,396.0
13574,151.548
13575,229.68
13576,146.88
13577,179.97
13578,1584.0783
13579,331.023
13580,528.7425
13581,273.36
13582,209.67
13583,229.94
13584,146.73
13585,209.16
13586,162.576
13587,499.56
13588,163.2
13589,175.52
13590,170.96
13591,138.24
13592,261.48
13593,345.06
13594,170.46
13595,296.37
13596,57.96
13597,191.5155
13598,644.88
13599,136.5147
13600,235.05
13601,256.86
13602,385.02
13603,61.64
13604,349.02056
13605,358.2
13606,314.262
13607,97.8
13608,77.04
13609,66.096
13610,617.7
13611,267.96
13612,64.0
13613,346.62536
13614,367.47
13615,141.63
13616,205.8
13617,522.48
13618,205.856
13619,334.8
13620,152.964
13621,104.16
13622,312.09
13623,993.66
13624,245.916
13625,313.74
13626,110.64
13627,256.08
13628,155.43
13629,130.248
13630,259.875
13631,540.57
13632,74.352
13633,232.08
13634,380.1
13635,168.6
13636,1029.95
13637,238.8
13638,198.64
13639,230.48
13640,441.774
13641,82.8258
13642,221.5353
13643,71.88
13644,181.986
13645,188.1
13646,210.192
13647,264.9
13648,499.68
13649,342.495
13650,148.5
13651,152.1
13652,243.44
13653,136.1781
13654,323.46
13655,505.986
13656,97.02
13657,414.03
13658,153.568
13659,151.464
13660,161.59616
13661,400.032
13662,116.289
13663,436.0728
13664,148.92
13665,144.2
13666,142.76
13667,94.128
13668,253.854
13669,770.3811
13670,179.97
13671,136.9368
13672,143.264
13673,103.122
13674,647.13
13675,190.44
13676,346.92
13677,155.07
13678,76.776
13679,212.1
13680,275.88
13681,287.96292
13682,117.9
13683,273.36
13684,225.33
13685,303.66
13686,166.8051
13687,243.18
13688,367.2
13689,90.3
13690,261.03
13691,302.94
13692,305.37
13693,235.32
13694,182.304
13695,153.42
13696,440.964
13697,121.53
13698,78.0
13699,145.5
13700,226.557
13701,138.48
13702,214.2
13703,178.8
13704,146.475
13705,462.132
13706,131.274
13707,217.32
13708,244.768
13709,78.84
13710,124.59
13711,284.37012
13712,294.08
13713,244.98
13714,130.23
13715,260.352
13716,80.352
13717,170.46
13718,293.382
13719,105.84
13720,139.56
13721,395.82
13722,115.38
13723,296.226
13724,435.99
13725,321.02
13726,142.08
13727,209.7
13728,302.625
13729,167.535
13730,255.168
13731,515.862
13732,241.92
13733,107.772
13734,380.54328
13735,190.17
13736,262.14
13737,403.34112
13738,163.62
13739,157.77
13740,109.74
13741,246.56
13742,218.4
13743,342.08
13744,243.808
13745,163.56
13746,165.456
13747,156.1728
13748,205.68
13749,287.847
13750,206.4
13751,102.624
13752,212.64
13753,278.28
13754,97.16
13755,228.84264
13756,252.3
13757,485.68668
13758,81.108
13759,387.0
13760,73.2
13761,332.64
13762,359.058
13763,358.58
13764,92.3
13765,161.91
13766,231.6
13767,139.32
13768,200.016
13769,239.112
13770,455.868
13771,360.38
13772,504.711
13773,380.7
13774,149.898
13775,277.56
13776,125.76
13777,63.312
13778,190.863
13779,225.6
13780,89.73
13781,109.674
13782,314.55
13783,69.0
13784,268.5
13785,103.26
13786,93.12
13787,1171.53
13788,269.97
13789,119.68
13790,203.88
13791,104.976
13792,99.42
13793,163.88
13794,76.8
13795,105.3
13796,97.68
13797,152.496
13798,1214.22
13799,261.468
13800,259.248
13801,113.82
13802,356.238
13803,77.4
13804,249.95
13805,167.82
13806,227.52
13807,289.968
13808,145.896
13809,135.48
13810,228.36
13811,602.76
13812,422.586
13813,234.36
13814,188.04
13815,393.165
13816,349.95
13817,143.856
13818,389.97
13819,211.248
13820,195.64
13821,144.33
13822,107.505
13823,288.9
13824,243.81
13825,235.152
13826,245.44
13827,122.04
13828,662.4396
13829,156.654
13830,389.97
13831,995.6
13832,151.02
13833,268.5
13834,345.0
13835,125.22
13836,263.73
13837,62.31
13838,74.736
13839,53.52
13840,443.43
13841,318.888
13842,290.775
13843,364.2975
13844,182.88
13845,414.9
13846,494.316
13847,230.202
13848,117.18
13849,279.54
13850,383.46
13851,179.88
13852,205.92
13853,371.976
13854,540.1
13855,132.8
13856,90.36
13857,418.818
13858,365.25
13859,166.176
13860,195.96
13861,387.09
13862,338.47968
13863,172.44
13864,146.7
13865,571.32
13866,448.65
13867,217.188
13868,221.056
13869,481.176
13870,152.88
13871,263.52
13872,75.384
13873,231.516
13874,75.384
13875,246.84
13876,642.78
13877,65.68
13878,286.65
13879,81.96
13880,129.387
13881,372.6
13882,95.256
13883,154.38
13884,162.0
13885,311.976
13886,276.784
13887,138.08
13888,339.36
13889,150.147
13890,169.92
13891,268.812
13892,286.5
13893,169.95
13894,202.44
13895,78.12
13896,492.3261
13897,151.65
13898,218.844
13899,62.65
13900,539.964
13901,136.08
13902,211.716
13903,202.23
13904,1356.8328
13905,113.6
13906,110.052
13907,104.733
13908,127.96
13909,199.75
13910,109.38
13911,397.71
13912,128.304
13913,151.92
13914,360.24
13915,563.94
13916,58.374
13917,414.0
13918,270.18
13919,312.0435
13920,202.2
13921,85.056
13922,222.352
13923,176.94
13924,912.6
13925,115.5
13926,175.68
13927,95.12
13928,257.7
13929,158.368
13930,141.44
13931,248.184
13932,130.41
13933,129.76
13934,359.04
13935,152.8
13936,158.16
13937,132.048
13938,77.46
13939,281.34
13940,316.47
13941,207.12
13942,249.6
13943,478.8
13944,316.0
13945,69.5
13946,248.418
13947,313.92
13948,230.256
13949,276.6
13950,112.104
13951,271.764
13952,767.52
13953,171.9
13954,157.95
13955,197.94
13956,198.24
13957,195.76
13958,136.92
13959,75.744
13960,512.358
13961,266.22
13962,309.54
13963,241.8
13964,478.08
13965,67.41
13966,1076.406
13967,262.764
13968,367.524
13969,137.07
13970,321.912
13971,230.88
13972,124.47
13973,155.85
13974,151.2
13975,119.808
13976,113.52
13977,276.444
13978,117.15
13979,100.8
13980,88.48
13981,222.705
13982,173.58
13983,242.1
13984,204.384
13985,211.104
13986,146.76
13987,90.8
13988,226.125
13989,232.47
13990,87.534
13991,104.436
13992,309.75
13993,346.42576
13994,194.25
13995,164.85
13996,148.17
13997,163.32
13998,111.22
13999,159.768
14000,257.98
14001,342.08
14002,122.4
14003,255.08
14004,171.396
14005,369.99
14006,399.96
14007,244.98
14008,249.7725
14009,129.22
14010,457.2
14011,67.64
14012,67.44
14013,133.11
14014,142.488
14015,387.72
14016,488.96
14017,206.85
14018,77.832
14019,165.888
14020,319.616
14021,247.7514
14022,292.8
14023,264.9384
14024,88.563
14025,330.0
14026,126.27
14027,92.52
14028,160.929
14029,203.22
14030,143.472
14031,135.3
14032,353.568
14033,149.6
14034,191.592
14035,396.9
14036,333.6
14037,244.8
14038,190.5
14039,238.491
14040,272.76
14041,437.85
14042,256.14
14043,284.48988
14044,229.32
14045,109.08
14046,515.5794
14047,440.64
14048,153.09
14049,153.552
14050,323.37
14051,116.312
14052,95.1
14053,95.1
14054,425.0
14055,295.8
14056,281.372
14057,167.86
14058,265.824
14059,123.24
14060,307.683
14061,243.8208
14062,362.85
14063,197.76
14064,307.44
14065,68.97
14066,279.9
14067,369.16
14068,48.45
14069,119.56
14070,82.14
14071,180.288
14072,264.5958
14073,239.436
14074,299.58
14075,284.256
14076,201.96
14077,480.74
14078,381.36
14079,263.92
14080,345.0
14081,137.25
14082,250.74
14083,195.84
14084,126.5382
14085,364.95
14086,179.9
14087,175.32
14088,59.22
14089,169.38
14090,279.72
14091,346.698
14092,269.49
14093,158.376
14094,246.21
14095,344.34
14096,119.556
14097,258.696
14098,148.257
14099,89.97
14100,290.83716
14101,260.592
14102,344.37
14103,267.984
14104,148.8
14105,470.7624
14106,558.0
14107,67.14
14108,158.994
14109,88.06
14110,161.91
14111,243.27
14112,264.87
14113,115.05
14114,123.8526
14115,180.4572
14116,161.16
14117,489.92
14118,216.3294
14119,323.976
14120,236.4
14121,319.68
14122,222.66
14123,440.16
14124,191.52
14125,236.97
14126,147.3
14127,131.136
14128,210.69
14129,304.3
14130,79.8
14131,294.18
14132,352.45
14133,182.76
14134,187.8
14135,381.91464
14136,410.8
14137,267.84
14138,299.295
14139,138.645
14140,375.66
14141,329.76
14142,321.3
14143,460.26
14144,245.76
14145,219.3
14146,235.515
14147,299.97
14148,205.992
14149,343.8
14150,132.72
14151,329.67
14152,169.308
14153,599.28
14154,308.16
14155,122.22
14156,173.25
14157,512.163
14158,138.75
14159,130.977
14160,175.824
14161,193.86
14162,280.782
14163,167.28
14164,400.704
14165,202.72
14166,151.02
14167,68.2011
14168,212.706
14169,277.08
14170,115.032
14171,205.392
14172,172.6
14173,376.74
14174,445.802
14175,95.84
14176,176.61
14177,147.96
14178,292.734
14179,152.64
14180,412.2
14181,141.96
14182,160.02
14183,98.736
14184,331.695
14185,203.6322
14186,273.9729
14187,163.96
14188,213.228
14189,735.777
14190,239.22
14191,173.88
14192,211.1805
14193,415.2
14194,70.35
14195,207.18
14196,392.22
14197,292.977
14198,282.18
14199,221.832
14200,61.74
14201,169.02
14202,165.42
14203,287.94
14204,318.3
14205,154.24
14206,293.4
14207,263.736
14208,231.98
14209,455.97
14210,209.94
14211,448.38
14212,220.185
14213,100.8
14214,352.536
14215,181.818
14216,260.4
14217,76.776
14218,88.608
14219,288.84
14220,170.73
14221,257.94
14222,224.262
14223,168.72
14224,229.62
14225,364.257
14226,197.4942
14227,660.288
14228,278.397
14229,258.852
14230,84.84
14231,300.72
14232,244.49004
14233,146.16
14234,83.4
14235,163.38
14236,246.105
14237,934.956
14238,90.76
14239,312.498
14240,128.466
14241,489.23
14242,192.3978
14243,306.342
14244,219.321
14245,286.902
14246,132.48
14247,100.92
14248,97.32
14249,263.655
14250,143.22
14251,285.84
14252,82.44
14253,206.384
14254,181.26
14255,96.88
14256,723.72
14257,120.42
14258,209.34
14259,149.9712
14260,194.58
14261,267.48
14262,191.7
14263,182.3
14264,90.096
14265,188.4
14266,356.85
14267,583.02
14268,136.89
14269,239.598
14270,272.673
14271,346.5882
14272,51.3774
14273,117.03
14274,118.8
14275,540.288
14276,163.5
14277,92.52
14278,330.27
14279,170.46
14280,105.45
14281,502.578
14282,124.3755
14283,159.68
14284,274.74
14285,270.96
14286,76.707
14287,159.192
14288,254.88
14289,114.87
14290,244.23
14291,127.89
14292,287.94
14293,273.896
14294,227.88
14295,73.536
14296,96.0
14297,185.92
14298,248.58
14299,371.952
14300,176.43
14301,398.52
14302,182.94
14303,364.92
14304,130.52
14305,540.82
14306,333.072
14307,143.982
14308,279.944
14309,210.564
14310,287.28
14311,107.982
14312,231.92
14313,58.32
14314,252.828
14315,202.56
14316,108.48
14317,152.064
14318,158.76
14319,162.54
14320,168.03
14321,88.56
14322,240.336
14323,128.736
14324,368.352
14325,127.725
14326,419.31
14327,214.65
14328,358.16
14329,271.08
14330,140.535
14331,99.84
14332,306.78
14333,381.96
14334,360.24
14335,139.5
14336,239.04
14337,255.84
14338,449.91
14339,474.444
14340,116.937
14341,212.208
14342,189.36
14343,341.523
14344,282.0672
14345,201.584
14346,90.3
14347,145.89
14348,930.0
14349,284.25
14350,207.6
14351,131.76
14352,192.16
14353,194.784
14354,273.3
14355,247.32
14356,418.6188
14357,290.352
14358,292.8
14359,103.122
14360,350.58
14361,278.9
14362,189.621
14363,201.584
14364,683.6
14365,95.424
14366,323.46
14367,194.472
14368,150.48
14369,105.48
14370,105.6
14371,198.396
14372,755.0946
14373,191.205
14374,310.88
14375,86.04
14376,345.24
14377,128.52
14378,140.91
14379,83.6
14380,84.34
14381,289.068
14382,187.936
14383,138.567
14384,278.64
14385,479.97
14386,288.36
14387,344.64
14388,87.6
14389,811.944
14390,466.956
14391,183.75
14392,381.591
14393,210.112
14394,146.61
14395,68.175
14396,240.912
14397,411.4
14398,243.0
14399,148.59
14400,178.776
14401,359.85
14402,85.23
14403,96.66
14404,142.47
14405,199.26
14406,215.73
14407,91.665
14408,242.9
14409,266.4
14410,223.104
14411,293.76
14412,394.2
14413,148.68
14414,99.96
14415,59.28
14416,954.225
14417,391.2
14418,192.6
14419,187.68
14420,79.59
14421,164.64
14422,272.848
14423,195.72
14424,58.8
14425,272.76
14426,1341.63
14427,263.67
14428,118.95
14429,185.58
14430,224.82
14431,277.92
14432,318.03
14433,148.32
14434,56.3736
14435,113.372
14436,382.21404
14437,379.8
14438,509.52
14439,206.4
14440,87.03
14441,259.605
14442,302.384
14443,86.562
14444,64.0
14445,98.1
14446,260.415
14447,340.83
14448,392.94
14449,166.71
14450,242.1
14451,110.88
14452,284.82
14453,154.9
14454,76.14
14455,288.192
14456,106.96
14457,202.38
14458,202.56
14459,211.38104
14460,216.3
14461,208.44
14462,248.08284
14463,133.76
14464,321.9426
14465,128.76
14466,110.5062
14467,170.04
14468,292.64
14469,108.15
14470,92.88
14471,166.68
14472,1954.17
14473,659.178
14474,211.5
14475,260.34
14476,145.05
14477,248.64
14478,213.84
14479,526.26
14480,394.98
14481,108.24
14482,185.0175
14483,272.94
14484,348.82096
14485,242.944
14486,160.356
14487,311.796
14488,378.81
14489,450.04
14490,175.8
14491,203.76
14492,71.19
14493,181.44
14494,129.8871
14495,289.35
14496,470.376
14497,243.88
14498,177.48
14499,117.12
14500,207.12
14501,71.46
14502,276.885
14503,143.1
14504,66.32
14505,291.924
14506,186.66
14507,190.89
14508,599.16
14509,111.051
14510,177.55
14511,555.96
14512,213.12
14513,162.18
14514,159.68
14515,180.7
14516,129.12
14517,137.295
14518,174.204
14519,369.99
14520,400.32
14521,178.384
14522,240.784
14523,219.184
14524,172.62
14525,246.42
14526,210.288
14527,117.666
14528,209.52
14529,113.372
14530,178.88
14531,222.615
14532,769.65
14533,409.95
14534,294.57
14535,118.95
14536,415.152
14537,122.94
14538,285.48
14539,131.811
14540,109.92
14541,247.44
14542,317.37
14543,84.0
14544,169.9
14545,151.65
14546,47.52
14547,273.18
14548,418.05
14549,110.28
14550,199.74
14551,338.4
14552,135.45
14553,166.68
14554,220.2656
14555,384.768
14556,88.92
14557,197.94
14558,64.776
14559,102.72
14560,75.18
14561,122.37
14562,73.206
14563,164.7
14564,212.2875
14565,199.665
14566,58.17
14567,204.6664
14568,98.304
14569,191.85552
14570,368.91
14571,212.1
14572,254.9
14573,136.53
14574,222.66
14575,130.704
14576,151.992
14577,168.68
14578,278.7
14579,717.4764
14580,529.29
14581,169.568
14582,140.97
14583,175.32
14584,336.36
14585,290.3502
14586,115.287
14587,340.08
14588,330.588
14589,325.26
14590,77.58
14591,159.984
14592,153.024
14593,76.248
14594,520.776
14595,211.96
14596,78.6
14597,269.91
14598,152.91
14599,102.9
14600,113.68
14601,111.12
14602,341.475
14603,250.992
14604,219.9
14605,166.68
14606,149.1
14607,553.5
14608,161.532
14609,51.156
14610,239.96
14611,144.18
14612,143.728
14613,104.28
14614,278.88
14615,208.572
14616,180.252
14617,101.1936
14618,164.088
14619,343.728
14620,224.3504
14621,137.2
14622,130.32
14623,875.16
14624,344.16
14625,444.51
14626,363.825
14627,138.696
14628,231.72
14629,308.46
14630,235.3812
14631,158.376
14632,189.63
14633,512.91
14634,265.74
14635,215.04
14636,192.0
14637,293.58
14638,207.12
14639,357.6
14640,74.56
14641,326.88
14642,140.94
14643,137.736
14644,118.44
14645,262.74
14646,187.36
14647,98.08
14648,248.9004
14649,179.46
14650,215.976
14651,149.28
14652,114.81
14653,67.78928
14654,238.455
14655,520.38
14656,241.568
14657,113.94
14658,275.58
14659,439.92
14660,496.332
14661,215.65
14662,171.04
14663,290.88
14664,292.68
14665,112.698
14666,326.64
14667,86.58
14668,99.0
14669,150.528
14670,159.66
14671,138.06
14672,243.7
14673,168.63
14674,102.9
14675,203.904
14676,337.176
14677,303.84
14678,291.024
14679,304.44
14680,247.188
14681,215.1
14682,117.408
14683,248.52
14684,113.52
14685,169.38
14686,211.96
14687,258.528
14688,127.95
14689,259.75944
14690,124.875
14691,45.69
14692,121.428
14693,79.712
14694,417.42
14695,123.42
14696,459.3
14697,428.22
14698,265.17
14699,199.96
14700,200.4
14701,207.69736
14702,161.4
14703,142.74
14704,48.816
14705,482.94
14706,174.6
14707,139.86
14708,197.97
14709,245.82
14710,159.732
14711,275.072
14712,532.8
14713,207.33
14714,193.83
14715,89.28
14716,251.16
14717,115.44
14718,132.3
14719,199.056
14720,373.896
14721,345.735
14722,317.574
14723,99.144
14724,135.95
14725,117.96
14726,327.816
14727,170.424
14728,238.512
14729,279.68
14730,264.816
14731,206.16
14732,271.96
14733,135.99
14734,172.5
14735,289.98
14736,159.296
14737,198.96
14738,93.2502
14739,258.072
14740,376.74
14741,185.28
14742,271.136
14743,122.496
14744,192.78
14745,57.93
14746,446.4
14747,1779.9
14748,154.68
14749,278.16
14750,268.1748
14751,67.136
14752,165.7
14753,423.31168
14754,102.78
14755,175.92
14756,114.0
14757,301.89
14758,460.356
14759,635.96
14760,192.22
14761,276.96
14762,135.576
14763,300.32
14764,146.736
14765,191.6
14766,103.518
14767,115.9344
14768,311.76
14769,271.968
14770,313.44
14771,256.16664
14772,171.288
14773,99.66
14774,322.974
14775,366.84
14776,48.68
14777,123.75
14778,192.6324
14779,123.42
14780,189.588
14781,100.0
14782,124.53
14783,57.06
14784,110.25
14785,315.54
14786,82.044
14787,226.53
14788,310.554
14789,97.68
14790,192.84
14791,130.62
14792,389.04
14793,226.8735
14794,645.966
14795,188.37
14796,174.95
14797,301.77
14798,230.256
14799,545.94
14800,238.62
14801,163.2
14802,284.8274
14803,92.64
14804,249.93
14805,143.172
14806,261.54
14807,388.92
14808,124.32
14809,112.12
14810,312.51
14811,177.52
14812,350.244
14813,175.8
14814,157.872
14815,358.2
14816,130.56
14817,221.568
14818,450.603
14819,102.9
14820,642.0
14821,89.768
14822,256.56
14823,168.24
14824,546.56
14825,246.78
14826,245.94
14827,258.9
14828,72.48
14829,349.32
14830,420.42
14831,185.28
14832,214.8
14833,187.74376
14834,123.06
14835,225.08
14836,107.4
14837,82.38
14838,316.8
14839,374.2
14840,249.21
14841,481.32
14842,161.6
14843,13999.96
14844,310.716
14845,121.8855
14846,214.515
14847,443.92
14848,263.73
14849,316.59
14850,90.6
14851,173.25
14852,177.876
14853,638.82
14854,333.66
14855,284.76
14856,225.6
14857,152.28
14858,169.8
14859,95.04
14860,84.132
14861,218.3868
14862,127.984
14863,118.16
14864,137.6
14865,70.755
14866,170.28
14867,594.86
14868,340.992
14869,642.72
14870,175.68
14871,323.4
14872,248.022
14873,855.45
14874,177.2
14875,294.6
14876,102.96
14877,130.98
14878,73.944
14879,286.44
14880,97.44
14881,478.764
14882,537.6
14883,318.24
14884,305.928
14885,68.48
14886,111.12
14887,245.88
14888,149.58
14889,321.492
14890,369.1992
14891,257.76
14892,66.99
14893,101.88
14894,85.185
14895,241.434
14896,249.264
14897,60.552
14898,287.97
14899,191.7
14900,101.04
14901,236.34
14902,283.2
14903,91.92
14904,122.325
14905,147.92
14906,98.46
14907,396.72496
14908,101.04
14909,154.392
14910,278.28
14911,147.582
14912,94.9935
14913,179.886
14914,82.98
14915,118.62
14916,181.12
14917,92.76
14918,158.0
14919,522.72
14920,43.92
14921,67.89
14922,245.13
14923,253.32
14924,260.415
14925,163.62
14926,274.44
14927,205.44
14928,154.3752
14929,270.96
14930,200.44
14931,382.4
14932,84.96
14933,274.4658
14934,351.9
14935,103.32
14936,96.81
14937,122.67
14938,143.58
14939,182.3
14940,283.49984
14941,126.27
14942,166.617
14943,137.25
14944,263.412
14945,333.84
14946,149.04
14947,69.03
14948,373.68
14949,386.64
14950,214.3791
14951,327.84
14952,206.604
14953,151.929
14954,246.15
14955,176.76
14956,242.48
14957,76.11
14958,355.56
14959,132.352
14960,221.2
14961,288.684
14962,759.66
14963,228.204
14964,122.37
14965,314.91876
14966,292.734
14967,462.96
14968,249.72
14969,223.47
14970,66.42
14971,396.78
14972,119.04
14973,244.14
14974,186.36
14975,86.96
14976,84.4608
14977,279.95
14978,412.695
14979,143.532
14980,100.08
14981,339.136
14982,199.98
14983,141.6
14984,90.64
14985,269.12
14986,448.6344
14987,225.576
14988,344.372
14989,137.16
14990,194.848
14991,82.98
14992,1272.3
14993,268.2
14994,153.6
14995,175.35
14996,278.07
14997,301.96
14998,113.568
14999,122.88
15000,83.46
15001,205.8
15002,144.99
15003,333.66
15004,236.7
15005,254.34
15006,138.96
15007,133.893
15008,253.746
15009,146.5425
15010,131.98
15011,146.688
15012,373.98
15013,118.62
15014,205.44
15015,167.805
15016,96.0
15017,327.3
15018,170.94
15019,141.96
15020,256.14
15021,212.52
15022,383.607
15023,291.792
15024,405.92
15025,262.95
15026,767.34
15027,100.0611
15028,363.75
15029,193.2
15030,113.0
15031,131.301
15032,292.11
15033,83.4
15034,242.16
15035,274.8
15036,225.612
15037,230.526
15038,61.2
15039,157.68
15040,116.04
15041,289.71
15042,113.4
15043,146.367
15044,510.12
15045,246.48
15046,121.96
15047,115.136
15048,309.6
15049,147.0
15050,238.32
15051,89.97
15052,648.24
15053,328.185
15054,127.656
15055,287.58
15056,93.06
15057,213.444
15058,143.88
15059,207.432
15060,300.402
15061,297.6
15062,200.795
15063,55.74
15064,132.972
15065,242.55
15066,211.84
15067,139.44
15068,59.184
15069,100.5
15070,147.84
15071,258.54
15072,281.34
15073,241.65
15074,241.893
15075,99.6
15076,346.44
15077,272.7
15078,208.53
15079,300.72
15080,99.0
15081,49.5
15082,140.9922
15083,335.52
15084,92.64
15085,218.79
15086,241.968
15087,235.24
15088,95.28
15089,262.74
15090,125.82
15091,218.76
15092,239.96
15093,50.88
15094,305.235
15095,482.664
15096,511.68
15097,138.18
15098,142.623
15099,103.59
15100,68.72
15101,78.75
15102,595.6578
15103,277.4
15104,126.15
15105,344.034
15106,125.064
15107,429.48
15108,115.74
15109,121.776
15110,518.88
15111,56.916
15112,150.0
15113,307.136
15114,75.72
15115,612.48
15116,272.94
15117,62.13
15118,129.519
15119,260.28
15120,169.047
15121,96.53
15122,327.996
15123,100.44
15124,282.8
15125,128.34
15126,94.35
15127,309.042
15128,167.28
15129,88.86
15130,50.34
15131,224.37648
15132,634.23
15133,250.272
15134,140.736
15135,118.44
15136,318.18
15137,141.44
15138,284.19048
15139,359.64
15140,292.95
15141,121.8
15142,428.706
15143,168.81
15144,143.52
15145,295.456
15146,75.06
15147,298.8
15148,429.12
15149,285.20844
15150,96.6
15151,111.12
15152,253.8
15153,203.16
15154,86.058
15155,175.8
15156,135.48
15157,658.24
15158,256.74
15159,224.937
15160,174.12
15161,211.62
15162,153.24
15163,391.0164
15164,249.12
15165,292.68
15166,311.58
15167,185.46
15168,377.97
15169,84.784
15170,347.88
15171,274.8
15172,79.8
15173,327.402
15174,333.42
15175,299.85
15176,365.52
15177,61.44
15178,282.948
15179,227.8314
15180,239.96
15181,479.952
15182,391.86
15183,124.14
15184,82.08
15185,235.332
15186,344.034
15187,88.2
15188,219.84
15189,264.32
15190,90.558
15191,1105.76
15192,303.912
15193,80.1
15194,193.104
15195,89.97
15196,138.456
15197,255.45
15198,177.48
15199,236.7
15200,57.12
15201,199.08
15202,329.1
15203,475.794
15204,339.92
15205,49.47
15206,248.292
15207,333.9
15208,444.88
15209,353.76
15210,200.64
15211,401.646
15212,122.48
15213,79.45
15214,1499.97
15215,122.49
15216,319.984
15217,222.624
15218,134.64
15219,344.61
15220,220.2156
15221,106.02
15222,263.96
15223,89.73
15224,245.13
15225,198.024
15226,191.984
15227,172.224
15228,123.12
15229,227.8872
15230,202.0635
15231,396.9
15232,93.048
15233,221.85
15234,275.7
15235,102.675
15236,52.08
15237,76.05
15238,500.22
15239,257.568
15240,135.984
15241,172.62
15242,145.68
15243,392.4
15244,182.385
15245,313.5204
15246,103.68
15247,192.88
15248,74.64
15249,153.657
15250,562.68
15251,421.7
15252,141.12
15253,379.87872
15254,339.36
15255,254.934
15256,412.02
15257,110.3103
15258,95.994
15259,287.88
15260,245.13
15261,196.8
15262,139.65
15263,175.824
15264,293.7
15265,192.2382
15266,56.7
15267,233.058
15268,286.15
15269,271.96
15270,170.34
15271,192.618
15272,209.088
15273,291.456
15274,385.2
15275,244.2069
15276,263.73
15277,572.16
15278,245.16
15279,57.06
15280,183.96
15281,108.6
15282,151.01892
15283,142.68
15284,117.525
15285,289.8
15286,136.59
15287,99.3
15288,304.2
15289,356.508
15290,191.034
15291,201.312
15292,350.37784
15293,115.02
15294,94.5
15295,143.475
15296,193.32
15297,221.92
15298,132.224
15299,232.2
15300,244.728
15301,117.03
15302,224.82
15303,198.84
15304,80.46
15305,127.28
15306,116.22
15307,151.56
15308,157.74
15309,71.0
15310,164.2
15311,268.512
15312,133.02
15313,121.2
15314,284.364
15315,108.84
15316,162.84
15317,204.96
15318,141.912
15319,127.44
15320,119.052
15321,224.98
15322,115.02
15323,141.288
15324,161.109
15325,292.2
15326,331.8
15327,363.68
15328,89.24
15329,238.2
15330,110.16
15331,182.32
15332,144.0
15333,718.97916
15334,428.544
15335,135.84
15336,226.608
15337,218.16
15338,122.4
15339,336.24
15340,112.32
15341,1114.854
15342,250.4046
15343,93.7236
15344,148.98
15345,88.4
15346,151.98
15347,426.04
15348,131.52
15349,46.08
15350,955.8675
15351,204.984
15352,79.14
15353,64.96
15354,136.68
15355,193.68
15356,106.56
15357,58.98
15358,145.98
15359,256.77
15360,55.48
15361,170.058
15362,81.54
15363,58.644
15364,460.08
15365,279.86
15366,308.34
15367,163.92
15368,72.54
15369,241.056
15370,173.448
15371,208.332
15372,161.94
15373,321.03
15374,271.96
15375,80.55
15376,246.78
15377,214.8
15378,159.408
15379,222.44
15380,173.16
15381,145.8
15382,240.669
15383,449.15
15384,174.56
15385,194.4
15386,82.14
15387,165.42
15388,190.512
15389,253.176
15390,126.96
15391,165.24
15392,258.93
15393,623.43
15394,519.3
15395,271.764
15396,224.937
15397,242.8
15398,391.86
15399,138.45
15400,89.4906
15401,206.1
15402,321.3
15403,269.088
15404,125.856
15405,170.24
15406,153.42
15407,205.524
15408,330.12
15409,763.92
15410,726.39
15411,108.405
15412,185.472
15413,231.936
15414,279.72
15415,232.2
15416,243.8424
15417,130.44
15418,248.64
15419,336.393
15420,502.92
15421,202.2
15422,492.42
15423,239.28
15424,78.3
15425,220.56
15426,259.146
15427,279.576
15428,188.192
15429,259.248
15430,124.32
15431,771.39
15432,742.59
15433,70.95
15434,49.26
15435,201.14
15436,270.3
15437,303.66
15438,180.6
15439,169.068
15440,292.8
15441,49.568
15442,284.08
15443,126.9
15444,175.92
15445,102.088
15446,163.2
15447,207.33
15448,175.608
15449,175.68
15450,548.865
15451,338.04
15452,169.95
15453,329.4
15454,145.17
15455,95.04
15456,218.178
15457,216.72
15458,273.48
15459,389.16
15460,260.064
15461,124.29
15462,163.35
15463,86.76
15464,140.192
15465,164.46
15466,238.32
15467,90.18
15468,408.42
15469,37.752
15470,305.3625
15471,247.5
15472,262.86
15473,164.28
15474,383.22
15475,81.2
15476,136.5
15477,152.688
15478,274.68
15479,120.66
15480,73.52
15481,226.4
15482,193.872
15483,86.4
15484,62.64
15485,227.61
15486,283.14
15487,399.52
15488,145.95
15489,98.88
15490,229.2
15491,104.97
15492,292.176
15493,259.605
15494,373.194
15495,407.862
15496,192.16
15497,405.64
15498,164.88
15499,70.98
15500,243.0
15501,81.69
15502,199.344
15503,105.6
15504,98.8875
15505,95.648
15506,125.976
15507,107.1
15508,420.81732
15509,79.506
15510,135.99
15511,556.3
15512,234.2
15513,55.62
15514,328.698
15515,122.12
15516,145.356
15517,170.92
15518,268.32
15519,87.84
15520,211.293
15521,110.376
15522,445.6
15523,262.956
15524,131.4876
15525,99.954
15526,128.058
15527,58.83
15528,283.14
15529,45.75
15530,58.05
15531,258.72
15532,78.327
15533,104.112
15534,143.7
15535,329.988
15536,108.0
15537,173.17296
15538,211.89
15539,132.288
15540,193.158
15541,163.136
15542,195.64
15543,152.04
15544,97.74
15545,131.74
15546,73.152
15547,246.3
15548,286.008
15549,247.212
15550,108.3393
15551,321.552
15552,246.21
15553,301.77
15554,369.468
15555,116.544
15556,193.18
15557,192.78
15558,155.34
15559,388.62
15560,243.54
15561,138.693
15562,188.192
15563,296.55
15564,241.488
15565,724.8
15566,80.64
15567,177.69
15568,200.16
15569,210.24
15570,196.8
15571,51.63
15572,141.4
15573,191.31
15574,163.968
15575,183.6
15576,333.48
15577,254.94
15578,109.152
15579,183.951
15580,89.76
15581,170.1168
15582,161.352
15583,249.84
15584,129.12
15585,126.75
15586,138.51
15587,254.34
15588,262.872
15589,214.7
15590,298.62
15591,230.04
15592,164.32
15593,166.12
15594,127.1
15595,186.69
15596,119.5425
15597,97.68
15598,170.64
15599,290.1
15600,220.644
15601,70.448
15602,132.48
15603,289.32
15604,201.5775
15605,118.44
15606,247.44
15607,456.42948
15608,126.88
15609,145.544
15610,147.582
15611,314.22
15612,170.04
15613,111.72
15614,147.63
15615,129.1224
15616,264.9942
15617,146.88
15618,371.97
15619,75.96
15620,297.09
15621,110.12
15622,146.064
15623,148.014
15624,149.526
15625,184.0902
15626,145.728
15627,84.96
15628,201.96
15629,487.2285
15630,48.789
15631,90.96
15632,92.94
15633,172.186
15634,210.84
15635,174.66
15636,44.1
15637,321.636
15638,72.0
15639,195.184
15640,193.8
15641,138.48
15642,132.336
15643,174.42
15644,302.376
15645,124.32
15646,319.842
15647,136.404
15648,53.952
15649,332.94
15650,187.92
15651,95.712
15652,182.214
15653,120.288
15654,324.06
15655,56.448
15656,125.4045
15657,173.46
15658,211.68
15659,94.992
15660,223.056
15661,184.76
15662,83.4
15663,92.556
15664,269.22
15665,241.65
15666,279.9
15667,97.2
15668,235.32
15669,250.72
15670,158.58
15671,79.29
15672,245.052
15673,166.68
15674,72.09
15675,156.792
15676,228.36
15677,238.448
15678,153.52452
15679,373.896
15680,148.5
15681,238.464
15682,492.12
15683,52.92
15684,258.96
15685,513.45104
15686,688.73976
15687,228.6
15688,287.1
15689,254.16
15690,182.94
15691,98.04
15692,102.84
15693,165.9
15694,297.84
15695,261.24
15696,191.88
15697,416.64
15698,192.1284
15699,191.28
15700,123.543
15701,124.92
15702,338.7
15703,212.94
15704,676.55
15705,310.24
15706,333.66
15707,148.014
15708,373.248
15709,261.78
15710,178.884
15711,77.88
15712,210.58
15713,105.84
15714,134.16
15715,497.64
15716,132.03
15717,197.58
15718,85.92
15719,94.86
15720,357.102
15721,88.44
15722,160.992
15723,495.42
15724,101.4
15725,254.85
15726,120.712
15727,252.0
15728,307.92
15729,196.776
15730,197.94
15731,260.793
15732,96.78
15733,190.269
15734,172.08
15735,273.915
15736,418.7682
15737,191.88
15738,435.99
15739,279.72
15740,274.32
15741,136.701
15742,155.456
15743,272.28
15744,71.928
15745,228.24
15746,263.31
15747,318.2
15748,154.98
15749,148.32
15750,293.88
15751,52.98
15752,711.84
15753,212.22
15754,157.464
15755,73.44
15756,86.4
15757,160.416
15758,171.99
15759,70.308
15760,55.8
15761,207.36
15762,195.84
15763,138.105
15764,71.118
15765,193.41
15766,119.52
15767,154.413
15768,244.35
15769,108.24
15770,316.0
15771,209.7
15772,262.86
15773,110.48
15774,272.16
15775,89.127
15776,140.664
15777,244.74
15778,131.64
15779,177.3
15780,131.6
15781,284.37012
15782,55.296
15783,773.865
15784,153.09
15785,283.92
15786,217.44
15787,227.1
15788,162.54
15789,182.898
15790,339.6
15791,180.96
15792,287.91
15793,73.2
15794,60.24
15795,87.12
15796,799.83
15797,169.4445
15798,123.92
15799,189.44
15800,181.44
15801,124.7424
15802,125.685
15803,95.1
15804,198.432
15805,215.856
15806,128.88
15807,196.92
15808,1248.912
15809,47.6
15810,179.442
15811,227.853
15812,153.81
15813,110.5062
15814,635.6262
15815,159.894
15816,568.332
15817,257.094
15818,461.106
15819,142.803
15820,299.1
15821,196.98
15822,515.7
15823,124.32
15824,194.8
15825,678.592
15826,117.66
15827,204.63
15828,182.4048
15829,239.97
15830,168.12
15831,172.08
15832,251.0676
15833,90.981
15834,159.84
15835,211.2
15836,88.06
15837,69.84
15838,227.4315
15839,549.54
15840,116.832
15841,166.89
15842,237.072
15843,216.99
15844,315.36
15845,213.84
15846,138.4
15847,207.36
15848,157.86
15849,288.192
15850,254.88
15851,232.65
15852,243.992
15853,344.91
15854,95.16
15855,206.01
15856,119.88
15857,160.2
15858,248.82
15859,801.6
15860,550.144
15861,264.816
15862,111.96
15863,203.952
15864,209.508
15865,245.04
15866,493.2
15867,64.242
15868,336.96
15869,232.203
15870,96.66
15871,81.99
15872,166.83
15873,286.092
15874,241.2774
15875,185.376
15876,165.312
15877,181.536
15878,273.24
15879,379.47
15880,145.35
15881,254.934
15882,220.064
15883,321.87496
15884,246.12
15885,437.481
15886,281.34
15887,149.97
15888,71.76
15889,382.806
15890,241.8
15891,246.12
15892,102.9
15893,283.26
15894,169.5
15895,117.072
15896,206.976
15897,73.2
15898,264.303
15899,144.6
15900,177.48
15901,323.1
15902,230.28
15903,95.2
15904,99.792
15905,153.27
15906,118.8
15907,352.98
15908,244.55
15909,896.99
15910,124.26
15911,203.52
15912,422.352
15913,305.472
15914,207.84
15915,113.76
15916,49.104
15917,222.855
15918,206.9535
15919,145.98
15920,383.976
15921,121.5
15922,170.92
15923,267.392
15924,344.547
15925,130.56
15926,112.35
15927,287.968
15928,131.94
15929,258.75
15930,177.48
15931,275.88
15932,136.95
15933,116.235
15934,132.921
15935,246.21
15936,98.2
15937,193.158
15938,731.07
15939,197.76
15940,294.66
15941,164.88
15942,257.1
15943,295.05
15944,336.0
15945,251.01
15946,637.7
15947,107.94
15948,269.97
15949,524.28
15950,111.96
15951,322.2
15952,208.53
15953,317.88
15954,117.74
15955,89.04
15956,101.01
15957,125.944
15958,162.54
15959,103.86
15960,239.96
15961,151.632
15962,252.84
15963,93.18
15964,233.766
15965,457.11
15966,279.54
15967,191.85552
15968,96.0
15969,153.84
15970,200.44
15971,92.46
15972,87.156
15973,159.84
15974,222.36
15975,228.48
15976,84.132
15977,293.4
15978,109.104
15979,121.92
15980,98.808
15981,182.295
15982,166.92
15983,131.0058
15984,184.66
15985,176.22
15986,217.1
15987,355.5
15988,215.25
15989,612.825
15990,289.32
15991,121.44
15992,140.94
15993,132.972
15994,150.48
15995,251.91
15996,129.39
15997,69.28
15998,170.352
15999,196.92
16000,49.2
16001,124.14
16002,223.92
16003,182.72
16004,159.92
16005,281.97
16006,51.6
16007,390.72
16008,61.392
16009,166.536
16010,54.54
16011,72.784
16012,87.168
16013,239.358
16014,182.61
16015,237.504
16016,114.84
16017,64.08
16018,698.64
16019,172.89
16020,77.5
16021,146.22
16022,159.0
16023,58.32
16024,195.78
16025,554.16
16026,113.4
16027,198.504
16028,94.5
16029,259.4712
16030,215.01
16031,274.59
16032,309.987
16033,575.92
16034,133.2
16035,251.58
16036,238.08
16037,275.12
16038,292.64
16039,256.35
16040,145.584
16041,333.48
16042,367.56
16043,105.52
16044,101.76
16045,138.096
16046,179.48
16047,296.64
16048,160.866
16049,520.05
16050,113.568
16051,272.4
16052,891.12
16053,183.12
16054,166.1
16055,93.06
16056,120.87
16057,104.856
16058,298.68
16059,247.14
16060,188.16
16061,65.34
16062,8749.95
16063,53.4
16064,71.46
16065,267.3
16066,174.33
16067,231.0
16068,283.2
16069,156.624
16070,230.733
16071,231.97512
16072,51.21
16073,131.88
16074,381.78
16075,219.78
16076,199.98
16077,287.976
16078,276.858
16079,96.84
16080,148.344
16081,235.32
16082,188.472
16083,677.46
16084,293.64
16085,262.14
16086,252.0
16087,83.31
16088,101.76
16089,334.74
16090,202.6845
16091,322.59
16092,199.95
16093,194.016
16094,141.15
16095,227.28
16096,145.98
16097,208.16
16098,322.44
16099,172.8
16100,115.92
16101,174.06
16102,109.92
16103,345.303
16104,200.79
16105,133.596
16106,226.24
16107,65.88
16108,136.736
16109,233.86
16110,97.224
16111,67.815
16112,427.14
16113,311.98
16114,184.66
16115,166.92
16116,188.84
16117,99.48
16118,63.3297
16119,45.45
16120,288.54
16121,489.81
16122,146.76
16123,147.712
16124,89.52
16125,84.6
16126,298.68
16127,389.28
16128,71.91
16129,172.152
16130,83.42
16131,56.064
16132,50.4
16133,161.91
16134,311.688
16135,346.68
16136,117.96
16137,250.8
16138,220.08
16139,46.62
16140,266.49
16141,263.7
16142,250.8
16143,396.495
16144,535.41
16145,173.82
16146,124.26
16147,171.87
16148,89.46
16149,124.68
16150,476.3619
16151,269.46
16152,60.12
16153,344.91
16154,154.2
16155,204.15
16156,50.79
16157,89.472
16158,306.32
16159,102.312
16160,91.824
16161,50.97
16162,99.432
16163,47.01
16164,138.56
16165,168.78
16166,387.9825
16167,145.98
16168,187.98
16169,116.1
16170,162.84
16171,79.29
16172,90.7854
16173,171.51
16174,179.28
16175,98.568
16176,97.02
16177,167.751
16178,141.882
16179,508.4082
16180,138.672
16181,185.28
16182,333.66
16183,143.22
16184,136.584
16185,126.208
16186,96.64
16187,122.4
16188,43.56
16189,503.4
16190,301.5
16191,277.6
16192,90.855
16193,380.538
16194,89.568
16195,235.332
16196,50.4
16197,301.041
16198,235.6965
16199,366.87
16200,55.176
16201,104.85
16202,103.26
16203,162.0
16204,79.695
16205,173.124
16206,300.024
16207,101.64
16208,71.64
16209,49.12
16210,153.728
16211,195.5082
16212,313.488
16213,321.84
16214,279.72
16215,130.95
16216,364.9815
16217,160.704
16218,241.6008
16219,166.44
16220,100.14
16221,236.4
16222,91.04
16223,231.0
16224,176.88
16225,346.248
16226,197.72376
16227,712.2
16228,184.437
16229,145.5
16230,189.54
16231,304.32
16232,111.84
16233,144.0
16234,141.912
16235,234.864
16236,341.55552
16237,147.33
16238,287.94
16239,139.14
16240,119.568
16241,95.28
16242,260.28
16243,242.25
16244,61.02
16245,221.832
16246,414.72
16247,535.41
16248,137.79
16249,194.4
16250,244.98
16251,96.12
16252,496.044
16253,108.864
16254,251.64
16255,235.92
16256,169.68
16257,261.84
16258,393.96
16259,197.28
16260,89.01
16261,308.556
16262,90.828
16263,79.14
16264,204.18
16265,248.08284
16266,249.06
16267,272.28
16268,197.352
16269,131.904
16270,79.68
16271,122.04
16272,188.775
16273,224.748
16274,333.66
16275,128.9
16276,256.17
16277,202.92
16278,494.1
16279,217.4
16280,127.008
16281,106.95
16282,211.716
16283,83.691
16284,248.937
16285,106.8
16286,218.376
16287,479.97
16288,326.18632
16289,124.26
16290,338.94
16291,348.687
16292,382.41
16293,210.6
16294,142.9758
16295,207.0
16296,61.392
16297,565.8
16298,88.074
16299,83.64
16300,244.14
16301,166.12
16302,283.32
16303,267.57
16304,111.96
16305,137.94
16306,268.848
16307,72.2178
16308,291.168
16309,159.98
16310,166.68
16311,108.56
16312,300.09996
16313,133.2
16314,107.595
16315,56.943
16316,205.666
16317,169.5
16318,177.876
16319,310.14
16320,61.44
16321,166.24
16322,279.96
16323,138.6
16324,104.166
16325,221.346
16326,100.92
16327,162.18
16328,102.84
16329,92.592
16330,119.763
16331,206.658
16332,163.96
16333,109.52
16334,309.555
16335,109.8
16336,162.4476
16337,551.4
16338,47.04
16339,408.006
16340,291.96
16341,209.97
16342,219.78
16343,165.24
16344,110.856
16345,124.32
16346,353.22
16347,235.0755
16348,158.6025
16349,219.9
16350,83.82
16351,498.24
16352,98.88
16353,181.62
16354,169.128
16355,143.0754
16356,368.532
16357,230.016
16358,142.848
16359,341.52
16360,169.236
16361,63.99
16362,339.48
16363,228.78
16364,86.4174
16365,222.56
16366,383.04
16367,105.088
16368,220.0905
16369,91.92
16370,132.336
16371,87.96
16372,151.56
16373,147.0
16374,117.36
16375,104.712
16376,169.68
16377,338.1
16378,181.35
16379,150.84
16380,346.92
16381,102.576
16382,203.98
16383,59.58
16384,221.76
16385,197.856
16386,123.93
16387,76.368
16388,118.88
16389,457.7
16390,67.92
16391,158.22
16392,177.768
16393,168.464
16394,413.1
16395,195.72
16396,84.0
16397,255.744
16398,325.68
16399,170.352
16400,267.072
16401,61.92
16402,243.78
16403,285.66
16404,251.64
16405,118.584
16406,113.52
16407,56.76
16408,111.96
16409,68.448
16410,88.74
16411,423.24
16412,119.85
16413,132.6
16414,129.92
16415,227.96
16416,150.255
16417,181.0977
16418,231.48
16419,161.22
16420,156.18456
16421,246.9
16422,78.84
16423,380.64
16424,136.5
16425,342.624
16426,165.6
16427,190.344
16428,125.5
16429,99.0
16430,262.602
16431,166.0815
16432,80.46
16433,205.74
16434,55.032
16435,199.584
16436,388.773
16437,182.08
16438,396.9
16439,92.5
16440,165.96
16441,136.1781
16442,265.93
16443,395.0
16444,48.58
16445,255.78
16446,328.14
16447,144.06
16448,189.0
16449,132.912
16450,692.03316
16451,264.384
16452,58.464
16453,207.36
16454,239.04
16455,119.94
16456,58.44
16457,53.7
16458,131.76
16459,205.8
16460,49.44
16461,131.84
16462,407.04
16463,390.72
16464,231.12
16465,184.68
16466,306.2
16467,62.496
16468,247.02
16469,171.84
16470,350.07
16471,254.9745
16472,299.16
16473,124.29
16474,47.61
16475,103.88
16476,378.6
16477,179.46
16478,221.4
16479,139.86
16480,203.52
16481,229.392
16482,259.248
16483,99.66
16484,200.16
16485,89.1918
16486,133.5
16487,172.11
16488,105.84
16489,285.36
16490,205.1
16491,96.012
16492,75.195
16493,168.21
16494,216.96
16495,189.63
16496,155.925
16497,222.66
16498,242.55
16499,841.568
16500,125.22
16501,210.12
16502,52.74
16503,205.6
16504,87.16
16505,145.68
16506,64.08
16507,106.8
16508,176.6808
16509,196.776
16510,211.168
16511,103.26
16512,86.94
16513,195.648
16514,153.81
16515,79.12
16516,142.8
16517,135.297
16518,264.384
16519,268.596
16520,190.92
16521,304.74
16522,88.74
16523,88.3722
16524,114.156
16525,189.95
16526,224.82
16527,53.82
16528,379.809
16529,137.34
16530,73.536
16531,241.488
16532,46.53
16533,199.26
16534,350.98
16535,85.71
16536,136.68
16537,168.18
16538,193.68
16539,109.92
16540,206.4
16541,84.3
16542,306.774
16543,133.02
16544,375.76
16545,96.42
16546,159.6
16547,429.32
16548,281.52
16549,69.066
16550,332.704
16551,244.98
16552,415.62
16553,121.5
16554,81.48
16555,275.616
16556,181.26
16557,111.84
16558,88.53
16559,214.92
16560,482.328
16561,163.5
16562,404.94
16563,47.1
16564,89.46
16565,268.65
16566,610.35
16567,146.34
16568,391.22748
16569,244.98
16570,148.17
16571,339.48
16572,226.56
16573,109.2
16574,163.32
16575,64.96
16576,345.384
16577,246.48
16578,359.64
16579,72.09
16580,195.104
16581,114.84
16582,101.94
16583,175.44
16584,118.65
16585,78.312
16586,239.97
16587,44.67
16588,40.98
16589,231.97512
16590,246.6
16591,95.55
16592,333.84
16593,177.66
16594,212.49
16595,203.58
16596,218.76
16597,401.94
16598,121.52
16599,208.44
16600,57.6
16601,89.04
16602,121.584
16603,263.67
16604,438.27
16605,145.26
16606,133.29
16607,306.24
16608,219.96
16609,147.888
16610,248.5
16611,249.0
16612,166.5
16613,242.94
16614,85.5
16615,279.72
16616,369.72
16617,165.8
16618,204.876
16619,332.748
16620,256.392
16621,92.934
16622,232.4133
16623,142.884
16624,365.52
16625,194.292
16626,47.1
16627,101.6
16628,41.64
16629,232.44
16630,37.98
16631,103.425
16632,209.1
16633,191.976
16634,194.352
16635,153.192
16636,130.104
16637,91.44
16638,556.632
16639,139.86
16640,284.55
16641,357.36
16642,293.16
16643,347.58
16644,66.9
16645,84.375
16646,57.75
16647,198.744
16648,559.68
16649,181.8
16650,158.76
16651,42.66
16652,169.6188
16653,255.45
16654,57.87
16655,199.68
16656,180.6
16657,257.688
16658,155.763
16659,61.38
16660,201.584
16661,175.26
16662,205.8
16663,153.36
16664,72.0
16665,713.79
16666,106.56
16667,286.47
16668,213.552
16669,217.6
16670,190.98
16671,100.49
16672,124.836
16673,244.8
16674,170.46
16675,451.8
16676,167.37
16677,251.79
16678,123.36
16679,396.9
16680,231.984
16681,97.578
16682,165.24
16683,113.79
16684,185.28
16685,206.685
16686,103.68
16687,91.53
16688,107.184
16689,215.424
16690,290.85
16691,143.127
16692,86.94
16693,213.228
16694,171.55
16695,245.94
16696,186.96
16697,65.3013
16698,150.894
16699,166.6557
16700,146.82
16701,326.18632
16702,8187.65
16703,167.34
16704,171.96
16705,139.44
16706,106.92
16707,166.12
16708,168.21
16709,50.4
16710,344.94
16711,96.96
16712,88.86
16713,274.8
16714,222.64
16715,244.48
16716,150.6
16717,248.85
16718,409.95
16719,218.16
16720,110.916
16721,218.52
16722,170.73
16723,284.634
16724,141.48
16725,225.396
16726,270.96
16727,82.16
16728,245.94
16729,241.5
16730,84.51
16731,142.56
16732,256.932
16733,270.62
16734,89.82
16735,284.16
16736,186.0
16737,240.57
16738,68.94
16739,336.528
16740,253.53
16741,227.82
16742,132.256
16743,562.68
16744,69.04
16745,64.08
16746,155.7528
16747,203.184
16748,170.28
16749,232.62
16750,348.66
16751,471.92
16752,57.39
16753,197.1
16754,195.1884
16755,75.792
16756,321.858
16757,206.64
16758,123.552
16759,204.54
16760,188.84
16761,222.52
16762,97.89
16763,161.94
16764,108.864
16765,264.276
16766,465.16
16767,99.0
16768,183.735
16769,338.04
16770,211.69576
16771,190.54
16772,79.76
16773,173.94
16774,94.815
16775,257.25
16776,245.673
16777,108.24
16778,171.99
16779,156.06
16780,97.44
16781,180.096
16782,456.654
16783,62.4
16784,129.92
16785,945.036
16786,195.136
16787,264.6
16788,129.76
16789,124.32
16790,78.9828
16791,102.54
16792,271.3554
16793,106.56
16794,97.86
16795,163.56
16796,389.52
16797,84.66
16798,78.0
16799,173.68
16800,237.75
16801,191.34
16802,146.52
16803,239.976
16804,146.16
16805,178.32
16806,92.43
16807,317.952
16808,172.704
16809,217.98
16810,81.84
16811,346.74
16812,654.102
16813,203.31
16814,191.968
16815,178.32
16816,133.14
16817,79.9
16818,348.36
16819,80.1
16820,298.7325
16821,204.21
16822,58.23
16823,48.42
16824,227.4
16825,163.98
16826,223.12
16827,341.72
16828,202.8
16829,236.1
16830,368.97
16831,76.26
16832,121.32
16833,165.38856
16834,38.736
16835,82.89
16836,155.52
16837,80.82
16838,52.704
16839,103.5
16840,66.96
16841,444.96
16842,279.21
16843,116.937
16844,140.4
16845,137.2986
16846,310.12
16847,268.32
16848,86.265
16849,104.4
16850,245.673
16851,119.718
16852,215.55
16853,219.168
16854,266.61
16855,149.6
16856,259.74
16857,383.616
16858,239.76
16859,167.751
16860,126.51
16861,204.63
16862,147.15
16863,201.816
16864,129.438
16865,132.87
16866,169.2
16867,165.8
16868,308.22
16869,149.58
16870,416.664
16871,116.1
16872,347.88
16873,275.928
16874,57.584
16875,71.976
16876,332.028
16877,170.88
16878,213.12
16879,166.71
16880,520.5
16881,97.86
16882,223.68
16883,314.55
16884,173.796
16885,382.32
16886,59.25
16887,493.68
16888,191.61
16889,87.8316
16890,248.58
16891,291.1
16892,182.88
16893,245.13
16894,99.54
16895,119.96
16896,124.53
16897,345.597
16898,124.86
16899,247.212
16900,99.48
16901,106.8
16902,134.514
16903,50.94
16904,271.44
16905,161.0
16906,286.9204
16907,273.12
16908,155.34
16909,151.83
16910,229.544
16911,221.382
16912,295.92
16913,127.467
16914,161.64
16915,231.39
16916,86.4
16917,100.1925
16918,120.825
16919,146.88
16920,118.8
16921,274.8
16922,84.978
16923,295.65
16924,224.82
16925,100.02
16926,183.6
16927,483.462
16928,370.251
16929,50.94
16930,255.84
16931,100.26
16932,190.8
16933,184.14
16934,116.3
16935,59.4
16936,123.24
16937,89.88
16938,263.92
16939,333.48
16940,217.2
16941,125.46
16942,127.44
16943,169.092
16944,143.64
16945,267.96
16946,56.88
16947,132.72
16948,412.2
16949,200.64
16950,136.935
16951,85.5
16952,141.9
16953,323.595
16954,257.25
16955,31.68
16956,152.28
16957,119.55
16958,231.6
16959,463.077
16960,69.0945
16961,188.7
16962,327.96
16963,248.52
16964,137.16
16965,56.3
16966,185.76
16967,88.56
16968,160.65
16969,115.2
16970,122.22
16971,84.9
16972,178.02
16973,387.99
16974,271.0155
16975,357.93
16976,100.68
16977,291.56
16978,369.84
16979,163.656
16980,129.0
16981,328.266
16982,143.16
16983,145.5
16984,1171.97136
16985,242.512
16986,155.8
16987,213.57
16988,178.605
16989,63.84
16990,294.93
16991,99.2
16992,110.9776
16993,355.32
16994,230.13
16995,206.112
16996,289.568
16997,247.98
16998,186.9
16999,166.74
17000,159.3
17001,60.864
17002,206.991
17003,117.488
17004,74.352
17005,63.48
17006,97.632
17007,214.11
17008,182.94
17009,211.68
17010,107.46
17011,159.066
17012,56.736
17013,117.0
17014,152.19
17015,92.304
17016,114.81
17017,156.492
17018,218.025
17019,72.72
17020,139.34676
17021,226.8
17022,303.3
17023,154.26
17024,219.96
17025,298.464
17026,150.6
17027,95.94
17028,191.646
17029,111.98
17030,141.63
17031,146.475
17032,286.32
17033,253.95
17034,255.564
17035,117.6
17036,197.92
17037,80.1
17038,274.5
17039,239.28
17040,298.56
17041,241.488
17042,53.01
17043,98.88
17044,264.672
17045,126.96
17046,84.84
17047,146.6
17048,285.20844
17049,360.0
17050,124.56
17051,116.64
17052,62.12
17053,170.73
17054,325.8
17055,187.83
17056,172.53
17057,191.205
17058,118.8
17059,132.88
17060,315.36
17061,152.28
17062,973.12
17063,106.5
17064,47.984
17065,105.98
17066,134.61
17067,678.72
17068,211.65
17069,143.97
17070,206.26
17071,297.84
17072,242.04
17073,191.96
17074,89.696
17075,148.68
17076,444.88
17077,171.828
17078,237.75
17079,205.6491
17080,266.25
17081,112.49576
17082,377.6
17083,186.36
17084,176.4
17085,201.816
17086,113.568
17087,50.784
17088,143.52
17089,112.563
17090,103.968
17091,273.666
17092,476.208
17093,286.8
17094,176.144
17095,119.5
17096,71.94
17097,119.64
17098,94.5
17099,134.298
17100,146.34
17101,164.07
17102,113.2452
17103,302.616
17104,243.18
17105,295.8
17106,182.07
17107,81.69
17108,258.9
17109,83.7
17110,166.56
17111,237.72
17112,90.801
17113,225.296
17114,89.73
17115,262.14
17116,138.0
17117,290.7
17118,210.392
17119,125.88
17120,71.96
17121,59.94
17122,163.32
17123,94.08
17124,62.34
17125,132.87
17126,63.84
17127,135.96
17128,286.008
17129,137.8962
17130,110.98
17131,68.541
17132,258.75
17133,211.65
17134,54.544
17135,169.956
17136,208.95
17137,253.692
17138,135.72
17139,185.58
17140,67.36
17141,297.96
17142,248.85
17143,311.07
17144,286.92
17145,142.074
17146,329.4
17147,97.02
17148,59.92
17149,223.2
17150,43.344
17151,250.68
17152,338.352
17153,212.22
17154,242.046
17155,196.65
17156,298.62
17157,307.98
17158,136.14
17159,98.88
17160,56.28
17161,77.28
17162,163.92
17163,145.071
17164,329.103
17165,252.6
17166,139.5
17167,145.89
17168,96.84
17169,120.6
17170,54.552
17171,153.0
17172,162.18
17173,111.06
17174,168.8625
17175,129.06
17176,132.15
17177,206.962
17178,201.432
17179,180.12
17180,248.82
17181,258.90312
17182,72.9
17183,333.36
17184,107.325
17185,63.992
17186,190.32
17187,126.45
17188,253.8
17189,264.18
17190,195.72
17191,170.04
17192,210.64
17193,61.84
17194,424.2
17195,312.21
17196,127.71
17197,458.298
17198,323.982
17199,150.408
17200,191.28
17201,53.16
17202,272.52
17203,164.724
17204,224.289
17205,62.64
17206,163.62
17207,240.3306
17208,207.846
17209,43.8
17210,318.08
17211,164.48
17212,128.484
17213,150.66
17214,63.24
17215,173.5
17216,112.32
17217,107.94
17218,100.56
17219,101.46
17220,442.8
17221,123.12
17222,180.0
17223,112.648
17224,436.4
17225,175.24
17226,181.26
17227,164.88
17228,106.32
17229,167.16
17230,107.424
17231,109.38
17232,254.16
17233,268.32
17234,205.9038
17235,59.94
17236,62.592
17237,191.8
17238,180.12
17239,56.58
17240,107.55
17241,191.73
17242,101.97
17243,326.97
17244,129.98
17245,97.32
17246,498.528
17247,205.578
17248,163.98
17249,158.76
17250,187.056
17251,54.66
17252,249.57
17253,119.08
17254,128.25
17255,117.0
17256,333.84
17257,46.44
17258,158.8845
17259,124.14
17260,134.496
17261,146.22
17262,196.032
17263,109.64
17264,370.4
17265,70.2
17266,212.445
17267,573.728
17268,199.304
17269,218.844
17270,86.592
17271,311.62
17272,104.1
17273,130.944
17274,245.7
17275,95.718
17276,90.48
17277,54.696
17278,232.62
17279,124.44
17280,210.0
17281,67.86
17282,269.98
17283,411.75
17284,165.96
17285,170.9
17286,220.59
17287,155.85
17288,173.34
17289,104.6925
17290,155.82
17291,368.97
17292,165.6
17293,74.49
17294,86.688
17295,53.4
17296,80.04
17297,280.665
17298,113.916
17299,162.864
17300,97.776
17301,122.97
17302,70.2
17303,287.78328
17304,784.74
17305,113.64
17306,222.36
17307,118.71
17308,167.832
17309,178.119
17310,351.75
17311,257.256
17312,194.34
17313,119.94
17314,64.08
17315,95.04
17316,87.504
17317,146.988
17318,239.733
17319,126.6912
17320,117.288
17321,228.75
17322,307.666
17323,192.36
17324,201.36
17325,137.16
17326,132.52
17327,107.04
17328,56.46
17329,64.44
17330,111.12
17331,74.88
17332,117.234
17333,180.12
17334,176.22
17335,60.6
17336,173.6
17337,297.84
17338,126.27
17339,113.1975
17340,286.344
17341,726.78
17342,128.43
17343,127.08
17344,54.96
17345,219.6
17346,203.52
17347,57.645
17348,488.646
17349,115.74
17350,171.36
17351,103.302
17352,373.896
17353,181.92
17354,599.97
17355,71.076
17356,68.076
17357,159.12
17358,896.025
17359,248.274
17360,103.56
17361,398.16
17362,380.916
17363,126.64
17364,114.3
17365,76.08
17366,85.52
17367,161.96
17368,81.92
17369,94.068
17370,774.18
17371,343.656
17372,108.24
17373,52.2
17374,109.6845
17375,144.096
17376,194.76
17377,568.32
17378,99.54
17379,260.82
17380,156.744
17381,258.39
17382,272.4
17383,136.584
17384,83.56
17385,105.48
17386,164.52
17387,233.7
17388,100.62
17389,89.358
17390,109.6305
17391,158.28
17392,127.2
17393,53.64
17394,187.5735
17395,372.144
17396,197.1
17397,40.416
17398,127.47
17399,103.56
17400,197.28
17401,85.644
17402,258.426
17403,149.931
17404,314.352
17405,148.5
17406,90.24
17407,311.04
17408,207.45
17409,99.036
17410,318.276
17411,87.21
17412,177.2
17413,50.4
17414,147.9
17415,270.96
17416,164.46
17417,91.84
17418,163.56
17419,124.68
17420,100.08
17421,122.58
17422,62.4
17423,160.704
17424,53.7
17425,236.88
17426,100.5039
17427,47.82
17428,90.3
17429,90.48
17430,116.85
17431,437.67
17432,64.68
17433,129.56
17434,55.26
17435,235.2
17436,97.2
17437,248.292
17438,63.96
17439,153.864
17440,104.02
17441,76.16
17442,382.806
17443,446.4
17444,218.025
17445,142.35
17446,164.88
17447,191.28
17448,343.85
17449,44.7
17450,147.94
17451,227.745
17452,128.628
17453,401.436
17454,280.7361
17455,389.691
17456,166.84
17457,61.44
17458,97.68
17459,49.62
17460,95.013
17461,189.96
17462,146.79
17463,73.95
17464,41.958
17465,220.2
17466,258.696
17467,80.3
17468,146.73
17469,192.186
17470,207.984
17471,42.24
17472,183.0
17473,185.568
17474,87.04
17475,107.4
17476,249.584
17477,196.98
17478,218.4
17479,138.51
17480,77.025
17481,182.214
17482,47.844
17483,134.55
17484,149.04
17485,71.372
17486,71.976
17487,303.96
17488,316.2
17489,156.249
17490,109.74
17491,302.454
17492,310.0797
17493,189.72
17494,68.28
17495,98.388
17496,180.792
17497,258.48
17498,211.04
17499,140.67
17500,52.104
17501,168.81
17502,157.68
17503,338.31
17504,91.5
17505,149.4
17506,201.7647
17507,118.0629
17508,51.354
17509,70.44
17510,107.28
17511,206.43
17512,204.6
17513,219.84
17514,141.57
17515,378.45
17516,385.02
17517,114.66
17518,87.84
17519,333.0
17520,149.22
17521,341.94
17522,437.94
17523,112.509
17524,61.02
17525,135.84
17526,163.908
17527,256.72552
17528,111.888
17529,180.12
17530,330.399
17531,195.64
17532,140.6
17533,288.3556
17534,59.24
17535,134.48
17536,195.466
17537,41.904
17538,226.56
17539,184.8
17540,246.3
17541,99.0522
17542,150.012
17543,257.98
17544,599.99
17545,93.15
17546,78.288
17547,270.144
17548,157.12
17549,165.8
17550,212.8
17551,132.52
17552,146.22
17553,166.89
17554,301.77
17555,50.76
17556,190.88
17557,58.3
17558,164.0
17559,99.696
17560,246.3
17561,771.336
17562,242.109
17563,83.168
17564,220.08
17565,231.92
17566,180.64
17567,216.0
17568,125.865
17569,123.7032
17570,146.04
17571,113.4
17572,551.76
17573,137.016
17574,284.37012
17575,69.04
17576,220.8045
17577,243.54
17578,79.59
17579,416.058
17580,773.28
17581,159.12
17582,55.32
17583,102.9
17584,290.142
17585,188.895
17586,153.6
17587,194.0625
17588,239.97
17589,61.68
17590,101.58
17591,246.48
17592,174.465
17593,103.2
17594,43.5
17595,199.98
17596,145.8
17597,112.92
17598,266.688
17599,130.458
17600,98.352
17601,99.87
17602,198.0
17603,192.84
17604,102.84
17605,160.956
17606,135.45
17607,99.252
17608,262.95
17609,257.04
17610,121.419
17611,128.7
17612,66.36
17613,757.755
17614,231.255
17615,162.89
17616,113.04
17617,137.88
17618,223.12
17619,285.7
17620,46.92
17621,230.256
17622,130.44
17623,293.199
17624,172.736
17625,103.572
17626,154.48
17627,63.792
17628,98.04
17629,171.42
17630,143.7
17631,119.98
17632,168.6
17633,154.143
17634,207.12
17635,319.83
17636,71.208
17637,422.9775
17638,329.28
17639,52.83
17640,239.7
17641,186.144
17642,101.4
17643,98.96
17644,393.84
17645,600.3
17646,121.792
17647,144.42
17648,122.37
17649,176.88
17650,271.92
17651,88.032
17652,145.557
17653,109.98
17654,182.24
17655,113.16
17656,199.12
17657,127.116
17658,318.96
17659,61.47
17660,252.585
17661,209.175
17662,134.595
17663,105.552
17664,174.0585
17665,484.704
17666,241.68
17667,446.658
17668,168.96
17669,115.296
17670,198.72
17671,116.31
17672,137.856
17673,103.68
17674,62.7
17675,209.736
17676,229.176
17677,113.1
17678,114.192
17679,719.88
17680,204.408
17681,107.28
17682,96.768
17683,82.296
17684,337.104
17685,228.6
17686,81.162
17687,98.592
17688,248.64
17689,120.784
17690,278.304
17691,224.4
17692,144.342
17693,272.79
17694,242.352
17695,135.744
17696,44.08
17697,145.8
17698,359.1
17699,215.64
17700,83.43
17701,433.92
17702,198.45
17703,198.42
17704,129.68
17705,187.54416
17706,196.1
17707,47.92
17708,268.164
17709,73.53
17710,98.88
17711,219.33
17712,292.272
17713,45.36
17714,148.224
17715,131.64
17716,157.23
17717,138.3
17718,115.68
17719,83.92
17720,138.429
17721,111.0
17722,256.8
17723,185.88
17724,394.56
17725,97.656
17726,97.02
17727,347.0
17728,142.464
17729,291.42
17730,264.9
17731,158.848
17732,370.737
17733,543.3507
17734,212.355
17735,141.9
17736,166.92
17737,114.96
17738,43.56
17739,278.88
17740,142.848
17741,325.8
17742,157.95
17743,160.2
17744,80.58
17745,154.26
17746,136.65
17747,131.274
17748,193.32
17749,130.815
17750,60.48
17751,290.666
17752,469.95
17753,82.5
17754,165.24
17755,58.02
17756,173.2
17757,85.44
17758,53.136
17759,74.352
17760,139.92
17761,231.72
17762,207.81
17763,239.28
17764,89.55
17765,158.1
17766,295.95
17767,123.256
17768,159.984
17769,158.9
17770,217.32
17771,193.245
17772,149.9
17773,164.7
17774,170.92
17775,133.2
17776,78.3
17777,341.46
17778,71.361
17779,51.96
17780,124.056
17781,87.9
17782,118.782
17783,255.968
17784,90.64
17785,229.2
17786,197.92
17787,194.8
17788,240.16
17789,738.63
17790,67.284
17791,166.16
17792,509.88
17793,230.48
17794,47.52
17795,203.22
17796,62.4
17797,77.1
17798,117.6
17799,207.35004
17800,134.72
17801,85.32
17802,181.3266
17803,283.2
17804,209.16
17805,163.38
17806,195.72
17807,65.22
17808,198.96
17809,207.12
17810,82.56
17811,58.104
17812,342.54
17813,49.95
17814,191.1
17815,151.2
17816,124.32
17817,61.12
17818,128.385
17819,170.91
17820,206.685
17821,75.9
17822,104.004
17823,241.056
17824,173.24
17825,239.04
17826,100.26
17827,101.52
17828,139.152
17829,276.15
17830,113.7
17831,148.56
17832,245.862
17833,146.7
17834,89.97
17835,40.608
17836,50.8
17837,209.76
17838,177.98
17839,359.98
17840,199.08
17841,156.64
17842,189.72
17843,175.68
17844,50.7
17845,123.48
17846,256.784
17847,195.12
17848,136.38
17849,64.5
17850,133.11
17851,268.32
17852,183.8
17853,312.6555
17854,73.71
17855,305.532
17856,80.98
17857,70.686
17858,134.376
17859,123.57
17860,225.0
17861,111.72
17862,189.58008
17863,124.32
17864,123.84
17865,210.36
17866,275.4198
17867,245.16
17868,226.92
17869,304.248
17870,133.2
17871,226.32
17872,103.224
17873,142.89
17874,96.6
17875,113.169
17876,647.595
17877,165.375
17878,110.7702
17879,183.2475
17880,110.7
17881,137.62
17882,178.11
17883,110.3103
17884,137.136
17885,158.9
17886,362.4
17887,109.8
17888,124.86
17889,148.59
17890,87.06
17891,110.96
17892,99.672
17893,140.232
17894,177.888
17895,248.94
17896,48.06
17897,85.14
17898,145.89
17899,127.47
17900,263.31
17901,170.96
17902,121.28
17903,137.88
17904,181.008
17905,243.33
17906,204.63
17907,244.48
17908,40.8
17909,345.24
17910,252.3
17911,125.4
17912,123.24
17913,111.888
17914,169.92
17915,88.02
17916,274.24
17917,381.76
17918,224.01
17919,193.32
17920,306.225
17921,73.782
17922,197.36448
17923,96.0
17924,161.59616
17925,149.49
17926,101.76
17927,79.78
17928,141.33
17929,192.0288
17930,340.144
17931,212.64
17932,79.96
17933,107.4
17934,258.75
17935,345.28
17936,107.4
17937,80.475
17938,106.65
17939,475.86
17940,170.208
17941,125.1
17942,217.4
17943,72.0606
17944,238.929
17945,134.0955
17946,239.976
17947,282.84
17948,60.96
17949,111.12
17950,57.36
17951,999.09
17952,111.51
17953,300.904
17954,197.76
17955,170.487
17956,271.88
17957,258.56184
17958,103.6
17959,304.384
17960,46.65
17961,121.59
17962,194.67
17963,180.96
17964,281.34
17965,171.288
17966,299.16
17967,2636.85
17968,178.68
17969,102.48
17970,95.256
17971,99.136
17972,375.34
17973,204.95
17974,144.66
17975,148.392
17976,239.4
17977,148.878
17978,223.38
17979,104.9
17980,79.5
17981,189.58008
17982,208.6
17983,83.88
17984,151.52
17985,68.6
17986,167.34
17987,99.5004
17988,141.4
17989,276.784
17990,247.71
17991,116.28
17992,120.84
17993,253.64768
17994,412.896
17995,265.26
17996,90.72
17997,186.93
17998,165.048
17999,266.22
18000,101.76
18001,72.252
18002,345.303
18003,141.48
18004,139.8
18005,126.948
18006,108.925
18007,28.4
18008,364.74
18009,78.288
18010,165.816
18011,192.807
18012,151.5
18013,131.76
18014,88.56
18015,291.36
18016,151.38
18017,204.768
18018,177.648
18019,194.34
18020,89.25
18021,62.805
18022,174.06
18023,255.76
18024,177.48
18025,140.67
18026,175.44
18027,47.58
18028,200.76
18029,228.744
18030,293.58
18031,120.96
18032,427.59
18033,231.525
18034,146.94
18035,143.432
18036,82.368
18037,74.24
18038,96.84
18039,161.28
18040,186.06
18041,237.6
18042,91.53
18043,80.88
18044,131.376
18045,234.0
18046,229.02204
18047,165.0
18048,199.9
18049,52.86
18050,246.402
18051,57.984
18052,59.28
18053,169.74
18054,566.4
18055,338.88
18056,71.84
18057,207.9
18058,139.0914
18059,134.64
18060,153.82952
18061,224.91
18062,291.654
18063,165.6516
18064,140.75
18065,107.976
18066,301.47
18067,98.04
18068,195.93
18069,127.968
18070,128.32284
18071,110.08
18072,130.26
18073,144.9678
18074,122.71
18075,244.006
18076,248.22
18077,171.09
18078,119.28
18079,267.36
18080,193.68
18081,207.36
18082,125.64
18083,206.4
18084,253.372
18085,60.12
18086,110.721
18087,209.76
18088,123.52
18089,150.0
18090,44.388
18091,170.072
18092,98.64
18093,120.08
18094,124.59
18095,220.44
18096,138.69
18097,93.87
18098,136.2
18099,102.5868
18100,185.58
18101,182.736
18102,273.06
18103,186.48
18104,107.1
18105,328.59
18106,160.2
18107,147.712
18108,195.6
18109,159.75
18110,327.24
18111,66.45
18112,207.33
18113,242.838
18114,88.44
18115,56.268
18116,227.04
18117,76.11
18118,191.205
18119,302.22
18120,127.0
18121,195.52816
18122,78.304
18123,523.92
18124,91.36
18125,58.83
18126,158.912
18127,129.132
18128,216.0
18129,66.528
18130,208.08
18131,241.44
18132,62.61
18133,387.09
18134,168.464
18135,185.13
18136,285.804
18137,287.136
18138,182.268
18139,168.3
18140,273.18
18141,74.64
18142,272.2
18143,143.475
18144,91.26
18145,117.5625
18146,181.989
18147,213.48
18148,190.848
18149,165.312
18150,35.7
18151,195.0
18152,88.965
18153,308.52
18154,70.44
18155,112.16
18156,173.376
18157,108.24
18158,196.884
18159,271.215
18160,96.9
18161,166.83
18162,352.86
18163,191.85
18164,204.66
18165,126.9
18166,191.96
18167,104.58
18168,315.252
18169,98.7471
18170,304.9
18171,98.28
18172,243.81
18173,83.97
18174,157.77
18175,85.9548
18176,433.3098
18177,470.376
18178,161.568
18179,160.98
18180,56.73
18181,182.61
18182,165.68
18183,238.272
18184,164.7
18185,204.6
18186,207.36
18187,192.87
18188,140.94
18189,176.268
18190,80.32
18191,95.904
18192,261.954
18193,80.28
18194,378.92064
18195,178.32
18196,195.84
18197,246.105
18198,166.176
18199,1401.84
18200,164.388
18201,166.44
18202,123.9
18203,207.846
18204,634.96752
18205,225.8025
18206,205.965
18207,152.76
18208,71.52
18209,158.912
18210,93.66
18211,55.908
18212,177.952
18213,151.5
18214,321.84
18215,275.502
18216,137.58
18217,67.96
18218,115.74
18219,245.04
18220,202.38
18221,287.24436
18222,204.96
18223,91.125
18224,314.1135
18225,175.4703
18226,139.68
18227,108.486
18228,484.596
18229,144.342
18230,100.008
18231,141.63
18232,136.74
18233,58.83
18234,146.72
18235,189.46032
18236,109.8
18237,220.185
18238,91.96
18239,192.128
18240,215.872
18241,45.12
18242,53.76
18243,250.614
18244,141.96
18245,307.666
18246,104.93
18247,738.288
18248,230.5
18249,192.0
18250,50.7
18251,138.672
18252,281.151
18253,128.43
18254,161.94
18255,136.152
18256,374.4
18257,198.64
18258,253.2924
18259,97.2
18260,109.1853
18261,92.82
18262,47.43
18263,274.62
18264,216.72
18265,63.68
18266,160.692
18267,90.9
18268,156.87
18269,101.1
18270,86.2
18271,153.6
18272,116.52
18273,243.33
18274,169.74
18275,102.09
18276,97.184
18277,74.052
18278,97.74
18279,192.528
18280,163.32
18281,403.785
18282,299.16
18283,182.37
18284,149.184
18285,90.63
18286,149.31
18287,203.52
18288,238.6503
18289,387.36
18290,59.94
18291,172.5
18292,198.272
18293,67.15
18294,180.12
18295,218.64
18296,221.76
18297,225.828
18298,198.42
18299,88.2
18300,88.965
18301,195.534
18302,247.716
18303,50.46
18304,174.06
18305,259.56
18306,134.7
18307,148.512
18308,101.96
18309,114.78
18310,147.45
18311,173.88
18312,180.96
18313,111.84
18314,224.82
18315,154.953
18316,262.11
18317,44.94
18318,318.03
18319,165.312
18320,173.94
18321,142.68
18322,109.12
18323,70.08
18324,86.4
18325,231.12
18326,215.46
18327,87.9504
18328,113.832
18329,384.5738
18330,56.064
18331,93.18
18332,78.57
18333,164.7135
18334,156.654
18335,116.28
18336,89.0664
18337,94.85
18338,432.16
18339,186.3
18340,114.84
18341,135.72
18342,312.552
18343,155.916
18344,106.56
18345,169.3
18346,46.152
18347,217.12
18348,170.55
18349,340.116
18350,272.048
18351,276.224
18352,77.0
18353,161.16
18354,220.482
18355,186.705
18356,84.45
18357,95.16
18358,409.26
18359,97.26
18360,70.65
18361,189.72
18362,90.9
18363,203.76
18364,99.09
18365,198.46
18366,242.94
18367,55.984
18368,265.86
18369,492.96
18370,144.42
18371,226.6
18372,209.01296
18373,57.12
18374,113.4
18375,161.04
18376,176.148
18377,186.84
18378,111.88
18379,101.85
18380,69.3
18381,100.65
18382,163.68
18383,99.98
18384,111.93
18385,187.56
18386,152.1
18387,200.984
18388,63.04
18389,93.84
18390,149.1
18391,105.18
18392,35.34
18393,70.56
18394,77.56
18395,123.21
18396,175.77
18397,449.3475
18398,154.278
18399,109.89
18400,173.94
18401,149.1
18402,53.472
18403,158.94
18404,60.9
18405,207.144
18406,54.54
18407,135.54
18408,93.3
18409,252.585
18410,104.22
18411,146.952
18412,385.86
18413,88.02
18414,106.2
18415,266.814
18416,59.88
18417,159.984
18418,81.27
18419,158.22
18420,170.92
18421,193.68
18422,111.84
18423,153.36
18424,190.08
18425,169.28
18426,174.312
18427,194.4
18428,126.18
18429,100.5
18430,232.875
18431,155.8989
18432,39.852
18433,139.032
18434,78.4188
18435,171.51
18436,269.28
18437,169.5
18438,44.28
18439,73.2
18440,265.5
18441,289.2
18442,182.07
18443,360.96
18444,303.66
18445,55.86
18446,172.044
18447,145.86
18448,169.74
18449,143.64
18450,234.0
18451,75.87
18452,64.12
18453,176.22
18454,144.096
18455,184.68
18456,167.832
18457,109.9485
18458,83.592
18459,397.74
18460,99.7326
18461,108.48
18462,1124.1
18463,118.8
18464,43.2
18465,168.93
18466,106.869
18467,76.32
18468,76.32
18469,62.46
18470,109.8
18471,57.96
18472,219.75
18473,171.045
18474,61.47
18475,129.033
18476,329.94
18477,111.738
18478,212.88
18479,314.088
18480,93.48
18481,132.48
18482,92.6
18483,204.57
18484,103.32
18485,213.975
18486,286.32
18487,119.799
18488,109.8054
18489,145.216
18490,130.44
18491,180.285
18492,582.912
18493,45.6
18494,231.97512
18495,187.38
18496,1234.56
18497,171.288
18498,388.704
18499,146.79
18500,49.728
18501,298.68
18502,245.04
18503,270.288
18504,145.76
18505,147.28
18506,65.37
18507,56.64
18508,265.26
18509,148.8
18510,362.733
18511,174.66
18512,184.92
18513,247.02
18514,153.40752
18515,101.808
18516,81.6
18517,231.39
18518,82.6182
18519,230.1033
18520,59.004
18521,114.46
18522,104.274
18523,107.82
18524,86.19
18525,126.72
18526,263.676
18527,125.79
18528,151.362
18529,111.96
18530,288.54
18531,63.315
18532,145.98
18533,105.84
18534,139.032
18535,129.12712
18536,96.02756
18537,126.819
18538,163.4436
18539,720.3348
18540,348.93
18541,94.71
18542,260.64
18543,177.568
18544,149.46
18545,108.51
18546,255.96
18547,54.12
18548,133.35
18549,62.34
18550,103.437
18551,352.59
18552,68.472
18553,94.8
18554,271.488
18555,285.89184
18556,184.86
18557,105.525
18558,204.975
18559,424.71
18560,213.115
18561,122.4
18562,122.76
18563,53.784
18564,121.6
18565,230.28
18566,278.88
18567,118.56
18568,61.44
18569,163.15304
18570,215.46
18571,94.4
18572,130.24
18573,340.41
18574,372.897
18575,89.37
18576,120.784
18577,189.0
18578,86.76
18579,92.544
18580,268.2
18581,414.72
18582,88.92
18583,122.031
18584,219.51
18585,93.51
18586,253.4862
18587,125.22
18588,41.28
18589,151.92
18590,121.263
18591,74.7747
18592,149.352
18593,438.336
18594,65.88
18595,109.2
18596,230.22
18597,185.28
18598,376.86
18599,263.7
18600,45.3678
18601,218.4
18602,175.17
18603,33.0
18604,120.48
18605,98.85
18606,139.14
18607,174.6
18608,145.86
18609,176.256
18610,659.9
18611,79.74
18612,180.12
18613,81.816
18614,232.389
18615,127.92
18616,181.96
18617,56.61
18618,95.85
18619,248.82
18620,134.61
18621,117.6
18622,102.582
18623,137.772
18624,122.25
18625,103.8
18626,203.14
18627,264.816
18628,167.496
18629,414.0
18630,105.24
18631,176.4
18632,145.98
18633,346.32
18634,198.045
18635,418.2
18636,167.292
18637,107.118
18638,249.18
18639,231.12
18640,148.23
18641,233.28
18642,214.83
18643,159.354
18644,401.76
18645,164.4975
18646,101.88
18647,75.12
18648,209.763
18649,158.1
18650,113.82
18651,46.76
18652,252.784
18653,257.98
18654,92.96
18655,128.43
18656,74.79
18657,97.32
18658,158.58
18659,236.952
18660,158.58
18661,169.296
18662,147.663
18663,78.32
18664,47.96
18665,291.96
18666,224.55
18667,102.7776
18668,164.754
18669,217.764
18670,77.52
18671,112.2
18672,103.56
18673,58.68
18674,130.34
18675,245.7
18676,204.15
18677,187.572
18678,137.07
18679,432.6615
18680,509.22
18681,97.968
18682,77.46
18683,80.55
18684,85.428
18685,49.32
18686,229.86
18687,190.89
18688,90.3
18689,159.75
18690,44.037
18691,65.24
18692,85.32
18693,199.26
18694,236.1
18695,68.6
18696,140.24
18697,191.49
18698,68.3
18699,218.16
18700,155.7744
18701,72.504
18702,158.928
18703,115.5
18704,212.4
18705,105.324
18706,114.057
18707,129.033
18708,206.76
18709,159.354
18710,139.59
18711,152.991
18712,144.54
18713,180.6
18714,43.83
18715,184.167
18716,181.35
18717,276.784
18718,146.45
18719,92.502
18720,73.926
18721,142.89
18722,137.136
18723,57.45
18724,124.44
18725,112.98
18726,97.3674
18727,233.568
18728,102.72
18729,200.544
18730,218.736
18731,250.44
18732,198.0
18733,147.96
18734,186.8895
18735,196.92
18736,277.14
18737,91.872
18738,234.3
18739,272.28
18740,105.72
18741,172.788
18742,55.92
18743,174.24
18744,154.764
18745,249.95
18746,48.87
18747,280.26
18748,173.46
18749,218.4
18750,261.09
18751,262.14
18752,449.9154
18753,143.82
18754,46.98
18755,60.03
18756,134.01
18757,119.04
18758,265.74
18759,152.19
18760,200.16
18761,112.158
18762,113.4
18763,98.16
18764,148.02
18765,177.48
18766,74.76
18767,220.08
18768,166.83
18769,78.78
18770,217.2
18771,286.9204
18772,194.01512
18773,355.0
18774,157.584
18775,131.85
18776,127.008
18777,41.85
18778,195.93
18779,305.91
18780,49.77
18781,102.54
18782,126.0
18783,121.5
18784,356.562
18785,55.92
18786,245.43
18787,100.008
18788,204.96
18789,136.782
18790,71.28
18791,205.44
18792,164.808
18793,67.74
18794,134.9829
18795,207.24
18796,120.576
18797,108.24
18798,258.33
18799,127.50556
18800,346.3656
18801,50.4
18802,121.78
18803,73.02
18804,298.62
18805,94.35
18806,180.72
18807,145.0674
18808,65.96
18809,272.88
18810,199.71
18811,161.0034
18812,184.536
18813,185.1645
18814,141.372
18815,197.94
18816,132.26
18817,106.4
18818,178.08
18819,42.48
18820,152.712
18821,104.01
18822,78.372
18823,114.372
18824,146.52
18825,196.884
18826,114.95
18827,87.92
18828,74.784
18829,137.34
18830,47.64
18831,189.69
18832,90.336
18833,203.20272
18834,80.52
18835,102.546
18836,87.42
18837,136.08
18838,201.648
18839,166.0
18840,107.4
18841,44.7
18842,119.88
18843,101.754
18844,136.728
18845,214.8
18846,147.663
18847,79.38
18848,89.46
18849,755.96
18850,113.76
18851,308.16
18852,218.76
18853,220.2
18854,144.42
18855,272.84
18856,79.68
18857,130.95
18858,167.96
18859,183.92
18860,188.4
18861,308.7
18862,54.6
18863,217.89
18864,157.86
18865,221.16
18866,200.064
18867,139.8
18868,109.44
18869,219.84
18870,258.96
18871,304.2
18872,108.48
18873,139.0
18874,122.76
18875,509.868
18876,212.16
18877,268.1535
18878,210.24
18879,192.807
18880,39.096
18881,209.37
18882,53.01
18883,85.96
18884,63.9
18885,74.48
18886,199.44
18887,116.52
18888,277.56
18889,47.36
18890,119.02
18891,400.032
18892,267.36
18893,171.828
18894,297.36
18895,160.72
18896,207.0
18897,103.56
18898,81.672
18899,185.28
18900,127.89
18901,297.3
18902,57.6
18903,500.1666
18904,365.22
18905,134.73
18906,160.32
18907,45.888
18908,217.584
18909,110.96
18910,102.13
18911,134.91
18912,255.78
18913,98.64
18914,301.77
18915,184.47
18916,155.34
18917,78.57
18918,73.44
18919,187.83
18920,143.4
18921,99.3012
18922,146.4
18923,80.64
18924,272.3
18925,140.94
18926,168.3
18927,204.39
18928,52.65
18929,156.87
18930,310.744
18931,44.376
18932,139.08
18933,48.93
18934,225.28
18935,118.71
18936,97.32
18937,52.86
18938,209.88
18939,173.76
18940,41.742
18941,207.24
18942,59.12
18943,127.296
18944,173.34
18945,138.6
18946,189.42
18947,1227.717
18948,54.9
18949,46.224
18950,82.16
18951,140.448
18952,94.22
18953,146.1
18954,143.856
18955,256.74
18956,100.65
18957,116.397
18958,205.038
18959,267.3
18960,347.802
18961,44.7
18962,146.6
18963,123.48
18964,246.3
18965,250.02
18966,131.76
18967,148.878
18968,193.05
18969,199.584
18970,74.85
18971,106.128
18972,116.04
18973,216.72
18974,100.8
18975,135.0573
18976,1195.56
18977,279.0
18978,98.04
18979,217.89
18980,164.7
18981,153.657
18982,95.22
18983,108.42
18984,199.8
18985,175.92
18986,83.6
18987,39.78
18988,135.882
18989,84.99
18990,137.24
18991,155.88
18992,113.22
18993,241.424
18994,58.176
18995,35.088
18996,157.464
18997,85.482
18998,122.328
18999,63.12
19000,166.74
19001,152.22
19002,231.417
19003,273.87
19004,169.38
19005,149.58
19006,123.96
19007,155.052
19008,188.88
19009,149.31
19010,42.66
19011,71.04
19012,117.558
19013,78.75
19014,144.54
19015,128.744
19016,204.15
19017,70.56
19018,149.184
19019,198.2
19020,228.33
19021,256.74
19022,213.0942
19023,121.248
19024,199.96
19025,146.22
19026,105.84
19027,200.88
19028,135.54
19029,277.65
19030,34.02
19031,101.64
19032,178.875
19033,172.368
19034,58.83
19035,115.0131
19036,253.02
19037,86.895
19038,252.06
19039,122.97
19040,104.94
19041,194.4
19042,143.22
19043,46.32
19044,159.0
19045,157.95
19046,58.8
19047,272.736
19048,96.9
19049,234.6
19050,242.56
19051,173.61
19052,47.61
19053,139.68
19054,249.584
19055,54.69
19056,100.5
19057,154.35
19058,293.6208
19059,139.35
19060,124.95
19061,100.68
19062,204.21
19063,44.4087
19064,339.96
19065,47.984
19066,274.89
19067,299.99
19068,263.92
19069,145.17
19070,350.88
19071,47.04
19072,135.72
19073,90.024
19074,219.78
19075,128.124
19076,106.92
19077,248.64
19078,113.64
19079,84.6
19080,87.96
19081,137.136
19082,125.7
19083,171.0
19084,100.92
19085,118.0629
19086,224.24
19087,1715.91
19088,158.376
19089,201.96
19090,102.0
19091,266.736
19092,119.9
19093,122.16
19094,95.13
19095,45.96
19096,81.27
19097,182.994
19098,93.18
19099,215.19
19100,298.8
19101,139.86
19102,359.97
19103,107.76
19104,97.02
19105,49.86
19106,83.754
19107,78.372
19108,86.4
19109,222.384
19110,113.88
19111,163.5
19112,198.09
19113,140.22
19114,130.977
19115,102.18
19116,104.8764
19117,195.78
19118,192.78
19119,309.042
19120,743.04
19121,154.2
19122,227.84
19123,97.86
19124,149.436
19125,169.74
19126,185.4
19127,99.54
19128,172.86
19129,83.88
19130,89.97
19131,48.84
19132,333.48
19133,220.56
19134,123.34
19135,60.156
19136,73.08
19137,96.6
19138,119.833
19139,115.2
19140,185.376
19141,173.52
19142,114.34
19143,289.17
19144,251.73
19145,76.3
19146,113.52
19147,55.584
19148,585.456
19149,96.9
19150,83.754
19151,245.484
19152,84.159
19153,102.87
19154,36.3474
19155,186.948
19156,246.168
19157,239.97
19158,38.52
19159,252.16
19160,48.72
19161,138.768
19162,295.424
19163,83.07
19164,43.65
19165,147.45
19166,53.76
19167,201.04
19168,265.65
19169,122.25
19170,170.34
19171,198.45
19172,437.85
19173,273.92
19174,178.776
19175,96.9
19176,216.72
19177,161.19
19178,42.84
19179,39.36
19180,94.98
19181,88.26
19182,75.24
19183,245.268
19184,211.65
19185,120.933
19186,191.82
19187,38.4
19188,157.0
19189,42.96
19190,49.02
19191,73.44
19192,130.221
19193,148.68
19194,78.8
19195,102.8
19196,82.28
19197,172.62
19198,129.843
19199,73.2336
19200,333.84
19201,255.744
19202,184.59
19203,182.7
19204,51.84
19205,63.882
19206,86.97
19207,92.88
19208,145.53
19209,162.54
19210,86.562
19211,281.82
19212,232.848
19213,128.85
19214,138.6
19215,206.664
19216,51.84
19217,95.76
19218,91.44
19219,159.6
19220,183.924
19221,79.968
19222,246.168
19223,76.74
19224,175.46836
19225,129.06
19226,139.77
19227,195.786
19228,103.12
19229,179.94
19230,40.2
19231,127.2
19232,66.4976
19233,77.4
19234,100.26
19235,163.5
19236,41.2596
19237,116.04
19238,138.4
19239,153.36
19240,95.64
19241,102.72
19242,166.89
19243,80.736
19244,417.59536
19245,235.344
19246,76.92
19247,290.7
19248,176.256
19249,43.936
19250,101.52
19251,93.6
19252,168.0
19253,107.4
19254,44.94
19255,87.84
19256,63.2025
19257,56.52
19258,243.92
19259,35.24
19260,94.08
19261,269.19
19262,140.49
19263,73.89
19264,79.96
19265,114.81
19266,244.74
19267,285.376
19268,781.7208
19269,227.328
19270,166.8
19271,80.9205
19272,232.96
19273,109.92
19274,99.3
19275,122.94
19276,62.61
19277,139.77
19278,59.84
19279,362.46
19280,99.48
19281,221.13
19282,71.04
19283,171.9744
19284,197.97
19285,95.984
19286,161.568
19287,146.352
19288,262.89
19289,152.32
19290,40.464
19291,136.68
19292,131.88
19293,221.535
19294,133.3341
19295,185.265
19296,327.3
19297,194.64
19298,77.472
19299,174.27076
19300,111.6
19301,112.92
19302,171.45
19303,155.88
19304,137.4
19305,188.532
19306,70.32
19307,2472.66
19308,143.046
19309,294.0795
19310,223.104
19311,140.2
19312,172.0
19313,66.6
19314,780.75
19315,352.38
19316,146.82
19317,84.66
19318,93.42
19319,78.12
19320,106.542
19321,284.97
19322,58.98
19323,145.26
19324,129.92
19325,383.84
19326,115.5
19327,169.8
19328,79.08
19329,131.1
19330,101.9445
19331,342.51
19332,204.552
19333,145.05
19334,71.976
19335,67.98
19336,49.74
19337,262.72
19338,59.52
19339,221.508
19340,122.49
19341,128.52
19342,61.398
19343,173.61
19344,39.96
19345,394.816
19346,131.94
19347,467.1
19348,144.42
19349,107.304
19350,215.856
19351,114.28
19352,75.75
19353,90.585
19354,265.26
19355,95.1
19356,122.92
19357,95.97
19358,99.48
19359,123.24
19360,256.52592
19361,152.442
19362,99.0
19363,223.668
19364,108.66
19365,212.583
19366,66.852
19367,195.72
19368,93.68
19369,274.8
19370,145.5
19371,63.66
19372,97.68
19373,216.04
19374,118.752
19375,56.052
19376,102.45
19377,146.79
19378,44.64
19379,104.79
19380,131.88
19381,128.37
19382,171.16
19383,191.6
19384,156.528
19385,278.64
19386,129.762
19387,159.84
19388,104.76
19389,111.06
19390,49.848
19391,91.68
19392,708.96
19393,179.5878
19394,193.05
19395,209.655
19396,48.492
19397,84.12
19398,302.04
19399,125.36
19400,158.04
19401,130.455
19402,295.326
19403,250.38
19404,45.0288
19405,145.05
19406,118.92
19407,125.4
19408,226.08
19409,159.48
19410,54.12
19411,50.64
19412,177.792
19413,59.184
19414,292.1
19415,41.472
19416,101.52
19417,64.8
19418,91.728
19419,142.05
19420,351.864
19421,194.04
19422,289.32
19423,200.76
19424,48.84
19425,251.1
19426,62.1
19427,145.35
19428,135.351
19429,85.464
19430,163.05
19431,185.64
19432,129.54
19433,119.448
19434,381.96
19435,62.61
19436,132.72
19437,50.22
19438,103.95
19439,129.87
19440,205.08
19441,295.95
19442,98.88
19443,170.352
19444,54.18
19445,42.6
19446,358.668
19447,94.98
19448,90.6
19449,213.795
19450,169.047
19451,39.15
19452,126.9
19453,81.424
19454,83.92
19455,206.4
19456,90.3
19457,76.356
19458,55.98
19459,143.22
19460,103.95
19461,254.744
19462,93.032
19463,41.7
19464,134.61
19465,207.06
19466,183.72
19467,76.56
19468,205.44
19469,215.73
19470,223.938
19471,463.563
19472,102.336
19473,122.49
19474,124.26
19475,76.62
19476,192.0
19477,74.64
19478,97.6
19479,292.34
19480,162.54
19481,163.296
19482,106.9704
19483,107.97
19484,54.336
19485,87.84
19486,171.0
19487,136.485
19488,97.83
19489,167.328
19490,47.04
19491,171.42
19492,95.92776
19493,172.3
19494,229.44
19495,95.76
19496,216.432
19497,98.82
19498,94.74
19499,48.93
19500,96.806
19501,188.8
19502,170.28
19503,90.72
19504,79.92
19505,84.784
19506,85.2
19507,111.72
19508,136.26
19509,57.0
19510,67.44
19511,61.44
19512,935.76
19513,67.23
19514,146.88
19515,121.86
19516,242.7252
19517,740.6685
19518,152.1
19519,180.98
19520,78.759
19521,187.2
19522,97.92
19523,97.02
19524,85.36
19525,46.2
19526,142.02
19527,147.75
19528,110.7
19529,100.08
19530,199.2
19531,305.06
19532,229.62
19533,140.784
19534,103.38
19535,90.828
19536,154.9
19537,40.56
19538,156.24
19539,80.352
19540,118.26
19541,187.83
19542,126.63
19543,170.73
19544,177.48
19545,90.06
19546,239.984
19547,102.54
19548,174.96
19549,63.24
19550,139.18856
19551,144.56
19552,42.768
19553,29.736
19554,130.56
19555,148.41
19556,183.42
19557,202.716
19558,136.1781
19559,80.109
19560,102.114
19561,153.3555
19562,196.704
19563,71.7
19564,248.856
19565,225.54
19566,119.64
19567,206.784
19568,214.95
19569,79.2
19570,135.72
19571,292.944
19572,250.83
19573,102.54
19574,74.0304
19575,50.94
19576,231.92
19577,217.02
19578,251.93512
19579,164.724
19580,162.54
19581,122.352
19582,536.52
19583,123.696
19584,164.2
19585,181.248
19586,137.22
19587,84.3
19588,103.86
19589,96.78
19590,314.388
19591,48.4
19592,112.2
19593,176.1
19594,200.52
19595,172.32
19596,97.56
19597,56.46
19598,127.8
19599,155.7
19600,157.59
19601,181.134
19602,186.048
19603,125.1
19604,129.78
19605,119.568
19606,136.14
19607,194.106
19608,88.83
19609,131.904
19610,159.56
19611,84.978
19612,187.56
19613,464.52
19614,130.56
19615,246.9
19616,69.648
19617,138.72
19618,60.48
19619,133.245
19620,188.784
19621,136.242
19622,122.625
19623,182.52
19624,171.2
19625,39.96
19626,99.9
19627,195.84
19628,165.24
19629,121.92
19630,319.2
19631,153.2
19632,183.18
19633,359.64
19634,140.76
19635,92.16
19636,209.508
19637,220.464
19638,133.7877
19639,112.86
19640,51.42
19641,64.44416
19642,200.544
19643,35.94
19644,31.14
19645,43.2
19646,167.968
19647,85.44
19648,145.98
19649,105.84
19650,96.84
19651,118.2
19652,86.265
19653,138.3942
19654,117.488
19655,126.15
19656,41.202
19657,79.5
19658,41.832
19659,84.672
19660,63.948
19661,115.5006
19662,220.752
19663,164.22
19664,148.32
19665,84.18
19666,136.1
19667,224.82
19668,221.4
19669,135.3
19670,195.156
19671,169.8678
19672,113.76
19673,95.64
19674,277.7166
19675,156.792
19676,89.248
19677,123.42
19678,151.65
19679,65.22
19680,124.011
19681,27.765
19682,120.45
19683,243.495
19684,197.3985
19685,130.74
19686,276.9378
19687,131.7708
19688,217.02
19689,58.68
19690,152.1
19691,131.94
19692,159.624
19693,273.888
19694,65.16
19695,88.26
19696,123.96
19697,108.48
19698,204.15
19699,263.376
19700,80.32
19701,74.64
19702,84.3
19703,148.014
19704,102.18
19705,86.4
19706,178.56
19707,225.747
19708,364.32
19709,252.06
19710,172.44
19711,194.4
19712,118.5
19713,63.072
19714,149.95
19715,203.983
19716,67.144
19717,70.368
19718,59.58
19719,81.0
19720,63.504
19721,120.128
19722,219.84
19723,85.428
19724,145.836
19725,113.76
19726,72.36
19727,51.9
19728,39.06
19729,217.728
19730,131.868
19731,241.299
19732,90.45
19733,146.736
19734,89.88
19735,158.04
19736,159.4
19737,58.94
19738,141.12
19739,144.99
19740,56.124
19741,146.88
19742,141.28
19743,90.0
19744,119.034
19745,86.292
19746,253.8
19747,83.4
19748,198.4797
19749,170.586
19750,207.33
19751,183.24
19752,155.392
19753,149.58
19754,304.08
19755,30.84
19756,116.4
19757,180.12
19758,88.11
19759,285.48
19760,96.714
19761,129.45
19762,82.98
19763,96.9
19764,179.352
19765,145.5
19766,248.08284
19767,274.68
19768,253.56
19769,194.64
19770,150.084
19771,164.88
19772,344.704
19773,278.28
19774,97.8
19775,105.48
19776,33.264
19777,63.2502
19778,140.81
19779,108.96
19780,170.46
19781,224.04
19782,290.73
19783,155.43
19784,50.04
19785,232.95
19786,95.688
19787,93.45
19788,273.568
19789,181.884
19790,38.784
19791,70.95
19792,69.228
19793,67.92
19794,61.95
19795,150.12
19796,115.83
19797,37.476
19798,153.738
19799,177.48
19800,287.91
19801,59.2
19802,176.43
19803,90.02
19804,35.22
19805,98.76
19806,86.4
19807,77.76
19808,222.345
19809,180.6
19810,81.9882
19811,156.87
19812,267.54
19813,129.696
19814,347.88
19815,33.939
19816,187.758
19817,170.964
19818,340.08
19819,542.94
19820,179.94
19821,40.92
19822,306.78
19823,52.6
19824,40.28
19825,155.34
19826,63.3456
19827,200.943
19828,172.14
19829,175.29
19830,318.03
19831,94.56
19832,254.33856
19833,139.563
19834,48.057
19835,71.199
19836,210.24
19837,50.94
19838,160.32
19839,253.32
19840,100.8
19841,37.5
19842,96.064
19843,315.936
19844,137.25
19845,103.38
19846,80.22
19847,171.4116
19848,152.604
19849,37.376
19850,171.288
19851,159.968
19852,193.95
19853,143.76
19854,94.02
19855,160.992
19856,167.4
19857,112.86
19858,57.42
19859,166.74
19860,62.64
19861,44.037
19862,112.14
19863,291.654
19864,3410.82
19865,75.18
19866,90.24
19867,165.92
19868,124.62
19869,81.96
19870,79.11
19871,79.29
19872,134.784
19873,68.1156
19874,82.6068
19875,148.48
19876,198.46
19877,105.584
19878,337.98
19879,198.09
19880,158.76
19881,107.4
19882,139.68
19883,434.91
19884,147.258
19885,164.088
19886,193.68
19887,90.06
19888,251.73
19889,170.73
19890,244.728
19891,173.34
19892,194.52
19893,63.504
19894,164.016
19895,220.98
19896,83.25
19897,25.984
19898,104.58
19899,100.152
19900,107.28
19901,158.4
19902,179.88
19903,156.04
19904,259.248
19905,66.744
19906,111.84
19907,170.928
19908,115.36
19909,273.96
19910,66.6
19911,60.42
19912,162.12
19913,66.96
19914,76.68
19915,95.04
19916,168.96
19917,56.652
19918,139.68
19919,116.04
19920,122.432
19921,225.728
19922,60.6
19923,248.88
19924,221.7
19925,94.08
19926,68.88
19927,167.58
19928,131.94
19929,179.46
19930,111.72
19931,63.84
19932,151.96
19933,60.75
19934,141.33
19935,168.03
19936,175.17
19937,252.16
19938,64.638
19939,234.36
19940,221.184
19941,177.525
19942,231.36
19943,267.96
19944,81.98
19945,90.48
19946,105.4
19947,47.904
19948,152.28
19949,854.49
19950,97.86
19951,35.196
19952,182.625
19953,207.18
19954,517.59
19955,92.52
19956,299.98
19957,273.0
19958,146.82
19959,89.4
19960,129.12
19961,207.12
19962,134.55
19963,132.165
19964,94.122
19965,93.024
19966,117.456
19967,166.92
19968,417.456
19969,162.24
19970,268.74
19971,141.192
19972,82.524
19973,57.12
19974,93.636
19975,147.45
19976,155.34
19977,126.198
19978,146.79
19979,131.84
19980,45.216
19981,195.84
19982,256.16664
19983,113.82
19984,61.56
19985,79.68
19986,127.413
19987,333.78
19988,140.736
19989,166.44
19990,110.88
19991,84.3
19992,325.16
19993,202.608
19994,303.57
19995,79.512
19996,156.456
19997,88.096
19998,172.17
19999,41.94
20000,186.39
20001,63.968
20002,56.64
20003,58.04
20004,130.896
20005,122.325
20006,146.9052
20007,164.025
20008,307.557
20009,84.2274
20010,137.772
20011,166.44
20012,48.0
20013,304.56
20014,251.46
20015,59.64
20016,68.04
20017,99.48
20018,71.361
20019,156.006
20020,166.05
20021,228.36
20022,59.8794
20023,129.15
20024,62.4
20025,65.6352
20026,151.192
20027,104.85
20028,74.52
20029,78.75
20030,345.33
20031,169.29
20032,95.94
20033,70.71
20034,249.72
20035,74.34
20036,61.04
20037,161.514
20038,237.51
20039,212.1
20040,95.85
20041,227.718
20042,181.86
20043,83.46
20044,156.96
20045,142.08
20046,162.0
20047,292.176
20048,127.9
20049,322.8
20050,116.64
20051,95.28
20052,138.834
20053,131.904
20054,123.92
20055,161.376
20056,170.352
20057,131.07
20058,61.44
20059,154.304
20060,48.24
20061,122.22
20062,374.058
20063,93.51
20064,87.381
20065,54.72
20066,42.15
20067,272.544
20068,232.4
20069,188.8
20070,174.636
20071,100.272
20072,83.28
20073,310.5
20074,284.25
20075,88.128
20076,94.2
20077,133.12
20078,120.0
20079,85.104
20080,137.31
20081,282.24
20082,60.0
20083,126.684
20084,27.5706
20085,166.72
20086,136.256
20087,137.07
20088,154.89
20089,63.504
20090,107.82
20091,122.88
20092,216.1125
20093,87.804
20094,45.0288
20095,128.628
20096,162.1488
20097,131.94
20098,95.1
20099,142.8
20100,129.552
20101,60.24
20102,309.24
20103,173.92
20104,56.448
20105,158.76
20106,123.9
20107,196.74
20108,63.27
20109,447.876
20110,153.584
20111,189.7
20112,128.34
20113,127.824
20114,108.42
20115,136.36
20116,248.892
20117,105.84
20118,72.75
20119,33.96
20120,245.88
20121,187.92
20122,26.64
20123,124.53
20124,133.6455
20125,187.02
20126,47.61
20127,135.48
20128,96.84
20129,121.074
20130,99.5181
20131,53.91
20132,286.29
20133,89.584
20134,72.0
20135,49.02
20136,151.44
20137,141.192
20138,108.7
20139,190.815
20140,185.58
20141,334.611
20142,150.633
20143,314.22
20144,99.24
20145,54.192
20146,48.9
20147,180.84
20148,113.64
20149,52.86
20150,113.004
20151,139.35
20152,145.32
20153,44.1
20154,174.42
20155,62.46
20156,80.7756
20157,173.488
20158,136.5
20159,196.74
20160,337.68
20161,76.068
20162,583.8
20163,134.56
20164,225.9
20165,306.24
20166,92.46
20167,279.936
20168,500.4
20169,90.558
20170,76.58
20171,209.148
20172,41.43
20173,353.76
20174,76.5
20175,175.56
20176,163.2
20177,48.86
20178,175.68
20179,97.92
20180,194.94
20181,239.976
20182,169.2
20183,295.1
20184,111.2
20185,33.57
20186,84.8625
20187,41.22
20188,201.48
20189,179.9658
20190,169.2
20191,234.276
20192,149.112
20193,81.69
20194,164.07
20195,74.55
20196,203.55
20197,169.44
20198,229.5612
20199,355.48
20200,239.3
20201,99.0
20202,115.992
20203,103.68
20204,246.84
20205,110.376
20206,126.0
20207,191.88
20208,99.99
20209,341.96
20210,148.32
20211,137.16
20212,96.78
20213,109.44
20214,220.08
20215,95.2
20216,88.074
20217,126.45
20218,344.82
20219,170.07
20220,245.7
20221,184.92
20222,163.62
20223,99.45
20224,104.247
20225,104.4
20226,62.85
20227,454.6242
20228,4228.704
20229,75.88
20230,141.6
20231,48.63
20232,128.43
20233,134.3
20234,204.36
20235,148.41
20236,206.4
20237,125.1
20238,167.58
20239,76.14
20240,133.812
20241,61.116
20242,66.6
20243,221.94
20244,88.08
20245,109.764
20246,113.73
20247,51.897
20248,108.912
20249,153.576
20250,141.7059
20251,95.04
20252,64.152
20253,108.92
20254,140.192
20255,41.04
20256,139.8
20257,76.8
20258,319.56
20259,213.3
20260,300.42
20261,189.54
20262,49.35
20263,108.4
20264,206.352
20265,35.184
20266,50.13
20267,65.82
20268,211.62
20269,109.8
20270,163.62
20271,148.23
20272,47.64
20273,144.9
20274,129.12
20275,111.22
20276,54.82
20277,65.6
20278,117.0
20279,75.36
20280,33.9
20281,419.4
20282,186.304
20283,109.38
20284,128.43
20285,48.16
20286,93.68
20287,155.4
20288,99.72
20289,45.45
20290,244.8
20291,143.1
20292,152.2584
20293,61.8
20294,99.6
20295,64.56
20296,105.2
20297,77.49
20298,54.9
20299,93.15
20300,60.9
20301,108.08
20302,89.88
20303,126.9
20304,54.96
20305,125.36
20306,124.08
20307,59.52
20308,293.52
20309,84.6
20310,201.6
20311,195.048
20312,208.032
20313,253.944
20314,97.56
20315,54.72
20316,154.08
20317,204.93
20318,89.91
20319,151.362
20320,27.6
20321,275.058
20322,45.78
20323,107.072
20324,73.52
20325,179.9
20326,72.88
20327,98.46
20328,231.15
20329,97.44
20330,140.5854
20331,81.81
20332,305.01
20333,150.66
20334,102.15
20335,94.68
20336,348.208
20337,79.14
20338,248.08
20339,37.17
20340,207.144
20341,142.38
20342,47.61
20343,4363.35
20344,54.24
20345,158.208
20346,115.6356
20347,138.24
20348,76.92
20349,71.28
20350,186.15
20351,174.08
20352,355.38
20353,91.53
20354,194.4
20355,143.43
20356,115.857
20357,336.63
20358,289.92
20359,43.26
20360,146.176
20361,103.481
20362,83.92
20363,74.64
20364,82.59
20365,194.6
20366,59.4
20367,211.41
20368,219.78
20369,301.77
20370,146.88
20371,106.32
20372,71.98
20373,108.84
20374,49.2
20375,130.458
20376,153.2844
20377,118.08
20378,54.224
20379,330.04
20380,121.5
20381,98.5
20382,43.92
20383,197.61
20384,48.33
20385,240.3
20386,47.736
20387,58.8
20388,138.348
20389,98.64
20390,252.27
20391,191.96
20392,155.372
20393,228.24
20394,56.652
20395,295.65
20396,47.8
20397,65.34
20398,267.36
20399,100.32
20400,121.5
20401,146.9598
20402,123.24
20403,217.02
20404,193.92
20405,99.396
20406,248.82
20407,73.53
20408,93.024
20409,59.98
20410,143.4
20411,90.402
20412,72.672
20413,53.28
20414,113.28
20415,91.68
20416,85.455
20417,154.116
20418,60.64
20419,60.672
20420,148.92
20421,77.688
20422,128.8
20423,101.136
20424,315.24168
20425,109.08
20426,150.66
20427,115.71
20428,126.927
20429,52.857
20430,101.1
20431,226.12
20432,86.94
20433,457.056
20434,100.8
20435,177.66
20436,163.65
20437,285.36
20438,235.8528
20439,115.2
20440,163.62
20441,44.712
20442,161.244
20443,68.76
20444,131.58
20445,151.92
20446,69.48
20447,168.0
20448,132.72
20449,27.44
20450,142.83
20451,57.3
20452,73.92
20453,193.41
20454,114.5151
20455,142.776
20456,73.85
20457,117.024
20458,166.92
20459,44.64
20460,162.0
20461,146.4
20462,199.92
20463,175.725
20464,128.9322
20465,35.952
20466,175.8
20467,55.104
20468,73.68
20469,148.392
20470,68.1
20471,154.3374
20472,215.541
20473,146.592
20474,302.94
20475,30.81
20476,122.94
20477,59.1
20478,168.96
20479,84.48
20480,96.78
20481,148.48
20482,139.5
20483,142.74
20484,113.8599
20485,94.5
20486,119.8
20487,149.95
20488,256.17
20489,111.027
20490,154.044
20491,190.512
20492,254.88
20493,111.024
20494,327.76
20495,46.76
20496,296.37
20497,270.0
20498,56.907
20499,257.25
20500,123.9
20501,74.76
20502,164.7
20503,105.52
20504,205.9992
20505,114.39
20506,252.672
20507,136.584
20508,143.91
20509,93.03
20510,70.065
20511,218.64
20512,83.976
20513,36.24
20514,227.976
20515,139.96
20516,156.744
20517,193.008
20518,258.336
20519,75.825
20520,92.583
20521,56.565
20522,155.35
20523,143.856
20524,66.112
20525,146.1
20526,63.39
20527,239.28
20528,183.6
20529,94.65
20530,73.44
20531,152.25
20532,129.06
20533,202.776
20534,149.985
20535,120.96
20536,139.2
20537,148.704
20538,179.064
20539,146.28
20540,81.69
20541,204.63
20542,109.38
20543,334.88
20544,130.56
20545,144.27
20546,104.004
20547,147.168
20548,191.98
20549,144.12
20550,114.2
20551,244.08
20552,194.528
20553,141.4
20554,134.4
20555,71.52
20556,121.3
20557,95.984
20558,91.0
20559,224.4
20560,240.3
20561,140.265
20562,87.03
20563,154.26
20564,99.136
20565,81.576
20566,149.73
20567,415.176
20568,102.336
20569,107.94
20570,69.624
20571,259.44
20572,204.96
20573,72.294
20574,71.67
20575,174.396
20576,86.0
20577,110.76
20578,42.84
20579,535.782
20580,224.565
20581,139.944
20582,165.408
20583,48.78
20584,194.616
20585,77.1
20586,54.12
20587,125.685
20588,102.9
20589,128.43
20590,77.14
20591,245.52
20592,157.14
20593,212.976
20594,111.7263
20595,84.98
20596,78.6
20597,287.64
20598,90.56
20599,196.8
20600,213.84
20601,32.346
20602,140.22
20603,704.76
20604,173.94
20605,30.21
20606,55.14
20607,180.81
20608,160.65
20609,97.82
20610,144.12
20611,169.38
20612,310.32
20613,144.68
20614,199.12
20615,68.28
20616,94.08
20617,166.311
20618,158.76
20619,117.612
20620,166.89
20621,229.68
20622,107.4
20623,281.904
20624,259.96
20625,386.34
20626,48.33
20627,82.98
20628,221.4
20629,126.45
20630,243.81
20631,117.3
20632,80.46
20633,113.888
20634,120.768
20635,206.1
20636,51.6
20637,84.12
20638,131.568
20639,136.272
20640,116.1
20641,55.98
20642,220.6206
20643,119.52
20644,169.68
20645,99.6
20646,73.95
20647,92.2
20648,239.5
20649,239.76
20650,71.46
20651,125.895
20652,129.8871
20653,206.52
20654,144.66
20655,47.25
20656,91.68
20657,151.96
20658,391.86
20659,200.52
20660,110.124
20661,73.8
20662,77.445
20663,76.005
20664,178.2
20665,84.056
20666,84.272
20667,67.136
20668,109.44
20669,148.92
20670,89.4
20671,108.36
20672,173.61
20673,117.45
20674,86.913
20675,120.33
20676,76.56
20677,146.367
20678,106.38
20679,66.672
20680,64.96
20681,86.04
20682,70.08
20683,146.79
20684,163.8
20685,79.35
20686,113.91
20687,139.44
20688,99.108
20689,240.1
20690,123.72
20691,73.92
20692,108.54
20693,62.625
20694,110.7
20695,143.16
20696,33.024
20697,377.97
20698,491.55
20699,189.93936
20700,243.06
20701,67.56
20702,115.821
20703,151.02
20704,65.34
20705,177.5844
20706,37.8
20707,119.16
20708,115.032
20709,176.49
20710,139.8
20711,55.8885
20712,56.4
20713,155.37
20714,123.03
20715,193.2
20716,82.8
20717,140.94
20718,122.4
20719,100.02
20720,58.56
20721,103.5
20722,65.13
20723,79.38
20724,71.98
20725,239.976
20726,84.402
20727,182.37
20728,192.6
20729,73.76
20730,193.32
20731,97.56
20732,117.0
20733,82.035
20734,53.136
20735,49.8465
20736,232.5
20737,338.4
20738,91.2
20739,63.2
20740,72.704
20741,312.09
20742,53.28
20743,184.464
20744,81.168
20745,82.84
20746,161.4
20747,222.24
20748,68.25
20749,102.45
20750,104.76
20751,48.492
20752,166.8
20753,351.84
20754,242.94
20755,107.88
20756,378.3
20757,95.616
20758,119.28
20759,74.88
20760,136.72
20761,32.5
20762,34.425
20763,153.684
20764,40.26
20765,199.96
20766,148.48
20767,58.194
20768,105.96
20769,66.015
20770,196.92
20771,37.566
20772,110.25
20773,61.44
20774,239.8
20775,279.456
20776,31.984
20777,94.02
20778,77.16
20779,228.48
20780,78.72
20781,171.2
20782,130.896
20783,145.44
20784,85.14
20785,137.808
20786,568.608
20787,50.64
20788,270.594
20789,69.3
20790,131.94
20791,62.8
20792,156.024
20793,102.72
20794,173.21288
20795,67.86
20796,78.64
20797,126.84
20798,70.56
20799,76.815
20800,109.95
20801,58.68
20802,215.82
20803,29.88
20804,105.12
20805,258.12
20806,185.55
20807,49.44
20808,220.96
20809,105.66
20810,183.0
20811,194.04
20812,35.88
20813,63.375
20814,60.57
20815,167.34
20816,117.504
20817,186.69
20818,333.056
20819,49.5
20820,1091.93
20821,41.931
20822,195.36
20823,332.28
20824,111.06
20825,160.0
20826,48.93
20827,227.07
20828,139.23
20829,101.84
20830,138.588
20831,243.69
20832,48.51
20833,136.736
20834,126.927
20835,201.48
20836,244.08
20837,154.278
20838,342.792
20839,183.136
20840,189.5
20841,74.97
20842,130.734
20843,78.12
20844,119.61
20845,148.2516
20846,64.384
20847,129.87
20848,44.97
20849,164.32
20850,127.12524
20851,189.65992
20852,221.7
20853,243.864
20854,108.6
20855,192.6
20856,61.446
20857,213.12
20858,168.237
20859,75.114
20860,63.92
20861,59.52
20862,202.86
20863,71.04
20864,90.63
20865,219.33
20866,64.7625
20867,46.59
20868,150.255
20869,131.98
20870,99.98
20871,96.96
20872,168.12
20873,107.4
20874,100.92
20875,200.6888
20876,74.08
20877,245.016
20878,39.96
20879,54.75
20880,64.784
20881,77.55
20882,62.18
20883,103.56
20884,45.03
20885,113.52
20886,56.1
20887,228.45
20888,117.18
20889,174.42
20890,69.15
20891,94.08
20892,102.339
20893,143.58
20894,108.96
20895,115.722
20896,64.44
20897,84.48
20898,96.78
20899,583.872
20900,85.536
20901,55.944
20902,87.71
20903,163.88
20904,89.97
20905,94.4
20906,58.96
20907,74.48
20908,90.9
20909,107.28
20910,109.8
20911,140.1
20912,197.637
20913,79.695
20914,125.22
20915,167.30472
20916,97.632
20917,60.0
20918,55.62
20919,173.25
20920,183.885
20921,132.51
20922,97.6
20923,148.68
20924,87.3
20925,146.4
20926,191.241
20927,271.44
20928,146.61
20929,228.92
20930,99.99
20931,47.64
20932,333.6
20933,109.848
20934,65.92
20935,123.24
20936,175.9914
20937,93.24
20938,85.056
20939,379.242
20940,64.2
20941,116.712
20942,332.64
20943,90.072
20944,84.186
20945,106.96
20946,166.68
20947,40.26
20948,217.7
20949,171.396
20950,137.25
20951,122.94
20952,157.95
20953,97.2
20954,239.28
20955,51.84
20956,53.248
20957,97.84
20958,65.31
20959,234.3
20960,126.72
20961,38.76
20962,48.86
20963,144.732
20964,128.22
20965,239.166
20966,57.06
20967,153.6
20968,222.24
20969,106.974
20970,107.676
20971,134.352
20972,55.029
20973,212.94
20974,104.82
20975,173.16
20976,181.44
20977,54.6
20978,101.358
20979,197.372
20980,158.13
20981,83.46
20982,137.04
20983,112.5
20984,58.752
20985,80.55
20986,99.972
20987,35.36
20988,121.68
20989,42.336
20990,253.92
20991,152.652
20992,130.272
20993,94.96
20994,115.2
20995,241.5
20996,57.096
20997,176.88
20998,173.64
20999,89.248
21000,233.7
21001,205.6065
21002,118.68
21003,95.2674
21004,135.9
21005,197.49
21006,88.56
21007,233.04
21008,67.8
21009,78.08
21010,119.04
21011,117.504
21012,44.94
21013,280.44
21014,217.32
21015,104.184
21016,103.2
21017,71.04
21018,243.5
21019,142.08
21020,59.24
21021,98.64
21022,164.7
21023,112.212
21024,148.17
21025,126.54
21026,80.96
21027,127.47
21028,100.008
21029,147.09
21030,49.83
21031,35.44
21032,203.616
21033,97.632
21034,241.92
21035,205.176
21036,438.368
21037,84.192
21038,40.26
21039,172.38
21040,109.32
21041,134.13
21042,223.632
21043,61.28
21044,102.54
21045,254.13072
21046,89.28
21047,166.05
21048,121.68
21049,198.7644
21050,463.2225
21051,89.046
21052,98.64
21053,50.5
21054,138.9
21055,247.158
21056,88.896
21057,204.12
21058,47.88
21059,96.39
21060,43.038
21061,83.664
21062,157.968
21063,57.4308
21064,105.18
21065,31.95
21066,126.0
21067,173.7
21068,109.08
21069,113.256
21070,134.82
21071,561.54
21072,67.1
21073,161.532
21074,73.494
21075,93.48
21076,58.32
21077,197.28
21078,136.65
21079,122.13
21080,88.768
21081,303.25
21082,258.576
21083,102.48
21084,259.74
21085,197.352
21086,168.03
21087,118.8
21088,24.55
21089,148.32
21090,211.65
21091,269.22
21092,48.0
21093,45.09
21094,253.65
21095,39.75
21096,449.874
21097,83.984
21098,191.82
21099,141.76
21100,110.4
21101,118.25
21102,61.544
21103,126.348
21104,50.73
21105,45.2
21106,201.285
21107,42.976
21108,62.16
21109,246.78
21110,65.16
21111,145.76
21112,58.59
21113,84.9
21114,143.1
21115,129.6
21116,62.1
21117,234.792
21118,84.75
21119,34.36
21120,89.95
21121,141.63
21122,153.568
21123,47.36
21124,58.9
21125,719.85
21126,197.88
21127,87.48
21128,104.94
21129,158.472
21130,42.525
21131,105.4011
21132,115.02
21133,48.96
21134,138.08
21135,134.61
21136,138.6
21137,410.346
21138,113.7486
21139,71.4378
21140,98.028
21141,106.32
21142,40.158
21143,309.78
21144,71.34
21145,127.5
21146,77.472
21147,111.04
21148,107.82
21149,145.98
21150,110.187
21151,80.43
21152,192.726
21153,108.48
21154,121.536
21155,122.58
21156,76.44
21157,146.61
21158,100.68
21159,142.08
21160,114.3
21161,173.61
21162,147.69
21163,185.0688
21164,46.512
21165,116.64
21166,62.3712
21167,304.23
21168,137.54
21169,169.38
21170,47.58
21171,135.96
21172,272.2
21173,70.56
21174,135.92
21175,162.6
21176,128.22
21177,140.265
21178,207.33
21179,231.0
21180,166.92
21181,42.675
21182,114.78
21183,118.2
21184,128.5515
21185,85.293
21186,128.82
21187,138.56
21188,170.19
21189,91.0
21190,235.116
21191,94.98
21192,86.94
21193,179.232
21194,126.927
21195,143.37
21196,38.88
21197,241.96
21198,129.3
21199,156.8
21200,130.62
21201,39.32
21202,71.82
21203,81.69
21204,191.13
21205,135.9333
21206,77.1
21207,136.89
21208,128.744
21209,64.784
21210,115.56
21211,107.46
21212,436.32
21213,156.24
21214,130.34
21215,87.99
21216,219.78
21217,101.76
21218,112.8
21219,119.616
21220,148.74
21221,56.628
21222,163.2
21223,69.92
21224,87.22
21225,204.084
21226,171.639
21227,101.412
21228,63.312
21229,182.112
21230,173.88
21231,520.98
21232,86.96
21233,82.08
21234,258.9
21235,88.128
21236,96.798
21237,254.07
21238,163.92
21239,241.6446
21240,40.05
21241,207.12
21242,105.32
21243,76.8
21244,43.12
21245,100.44
21246,117.396
21247,96.75
21248,123.12
21249,118.2
21250,34.2
21251,54.224
21252,182.72
21253,130.944
21254,87.84
21255,81.66
21256,93.555
21257,123.12
21258,122.94
21259,147.987
21260,412.02
21261,252.0378
21262,252.0
21263,65.5557
21264,121.104
21265,116.88
21266,103.56
21267,98.4
21268,144.9
21269,111.72
21270,61.62
21271,43.95
21272,95.004
21273,25.47
21274,138.96
21275,158.22
21276,211.05
21277,96.552
21278,111.0
21279,114.864
21280,94.192
21281,114.78
21282,47.04
21283,211.41
21284,42.03
21285,92.43
21286,55.17
21287,46.5
21288,221.508
21289,206.388
21290,85.5414
21291,159.88
21292,137.79
21293,60.96
21294,132.84
21295,149.82
21296,146.1
21297,114.528
21298,254.88
21299,28.96
21300,128.8
21301,156.6
21302,64.38
21303,187.515
21304,103.584
21305,109.65
21306,134.97
21307,421.1
21308,165.6
21309,130.62
21310,28.68
21311,158.4
21312,67.44
21313,153.42
21314,146.9052
21315,139.77
21316,248.57
21317,221.568
21318,77.0
21319,174.84
21320,95.04
21321,289.35
21322,40.68
21323,110.28
21324,124.338
21325,325.92
21326,49.44
21327,59.4
21328,563.43
21329,48.712
21330,137.31
21331,34.02
21332,107.1
21333,109.8
21334,124.32
21335,98.46
21336,69.516
21337,54.384
21338,129.92
21339,51.968
21340,189.12
21341,38.28
21342,192.128
21343,199.44
21344,168.12
21345,151.38
21346,98.46
21347,147.9
21348,132.867
21349,266.688
21350,75.492
21351,93.18
21352,66.744
21353,32.85
21354,141.9
21355,52.512
21356,69.93
21357,221.024
21358,257.85
21359,140.52
21360,44.94
21361,147.9
21362,111.78
21363,303.858
21364,160.5366
21365,114.66
21366,130.41
21367,77.526
21368,38.88
21369,154.7784
21370,96.3
21371,296.85
21372,166.44
21373,83.7
21374,143.1
21375,130.56
21376,66.72
21377,253.44
21378,185.28
21379,145.35
21380,178.74
21381,158.94
21382,37.94
21383,96.0
21384,139.8
21385,74.64
21386,85.62
21387,80.1
21388,111.84
21389,108.42
21390,166.5
21391,116.88
21392,54.0
21393,117.15
21394,96.18
21395,126.8
21396,659.424
21397,170.64
21398,226.9
21399,110.6
21400,75.15
21401,178.56
21402,69.498
21403,101.12
21404,186.54
21405,40.4
21406,187.848
21407,96.66
21408,147.45
21409,108.0
21410,166.74
21411,167.268
21412,112.2
21413,109.32
21414,196.884
21415,95.85
21416,191.079
21417,62.61
21418,171.0
21419,130.68
21420,35.8
21421,145.152
21422,144.096
21423,190.44
21424,92.052
21425,88.35
21426,65.052
21427,73.26
21428,149.97
21429,115.96
21430,65.31
21431,34.68
21432,38.58
21433,102.33
21434,149.28
21435,137.94
21436,49.47
21437,124.56
21438,149.38
21439,210.69
21440,168.3
21441,53.406
21442,99.6
21443,91.134
21444,32.4
21445,50.22
21446,31.752
21447,162.96
21448,132.87
21449,108.36
21450,80.32
21451,88.44
21452,200.088
21453,123.8664
21454,276.2613
21455,181.8
21456,109.592
21457,92.88
21458,84.672
21459,238.08
21460,63.84
21461,85.47
21462,146.121
21463,169.68
21464,70.88
21465,48.96
21466,120.0
21467,122.58
21468,98.4
21469,161.1
21470,129.6
21471,121.92
21472,88.83
21473,138.96
21474,81.408
21475,156.1032
21476,145.32
21477,177.93
21478,195.72
21479,61.96
21480,124.32
21481,40.32
21482,169.68
21483,123.12
21484,91.68
21485,63.24
21486,99.2
21487,86.4
21488,154.5
21489,165.888
21490,73.92
21491,208.2375
21492,121.6116
21493,248.688
21494,273.3
21495,58.32
21496,160.92
21497,222.81
21498,41.463
21499,43.83
21500,133.488
21501,200.04
21502,179.46
21503,52.0566
21504,122.328
21505,249.95
21506,81.552
21507,74.352
21508,110.1
21509,74.49
21510,161.5
21511,67.92
21512,89.94
21513,55.86
21514,99.84
21515,70.2
21516,101.7
21517,91.176
21518,123.088
21519,105.72
21520,65.043
21521,63.504
21522,68.985
21523,435.26
21524,61.96
21525,138.0
21526,174.95
21527,61.44
21528,93.84
21529,217.32
21530,112.86
21531,92.04
21532,95.42
21533,94.32
21534,92.88
21535,185.8
21536,114.17
21537,146.58
21538,231.642
21539,256.5
21540,83.88
21541,146.352
21542,99.588
21543,75.48
21544,158.736
21545,99.3
21546,167.4
21547,126.96
21548,64.0
21549,74.208
21550,97.92
21551,85.5
21552,275.13
21553,117.126
21554,445.5
21555,93.888
21556,99.87
21557,48.6
21558,97.56
21559,144.2
21560,246.9
21561,84.9
21562,193.68
21563,169.44
21564,242.352
21565,36.784
21566,300.904
21567,91.475
21568,297.09
21569,121.84
21570,81.84
21571,135.48
21572,97.56
21573,188.76
21574,123.66
21575,133.29
21576,82.5
21577,42.84
21578,1113.264
21579,129.568
21580,115.74
21581,77.52
21582,168.2
21583,32.576
21584,184.76
21585,52.72
21586,118.2
21587,227.82
21588,190.296
21589,109.62
21590,145.557
21591,95.64
21592,95.616
21593,136.5
21594,124.146
21595,93.42
21596,136.38
21597,54.9
21598,62.72
21599,133.392
21600,88.68
21601,78.246
21602,80.46
21603,244.26
21604,34.101
21605,169.68
21606,85.3
21607,65.17
21608,71.632
21609,239.96
21610,184.752
21611,237.096
21612,82.32
21613,141.33
21614,93.84
21615,105.952
21616,166.92
21617,291.0
21618,192.375
21619,119.799
21620,107.94
21621,120.96
21622,68.892
21623,186.0
21624,134.91
21625,43.08
21626,96.84
21627,161.16
21628,55.5
21629,144.9
21630,162.64
21631,140.75
21632,115.89
21633,103.92
21634,224.82
21635,117.504
21636,88.3
21637,88.3
21638,57.3
21639,172.53
21640,78.84
21641,93.195
21642,94.38
21643,54.18
21644,57.528
21645,275.16
21646,53.9325
21647,94.98
21648,85.14
21649,152.118
21650,130.56
21651,88.776
21652,180.96
21653,109.53
21654,119.976
21655,194.7
21656,178.5
21657,96.256
21658,68.6
21659,158.6
21660,154.8
21661,123.93
21662,101.4135
21663,62.04
21664,70.308
21665,99.198
21666,128.9025
21667,163.3275
21668,169.56
21669,101.46
21670,66.48
21671,177.75
21672,67.92
21673,61.86
21674,177.68
21675,142.68
21676,124.416
21677,98.64
21678,64.8
21679,167.58
21680,137.44
21681,35.28
21682,80.1
21683,149.931
21684,118.32
21685,145.719
21686,155.372
21687,176.784
21688,155.34
21689,67.71
21690,36.792
21691,88.86
21692,107.82
21693,107.48
21694,78.8
21695,135.54
21696,137.16
21697,54.513
21698,140.436
21699,291.78
21700,186.786
21701,201.123
21702,257.64
21703,174.3
21704,60.75
21705,45.0
21706,49.6
21707,154.08
21708,95.28
21709,187.839
21710,73.35
21711,94.875
21712,101.412
21713,145.2168
21714,205.7286
21715,141.552
21716,214.656
21717,96.12
21718,169.28
21719,128.0
21720,121.5
21721,206.16
21722,104.16
21723,101.4
21724,131.49
21725,163.68
21726,147.96
21727,68.526
21728,324.48
21729,156.3728
21730,145.356
21731,200.04
21732,61.71
21733,52.86
21734,160.0
21735,83.016
21736,171.36
21737,79.11
21738,134.1
21739,195.39
21740,61.56
21741,155.04
21742,162.6093
21743,120.96
21744,157.8
21745,103.68
21746,223.96
21747,99.372
21748,114.72
21749,151.2
21750,56.76
21751,173.31268
21752,107.44
21753,139.77
21754,99.12
21755,125.82
21756,213.136
21757,221.16
21758,110.28
21759,72.567
21760,62.28
21761,67.36
21762,151.56
21763,155.34
21764,103.2
21765,206.712
21766,138.69
21767,75.04
21768,151.2
21769,172.98
21770,80.46
21771,101.88
21772,231.9
21773,118.713
21774,41.13
21775,53.91
21776,186.462
21777,96.42
21778,87.54
21779,52.08
21780,72.45
21781,148.17
21782,146.4
21783,40.32
21784,184.38
21785,109.92
21786,118.746
21787,313.56
21788,276.4656
21789,104.625
21790,103.77
21791,25.2
21792,176.4
21793,70.434
21794,98.64
21795,318.2544
21796,100.0
21797,46.2
21798,89.9
21799,59.82
21800,70.992
21801,178.38
21802,33.72
21803,135.2
21804,94.02
21805,82.6
21806,285.48
21807,31.08
21808,73.8
21809,49.08
21810,78.246
21811,118.1943
21812,49.02
21813,79.5
21814,112.92
21815,29.99
21816,98.352
21817,123.36
21818,229.56
21819,234.92
21820,154.624
21821,944.2
21822,125.36
21823,161.4
21824,284.16
21825,143.04
21826,89.55
21827,57.825
21828,60.696
21829,137.88
21830,108.0
21831,100.2
21832,90.99
21833,63.207
21834,38.46
21835,48.93
21836,76.96
21837,75.6
21838,296.73
21839,145.35
21840,143.79
21841,106.8
21842,59.16
21843,45.69
21844,118.44
21845,69.861
21846,31.74
21847,130.24
21848,333.234
21849,158.976
21850,115.5
21851,209.16
21852,85.905
21853,129.45
21854,102.93
21855,116.98
21856,184.752
21857,141.45
21858,87.76
21859,60.372
21860,164.7
21861,173.85
21862,57.84
21863,532.3992
21864,111.104
21865,34.944
21866,94.38
21867,87.96
21868,78.288
21869,62.34
21870,64.692
21871,77.4
21872,74.601
21873,85.995
21874,199.92
21875,94.5
21876,41.16
21877,168.372
21878,173.656
21879,101.328
21880,110.16
21881,69.04
21882,108.36
21883,80.1
21884,105.3375
21885,79.29
21886,34.2
21887,48.944
21888,128.52
21889,349.32
21890,136.64
21891,95.16
21892,163.98
21893,118.1565
21894,128.898
21895,83.862
21896,158.13
21897,101.34
21898,176.772
21899,204.9
21900,48.6
21901,98.52
21902,74.16
21903,130.0
21904,104.328
21905,152.28
21906,339.48
21907,110.2572
21908,57.825
21909,45.04
21910,103.68
21911,137.16
21912,415.71
21913,174.5184
21914,199.98
21915,47.976
21916,213.08
21917,68.112
21918,217.6
21919,76.544
21920,84.18
21921,266.22
21922,277.92
21923,24.12
21924,188.58
21925,72.675
21926,114.912
21927,158.571
21928,130.815
21929,76.776
21930,111.888
21931,128.058
21932,159.6
21933,76.51152
21934,382.21404
21935,77.472
21936,51.4
21937,200.97
21938,145.044
21939,204.66
21940,235.32
21941,82.8
21942,145.74
21943,90.86
21944,134.946
21945,37.296
21946,129.6
21947,154.044
21948,39.96
21949,164.025
21950,75.96
21951,121.905
21952,139.44
21953,91.512
21954,61.8
21955,170.28
21956,52.8
21957,69.15
21958,139.59
21959,73.92
21960,151.56
21961,139.968
21962,105.36
21963,124.62
21964,141.57
21965,100.95
21966,95.22
21967,115.83
21968,252.54
21969,219.075
21970,119.904
21971,108.66
21972,88.992
21973,75.0
21974,600.36
21975,58.44
21976,115.8
21977,122.985
21978,168.6825
21979,178.92
21980,111.84
21981,30.72
21982,176.94
21983,39.39
21984,55.74
21985,132.44
21986,91.08
21987,97.92
21988,90.0
21989,103.56
21990,67.86
21991,46.725
21992,125.73
21993,69.57
21994,200.88
21995,111.834
21996,54.6
21997,143.22
21998,68.4018
21999,154.08
22000,175.77
22001,89.64
22002,99.92
22003,115.02
22004,155.712
22005,88.224
22006,37.8
22007,74.08
22008,77.5
22009,151.38
22010,111.96
22011,93.18
22012,138.69
22013,66.96
22014,33.444
22015,71.97
22016,118.25
22017,177.536
22018,75.18
22019,103.04
22020,99.288
22021,134.46
22022,97.74
22023,129.285
22024,298.62
22025,161.64
22026,50.46
22027,124.02
22028,216.4
22029,175.95
22030,180.48
22031,73.1
22032,171.18
22033,123.579
22034,101.4408
22035,81.8712
22036,43.146
22037,83.34
22038,48.96
22039,319.56
22040,58.8
22041,50.8
22042,213.108
22043,163.44
22044,79.632
22045,126.48
22046,49.32
22047,242.25
22048,82.8
22049,138.6
22050,39.825
22051,113.04
22052,114.768
22053,147.184
22054,161.22
22055,154.98
22056,115.44
22057,67.1
22058,132.8319
22059,170.97
22060,99.9
22061,115.84
22062,87.78
22063,65.28
22064,40.368
22065,303.0664
22066,232.389
22067,116.8425
22068,23.16
22069,34.92
22070,190.98
22071,164.46
22072,115.74
22073,1371.42
22074,35.607
22075,203.88
22076,117.576
22077,192.5
22078,214.2
22079,123.12
22080,132.108
22081,142.592
22082,131.96
22083,87.3
22084,67.98
22085,87.156
22086,111.48
22087,70.794
22088,93.18
22089,82.386
22090,138.48
22091,305.472
22092,108.216
22093,42.16
22094,274.6407
22095,35.175
22096,95.904
22097,47.984
22098,181.68
22099,98.5
22100,97.578
22101,49.95
22102,143.37
22103,99.84
22104,85.32
22105,77.16
22106,160.776
22107,102.93
22108,109.69
22109,109.8
22110,124.32
22111,99.36
22112,132.15
22113,207.825
22114,186.84
22115,152.442
22116,130.59
22117,73.26
22118,78.304
22119,162.84
22120,138.48
22121,122.88
22122,167.58
22123,93.18
22124,99.4
22125,200.51816
22126,39.7
22127,152.766
22128,43.2
22129,116.1675
22130,121.104
22131,60.72
22132,117.48
22133,79.884
22134,32.96
22135,70.88
22136,78.96
22137,106.08
22138,49.929
22139,145.65
22140,71.928
22141,127.47
22142,158.58
22143,98.64
22144,158.76
22145,277.08
22146,90.3
22147,252.0
22148,309.12
22149,63.18
22150,105.312
22151,116.0
22152,77.98
22153,92.88
22154,158.328
22155,49.32
22156,194.1867
22157,147.96
22158,132.3
22159,209.6
22160,44.4
22161,101.76
22162,113.76
22163,112.92
22164,273.45
22165,192.87
22166,47.3
22167,60.54
22168,25.74
22169,137.208
22170,146.58
22171,64.824
22172,77.36
22173,107.4
22174,71.28
22175,178.605
22176,214.656
22177,94.2
22178,126.9
22179,77.52
22180,194.528
22181,108.72
22182,126.9
22183,171.968
22184,174.0
22185,52.38
22186,168.0
22187,91.152
22188,148.96
22189,75.78
22190,97.02
22191,79.38
22192,34.83
22193,112.725
22194,88.83
22195,120.024
22196,115.68
22197,143.976
22198,79.872
22199,51.63
22200,123.24
22201,258.24
22202,473.84
22203,84.69
22204,166.83
22205,124.95
22206,160.089
22207,58.104
22208,79.96
22209,163.62
22210,127.32
22211,251.008
22212,148.5
22213,178.78
22214,51.57
22215,108.2736
22216,98.88
22217,97.68
22218,33.66
22219,69.08
22220,48.94
22221,220.56
22222,165.12
22223,80.58
22224,52.104
22225,194.64
22226,201.84
22227,268.11
22228,108.36
22229,166.14
22230,151.2
22231,238.896
22232,54.9
22233,166.83
22234,29.268
22235,178.56
22236,137.472
22237,173.16
22238,4799.984
22239,311.04
22240,117.12
22241,93.18
22242,50.46
22243,116.88
22244,31.4
22245,37.44
22246,159.8
22247,156.744
22248,166.48
22249,145.8
22250,177.84
22251,78.57
22252,80.01
22253,53.676
22254,85.59
22255,146.82
22256,182.07
22257,52.2
22258,526.40508
22259,103.56
22260,144.75
22261,178.2
22262,230.5098
22263,90.9321
22264,169.725
22265,74.0781
22266,361.92
22267,454.9
22268,105.52
22269,32.19
22270,81.78
22271,195.264
22272,52.47
22273,88.74
22274,130.23
22275,116.76
22276,165.51
22277,141.04
22278,156.168
22279,141.825
22280,122.76
22281,111.9525
22282,337.23
22283,66.96
22284,157.41
22285,168.1
22286,55.328
22287,107.46
22288,90.36
22289,35.04
22290,63.808
22291,66.0
22292,33.57
22293,53.217
22294,188.37
22295,162.3228
22296,251.01
22297,247.59
22298,104.88
22299,278.7
22300,136.38
22301,81.45
22302,74.655
22303,86.94
22304,90.4617
22305,142.86
22306,227.36
22307,97.56
22308,141.48
22309,101.16
22310,98.82
22311,64.8
22312,30.352
22313,113.76
22314,209.5
22315,87.264
22316,88.44
22317,182.16
22318,256.8
22319,115.92
22320,146.79
22321,73.656
22322,302.2908
22323,137.916
22324,123.24
22325,80.16
22326,168.2
22327,117.92
22328,125.82
22329,34.02
22330,100.74
22331,105.96
22332,55.4751
22333,51.138
22334,147.33
22335,39.54
22336,166.92
22337,75.92
22338,167.34
22339,54.432
22340,247.5
22341,222.6
22342,66.9
22343,129.93
22344,122.94
22345,148.65
22346,86.604
22347,27.864
22348,219.28
22349,148.284
22350,72.99
22351,127.26
22352,129.15
22353,98.22
22354,87.96
22355,86.352
22356,198.9
22357,60.6
22358,421.47536
22359,99.108
22360,382.14
22361,134.37
22362,316.3275
22363,144.72
22364,283.662
22365,76.7169
22366,81.324
22367,35.1
22368,139.92
22369,42.76
22370,146.04
22371,37.76
22372,350.58
22373,101.76
22374,96.84
22375,72.0
22376,67.05
22377,33.3
22378,114.075
22379,127.08
22380,69.516
22381,58.752
22382,90.48
22383,53.04
22384,168.1
22385,143.97
22386,96.6
22387,50.52
22388,195.76
22389,156.624
22390,57.78
22391,103.356
22392,80.1
22393,155.88
22394,93.03
22395,112.08
22396,89.4408
22397,75.708
22398,79.96
22399,181.95
22400,158.376
22401,109.9
22402,105.584
22403,200.64
22404,121.92
22405,141.354
22406,169.92
22407,223.87136
22408,88.56
22409,122.13
22410,173.556
22411,109.9485
22412,120.96
22413,60.768
22414,119.96
22415,818.02
22416,125.44
22417,145.32
22418,146.523
22419,146.7
22420,76.482
22421,62.925
22422,114.9384
22423,48.48
22424,142.08
22425,43.95
22426,63.168
22427,87.78
22428,77.94
22429,53.04
22430,159.624
22431,253.95
22432,109.998
22433,114.84
22434,160.38
22435,87.9
22436,61.632
22437,30.072
22438,104.68
22439,350.352
22440,116.28
22441,128.85
22442,108.66
22443,275.58
22444,126.8
22445,64.84
22446,522.51288
22447,84.564
22448,74.556
22449,55.188
22450,81.84
22451,121.08
22452,56.82
22453,86.76
22454,202.1808
22455,108.0
22456,158.4
22457,43.86
22458,43.176
22459,158.22
22460,97.56
22461,58.56
22462,137.58
22463,157.23
22464,100.404
22465,199.95
22466,64.784
22467,199.44
22468,97.36
22469,60.06
22470,75.536
22471,59.4
22472,110.1
22473,318.5622
22474,125.73
22475,73.224
22476,123.93
22477,89.4
22478,105.24
22479,253.206
22480,91.962
22481,297.432
22482,97.82
22483,93.6
22484,64.4
22485,747.18
22486,75.36
22487,62.46
22488,26.76
22489,99.792
22490,138.8241
22491,164.349
22492,287.9436
22493,134.288
22494,143.1
22495,137.34
22496,94.44
22497,136.64
22498,175.875
22499,41.92
22500,84.96
22501,193.56
22502,52.92
22503,55.824
22504,54.6
22505,141.288
22506,34.7
22507,103.14
22508,83.4
22509,82.89
22510,70.05
22511,65.28
22512,34.29
22513,51.111
22514,159.165
22515,96.36
22516,75.96
22517,54.18
22518,48.06
22519,128.8
22520,60.39
22521,268.812
22522,124.44
22523,121.275
22524,104.463
22525,88.74
22526,118.935
22527,175.9176
22528,84.96
22529,137.58
22530,122.76
22531,84.48
22532,36.32
22533,121.92
22534,132.15
22535,77.7
22536,244.8
22537,47.25
22538,78.327
22539,37.38
22540,68.607
22541,157.8225
22542,178.32
22543,142.4
22544,78.99
22545,127.8
22546,341.94
22547,66.88
22548,55.92
22549,85.62
22550,105.72
22551,216.0
22552,119.25
22553,168.3
22554,159.444
22555,70.68
22556,60.89
22557,73.2
22558,147.663
22559,380.916
22560,338.6616
22561,53.16
22562,123.92
22563,41.4
22564,206.4
22565,77.472
22566,97.236
22567,146.736
22568,194.4
22569,121.9212
22570,36.288
22571,74.79
22572,89.97
22573,85.32
22574,43.92
22575,130.32
22576,85.464
22577,201.0
22578,114.78
22579,67.8
22580,142.2
22581,136.95
22582,149.58
22583,149.28
22584,95.736
22585,27.36
22586,111.79
22587,101.34
22588,65.568
22589,102.696
22590,64.3
22591,76.08
22592,54.12
22593,112.62
22594,101.58
22595,162.54
22596,50.7
22597,120.5658
22598,122.94
22599,111.3
22600,255.984
22601,119.833
22602,156.456
22603,56.46
22604,121.32
22605,25.29
22606,88.155
22607,35.44
22608,109.848
22609,143.325
22610,151.875
22611,262.14
22612,97.88
22613,43.02
22614,66.96
22615,150.744
22616,112.32
22617,79.74
22618,124.593
22619,74.655
22620,95.976
22621,170.136
22622,96.42
22623,109.98
22624,126.375
22625,72.009
22626,74.565
22627,253.3635
22628,56.448
22629,69.98
22630,58.08
22631,230.22
22632,194.4
22633,109.272
22634,255.45
22635,123.6534
22636,142.182
22637,89.442
22638,51.9
22639,44.496
22640,196.02
22641,123.93
22642,172.98
22643,132.84
22644,95.418
22645,64.233
22646,31.0365
22647,155.7
22648,54.918
22649,81.08
22650,109.74
22651,122.88
22652,175.32
22653,139.572
22654,170.3
22655,73.44
22656,29.55
22657,179.172
22658,315.18
22659,94.65
22660,92.94
22661,96.9
22662,64.68
22663,117.4472
22664,51.68
22665,86.688
22666,149.58
22667,39.54
22668,168.318
22669,136.5
22670,136.784
22671,56.736
22672,266.895
22673,41.352
22674,59.85
22675,115.425
22676,102.42
22677,99.696
22678,128.4
22679,68.52
22680,59.98
22681,61.02
22682,47.952
22683,136.74
22684,46.41
22685,37.5
22686,124.32
22687,115.08
22688,79.74
22689,125.37
22690,64.2765
22691,192.555
22692,236.97
22693,166.92
22694,74.72
22695,48.7
22696,123.76
22697,88.11
22698,85.23
22699,462.132
22700,170.88
22701,106.1055
22702,70.08
22703,56.64
22704,127.869
22705,162.54
22706,70.95
22707,100.8
22708,110.808
22709,260.88
22710,111.984
22711,98.88
22712,84.978
22713,45.216
22714,176.94
22715,142.2
22716,122.892
22717,24.72
22718,51.81
22719,102.1149
22720,110.096
22721,125.99
22722,196.784
22723,145.32
22724,84.84
22725,53.64
22726,163.32
22727,138.36
22728,152.704
22729,80.01
22730,172.692
22731,77.67
22732,126.78
22733,226.08
22734,132.15
22735,343.77
22736,135.594
22737,31.104
22738,103.14
22739,133.2
22740,145.26
22741,114.34
22742,153.6
22743,87.42
22744,105.552
22745,99.95
22746,159.98
22747,45.75
22748,41.73
22749,97.74
22750,136.5936
22751,132.048
22752,172.8
22753,94.05
22754,78.57
22755,122.12
22756,153.36
22757,145.9
22758,152.22
22759,104.02
22760,82.84
22761,111.84
22762,155.7
22763,146.85
22764,118.35
22765,120.096
22766,137.088
22767,94.788
22768,93.98
22769,110.352
22770,83.7
22771,197.05
22772,96.6
22773,94.896
22774,102.72
22775,67.176
22776,23.94
22777,128.88
22778,157.2848
22779,55.36
22780,166.1
22781,42.72
22782,107.82
22783,151.56
22784,58.56
22785,127.88
22786,65.22
22787,117.96
22788,63.84
22789,183.92
22790,114.3
22791,65.28
22792,146.736
22793,82.35
22794,187.986
22795,74.52
22796,126.9135
22797,74.6505
22798,84.06
22799,59.52
22800,69.5
22801,61.0
22802,83.92
22803,203.92
22804,61.2
22805,102.84
22806,168.3
22807,146.736
22808,104.196
22809,107.64
22810,48.632
22811,64.68
22812,382.51668
22813,85.14
22814,52.74
22815,39.555
22816,280.125
22817,116.55
22818,81.66
22819,63.18
22820,81.92
22821,44.67
22822,87.96
22823,61.38
22824,97.32
22825,142.08
22826,57.0
22827,127.47
22828,65.28
22829,49.968
22830,143.04
22831,83.88
22832,97.578
22833,95.49
22834,143.316
22835,87.71
22836,102.24
22837,74.55
22838,44.784
22839,148.104
22840,66.015
22841,120.888
22842,102.9
22843,150.09
22844,132.0495
22845,53.676
22846,109.8
22847,27.216
22848,89.34
22849,46.98
22850,30.4
22851,82.22
22852,49.296
22853,119.55
22854,84.159
22855,116.4
22856,174.96
22857,289.26
22858,73.3785
22859,100.116
22860,189.432
22861,43.8
22862,230.67252
22863,112.54
22864,96.0
22865,219.996
22866,36.882
22867,105.584
22868,38.388
22869,195.136
22870,66.048
22871,101.58
22872,91.424
22873,79.44
22874,97.8
22875,114.76728
22876,147.712
22877,135.57856
22878,98.76
22879,109.38
22880,149.22
22881,127.17
22882,101.412
22883,87.2496
22884,51.81
22885,56.46
22886,94.38
22887,272.5
22888,124.5
22889,102.32
22890,152.28
22891,37.26
22892,87.84
22893,116.64
22894,109.48
22895,49.842
22896,108.42
22897,100.864
22898,122.43
22899,82.32
22900,125.064
22901,33.9
22902,146.364
22903,100.2
22904,272.24
22905,154.89
22906,313.4205
22907,110.784
22908,142.68
22909,37.395
22910,51.48
22911,69.264
22912,149.95
22913,69.84
22914,49.32
22915,79.875
22916,48.0
22917,80.952
22918,59.52
22919,325.08
22920,253.92
22921,56.124
22922,245.98
22923,41.91
22924,64.02
22925,89.6
22926,132.84
22927,116.76
22928,97.6
22929,114.66
22930,114.75
22931,135.999
22932,57.6
22933,51.968
22934,71.96
22935,169.74
22936,95.0
22937,150.72
22938,311.4
22939,70.05
22940,33.39
22941,61.8
22942,190.8
22943,68.4
22944,34.95
22945,259.896
22946,75.76
22947,74.88
22948,89.73
22949,72.765
22950,269.244
22951,120.366
22952,118.65
22953,90.24
22954,158.4
22955,114.0
22956,100.26
22957,98.04
22958,134.136
22959,98.7525
22960,60.8334
22961,94.8
22962,109.095
22963,159.98
22964,101.016
22965,28.26
22966,98.46
22967,146.064
22968,159.84
22969,113.304
22970,137.22
22971,95.22
22972,88.128
22973,115.11
22974,201.447
22975,39.816
22976,192.16
22977,246.3
22978,115.92
22979,122.61
22980,174.24
22981,173.76
22982,101.76
22983,168.24
22984,98.4
22985,147.492
22986,117.18
22987,82.89
22988,125.793
22989,322.1271
22990,50.112
22991,115.296
22992,32.368
22993,62.07
22994,37.2
22995,154.7
22996,117.6
22997,115.56
22998,47.01
22999,135.28
23000,73.2
23001,136.62
23002,65.16
23003,225.84
23004,88.35
23005,76.32
23006,90.93
23007,67.56
23008,70.7
23009,197.7
23010,47.82
23011,58.4073
23012,115.44
23013,76.9401
23014,262.935
23015,119.96
23016,66.976
23017,197.91
23018,151.2
23019,506.6
23020,82.86
23021,97.26
23022,100.62
23023,59.7
23024,244.08
23025,71.685
23026,161.94
23027,49.53
23028,79.4
23029,79.92
23030,134.99
23031,100.24
23032,76.12
23033,50.46
23034,100.26
23035,80.3
23036,79.456
23037,114.92
23038,108.48
23039,150.304
23040,54.216
23041,191.49
23042,89.568
23043,49.848
23044,254.58
23045,43.164
23046,75.6
23047,44.1
23048,77.91
23049,204.9
23050,193.95
23051,118.16
23052,159.98
23053,55.776
23054,90.3
23055,75.36
23056,193.28
23057,180.736
23058,59.4
23059,195.78
23060,83.79
23061,158.58
23062,96.66
23063,108.396
23064,80.01
23065,123.552
23066,113.94
23067,52.59
23068,121.05
23069,206.4
23070,150.804
23071,121.32
23072,81.6
23073,158.58
23074,92.7
23075,62.85
23076,60.42
23077,42.45
23078,72.0
23079,70.308
23080,31.935
23081,97.713
23082,51.408
23083,103.3461
23084,65.124
23085,79.984
23086,62.94
23087,102.54
23088,90.96
23089,100.92
23090,122.91
23091,146.52
23092,122.91
23093,51.4
23094,129.06
23095,166.8
23096,89.58
23097,83.88
23098,87.534
23099,134.37
23100,196.83
23101,77.88
23102,167.968
23103,127.554
23104,135.09
23105,144.27
23106,90.936
23107,74.7
23108,149.13
23109,91.44
23110,69.3
23111,37.764
23112,42.784
23113,59.7
23114,153.552
23115,151.92
23116,143.976
23117,50.12
23118,124.29
23119,144.56
23120,89.4
23121,88.65
23122,60.6
23123,133.5
23124,138.96
23125,138.915
23126,70.875
23127,106.68
23128,242.624
23129,71.22
23130,55.14
23131,98.86188
23132,100.992
23133,120.64
23134,27.36
23135,219.672
23136,58.44
23137,58.44
23138,38.85
23139,83.4
23140,118.224
23141,31.44
23142,33.94
23143,99.98
23144,148.59
23145,63.0
23146,196.968
23147,84.52
23148,99.54
23149,229.446
23150,122.115
23151,102.78
23152,66.75
23153,150.66
23154,322.1271
23155,316.764
23156,251.7
23157,34.79
23158,196.8
23159,57.402
23160,111.552
23161,130.26
23162,87.42
23163,60.6
23164,84.78
23165,92.82
23166,155.25
23167,82.7595
23168,69.52
23169,214.2
23170,65.22
23171,100.08
23172,139.77
23173,387.224
23174,84.8
23175,90.848
23176,136.38
23177,88.83
23178,91.35
23179,249.1344
23180,159.4098
23181,42.1191
23182,108.336
23183,55.6
23184,28.23
23185,137.16
23186,54.636
23187,165.54824
23188,127.296
23189,38.34
23190,49.5
23191,47.52
23192,149.76
23193,180.396
23194,143.37
23195,176.8
23196,88.04
23197,68.07
23198,161.22
23199,29.55
23200,287.24436
23201,90.3
23202,144.48
23203,131.2
23204,142.2
23205,100.17
23206,176.49
23207,132.9075
23208,51.312
23209,105.552
23210,60.12
23211,103.08
23212,220.536
23213,108.42
23214,61.38
23215,105.06
23216,54.18
23217,46.2
23218,47.856
23219,57.0
23220,136.2
23221,134.9478
23222,41.58
23223,128.334
23224,48.804
23225,123.72
23226,46.9974
23227,57.6
23228,111.79
23229,81.568
23230,113.28
23231,97.26
23232,30.48
23233,103.68
23234,153.81
23235,107.4
23236,254.6772
23237,103.92
23238,145.568
23239,56.328
23240,40.32
23241,79.29
23242,56.58
23243,683.25
23244,76.14
23245,504.36
23246,96.66
23247,87.6
23248,109.8
23249,30.564
23250,155.94
23251,38.16
23252,70.47
23253,180.72
23254,130.5
23255,84.672
23256,356.16
23257,121.2
23258,80.865
23259,85.05
23260,387.0
23261,92.064
23262,246.1328
23263,129.93
23264,111.04
23265,203.16
23266,170.19
23267,46.494
23268,146.94
23269,95.76
23270,70.596
23271,171.2
23272,79.92
23273,143.046
23274,107.44
23275,100.5
23276,125.34
23277,78.12
23278,118.2
23279,80.0
23280,191.85552
23281,130.56
23282,67.584
23283,141.288
23284,57.4
23285,135.7
23286,102.72
23287,171.153
23288,109.8
23289,53.568
23290,147.69
23291,118.746
23292,144.1458
23293,80.622
23294,57.8925
23295,66.294
23296,87.84
23297,32.64
23298,161.1
23299,47.776
23300,144.27
23301,72.27
23302,136.566
23303,54.6405
23304,61.92
23305,83.984
23306,241.332
23307,35.568
23308,114.52
23309,70.464
23310,128.22
23311,76.85496
23312,85.44
23313,136.35
23314,51.63
23315,176.4
23316,162.84
23317,117.288
23318,160.96
23319,31.05
23320,97.56
23321,121.5
23322,81.42
23323,37.08
23324,107.82
23325,88.68
23326,59.64
23327,102.87
23328,165.9
23329,53.91
23330,105.72
23331,157.464
23332,304.2405
23333,79.992
23334,109.998
23335,229.544
23336,57.96
23337,54.12
23338,146.82
23339,121.08
23340,41.7
23341,198.732
23342,30.528
23343,205.92
23344,111.28
23345,34.38
23346,125.1
23347,113.64
23348,267.3
23349,124.092
23350,145.89
23351,40.68
23352,83.88
23353,101.976
23354,81.28
23355,52.44
23356,117.12
23357,130.62
23358,106.68
23359,124.41
23360,113.952
23361,112.86
23362,81.9
23363,44.928
23364,26.22
23365,61.62
23366,45.36
23367,74.0
23368,81.96
23369,330.588
23370,38.112
23371,203.52
23372,29.85
23373,144.096
23374,40.576
23375,131.58
23376,122.067
23377,100.92
23378,175.92
23379,124.68
23380,119.07
23381,218.64
23382,86.22
23383,132.0
23384,159.2
23385,97.24
23386,80.28
23387,112.35
23388,303.825
23389,135.72
23390,33.66
23391,88.128
23392,140.7597
23393,71.172
23394,58.0509
23395,96.66
23396,40.176
23397,85.246
23398,92.94
23399,54.0
23400,363.06
23401,30.48
23402,64.96
23403,156.28032
23404,69.12
23405,102.9
23406,130.458
23407,125.25
23408,62.4
23409,188.16
23410,71.52
23411,136.242
23412,98.9175
23413,85.32
23414,110.04
23415,126.4
23416,40.14
23417,127.7
23418,97.2
23419,111.06
23420,126.45
23421,184.8
23422,58.2
23423,180.6
23424,205.03
23425,159.984
23426,55.44
23427,111.984
23428,52.86
23429,213.528
23430,55.92
23431,561.0
23432,112.824
23433,49.08
23434,86.4
23435,73.95
23436,123.48
23437,151.236
23438,33.18
23439,47.682
23440,67.5
23441,54.72
23442,109.665
23443,97.264
23444,166.45
23445,62.88
23446,83.46
23447,86.96
23448,169.92
23449,252.3
23450,283.2
23451,61.84
23452,263.655
23453,152.82
23454,88.74
23455,49.0779
23456,127.584
23457,115.416
23458,91.152
23459,30.288
23460,48.84
23461,47.04
23462,96.6
23463,42.18
23464,105.52
23465,238.68
23466,136.152
23467,173.79
23468,52.218
23469,120.666
23470,167.84
23471,195.136
23472,62.16
23473,116.04
23474,29.28
23475,110.48
23476,116.025
23477,193.68
23478,102.69
23479,91.2024
23480,86.94
23481,64.557
23482,85.056
23483,79.992
23484,58.416
23485,206.76
23486,81.03
23487,120.84
23488,111.84
23489,137.088
23490,141.678
23491,171.9096
23492,125.19
23493,133.02
23494,116.388
23495,81.96
23496,93.0
23497,44.13
23498,151.52
23499,37.32
23500,219.6
23501,50.25
23502,151.74
23503,135.324
23504,133.65
23505,174.42
23506,191.968
23507,88.44
23508,130.62
23509,43.92
23510,229.12
23511,225.24
23512,109.08
23513,126.75
23514,149.58
23515,134.217
23516,83.439
23517,98.07
23518,105.912
23519,146.7
23520,144.18
23521,83.4
23522,177.36
23523,77.52
23524,118.86
23525,155.52
23526,47.304
23527,87.7476
23528,52.8
23529,47.52
23530,122.352
23531,158.928
23532,100.02
23533,70.728
23534,97.74
23535,110.16
23536,53.28
23537,74.094
23538,93.96
23539,106.08
23540,166.89
23541,95.04
23542,70.34252
23543,73.536
23544,124.8
23545,125.37
23546,27.2
23547,79.356
23548,30.744
23549,285.12
23550,143.13
23551,109.95
23552,54.66
23553,97.02
23554,93.06
23555,164.6
23556,42.96
23557,211.992
23558,66.22
23559,62.64
23560,170.52
23561,455.49
23562,148.8
23563,38.31
23564,88.53
23565,144.096
23566,99.72
23567,121.2
23568,54.48
23569,99.72
23570,103.95
23571,135.63
23572,49.3515
23573,89.16
23574,76.896
23575,34.47
23576,55.35
23577,90.9348
23578,83.7894
23579,42.616
23580,95.984
23581,159.96
23582,340.38
23583,131.568
23584,101.04
23585,178.56
23586,176.84
23587,106.816
23588,116.712
23589,100.4
23590,64.26
23591,75.006
23592,83.28
23593,185.598
23594,49.59
23595,164.99
23596,156.512
23597,99.98
23598,118.8
23599,140.76
23600,53.12
23601,65.7
23602,68.67
23603,121.8
23604,146.475
23605,133.29
23606,368.55
23607,100.2
23608,29.28
23609,82.863
23610,79.08
23611,46.32
23612,54.792
23613,102.018
23614,151.2
23615,142.74
23616,73.44
23617,67.28
23618,80.352
23619,69.444
23620,180.0837
23621,55.506
23622,261.74
23623,84.96
23624,59.6
23625,151.68
23626,96.165
23627,83.67
23628,286.8
23629,108.276
23630,94.284
23631,106.542
23632,148.41
23633,204.85
23634,113.82
23635,106.8
23636,76.176
23637,319.77
23638,113.76
23639,99.48
23640,58.8
23641,69.12
23642,94.08
23643,126.45
23644,93.6006
23645,77.72
23646,97.8
23647,609.48
23648,94.9
23649,109.008
23650,79.596
23651,135.09
23652,159.732
23653,157.32
23654,97.696
23655,35.808
23656,49.32
23657,134.16
23658,103.584
23659,148.44
23660,60.92
23661,195.66
23662,91.38
23663,85.35
23664,106.32
23665,136.14
23666,122.148
23667,143.13
23668,88.2
23669,112.68
23670,74.624
23671,116.55
23672,184.95
23673,84.96
23674,74.763
23675,79.56
23676,110.25
23677,141.507
23678,169.65
23679,103.92
23680,99.0
23681,51.75
23682,130.32
23683,95.16
23684,60.66
23685,68.56
23686,181.116
23687,129.519
23688,70.2
23689,170.91
23690,44.55
23691,114.2
23692,88.832
23693,230.376
23694,90.48
23695,37.59
23696,163.38
23697,336.24
23698,190.62
23699,229.44
23700,146.448
23701,69.3399
23702,172.206
23703,1127.976
23704,244.55
23705,93.456
23706,97.568
23707,67.86
23708,62.65
23709,113.76
23710,100.5
23711,461.3
23712,132.132
23713,163.38
23714,54.456
23715,114.24
23716,122.22
23717,74.49
23718,53.4
23719,201.84
23720,67.86
23721,33.48
23722,77.4
23723,102.546
23724,147.69
23725,157.59
23726,283.608
23727,154.9
23728,36.624
23729,76.452
23730,143.13
23731,66.24
23732,44.752
23733,87.984
23734,53.496
23735,146.79
23736,108.24
23737,149.352
23738,36.192
23739,81.94
23740,198.272
23741,40.5
23742,38.52
23743,138.432
23744,118.65
23745,75.96
23746,146.79
23747,136.344
23748,123.06
23749,103.302
23750,91.476
23751,47.385
23752,37.92
23753,97.86
23754,142.74
23755,96.984
23756,45.7662
23757,87.582
23758,129.276
23759,63.984
23760,81.2
23761,32.54
23762,145.764
23763,56.58
23764,128.88
23765,96.0
23766,109.92
23767,53.208
23768,43.164
23769,72.144
23770,41.16
23771,90.96
23772,112.62
23773,126.24
23774,52.272
23775,53.622
23776,226.56
23777,71.92
23778,127.785
23779,198.45
23780,94.08
23781,83.2
23782,129.12
23783,136.608
23784,122.7
23785,106.218
23786,321.568
23787,265.11
23788,189.6
23789,137.34
23790,175.36856
23791,103.08
23792,44.2
23793,83.52
23794,155.52
23795,71.1
23796,274.8
23797,189.96
23798,50.46
23799,76.923
23800,123.8526
23801,51.624
23802,39.3324
23803,32.4
23804,65.232
23805,53.04
23806,103.77
23807,51.54
23808,78.816
23809,212.94
23810,62.136
23811,59.78
23812,84.1
23813,151.875
23814,104.463
23815,63.27
23816,62.64
23817,129.843
23818,31.36
23819,270.9
23820,76.74
23821,99.7248
23822,173.37
23823,40.99
23824,65.13
23825,51.66
23826,52.02
23827,84.84
23828,132.39
23829,69.84
23830,36.27
23831,102.592
23832,79.984
23833,27.92
23834,52.792
23835,194.352
23836,48.96
23837,220.08
23838,126.384
23839,115.86
23840,151.92
23841,175.56
23842,100.2
23843,87.318
23844,139.125
23845,60.312
23846,58.408
23847,110.232
23848,70.56
23849,115.065
23850,52.2
23851,108.216
23852,166.131
23853,56.85
23854,137.94
23855,65.12
23856,142.152
23857,68.172
23858,110.28
23859,113.04
23860,101.46
23861,58.2
23862,108.92
23863,494.64
23864,105.72
23865,74.205
23866,107.76
23867,90.5877
23868,66.9312
23869,32.4
23870,110.97
23871,151.188
23872,273.48
23873,103.2
23874,146.1
23875,252.3
23876,81.45
23877,79.74
23878,134.622
23879,75.84
23880,141.63
23881,112.0
23882,69.3
23883,51.16
23884,103.5
23885,68.67
23886,114.84
23887,54.6
23888,89.46
23889,62.568
23890,48.195
23891,166.284
23892,411.332
23893,180.016
23894,35.0
23895,95.976
23896,125.13
23897,57.6
23898,166.92
23899,49.32
23900,90.24
23901,143.36
23902,41.44
23903,204.75
23904,110.484
23905,80.676
23906,121.8855
23907,95.1
23908,91.36
23909,44.604
23910,54.18
23911,26.46
23912,57.39
23913,108.912
23914,70.38
23915,88.47
23916,42.09
23917,258.0
23918,93.18
23919,128.37
23920,63.87
23921,155.1165
23922,30.51
23923,106.232
23924,120.0
23925,115.36
23926,67.572
23927,58.74
23928,178.24
23929,74.4
23930,50.96
23931,96.6
23932,48.357
23933,26.325
23934,119.46
23935,147.69
23936,121.104
23937,79.92
23938,22.8
23939,117.12
23940,80.832
23941,175.68
23942,50.58
23943,75.8
23944,74.07
23945,90.45
23946,132.9
23947,141.03
23948,48.96
23949,98.64
23950,64.8
23951,101.04
23952,114.225
23953,43.362
23954,183.0648
23955,48.96
23956,116.883
23957,220.2
23958,55.944
23959,126.09
23960,65.22
23961,110.04
23962,110.04
23963,254.94
23964,75.42
23965,46.1
23966,55.36
23967,61.18
23968,795.2064
23969,103.2
23970,138.96
23971,146.88
23972,131.22
23973,207.36
23974,56.412
23975,113.82
23976,107.4
23977,107.55
23978,121.08
23979,205.74
23980,49.59
23981,142.02
23982,109.296
23983,144.42
23984,49.02
23985,102.84
23986,79.74
23987,261.78
23988,47.52
23989,61.56
23990,1048.8
23991,99.528
23992,135.45
23993,174.286
23994,122.97
23995,101.994
23996,52.59
23997,95.28
23998,44.82
23999,217.98
24000,103.896
24001,133.2
24002,123.072
24003,262.089
24004,80.757
24005,75.6
24006,46.44
24007,88.404
24008,62.4
24009,58.9632
24010,80.28
24011,110.96
24012,23.4
24013,35.76
24014,151.68
24015,65.28
24016,49.56
24017,61.08
24018,194.74
24019,101.7
24020,112.6755
24021,55.0539
24022,180.48
24023,454.56
24024,83.97
24025,151.98
24026,41.7
24027,96.9
24028,90.048
24029,106.05
24030,47.49
24031,109.095
24032,107.46
24033,85.32
24034,86.304
24035,46.64
24036,60.312
24037,59.52
24038,38.16
24039,127.89
24040,44.256
24041,108.6288
24042,87.4
24043,146.544
24044,179.7
24045,113.76
24046,146.76
24047,43.011
24048,48.576
24049,75.0
24050,272.7
24051,80.1
24052,120.0
24053,118.86
24054,57.87
24055,62.55
24056,141.66
24057,112.05
24058,225.99
24059,97.038
24060,119.8
24061,218.352
24062,65.28
24063,232.62
24064,73.08
24065,84.5
24066,100.764
24067,146.688
24068,73.52
24069,102.78
24070,102.78
24071,55.92
24072,63.3
24073,139.14
24074,62.58
24075,174.24
24076,103.08
24077,44.64
24078,88.1
24079,82.16
24080,94.2
24081,109.32
24082,93.33
24083,222.282
24084,75.5988
24085,73.656
24086,70.56
24087,110.11
24088,91.71
24089,444.88
24090,119.472
24091,87.3
24092,511.264
24093,101.52
24094,39.6
24095,88.2
24096,57.195
24097,103.2
24098,127.71
24099,47.1753
24100,167.952
24101,47.98
24102,37.84
24103,94.68
24104,197.28
24105,93.42
24106,95.85
24107,83.84
24108,133.696
24109,66.768
24110,35.712
24111,108.04
24112,156.546
24113,27.06
24114,191.835
24115,29.1
24116,82.56
24117,175.4703
24118,140.67
24119,160.272
24120,63.84
24121,76.68
24122,157.794
24123,34.944
24124,229.56
24125,133.11
24126,23.34
24127,69.804
24128,320.6115
24129,29.4
24130,48.5109
24131,74.55
24132,69.012
24133,88.83
24134,166.8
24135,49.44
24136,49.95
24137,117.0
24138,109.35
24139,134.73
24140,159.96
24141,78.304
24142,71.976
24143,40.122
24144,57.36
24145,61.92
24146,56.112
24147,26.88
24148,137.84
24149,59.94
24150,90.12
24151,168.63
24152,91.692
24153,78.66
24154,80.52
24155,86.96
24156,87.84
24157,72.24
24158,112.35
24159,152.4
24160,58.44
24161,45.846
24162,34.5114
24163,40.095
24164,179.82
24165,206.43
24166,96.96
24167,50.46
24168,123.6
24169,264.06
24170,47.4
24171,85.26
24172,68.72
24173,50.52
24174,31.86
24175,67.776
24176,85.32
24177,136.9
24178,63.48
24179,56.97
24180,73.425
24181,69.84
24182,84.3972
24183,32.508
24184,85.224
24185,147.184
24186,51.98
24187,18.48
24188,115.96
24189,90.882
24190,86.928
24191,90.96
24192,105.6
24193,58.32
24194,58.02
24195,48.06
24196,135.72
24197,171.84
24198,47.4
24199,66.36
24200,94.08
24201,255.42
24202,155.88
24203,228.96
24204,92.7
24205,79.36
24206,60.6
24207,196.98
24208,99.96
24209,51.948
24210,78.048
24211,252.41416
24212,82.032
24213,27.0
24214,67.92
24215,47.64
24216,58.752
24217,26.73
24218,111.375
24219,41.85
24220,266.04
24221,60.45
24222,61.776
24223,59.904
24224,209.97
24225,97.88
24226,175.44
24227,110.528
24228,70.95
24229,134.61
24230,124.5
24231,138.24
24232,57.96
24233,58.8
24234,176.88
24235,84.84
24236,215.541
24237,38.556
24238,195.64
24239,100.8
24240,53.7
24241,76.74
24242,218.592
24243,67.92
24244,70.2
24245,56.97
24246,139.125
24247,136.2
24248,65.772
24249,131.76
24250,94.428
24251,77.6
24252,190.896
24253,70.74
24254,77.616
24255,188.256
24256,90.0
24257,63.36
24258,43.83
24259,101.4
24260,97.68
24261,94.65
24262,130.284
24263,73.8
24264,95.64
24265,184.464
24266,52.776
24267,96.784
24268,69.456
24269,48.87
24270,62.16
24271,98.88
24272,146.64
24273,51.7
24274,185.856
24275,40.008
24276,181.17
24277,249.9
24278,127.71
24279,71.199
24280,31.92
24281,79.533
24282,50.22
24283,59.04
24284,204.15
24285,80.736
24286,133.12
24287,80.58
24288,102.72
24289,97.52
24290,106.16
24291,52.488
24292,53.28
24293,52.86
24294,100.74
24295,81.375
24296,67.23
24297,152.442
24298,60.3
24299,221.85
24300,147.78
24301,68.796
24302,89.99
24303,99.918
24304,124.032
24305,91.098
24306,54.66
24307,84.256
24308,174.12
24309,33.0
24310,93.69
24311,64.2
24312,86.535
24313,74.9988
24314,43.8
24315,642.78
24316,49.1787
24317,101.61
24318,89.568
24319,134.85
24320,61.4
24321,70.97
24322,90.612
24323,144.33
24324,69.96
24325,58.716
24326,137.22
24327,131.76
24328,396.252
24329,154.872
24330,123.72
24331,99.12
24332,45.248
24333,62.016
24334,65.16
24335,41.43
24336,118.2
24337,114.78
24338,73.08
24339,57.28
24340,213.78
24341,51.78
24342,81.42
24343,186.36
24344,92.421
24345,143.1
24346,50.94
24347,146.79
24348,131.223
24349,68.67
24350,98.22
24351,84.56
24352,25.12
24353,20.2
24354,199.392
24355,103.38
24356,55.566
24357,165.42
24358,101.1
24359,135.168
24360,111.3
24361,108.42
24362,549.99
24363,108.576
24364,141.9
24365,195.444
24366,97.92
24367,105.44
24368,80.82
24369,79.2
24370,137.34
24371,123.9405
24372,115.236
24373,86.97
24374,109.9
24375,25.99
24376,112.92
24377,117.66
24378,93.94
24379,1245.6
24380,50.16
24381,99.3012
24382,53.55
24383,166.5
24384,71.2161
24385,67.35
24386,124.2
24387,163.764
24388,52.59
24389,65.136
24390,88.68
24391,51.12
24392,82.863
24393,56.52
24394,177.3
24395,59.994
24396,121.9848
24397,90.504
24398,188.76
24399,39.66
24400,48.45
24401,172.08
24402,141.63
24403,72.54
24404,167.86
24405,105.12
24406,84.159
24407,184.437
24408,122.796
24409,249.7257
24410,50.868
24411,131.7708
24412,120.816
24413,54.648
24414,67.98
24415,67.9
24416,64.68
24417,80.28
24418,84.69
24419,98.64
24420,53.4
24421,876.231
24422,109.38
24423,101.88
24424,108.756
24425,99.39
24426,47.88
24427,143.13
24428,30.69
24429,63.2
24430,43.11
24431,142.905
24432,73.2
24433,131.85
24434,116.04
24435,153.12
24436,22.05
24437,46.17
24438,101.268
24439,59.52
24440,58.24
24441,127.764
24442,164.688
24443,111.96
24444,268.32
24445,121.536
24446,336.36
24447,109.08
24448,87.72
24449,107.94
24450,52.98
24451,57.6
24452,39.6
24453,106.1775
24454,61.12
24455,114.2
24456,44.84
24457,53.76
24458,169.76
24459,45.2
24460,23.6
24461,136.5
24462,229.5
24463,50.625
24464,54.45
24465,54.864
24466,108.99
24467,117.18
24468,153.657
24469,103.572
24470,145.85
24471,65.16
24472,157.68
24473,26.28
24474,133.2
24475,77.28
24476,164.2
24477,146.79
24478,105.408
24479,66.45
24480,28.23
24481,112.896
24482,127.413
24483,60.9765
24484,35.478
24485,19.9
24486,50.454
24487,96.08
24488,144.6
24489,49.32
24490,45.69
24491,127.92
24492,86.04
24493,150.12
24494,119.16
24495,56.76
24496,102.192
24497,62.316
24498,147.888
24499,125.22
24500,169.92
24501,81.315
24502,52.86
24503,78.66
24504,119.976
24505,62.31
24506,197.49
24507,228.78
24508,75.28
24509,63.488
24510,32.22
24511,103.2
24512,45.72
24513,95.94
24514,211.372
24515,105.72
24516,118.32
24517,98.3
24518,126.72
24519,83.97
24520,71.361
24521,170.34
24522,127.26
24523,95.04
24524,55.98
24525,51.66
24526,76.62
24527,108.3648
24528,124.11
24529,90.24
24530,91.032
24531,101.46
24532,58.14
24533,101.4
24534,107.856
24535,98.64
24536,99.32
24537,252.71356
24538,92.12
24539,110.952
24540,80.5
24541,147.672
24542,56.46
24543,73.41
24544,59.94
24545,77.3394
24546,38.7693
24547,55.56
24548,103.599
24549,63.9
24550,56.3
24551,143.96
24552,194.352
24553,101.208
24554,84.672
24555,59.96
24556,193.4124
24557,232.62
24558,150.57
24559,115.11
24560,114.3
24561,87.912
24562,701.96
24563,66.24
24564,116.25
24565,87.72
24566,227.7
24567,151.36
24568,91.314
24569,218.16
24570,105.72
24571,29.079
24572,28.8
24573,149.34
24574,81.99
24575,62.8
24576,62.56
24577,79.2
24578,86.52
24579,65.7
24580,225.471
24581,99.54
24582,101.952
24583,137.352
24584,143.7
24585,74.352
24586,79.29
24587,36.6
24588,72.96
24589,56.64
24590,27.3
24591,74.97
24592,110.76
24593,150.03
24594,78.75
24595,121.94
24596,50.52
24597,92.64
24598,94.38
24599,137.31
24600,40.16
24601,303.3
24602,82.8
24603,59.4
24604,94.35
24605,151.2
24606,65.584
24607,61.44
24608,28.98
24609,110.7
24610,43.008
24611,42.92
24612,63.9
24613,140.76
24614,100.8
24615,45.36
24616,177.7275
24617,71.94
24618,81.0975
24619,507.12
24620,75.78
24621,79.884
24622,70.008
24623,49.792
24624,127.936
24625,68.13
24626,304.2
24627,115.008
24628,100.48
24629,54.32
24630,48.3
24631,33.36
24632,75.78
24633,278.424
24634,73.2336
24635,52.947
24636,90.84
24637,109.8
24638,25.02
24639,134.8
24640,144.33
24641,69.264
24642,82.86
24643,31.08
24644,150.066
24645,99.12
24646,45.66
24647,89.991
24648,74.52
24649,141.09
24650,74.61
24651,109.98
24652,41.16
24653,40.96
24654,65.48
24655,46.6
24656,195.2
24657,59.36
24658,112.95
24659,61.236
24660,53.568
24661,386.856
24662,100.8
24663,76.128
24664,139.5
24665,86.7
24666,42.48
24667,43.2
24668,55.36
24669,50.4
24670,336.72
24671,169.5
24672,101.76
24673,100.26
24674,113.7
24675,56.52
24676,146.7
24677,48.4632
24678,101.04
24679,21.9
24680,183.84
24681,52.096
24682,98.94
24683,97.74
24684,123.36
24685,134.16
24686,99.72
24687,36.288
24688,160.224
24689,88.26
24690,413.451
24691,119.07
24692,109.95
24693,97.86
24694,124.75
24695,63.18
24696,50.436
24697,122.58
24698,311.4
24699,69.78
24700,88.02
24701,134.7
24702,98.4
24703,166.8
24704,107.775
24705,83.8248
24706,227.82
24707,168.6
24708,101.52
24709,45.4176
24710,187.0239
24711,72.704
24712,66.58
24713,33.29
24714,99.72
24715,133.2
24716,110.784
24717,41.6
24718,88.032
24719,65.6
24720,93.42
24721,23.64
24722,109.08
24723,295.56
24724,84.69
24725,127.95
24726,61.2
24727,50.58
24728,124.41
24729,97.02
24730,248.28
24731,100.8
24732,59.136
24733,49.68
24734,203.14
24735,51.72
24736,58.65
24737,250.2732
24738,61.96
24739,68.64
24740,108.66
24741,76.905
24742,55.86
24743,45.72
24744,77.28
24745,97.2
24746,151.38
24747,163.704
24748,50.5
24749,92.64
24750,41.472
24751,180.252
24752,81.7218
24753,94.05
24754,109.7895
24755,117.18
24756,62.31
24757,125.22
24758,21.222
24759,172.89
24760,54.66
24761,59.4
24762,118.8
24763,61.392
24764,40.36
24765,119.16
24766,117.6
24767,52.704
24768,55.74
24769,76.86
24770,196.7715
24771,137.565
24772,82.782
24773,205.08
24774,84.24
24775,41.16
24776,110.025
24777,73.65
24778,34.98
24779,80.244
24780,99.0
24781,114.3
24782,72.45
24783,170.1
24784,36.882
24785,123.21
24786,46.26
24787,112.8
24788,116.04
24789,78.272
24790,113.94
24791,46.32
24792,40.4
24793,82.26
24794,49.76
24795,36.0
24796,76.05
24797,148.5
24798,174.33
24799,91.935
24800,95.616
24801,69.3
24802,225.296
24803,40.032
24804,191.898
24805,85.32
24806,200.88
24807,120.08
24808,131.52
24809,41.6
24810,133.02
24811,74.48
24812,85.48
24813,52.0
24814,37.44
24815,68.04
24816,54.75
24817,73.872
24818,108.7881
24819,69.786
24820,284.4
24821,99.0
24822,49.98
24823,50.1
24824,58.74
24825,93.12
24826,97.26
24827,78.44
24828,157.86
24829,88.695
24830,97.68
24831,161.16
24832,107.784
24833,100.38
24834,209.3
24835,80.46
24836,97.68
24837,79.08
24838,90.42
24839,105.06
24840,100.54
24841,101.1
24842,154.92984
24843,64.88
24844,32.208
24845,123.456
24846,79.8
24847,303.66
24848,53.217
24849,66.36
24850,160.5741
24851,191.808
24852,82.98
24853,46.344
24854,51.168
24855,41.364
24856,124.011
24857,71.1
24858,96.42
24859,52.98
24860,102.88
24861,134.92
24862,175.7
24863,88.47
24864,66.6
24865,26.1
24866,74.0658
24867,103.2
24868,85.752
24869,130.896
24870,55.992
24871,40.32
24872,36.459
24873,44.7
24874,53.64
24875,62.4
24876,55.44
24877,64.38
24878,241.38
24879,52.4223
24880,315.252
24881,80.0415
24882,114.95
24883,43.56
24884,136.96
24885,31.104
24886,129.6
24887,155.142
24888,24.09
24889,49.0
24890,232.32
24891,111.06
24892,141.12
24893,84.36
24894,137.16
24895,56.9214
24896,50.16
24897,78.0
24898,119.3772
24899,141.15
24900,43.6
24901,100.26
24902,705.072
24903,88.536
24904,150.93
24905,98.055
24906,308.718
24907,47.0799
24908,69.0945
24909,110.646
24910,41.568
24911,75.6
24912,16.192
24913,244.5
24914,181.884
24915,53.28
24916,32.19
24917,63.04
24918,89.504
24919,78.48
24920,88.1
24921,154.2
24922,123.6
24923,82.35
24924,111.72
24925,317.4003
24926,101.76
24927,207.684
24928,37.7982
24929,43.5
24930,141.96
24931,46.656
24932,100.74
24933,200.88
24934,97.86
24935,59.19
24936,29.98
24937,117.6
24938,108.6288
24939,85.14
24940,156.744
24941,65.79
24942,104.85
24943,72.0
24944,97.12
24945,87.456
24946,95.06948
24947,158.1
24948,88.76
24949,84.12
24950,280.92
24951,84.375
24952,228.744
24953,113.04
24954,62.9004
24955,96.2505
24956,52.74
24957,39.42
24958,98.16
24959,154.44
24960,122.91
24961,262.14
24962,78.309
24963,100.32
24964,79.74
24965,140.56
24966,54.0
24967,87.3
24968,131.67
24969,85.14
24970,31.482
24971,87.42
24972,53.7
24973,134.46
24974,114.84
24975,114.9
24976,139.86
24977,83.36
24978,64.944
24979,79.47
24980,76.864
24981,44.79
24982,25.38
24983,100.02
24984,121.14
24985,84.32
24986,60.16
24987,464.64
24988,53.64
24989,63.36
24990,153.972
24991,105.3
24992,90.36
24993,105.48
24994,75.24
24995,136.62
24996,158.4198
24997,102.9
24998,146.412
24999,95.688
25000,149.97
25001,165.98
25002,34.77
25003,65.592
25004,104.88
25005,96.78
25006,102.27
25007,78.288
25008,58.98
25009,140.76
25010,39.0
25011,97.335
25012,139.23
25013,68.64
25014,149.445
25015,95.76
25016,100.792
25017,69.52
25018,70.92
25019,101.46
25020,52.92
25021,58.28
25022,48.96
25023,72.54
25024,90.84
25025,101.97
25026,185.76
25027,95.904
25028,69.039
25029,60.6
25030,67.752
25031,29.01
25032,82.044
25033,35.397
25034,163.1448
25035,78.256
25036,61.96
25037,145.764
25038,45.68
25039,47.76
25040,53.52
25041,162.06
25042,109.04
25043,73.53
25044,133.5
25045,141.33
25046,50.4
25047,248.22
25048,95.28
25049,70.92
25050,119.8
25051,71.976
25052,129.3
25053,107.28
25054,50.52
25055,30.204
25056,79.62
25057,131.28
25058,85.6284
25059,159.296
25060,88.8
25061,22.005
25062,68.295
25063,34.65
25064,44.52
25065,110.7
25066,99.6135
25067,97.32
25068,145.53
25069,70.95
25070,85.9
25071,30.98
25072,36.384
25073,107.28
25074,137.16
25075,51.6
25076,45.48
25077,104.1
25078,137.712
25079,143.91
25080,163.8
25081,68.868
25082,64.26
25083,121.05
25084,66.12
25085,97.92
25086,188.16
25087,82.7
25088,131.94
25089,93.42
25090,32.04
25091,103.62
25092,83.79
25093,44.28
25094,65.34
25095,150.606
25096,213.705
25097,45.98
25098,36.624
25099,62.808
25100,172.764
25101,128.37
25102,98.1
25103,38.904
25104,55.56
25105,84.69
25106,85.02
25107,139.23
25108,34.74
25109,113.46
25110,131.868
25111,82.656
25112,198.744
25113,34.92
25114,107.07
25115,136.38
25116,43.86
25117,74.2
25118,288.08268
25119,19.332
25120,133.584
25121,375.9
25122,65.34
25123,65.934
25124,23.841
25125,30.7665
25126,167.76
25127,177.225
25128,29.74
25129,49.86
25130,44.964
25131,53.5
25132,176.64
25133,94.72
25134,69.84
25135,67.84
25136,96.0
25137,55.86
25138,102.72
25139,163.62
25140,87.966
25141,33.615
25142,111.024
25143,166.14
25144,53.97
25145,86.5926
25146,47.412
25147,35.9976
25148,43.47
25149,56.46
25150,102.9
25151,92.817
25152,85.68
25153,105.84
25154,58.6
25155,66.48
25156,50.949
25157,71.3433
25158,112.8
25159,46.94
25160,141.42
25161,103.56
25162,106.044
25163,244.98
25164,109.2
25165,112.62
25166,96.42
25167,219.78
25168,54.12
25169,110.16
25170,136.26
25171,116.508
25172,40.176
25173,166.72
25174,59.994
25175,105.52
25176,103.572
25177,118.8
25178,504.0
25179,44.94
25180,55.14
25181,90.234
25182,65.92
25183,133.344
25184,53.28
25185,109.52
25186,154.26
25187,29.01
25188,21.48
25189,105.42
25190,54.816
25191,46.51
25192,122.352
25193,98.64
25194,174.96
25195,157.2848
25196,66.72
25197,183.15
25198,189.756
25199,96.84
25200,115.11
25201,66.33
25202,157.302
25203,81.18
25204,77.535
25205,43.98
25206,143.046
25207,66.36
25208,24.48
25209,66.684
25210,94.02
25211,100.2
25212,89.248
25213,96.95
25214,163.05
25215,37.8
25216,24.84
25217,75.87
25218,70.308
25219,182.7546
25220,149.931
25221,213.12
25222,117.126
25223,35.154
25224,56.304
25225,146.82
25226,55.968
25227,91.008
25228,55.176
25229,48.33
25230,95.28
25231,112.92
25232,96.12
25233,44.24
25234,130.0
25235,50.04
25236,137.4
25237,125.8485
25238,47.52
25239,117.6
25240,63.9
25241,104.9
25242,61.96
25243,120.666
25244,90.48
25245,152.652
25246,175.83
25247,95.517
25248,107.94
25249,52.38
25250,119.52
25251,132.84
25252,104.328
25253,74.115
25254,100.38
25255,60.2928
25256,165.9
25257,133.44
25258,177.6
25259,65.92
25260,124.32
25261,51.78
25262,35.55
25263,93.6
25264,214.14
25265,187.785
25266,35.97
25267,47.516
25268,95.144
25269,95.976
25270,63.84
25271,71.6
25272,132.58
25273,113.82
25274,103.2
25275,88.128
25276,188.16
25277,38.367
25278,107.07
25279,42.48
25280,26.64
25281,104.112
25282,63.84
25283,58.52
25284,145.472
25285,63.552
25286,123.06
25287,85.46
25288,70.56
25289,57.12
25290,147.96
25291,84.6
25292,174.7728
25293,82.944
25294,44.46
25295,53.568
25296,86.928
25297,135.84
25298,138.24
25299,118.24
25300,110.88
25301,40.92
25302,70.48
25303,119.472
25304,248.022
25305,1010.94
25306,64.56
25307,192.06
25308,58.5
25309,50.6892
25310,47.952
25311,171.96
25312,59.52
25313,67.9
25314,119.64
25315,65.2
25316,61.308
25317,102.9
25318,51.45
25319,141.8055
25320,46.9368
25321,62.88
25322,37.35
25323,111.93568
25324,75.69
25325,185.76
25326,24.72
25327,25.137
25328,71.376
25329,58.05
25330,129.552
25331,174.33
25332,47.4
25333,79.92
25334,29.6
25335,33.5
25336,77.04
25337,84.06
25338,193.89144
25339,52.92
25340,96.84
25341,99.96
25342,97.02
25343,34.2
25344,91.98
25345,121.8
25346,61.4376
25347,67.89
25348,55.14
25349,211.96
25350,49.536
25351,104.8
25352,96.0
25353,53.91
25354,75.96
25355,116.34
25356,61.68
25357,74.55
25358,48.0
25359,95.688
25360,102.54
25361,144.42
25362,97.86
25363,88.47
25364,58.32
25365,44.856
25366,123.92
25367,171.09
25368,52.866
25369,64.488
25370,79.368
25371,52.2
25372,52.74
25373,116.25
25374,95.22
25375,78.354
25376,111.84
25377,29.565
25378,88.254
25379,64.624
25380,107.772
25381,67.8
25382,87.84
25383,148.8
25384,68.67
25385,122.985
25386,58.98
25387,102.3
25388,29.12
25389,67.344
25390,48.896
25391,137.208
25392,48.66
25393,126.96
25394,95.04
25395,153.192
25396,54.18
25397,131.66
25398,95.88
25399,22.05
25400,47.52
25401,137.0262
25402,30.144
25403,123.066
25404,110.1
25405,49.848
25406,99.54
25407,60.24
25408,87.96
25409,73.92
25410,227.12
25411,67.72
25412,65.28
25413,108.48
25414,268.5
25415,45.846
25416,54.1824
25417,29.79
25418,44.4
25419,63.64848
25420,68.676
25421,59.1
25422,54.66
25423,71.28
25424,52.38
25425,33.45
25426,50.46
25427,40.38
25428,86.256
25429,120.06
25430,71.4
25431,80.2314
25432,123.753
25433,105.98
25434,131.104
25435,48.87
25436,59.82
25437,84.3
25438,54.711
25439,86.04
25440,130.48
25441,97.92
25442,154.953
25443,157.59
25444,86.115
25445,148.17
25446,61.192
25447,87.84
25448,48.0
25449,33.18
25450,104.412
25451,140.94
25452,50.46
25453,127.68
25454,81.0
25455,37.44
25456,66.48
25457,111.96
25458,49.77
25459,56.16
25460,88.668
25461,79.5804
25462,116.391
25463,90.414
25464,81.48
25465,88.08
25466,177.282
25467,80.865
25468,154.953
25469,90.99
25470,81.27
25471,176.19
25472,36.72
25473,113.949
25474,63.24
25475,122.136
25476,88.8
25477,182.22
25478,50.73
25479,59.82
25480,144.64
25481,62.4
25482,73.1
25483,35.1
25484,112.833
25485,88.11
25486,65.99
25487,54.18
25488,47.64
25489,39.36
25490,175.68
25491,46.17
25492,39.56
25493,70.096
25494,97.92
25495,454.24
25496,75.42
25497,117.6
25498,103.2
25499,100.92
25500,62.6142
25501,201.3165
25502,52.56
25503,80.1
25504,129.92
25505,119.56
25506,39.4
25507,103.08
25508,122.28
25509,94.02
25510,31.512
25511,128.385
25512,59.58
25513,76.44
25514,84.78
25515,42.6786
25516,85.23
25517,54.54
25518,82.2
25519,65.55
25520,47.7
25521,61.344
25522,173.8
25523,85.246
25524,66.6
25525,81.744
25526,45.09
25527,43.68
25528,65.6613
25529,123.12
25530,55.92
25531,49.68
25532,25.584
25533,127.386
25534,146.73
25535,241.32
25536,49.74
25537,55.14
25538,82.656
25539,121.12
25540,65.7
25541,341.46
25542,28.779
25543,81.672
25544,268.4538
25545,119.1
25546,93.042
25547,96.39
25548,99.0
25549,26.94
25550,78.35
25551,36.112
25552,91.92
25553,68.04
25554,97.74
25555,74.52
25556,48.0
25557,164.0
25558,78.44
25559,129.04
25560,170.112
25561,82.35
25562,93.24
25563,109.9485
25564,78.507
25565,143.7678
25566,163.96
25567,173.208
25568,74.16
25569,59.22
25570,131.283
25571,70.74
25572,40.92
25573,132.03
25574,92.64
25575,117.18
25576,30.84
25577,99.63
25578,73.2
25579,73.176
25580,81.69
25581,109.08
25582,51.84
25583,105.96
25584,29.88
25585,100.26
25586,172.029
25587,86.346
25588,146.61
25589,71.1
25590,99.765
25591,94.44
25592,84.78
25593,77.6
25594,38.52
25595,242.352
25596,541.24
25597,134.272
25598,58.32
25599,204.54
25600,36.882
25601,30.45
25602,20.292
25603,50.0
25604,51.36
25605,90.2
25606,131.52
25607,36.4
25608,91.38
25609,59.22
25610,178.551
25611,81.42
25612,84.078
25613,40.74
25614,68.46
25615,84.416
25616,55.98
25617,119.88
25618,30.15
25619,106.32
25620,27.936
25621,100.176
25622,90.666
25623,136.38
25624,95.4954
25625,113.64
25626,33.9465
25627,83.808
25628,72.45
25629,79.974
25630,102.96
25631,25.032
25632,58.08
25633,27.297
25634,31.2
25635,126.348
25636,46.32
25637,127.92
25638,118.48
25639,150.3
25640,97.5
25641,148.5
25642,75.6
25643,116.34
25644,315.981
25645,99.54
25646,80.1
25647,73.5
25648,120.717
25649,123.504
25650,141.75
25651,65.5875
25652,58.38
25653,263.88
25654,83.79
25655,35.2
25656,46.74
25657,106.56
25658,105.3
25659,87.912
25660,57.75
25661,206.4
25662,87.21
25663,72.93
25664,68.352
25665,113.76
25666,54.4416
25667,103.56
25668,97.82
25669,80.991
25670,59.976
25671,128.43
25672,69.84
25673,96.0
25674,67.0
25675,102.4
25676,205.44
25677,95.64
25678,89.19
25679,176.88
25680,22.14
25681,80.3772
25682,119.88
25683,101.493
25684,129.0
25685,60.156
25686,78.84
25687,143.952
25688,67.15
25689,139.968
25690,85.68
25691,113.7
25692,167.34
25693,81.27
25694,67.08
25695,86.625
25696,95.76
25697,83.25
25698,71.91
25699,33.39
25700,73.35
25701,83.58
25702,142.992
25703,79.92
25704,209.94
25705,58.17
25706,166.14
25707,229.3
25708,121.716
25709,102.72
25710,73.52
25711,30.816
25712,122.4
25713,48.3
25714,52.47
25715,144.0
25716,72.708
25717,59.8158
25718,51.52
25719,49.632
25720,97.3
25721,106.2
25722,90.96
25723,41.28
25724,104.904
25725,56.94
25726,52.86
25727,36.024
25728,146.7
25729,119.61
25730,103.302
25731,219.3
25732,135.1182
25733,109.89
25734,94.99
25735,118.05
25736,78.12
25737,48.3
25738,37.716
25739,31.8
25740,50.12
25741,113.28
25742,79.28
25743,63.32
25744,52.86
25745,37.98
25746,29.91
25747,41.514
25748,65.55
25749,60.654
25750,108.576
25751,84.96
25752,47.49
25753,76.74
25754,101.43
25755,38.1
25756,166.8
25757,83.4
25758,67.92
25759,143.52
25760,61.47
25761,99.828
25762,32.64
25763,87.36
25764,427.59
25765,132.84
25766,72.0
25767,184.76
25768,193.98
25769,94.128
25770,75.76
25771,124.26
25772,113.88
25773,50.31
25774,74.25
25775,150.606
25776,125.3325
25777,125.235
25778,99.0
25779,34.504
25780,152.65
25781,99.72
25782,98.64
25783,140.76
25784,71.85
25785,175.68
25786,47.04
25787,70.08
25788,73.2
25789,100.68
25790,34.236
25791,93.84
25792,80.58
25793,131.85
25794,162.06
25795,32.736
25796,54.0
25797,30.0
25798,104.85
25799,89.97
25800,39.042
25801,47.49
25802,97.44
25803,100.92
25804,67.44
25805,107.1
25806,92.82
25807,133.164
25808,84.96
25809,294.3
25810,126.6912
25811,37.485
25812,133.785
25813,177.3
25814,91.96
25815,65.08
25816,48.848
25817,103.192
25818,63.98
25819,93.18
25820,73.02
25821,102.54
25822,81.62
25823,67.28
25824,220.92
25825,90.63
25826,102.195
25827,91.98
25828,174.33
25829,101.016
25830,121.376
25831,56.46
25832,206.4
25833,54.54
25834,117.72
25835,48.45
25836,50.28
25837,42.84
25838,102.54
25839,94.92
25840,113.64
25841,289.8
25842,88.02
25843,118.665
25844,82.8
25845,124.608
25846,41.88
25847,42.616
25848,36.432
25849,132.84
25850,98.5
25851,110.592
25852,84.9
25853,20.25
25854,51.63
25855,88.785
25856,97.8
25857,106.08
25858,78.66
25859,106.704
25860,90.0384
25861,113.552
25862,167.97
25863,46.872
25864,73.36
25865,105.686
25866,101.832
25867,40.104
25868,43.173
25869,115.68
25870,82.26
25871,82.8
25872,114.324
25873,25.62
25874,407.133
25875,51.9
25876,77.49
25877,47.04
25878,72.66
25879,174.51
25880,108.8355
25881,85.05
25882,165.28
25883,241.568
25884,28.23
25885,171.42
25886,36.9
25887,450.117
25888,88.47
25889,45.6
25890,98.88
25891,111.72
25892,53.28
25893,73.08
25894,88.47
25895,48.0
25896,121.23
25897,72.66
25898,62.96
25899,89.98
25900,37.68
25901,110.352
25902,90.96
25903,44.448
25904,201.84
25905,85.02
25906,42.12
25907,44.736
25908,88.1
25909,103.68
25910,274.32
25911,42.16
25912,132.6
25913,46.17
25914,79.056
25915,304.7166
25916,74.22
25917,48.16
25918,29.79
25919,45.528
25920,67.136
25921,206.4
25922,52.74
25923,43.56
25924,183.92
25925,17.73
25926,56.76
25927,136.728
25928,58.176
25929,56.88
25930,132.72
25931,44.28
25932,102.15
25933,124.011
25934,77.04
25935,87.3
25936,258.9
25937,94.896
25938,111.12
25939,78.12
25940,258.33
25941,50.52
25942,145.32
25943,75.8
25944,112.92
25945,304.38
25946,119.232
25947,200.34
25948,361.557
25949,59.82
25950,115.11
25951,69.96
25952,138.5436
25953,125.064
25954,49.626
25955,49.926
25956,240.6591
25957,61.02
25958,119.616
25959,56.82
25960,60.144
25961,64.14
25962,48.66
25963,168.12
25964,89.127
25965,109.2
25966,42.24
25967,85.02
25968,97.92
25969,35.76
25970,62.58
25971,52.866
25972,73.458
25973,75.72
25974,43.254
25975,50.796
25976,74.49
25977,76.8924
25978,147.184
25979,72.96
25980,125.73
25981,44.568
25982,18.36
25983,141.9
25984,114.8
25985,60.012
25986,113.52
25987,144.3
25988,55.6
25989,99.72
25990,167.76
25991,80.85
25992,61.32
25993,108.594
25994,72.0
25995,71.82
25996,72.684
25997,125.496
25998,68.704
25999,47.4
26000,79.92
26001,115.02
26002,98.46
26003,39.36
26004,72.36
26005,96.806
26006,89.64
26007,236.52
26008,97.86
26009,38.772
26010,44.1228
26011,198.66
26012,70.467
26013,60.588
26014,258.0
26015,50.436
26016,49.83
26017,44.208
26018,29.61
26019,41.664
26020,75.36
26021,94.08
26022,104.166
26023,118.4232
26024,69.2286
26025,52.8
26026,114.345
26027,61.128
26028,104.98
26029,43.7
26030,111.84
26031,88.26
26032,58.98
26033,149.58
26034,101.388
26035,147.3
26036,52.92
26037,58.64
26038,94.704
26039,75.69
26040,56.4768
26041,105.3
26042,66.87
26043,121.1634
26044,40.587
26045,54.18
26046,51.96
26047,127.372
26048,19.75
26049,186.54
26050,47.976
26051,44.028
26052,83.4
26053,47.7
26054,80.064
26055,60.544
26056,338.94
26057,144.825
26058,78.3
26059,87.03
26060,99.495
26061,155.7
26062,157.68
26063,336.51
26064,77.56
26065,31.56
26066,111.12
26067,50.52
26068,174.66
26069,92.64
26070,54.18
26071,32.88
26072,49.02
26073,32.8
26074,108.36
26075,113.88
26076,32.04
26077,183.951
26078,119.43
26079,79.11
26080,86.62
26081,139.95
26082,35.06
26083,71.976
26084,122.382
26085,75.98
26086,105.584
26087,57.594
26088,48.45
26089,101.328
26090,84.768
26091,51.81
26092,96.36
26093,56.91
26094,63.76
26095,100.68
26096,77.7
26097,119.04
26098,217.2375
26099,80.433
26100,57.3
26101,86.304
26102,99.2
26103,25.96
26104,71.96
26105,40.68
26106,221.16
26107,143.04
26108,73.224
26109,130.24
26110,86.265
26111,65.7
26112,82.95
26113,31.17
26114,43.65
26115,57.753
26116,181.8945
26117,68.79
26118,67.662
26119,171.36
26120,45.92
26121,46.9
26122,49.632
26123,101.58
26124,52.62
26125,93.06
26126,52.5
26127,78.312
26128,116.592
26129,78.64
26130,54.18
26131,63.792
26132,40.88
26133,321.92
26134,31.14
26135,86.994
26136,165.38856
26137,43.74
26138,35.2
26139,118.575
26140,89.55
26141,112.62
26142,117.1545
26143,346.74
26144,227.28
26145,54.816
26146,105.52
26147,54.66
26148,89.4
26149,66.684
26150,34.2
26151,44.96
26152,103.56
26153,118.59536
26154,53.28
26155,217.1
26156,645.711
26157,56.8905
26158,207.36
26159,74.91
26160,59.85
26161,63.7938
26162,54.66
26163,146.4
26164,67.2
26165,48.66
26166,48.45
26167,53.52
26168,49.08
26169,55.52
26170,65.34
26171,271.39
26172,39.48
26173,45.6
26174,89.28
26175,96.714
26176,171.36
26177,122.13
26178,95.92
26179,42.12
26180,100.26
26181,70.74
26182,81.9
26183,294.0108
26184,53.55
26185,60.6
26186,56.106
26187,61.8
26188,91.56
26189,47.952
26190,190.944
26191,108.96
26192,79.12
26193,60.048
26194,39.992
26195,90.96
26196,122.496
26197,126.15
26198,87.96
26199,36.44
26200,34.02
26201,35.883
26202,37.08
26203,89.208
26204,67.92
26205,114.21
26206,95.28
26207,66.0
26208,162.864
26209,38.97
26210,43.2
26211,50.94
26212,62.61
26213,104.364
26214,86.04
26215,89.504
26216,20.04
26217,86.25
26218,206.85
26219,111.078
26220,101.94
26221,226.8
26222,123.72
26223,88.776
26224,71.96
26225,68.704
26226,142.08
26227,121.86
26228,146.08
26229,23.1
26230,158.25936
26231,27.92
26232,95.94
26233,131.58
26234,155.22
26235,160.992
26236,81.54
26237,19.71
26238,51.648
26239,63.968
26240,143.4
26241,56.82
26242,159.66
26243,83.664
26244,34.56
26245,93.0
26246,66.672
26247,95.94
26248,29.61
26249,276.192
26250,87.936
26251,220.08
26252,71.328
26253,144.9
26254,78.84
26255,105.12
26256,50.28
26257,96.57
26258,27.81
26259,94.77
26260,110.0757
26261,155.007
26262,44.22
26263,154.278
26264,154.9
26265,113.888
26266,58.17
26267,135.3
26268,51.42
26269,52.53
26270,102.762
26271,61.0791
26272,51.45
26273,223.58
26274,277.14
26275,60.96
26276,113.46
26277,51.3084
26278,110.64
26279,230.05896
26280,64.2
26281,228.825
26282,57.96
26283,30.96
26284,144.0
26285,92.34
26286,105.57
26287,70.38
26288,56.052
26289,223.074
26290,122.88
26291,66.45
26292,113.76
26293,81.9
26294,37.68
26295,106.75
26296,83.92
26297,154.764
26298,50.784
26299,23.16
26300,103.68
26301,109.38
26302,37.2
26303,103.76496
26304,60.288
26305,55.14
26306,43.497
26307,512.622
26308,49.608
26309,109.8
26310,81.9
26311,100.0
26312,33.568
26313,29.36
26314,34.5
26315,109.8
26316,58.83
26317,19.02
26318,65.36
26319,141.36
26320,88.02
26321,102.54
26322,86.535
26323,132.03
26324,47.025
26325,102.84
26326,182.76
26327,86.496
26328,94.284
26329,95.364
26330,61.2
26331,75.75
26332,49.104
26333,280.44
26334,170.37
26335,185.0175
26336,124.092
26337,96.0
26338,102.024
26339,44.91
26340,49.08
26341,304.776
26342,33.29
26343,63.552
26344,120.96
26345,96.84
26346,41.58
26347,94.34192
26348,177.888
26349,74.22
26350,97.632
26351,104.04
26352,216.27
26353,103.275
26354,200.984
26355,69.008
26356,36.544
26357,55.76
26358,24.36
26359,98.82
26360,143.22
26361,82.8
26362,134.1
26363,248.022
26364,72.765
26365,76.95
26366,97.2345
26367,135.03
26368,58.05
26369,79.384
26370,160.0
26371,170.19
26372,199.08
26373,75.06
26374,112.92
26375,50.4
26376,131.64
26377,133.272
26378,105.14036
26379,67.92
26380,129.06
26381,84.672
26382,489.96
26383,68.04
26384,61.128
26385,316.035
26386,59.22
26387,77.6133
26388,48.7812
26389,130.32
26390,60.876
26391,76.2
26392,95.28
26393,122.04
26394,62.199
26395,82.548
26396,101.8
26397,50.94
26398,45.576
26399,258.0
26400,61.44
26401,42.24
26402,55.6017
26403,45.225
26404,75.24
26405,55.08
26406,99.21
26407,58.6044
26408,87.48
26409,97.424
26410,235.536
26411,128.16
26412,42.24
26413,127.89
26414,169.92
26415,109.32
26416,67.28
26417,93.18
26418,148.224
26419,100.22
26420,83.34
26421,162.12
26422,36.12
26423,75.96
26424,60.48
26425,52.83
26426,73.53
26427,83.088
26428,66.57
26429,84.375
26430,160.356
26431,140.22
26432,179.95
26433,103.056
26434,74.52
26435,56.652
26436,168.2
26437,55.92
26438,79.5
26439,98.4
26440,54.24
26441,106.56
26442,97.56
26443,67.77
26444,90.9
26445,50.94
26446,70.95
26447,104.706
26448,727.6878
26449,135.516
26450,121.96
26451,95.28
26452,56.73
26453,83.91
26454,207.12
26455,34.8
26456,35.76
26457,49.5
26458,32.1
26459,107.448
26460,105.18
26461,29.98
26462,101.94
26463,97.12
26464,74.8
26465,49.44
26466,132.3
26467,33.93
26468,121.2534
26469,72.784
26470,102.72
26471,39.0
26472,122.58
26473,109.32
26474,49.56
26475,169.344
26476,440.28
26477,135.96
26478,146.4
26479,171.99
26480,135.09
26481,107.982
26482,71.12
26483,73.02
26484,99.0
26485,87.732
26486,74.016
26487,89.76
26488,18.048
26489,46.74
26490,40.32
26491,187.029
26492,102.384
26493,164.34
26494,73.56
26495,82.161
26496,151.68
26497,143.1
26498,87.168
26499,71.04
26500,72.32
26501,52.22
26502,56.64
26503,53.84
26504,85.14
26505,42.039
26506,256.8
26507,67.41
26508,163.38
26509,104.166
26510,76.32
26511,56.214
26512,53.424
26513,100.872
26514,50.34
26515,47.1
26516,142.83
26517,40.62
26518,30.45
26519,40.98
26520,330.24
26521,92.64
26522,50.26
26523,33.075
26524,46.44
26525,119.64
26526,82.593
26527,59.58
26528,59.25
26529,81.99
26530,82.64
26531,46.23
26532,180.432
26533,163.68
26534,141.144
26535,162.2
26536,104.76
26537,119.52
26538,386.37
26539,23.91
26540,98.85
26541,80.2314
26542,113.0697
26543,101.64
26544,152.46
26545,35.892
26546,75.6
26547,84.95
26548,102.624
26549,151.62
26550,107.7
26551,59.1
26552,84.6
26553,82.69428
26554,37.98
26555,115.8
26556,43.65
26557,75.006
26558,142.2
26559,27.6888
26560,49.12
26561,92.34
26562,123.24
26563,55.24
26564,53.82
26565,97.92
26566,52.56
26567,68.736
26568,158.76
26569,22.47
26570,21.96
26571,71.28
26572,71.73
26573,59.6604
26574,52.86
26575,19.44
26576,67.176
26577,75.888
26578,124.29
26579,33.12
26580,110.592
26581,171.0
26582,31.76
26583,33.42
26584,95.16
26585,168.18
26586,47.88
26587,40.905
26588,173.61
26589,25.23
26590,106.164
26591,37.17
26592,66.45
26593,53.64
26594,75.96
26595,48.94
26596,149.95
26597,100.704
26598,142.04
26599,43.6
26600,51.75
26601,66.42
26602,50.55
26603,59.517
26604,171.69
26605,70.92
26606,33.3
26607,197.3
26608,78.84
26609,72.9
26610,51.66
26611,35.34
26612,108.0
26613,74.16
26614,49.5
26615,80.1
26616,60.39
26617,33.6
26618,38.136
26619,84.55
26620,44.75
26621,227.976
26622,122.97
26623,82.4
26624,252.8
26625,114.144
26626,39.156
26627,100.92
26628,50.048
26629,56.97
26630,110.25
26631,138.96
26632,75.39
26633,165.42
26634,53.901
26635,88.2
26636,28.512
26637,111.888
26638,52.776
26639,45.68
26640,146.136
26641,79.96
26642,31.176
26643,193.8
26644,60.24
26645,88.56
26646,30.48
26647,128.304
26648,104.496
26649,61.281
26650,169.38
26651,33.63
26652,67.572
26653,86.928
26654,159.68
26655,67.2
26656,65.92
26657,62.85
26658,56.49
26659,53.7
26660,127.47
26661,71.96
26662,61.792
26663,87.71
26664,41.22
26665,69.456
26666,51.264
26667,97.8
26668,48.93
26669,39.816
26670,40.71
26671,51.63
26672,55.56
26673,163.38
26674,55.36
26675,92.304
26676,103.302
26677,100.08
26678,47.82
26679,77.04
26680,151.0182
26681,85.698
26682,193.8
26683,81.96
26684,139.04
26685,197.94
26686,79.5
26687,133.38
26688,45.456
26689,100.44
26690,65.584
26691,108.42
26692,115.968
26693,26.28
26694,60.54
26695,123.756
26696,160.92
26697,28.95
26698,21.825
26699,122.49
26700,43.65
26701,114.03
26702,127.984
26703,128.37
26704,52.68
26705,50.88
26706,95.28
26707,96.84
26708,44.0
26709,106.08
26710,86.416
26711,59.22
26712,163.98
26713,268.5
26714,487.62
26715,61.128
26716,140.403
26717,22.98
26718,79.59
26719,61.47
26720,37.2
26721,76.869
26722,17.226
26723,62.316
26724,56.28
26725,45.24
26726,77.952
26727,59.64
26728,145.32
26729,71.28
26730,65.79
26731,59.16
26732,395.901
26733,65.34
26734,26.4
26735,127.95
26736,71.76
26737,79.368
26738,106.56
26739,134.13
26740,32.84
26741,146.1
26742,179.52
26743,111.51
26744,88.44
26745,94.08
26746,68.0652
26747,39.6
26748,163.839
26749,41.28
26750,50.0
26751,23.82
26752,105.52
26753,83.592
26754,59.913
26755,74.1258
26756,272.3562
26757,119.94
26758,86.85
26759,110.232
26760,49.77
26761,20.292
26762,94.98
26763,38.64
26764,97.632
26765,108.48
26766,96.78
26767,66.48
26768,57.0
26769,103.86
26770,162.56
26771,61.53
26772,92.7
26773,112.158
26774,39.87
26775,50.94
26776,26.58
26777,91.14
26778,45.2682
26779,46.672
26780,63.94
26781,124.62
26782,96.66
26783,59.616
26784,120.072
26785,131.456
26786,50.5
26787,51.27
26788,79.2
26789,98.4
26790,125.46
26791,125.19
26792,166.83
26793,54.1326
26794,60.7698
26795,65.0628
26796,105.6
26797,85.455
26798,81.324
26799,107.448
26800,44.4564
26801,68.04
26802,227.16
26803,33.0
26804,67.28
26805,64.152
26806,67.8
26807,97.92
26808,88.209
26809,239.3139
26810,26.8173
26811,84.784
26812,27.72
26813,140.736
26814,47.82
26815,328.56
26816,40.92
26817,41.43
26818,57.33
26819,160.65
26820,174.23084
26821,96.84
26822,99.408
26823,72.6
26824,78.273
26825,117.0
26826,71.37
26827,51.948
26828,41.6898
26829,25.08
26830,110.3103
26831,53.46
26832,224.01
26833,77.715
26834,74.28
26835,64.96
26836,78.304
26837,163.96
26838,53.01
26839,109.95
26840,139.68
26841,121.32
26842,59.84
26843,81.48
26844,75.28
26845,30.93
26846,90.18
26847,40.2135
26848,77.952
26849,70.368
26850,42.96
26851,51.93
26852,123.3
26853,22.26
26854,111.28
26855,74.232
26856,80.1
26857,143.616
26858,53.568
26859,71.1
26860,40.2
26861,111.72
26862,103.95
26863,45.0288
26864,38.5659
26865,31.623
26866,65.52
26867,75.18
26868,32.784
26869,115.296
26870,29.268
26871,71.46
26872,91.04
26873,208.96
26874,55.62
26875,53.28
26876,39.3
26877,71.1
26878,116.31
26879,56.52
26880,65.025
26881,108.405
26882,94.65
26883,78.003
26884,44.75
26885,47.79
26886,78.12
26887,113.664
26888,35.36
26889,140.52
26890,82.572
26891,44.8
26892,30.96
26893,164.46
26894,43.2
26895,56.448
26896,106.128
26897,210.996
26898,38.2077
26899,41.958
26900,271.44
26901,87.168
26902,76.14
26903,80.96
26904,50.22
26905,116.88
26906,96.0
26907,124.68
26908,105.06
26909,92.76
26910,35.34
26911,81.8
26912,74.304
26913,67.872
26914,84.3
26915,98.442
26916,27.39
26917,71.1
26918,41.19
26919,52.65
26920,93.0969
26921,24.402
26922,130.2528
26923,122.724
26924,67.8
26925,431.16
26926,85.68
26927,51.78
26928,107.52
26929,151.92
26930,53.73
26931,57.72
26932,50.28
26933,66.15
26934,26.775
26935,149.4
26936,31.05
26937,154.8
26938,62.613
26939,89.478
26940,20.46
26941,27.76
26942,105.24
26943,59.58
26944,51.276
26945,99.192
26946,27.6
26947,130.4
26948,70.44
26949,69.6
26950,81.45
26951,133.2
26952,112.08
26953,83.976
26954,32.4
26955,46.32
26956,79.5
26957,44.448
26958,35.6
26959,137.136
26960,48.84
26961,99.12
26962,112.95
26963,49.734
26964,33.96
26965,155.34
26966,77.76
26967,60.48
26968,99.372
26969,89.988
26970,79.44
26971,94.68
26972,97.56
26973,99.72
26974,109.89
26975,29.28
26976,204.68
26977,63.04
26978,101.04
26979,84.24
26980,39.51
26981,41.49
26982,76.56
26983,21.3219
26984,63.0
26985,86.88
26986,68.04
26987,47.992
26988,146.76
26989,99.98
26990,108.6
26991,50.985
26992,166.92
26993,46.56
26994,66.78
26995,145.35
26996,22.74
26997,107.76
26998,104.76
26999,118.935
27000,101.0904
27001,49.194
27002,84.75
27003,49.632
27004,41.88
27005,25.44
27006,84.96
27007,79.368
27008,40.656
27009,44.82
27010,151.76
27011,181.696
27012,52.224
27013,87.48
27014,139.8
27015,89.64
27016,87.3
27017,368.91
27018,53.82
27019,31.744
27020,41.28
27021,71.88
27022,40.71
27023,122.148
27024,103.56
27025,83.088
27026,42.384
27027,42.72
27028,88.16
27029,51.28
27030,51.84
27031,59.1
27032,27.4125
27033,67.032
27034,56.61
27035,98.172
27036,47.584
27037,136.12
27038,77.312
27039,57.15
27040,70.5
27041,63.36
27042,122.12
27043,67.64
27044,199.75
27045,109.08
27046,187.02
27047,205.08
27048,66.684
27049,63.24
27050,51.28
27051,28.38
27052,153.63
27053,83.79
27054,42.3
27055,50.94
27056,58.9548
27057,57.96
27058,146.73
27059,95.952
27060,173.94
27061,47.92
27062,141.9
27063,33.18
27064,34.02
27065,87.9
27066,97.2
27067,111.156
27068,25.4
27069,85.92
27070,53.55
27071,108.36
27072,142.884
27073,71.28
27074,175.56
27075,69.0
27076,102.833
27077,26.136
27078,52.0
27079,59.1
27080,114.66
27081,48.0
27082,46.8
27083,100.44
27084,109.95
27085,84.256
27086,78.78
27087,78.3
27088,100.68
27089,33.8
27090,83.07
27091,66.348
27092,50.28
27093,40.32
27094,412.8
27095,72.27
27096,75.18
27097,68.4
27098,31.59
27099,98.1558
27100,180.98
27101,74.0
27102,34.76
27103,163.44
27104,22.752
27105,115.2
27106,66.672
27107,60.9
27108,48.9
27109,34.128
27110,56.196
27111,52.5
27112,101.6
27113,94.1
27114,66.4
27115,55.872
27116,111.84
27117,33.75
27118,41.553
27119,128.0745
27120,58.35
27121,35.7075
27122,47.88
27123,95.968
27124,62.94
27125,32.4
27126,61.71
27127,102.624
27128,28.5
27129,115.38
27130,21.876
27131,52.056
27132,86.88
27133,130.44
27134,102.18
27135,83.016
27136,69.3
27137,118.2
27138,44.9295
27139,65.0628
27140,156.0
27141,46.72
27142,87.6
27143,18.84
27144,40.26
27145,44.28
27146,27.44
27147,94.7
27148,49.28
27149,142.848
27150,66.464
27151,90.48
27152,38.68
27153,145.8
27154,83.34
27155,217.35
27156,151.38
27157,121.5
27158,90.81
27159,120.3624
27160,34.722
27161,110.6955
27162,85.98
27163,238.62
27164,91.36
27165,29.9
27166,64.2
27167,97.56
27168,48.93
27169,51.84
27170,35.34
27171,58.66
27172,58.68
27173,57.6
27174,72.03
27175,89.82
27176,88.83
27177,90.9
27178,134.61
27179,59.31
27180,63.24
27181,125.6454
27182,155.52
27183,76.792
27184,45.216
27185,33.552
27186,64.784
27187,90.86
27188,57.6
27189,50.01
27190,40.56
27191,85.44
27192,89.388
27193,21.18
27194,79.56
27195,124.24
27196,23.4
27197,39.0
27198,47.56
27199,101.7
27200,56.82
27201,180.672
27202,51.78
27203,33.312
27204,127.0896
27205,52.9788
27206,75.519
27207,89.676
27208,29.29
27209,98.376
27210,132.16
27211,63.9
27212,140.67
27213,49.62
27214,52.44
27215,96.99
27216,148.8
27217,32.92
27218,93.3
27219,52.86
27220,63.9
27221,217.512
27222,27.36
27223,36.36
27224,154.9
27225,56.46
27226,71.7
27227,56.46
27228,57.36
27229,39.168
27230,50.988
27231,221.16
27232,48.96
27233,87.264
27234,49.944
27235,102.9
27236,49.9
27237,97.36
27238,58.56
27239,109.8
27240,88.128
27241,42.21
27242,59.22
27243,176.61
27244,26.46
27245,34.2
27246,133.2
27247,58.752
27248,45.48
27249,85.92
27250,37.86
27251,25.272
27252,92.4
27253,146.52
27254,75.33
27255,43.335
27256,43.68
27257,87.48
27258,38.43
27259,34.14
27260,125.4045
27261,38.4
27262,47.466
27263,361.376
27264,58.02
27265,34.92
27266,44.16
27267,75.72
27268,91.944
27269,65.37
27270,39.44
27271,59.44
27272,97.272
27273,75.36
27274,110.7
27275,98.8344
27276,67.0
27277,38.784
27278,97.82
27279,177.06
27280,104.76
27281,50.46
27282,123.39
27283,70.944
27284,296.76528
27285,47.856
27286,22.0
27287,140.56
27288,44.112
27289,23.94
27290,100.926
27291,145.44
27292,140.028
27293,119.85
27294,170.04
27295,20.52
27296,17.712
27297,148.5
27298,33.24
27299,121.2822
27300,70.308
27301,67.752
27302,32.432
27303,114.95
27304,51.81
27305,41.28
27306,67.28
27307,43.1
27308,103.8
27309,100.92
27310,133.488
27311,43.2
27312,62.7
27313,84.0
27314,149.4
27315,79.92
27316,52.2315
27317,138.348
27318,39.0
27319,70.368
27320,63.84
27321,44.784
27322,34.8
27323,16.98
27324,67.28
27325,35.616
27326,105.552
27327,64.78
27328,130.212
27329,86.52
27330,75.15
27331,61.56
27332,21.72
27333,88.128
27334,95.94
27335,42.85
27336,88.44
27337,76.74
27338,48.96
27339,50.04
27340,71.55
27341,30.816
27342,67.8
27343,40.896
27344,140.5
27345,56.43
27346,108.36
27347,427.41
27348,107.55
27349,122.88
27350,29.76
27351,71.28
27352,36.0
27353,56.268
27354,59.52
27355,79.56
27356,27.12
27357,101.1
27358,60.4
27359,61.8
27360,41.2
27361,51.4
27362,124.72
27363,59.5
27364,80.32
27365,81.2
27366,89.76
27367,64.44
27368,40.64
27369,86.16
27370,109.92
27371,37.86
27372,78.33
27373,71.4
27374,64.2
27375,56.7
27376,69.15
27377,178.3098
27378,184.32
27379,115.89
27380,37.392
27381,23.32
27382,116.82
27383,37.128
27384,102.54
27385,51.94
27386,45.6
27387,85.5
27388,81.66
27389,71.37
27390,36.0
27391,57.708
27392,173.94
27393,84.784
27394,70.12
27395,64.96
27396,118.44
27397,50.04
27398,60.0
27399,74.64
27400,158.868
27401,149.6
27402,60.264
27403,59.22
27404,61.08
27405,67.14
27406,51.6
27407,40.86
27408,19.08
27409,62.775
27410,126.9675
27411,50.22
27412,56.52
27413,45.68
27414,57.78
27415,33.18
27416,21.96
27417,101.58
27418,137.52
27419,107.184
27420,327.96
27421,96.064
27422,113.58
27423,62.3475
27424,47.175
27425,74.925
27426,136.869
27427,84.78
27428,196.98
27429,59.184
27430,104.85
27431,46.384
27432,93.36
27433,93.96
27434,70.8
27435,108.56
27436,34.8
27437,95.04
27438,85.92
27439,37.8
27440,151.11
27441,88.398
27442,29.799
27443,69.8328
27444,80.64
27445,76.23
27446,62.64
27447,93.8259
27448,99.0
27449,59.82
27450,101.304
27451,79.96
27452,58.32
27453,66.36
27454,30.53
27455,69.864
27456,25.464
27457,39.96
27458,18.68
27459,73.872
27460,75.36
27461,75.9
27462,71.34
27463,84.78
27464,473.31
27465,76.32
27466,127.74
27467,66.6
27468,83.484
27469,31.08
27470,31.3866
27471,53.655
27472,111.06
27473,96.84
27474,51.184
27475,41.28
27476,56.56
27477,102.438
27478,101.52
27479,168.96
27480,24.024
27481,95.94
27482,140.32
27483,104.496
27484,55.65
27485,93.2283
27486,50.7
27487,33.63
27488,97.184
27489,95.796
27490,98.94
27491,105.72
27492,65.232
27493,62.72
27494,115.64
27495,45.975
27496,66.69
27497,82.08
27498,61.44
27499,51.78
27500,66.906
27501,65.04
27502,64.74
27503,59.994
27504,41.24
27505,72.744
27506,54.32
27507,94.2
27508,62.16
27509,29.88
27510,47.49
27511,40.83
27512,29.2
27513,49.696
27514,78.4917
27515,47.1
27516,300.132
27517,60.021
27518,68.95
27519,57.69
27520,158.76
27521,94.68
27522,102.3
27523,77.856
27524,36.864
27525,77.16
27526,118.48
27527,66.352
27528,88.83
27529,68.97
27530,90.936
27531,267.84
27532,48.789
27533,105.06
27534,93.3
27535,113.562
27536,100.92
27537,141.474
27538,121.1634
27539,28.1112
27540,57.69
27541,76.12
27542,47.3
27543,93.344
27544,40.08
27545,30.48
27546,49.26
27547,50.13
27548,84.84
27549,67.92
27550,163.2
27551,45.312
27552,80.0
27553,86.016
27554,30.68
27555,37.86
27556,188.8
27557,102.4
27558,94.9
27559,88.56
27560,83.88
27561,70.8
27562,132.63
27563,66.0
27564,87.84
27565,55.404
27566,209.16
27567,29.2
27568,76.728
27569,76.64
27570,36.4
27571,99.568
27572,116.883
27573,51.36
27574,48.87
27575,29.7
27576,116.31
27577,143.22
27578,22.68
27579,164.36
27580,77.4
27581,77.4
27582,50.58
27583,23.436
27584,75.48
27585,41.472
27586,141.63
27587,62.496
27588,164.4
27589,90.2
27590,59.58
27591,434.4
27592,82.17
27593,174.42
27594,67.5
27595,95.976
27596,89.98
27597,63.686
27598,70.008
27599,79.056
27600,79.974
27601,71.12
27602,34.506
27603,56.91
27604,69.84
27605,73.95
27606,82.86
27607,64.56
27608,19.968
27609,53.34
27610,53.7
27611,135.6
27612,84.015
27613,96.6
27614,71.424
27615,73.44
27616,26.5815
27617,56.85
27618,29.238
27619,189.576
27620,38.88
27621,67.44
27622,64.488
27623,60.48
27624,142.848
27625,166.176
27626,78.144
27627,65.76
27628,37.38
27629,123.984
27630,37.08
27631,56.52
27632,46.44
27633,129.978
27634,47.976
27635,83.952
27636,37.98
27637,59.82
27638,44.2
27639,183.12
27640,609.52
27641,159.408
27642,100.26
27643,38.46
27644,39.78
27645,59.58
27646,90.63
27647,71.1
27648,45.252
27649,293.4
27650,54.54
27651,106.92
27652,37.26
27653,49.248
27654,69.39
27655,22.0365
27656,52.2
27657,60.858
27658,49.77
27659,39.76
27660,97.86
27661,65.24
27662,26.448
27663,162.76
27664,77.76
27665,67.2
27666,37.86
27667,59.22
27668,107.82
27669,169.992
27670,118.965
27671,77.1705
27672,102.72
27673,35.12
27674,79.36
27675,62.16
27676,81.288
27677,81.24
27678,60.48
27679,41.12
27680,64.4
27681,51.27
27682,186.624
27683,127.2
27684,91.44
27685,75.51
27686,67.068
27687,26.874
27688,24.048
27689,46.672
27690,106.32
27691,79.38
27692,22.29
27693,103.56
27694,77.46
27695,110.64
27696,50.58
27697,91.77
27698,116.31
27699,53.082
27700,59.7
27701,86.94
27702,69.174
27703,54.1326
27704,54.537
27705,60.579
27706,61.86
27707,19.152
27708,91.36
27709,124.36
27710,45.92
27711,111.15
27712,35.856
27713,44.688
27714,169.45
27715,51.8
27716,167.94
27717,93.02
27718,48.48
27719,58.56
27720,41.12
27721,192.3
27722,77.532
27723,147.42
27724,36.12
27725,96.32
27726,101.208
27727,124.62
27728,59.775
27729,55.8
27730,50.7
27731,47.88
27732,162.432
27733,55.044
27734,87.0
27735,72.45
27736,34.92
27737,29.58
27738,102.18
27739,64.6
27740,40.96
27741,221.2
27742,112.24
27743,91.8
27744,225.495
27745,45.45
27746,207.33
27747,24.3522
27748,41.985
27749,137.88
27750,48.64
27751,56.3
27752,35.0
27753,37.8
27754,39.6
27755,119.34
27756,97.66428
27757,106.02
27758,44.48
27759,66.56
27760,61.76
27761,41.4
27762,53.55
27763,583.92
27764,43.29
27765,117.6
27766,87.03
27767,53.4
27768,99.42
27769,78.66
27770,30.456
27771,108.4
27772,21.4
27773,180.96
27774,25.83
27775,91.96
27776,56.916
27777,38.7
27778,88.6
27779,72.32
27780,89.37
27781,68.58
27782,48.0
27783,131.7708
27784,140.67
27785,73.02
27786,42.075
27787,71.442
27788,124.36
27789,129.3
27790,64.784
27791,40.5
27792,131.598
27793,183.0
27794,267.12
27795,96.9
27796,62.352
27797,52.8
27798,66.36
27799,75.6
27800,34.29
27801,45.15
27802,95.04
27803,48.5523
27804,69.0
27805,75.978
27806,107.53
27807,82.38
27808,91.275
27809,93.24
27810,101.76
27811,60.0
27812,79.24
27813,154.24
27814,73.944
27815,98.16
27816,61.536
27817,77.04
27818,63.76
27819,50.25
27820,64.56
27821,174.51
27822,86.94
27823,60.48
27824,88.74
27825,165.456
27826,36.6168
27827,63.4005
27828,40.5
27829,26.88
27830,1034.964
27831,70.02
27832,131.382
27833,68.76
27834,115.86
27835,126.9
27836,26.7
27837,54.42
27838,138.132
27839,54.66
27840,95.28
27841,97.86
27842,143.7
27843,89.58
27844,40.032
27845,103.68
27846,70.38
27847,117.234
27848,66.6
27849,75.87
27850,105.24
27851,61.215
27852,122.49
27853,102.42
27854,150.1278
27855,123.9975
27856,70.83
27857,79.8
27858,72.9
27859,23.968
27860,41.86
27861,46.53
27862,55.176
27863,39.0
27864,22.26
27865,35.97
27866,141.6
27867,55.38
27868,63.52
27869,158.58
27870,180.36
27871,79.11
27872,39.78
27873,33.9624
27874,36.855
27875,48.45
27876,24.56
27877,26.976
27878,46.84
27879,91.392
27880,108.66
27881,45.48
27882,83.34
27883,86.04
27884,22.32
27885,108.92
27886,90.112
27887,22.86
27888,88.224
27889,35.94
27890,17.112
27891,53.0
27892,106.65
27893,26.76
27894,73.2
27895,27.69
27896,57.6
27897,62.7255
27898,179.334
27899,29.8
27900,46.864
27901,44.82
27902,51.84
27903,56.704
27904,96.84
27905,31.482
27906,79.722
27907,128.736
27908,55.56
27909,96.96
27910,78.048
27911,38.62
27912,87.03
27913,59.7
27914,58.74
27915,114.78
27916,49.5
27917,107.424
27918,59.52
27919,51.12
27920,51.84
27921,41.72
27922,52.08
27923,131.8
27924,42.84
27925,40.56
27926,61.32
27927,30.48
27928,70.575
27929,88.65
27930,73.47
27931,38.412
27932,88.0215
27933,40.14
27934,44.496
27935,75.519
27936,42.255
27937,282.888
27938,76.752
27939,47.96
27940,148.5
27941,97.32
27942,19.224
27943,21.84
27944,90.624
27945,155.0
27946,126.336
27947,109.242
27948,51.651
27949,147.849
27950,193.8
27951,43.65
27952,123.21
27953,122.76
27954,31.788
27955,75.24
27956,109.48
27957,29.16
27958,57.75
27959,89.544
27960,475.2
27961,16.86
27962,87.6
27963,120.312
27964,170.52
27965,111.72
27966,103.356
27967,91.62
27968,466.128
27969,106.02
27970,32.34
27971,78.288
27972,43.08
27973,30.348
27974,88.04
27975,98.21
27976,67.84
27977,57.51
27978,33.9
27979,62.86
27980,127.68
27981,46.4
27982,67.968
27983,75.216
27984,113.12
27985,66.72
27986,22.536
27987,68.4
27988,136.26
27989,79.92
27990,90.8
27991,94.032
27992,84.39
27993,144.54
27994,139.8
27995,99.96
27996,191.2
27997,138.16
27998,113.68
27999,143.76
28000,61.2
28001,83.592
28002,45.846
28003,77.1
28004,32.04
28005,44.52
28006,71.55
28007,35.52
28008,239.666
28009,79.14
28010,127.26
28011,66.57
28012,76.68
28013,33.64
28014,109.32
28015,88.938
28016,44.235
28017,103.5
28018,56.43
28019,23.64
28020,65.1
28021,127.6989
28022,60.102
28023,247.8
28024,63.56
28025,95.968
28026,89.568
28027,159.98
28028,37.44
28029,29.91
28030,92.817
28031,44.43
28032,52.182
28033,124.32
28034,50.52
28035,97.74
28036,43.56
28037,91.332
28038,75.36
28039,58.32
28040,55.92
28041,114.78
28042,63.45
28043,67.788
28044,131.598
28045,93.744
28046,71.928
28047,109.35
28048,47.25
28049,30.348
28050,56.98
28051,91.96
28052,71.976
28053,47.952
28054,61.96
28055,107.648
28056,67.9932
28057,68.46
28058,95.68
28059,91.36
28060,122.07
28061,94.08
28062,50.088
28063,182.58
28064,71.736
28065,30.3
28066,33.39
28067,86.4
28068,29.04
28069,95.16
28070,37.827
28071,107.325
28072,78.99
28073,81.424
28074,57.576
28075,139.424
28076,54.896
28077,123.136
28078,81.54
28079,24.424
28080,48.96
28081,160.5
28082,100.26
28083,109.28
28084,87.96
28085,119.133
28086,36.18
28087,66.51
28088,88.86
28089,101.58
28090,87.48
28091,67.92
28092,55.38
28093,54.36
28094,200.16
28095,72.54
28096,29.7
28097,127.984
28098,44.46
28099,58.56
28100,112.872
28101,16.74
28102,33.42
28103,48.06
28104,73.104
28105,117.99
28106,30.3
28107,18.24
28108,47.55
28109,48.96
28110,59.34
28111,48.42
28112,55.242
28113,67.992
28114,54.992
28115,64.848
28116,82.64
28117,168.18
28118,72.0
28119,81.66
28120,61.2
28121,141.12
28122,73.32
28123,84.84
28124,499.44
28125,29.6
28126,142.592
28127,60.24
28128,206.01
28129,94.02
28130,166.89
28131,70.956
28132,153.657
28133,123.33
28134,39.123
28135,125.34
28136,115.506
28137,219.184
28138,51.84
28139,91.38
28140,30.132
28141,103.104
28142,61.68
28143,166.83
28144,37.32
28145,31.536
28146,49.14
28147,68.8
28148,39.04
28149,75.72
28150,57.75
28151,42.36
28152,82.17
28153,36.0
28154,113.568
28155,89.52
28156,142.776
28157,52.92
28158,115.728
28159,82.32
28160,45.09
28161,57.096
28162,32.04
28163,72.252
28164,121.32
28165,73.8
28166,62.72
28167,29.96
28168,130.734
28169,96.66
28170,65.772
28171,42.822
28172,21.48
28173,26.43
28174,53.16
28175,23.1
28176,74.61
28177,101.94
28178,129.45156
28179,37.0
28180,17.84
28181,142.688
28182,129.6
28183,47.49
28184,162.0
28185,93.48
28186,44.835
28187,74.304
28188,34.02
28189,69.336
28190,93.7125
28191,44.1228
28192,45.696
28193,60.69
28194,52.34
28195,55.98
28196,94.6
28197,22.83
28198,41.6
28199,38.76
28200,29.58
28201,96.78
28202,50.176
28203,44.0
28204,126.4
28205,467.586
28206,87.84
28207,62.775
28208,95.796
28209,89.16
28210,54.2826
28211,81.0738
28212,75.78
28213,134.19
28214,99.98
28215,91.96
28216,154.9
28217,68.52
28218,30.88
28219,73.968
28220,44.6
28221,94.86
28222,97.56
28223,97.74
28224,50.382
28225,141.75
28226,57.6
28227,184.896
28228,61.1667
28229,102.168
28230,65.232
28231,33.75
28232,55.572
28233,473.04
28234,94.932
28235,93.06
28236,44.4
28237,120.78
28238,142.47
28239,46.2
28240,130.56
28241,46.08
28242,29.28
28243,53.55
28244,74.28
28245,91.38
28246,325.8
28247,246.3
28248,82.6164
28249,58.8
28250,73.05
28251,70.88
28252,38.34
28253,27.24
28254,57.87
28255,49.06
28256,40.38
28257,58.74
28258,76.7
28259,165.54824
28260,40.26
28261,68.4
28262,112.14
28263,67.8
28264,73.53
28265,47.76
28266,33.72
28267,92.205
28268,82.65
28269,51.45
28270,44.1702
28271,90.57
28272,41.86
28273,70.56
28274,21.24
28275,30.93
28276,59.94
28277,83.988
28278,39.81
28279,61.08
28280,54.54
28281,87.768
28282,74.736
28283,58.608
28284,265.74
28285,51.084
28286,54.56
28287,74.7
28288,58.2
28289,115.71
28290,49.568
28291,58.344
28292,52.59
28293,102.48
28294,44.58
28295,42.24
28296,123.2
28297,62.976
28298,69.12
28299,120.84
28300,94.5
28301,81.36
28302,87.9
28303,30.3
28304,46.44
28305,79.92
28306,87.96
28307,23.0
28308,53.72
28309,79.99
28310,44.43
28311,26.88
28312,30.93
28313,38.31
28314,123.9
28315,52.78
28316,79.4
28317,207.15
28318,53.52
28319,27.324
28320,100.92
28321,152.766
28322,40.98
28323,50.85
28324,169.99
28325,84.09
28326,71.976
28327,124.792
28328,45.78
28329,310.392
28330,78.624
28331,101.268
28332,39.96
28333,39.54
28334,73.95
28335,46.08
28336,40.995
28337,85.5
28338,224.4
28339,141.66
28340,209.952
28341,20.7
28342,57.024
28343,58.58
28344,41.96
28345,199.9
28346,43.767
28347,84.48
28348,30.12
28349,55.2
28350,88.74
28351,99.0
28352,160.23888
28353,49.62
28354,49.68
28355,56.7
28356,46.32
28357,55.458
28358,42.39
28359,221.4
28360,60.6
28361,47.25
28362,43.605
28363,19.332
28364,63.3615
28365,88.752
28366,45.576
28367,83.92
28368,61.12
28369,67.44
28370,56.652
28371,97.92
28372,62.343
28373,97.8
28374,65.4
28375,65.232
28376,25.936
28377,50.52
28378,26.955
28379,86.94
28380,47.5728
28381,105.18
28382,31.845
28383,41.04
28384,93.03
28385,59.97
28386,68.62
28387,82.95
28388,25.38
28389,123.3
28390,49.74
28391,41.832
28392,33.18
28393,61.92
28394,45.69
28395,43.44
28396,14.6
28397,65.9
28398,85.95
28399,48.78
28400,84.3
28401,87.264
28402,43.44
28403,48.09
28404,72.0
28405,93.48
28406,115.5
28407,85.2876
28408,93.24
28409,62.982
28410,73.28
28411,52.68
28412,56.686
28413,58.416
28414,34.2
28415,55.35
28416,109.32
28417,82.56
28418,92.82
28419,68.32
28420,38.46
28421,93.42
28422,19.48
28423,167.724
28424,58.275
28425,45.72
28426,294.3
28427,61.8
28428,77.7
28429,112.92
28430,110.1
28431,114.048
28432,60.48
28433,70.98
28434,63.924
28435,31.96
28436,50.46
28437,92.16
28438,81.96
28439,47.64
28440,114.96
28441,86.1
28442,72.56
28443,100.92
28444,53.55
28445,34.47
28446,44.13
28447,44.82
28448,59.211
28449,132.5178
28450,99.68
28451,22.18
28452,19.44
28453,28.62
28454,106.32
28455,137.88
28456,107.1
28457,100.44
28458,73.864
28459,64.4
28460,108.36
28461,81.27
28462,61.74
28463,66.54
28464,60.1656
28465,35.865
28466,27.552
28467,27.46
28468,34.176
28469,87.92
28470,64.96
28471,146.352
28472,48.69
28473,58.98
28474,279.3
28475,206.2
28476,39.32
28477,151.02
28478,36.765
28479,44.64
28480,17.82
28481,116.97
28482,40.527
28483,102.36
28484,49.12
28485,118.99
28486,38.08
28487,115.86
28488,97.32
28489,99.96
28490,70.68
28491,99.696
28492,52.56
28493,92.304
28494,112.86
28495,81.984
28496,37.04
28497,99.252
28498,106.05
28499,77.16
28500,56.85
28501,52.98
28502,96.57
28503,81.27
28504,200.25
28505,83.5704
28506,73.71
28507,82.23
28508,16.0605
28509,69.84
28510,124.14
28511,138.024
28512,33.28
28513,64.17
28514,87.444
28515,42.76
28516,101.16
28517,93.0
28518,45.09
28519,142.944
28520,64.08
28521,60.9
28522,112.12
28523,131.868
28524,76.92
28525,132.64
28526,50.16
28527,49.7
28528,1047.948
28529,96.12
28530,83.55
28531,85.59
28532,96.6
28533,50.1984
28534,58.806
28535,90.42
28536,93.18
28537,109.92
28538,37.59
28539,52.92
28540,51.93
28541,136.08
28542,73.28
28543,87.072
28544,14.976
28545,82.77412
28546,95.1
28547,639.96
28548,45.72
28549,79.62
28550,138.4689
28551,29.322
28552,51.921
28553,314.352
28554,95.16
28555,70.48
28556,49.248
28557,90.18
28558,158.94
28559,44.1
28560,59.724
28561,53.19
28562,49.5126
28563,85.5414
28564,75.792
28565,85.14
28566,21.78
28567,55.264
28568,57.0
28569,95.04
28570,69.804
28571,57.88
28572,139.328
28573,84.0
28574,41.04
28575,69.516
28576,100.764
28577,28.917
28578,42.309
28579,48.84
28580,25.08
28581,36.12
28582,60.48
28583,148.104
28584,59.25
28585,47.52
28586,36.1566
28587,31.5
28588,70.128
28589,160.146
28590,78.336
28591,65.16
28592,56.98
28593,227.47788
28594,92.34
28595,90.99
28596,147.84
28597,335.664
28598,100.278
28599,94.68
28600,50.94
28601,133.2
28602,83.92
28603,62.4
28604,83.07
28605,37.5
28606,44.7
28607,78.24
28608,32.06
28609,92.448
28610,71.73
28611,165.9
28612,90.96
28613,44.0847
28614,80.22
28615,382.98
28616,86.352
28617,70.98
28618,62.82
28619,73.98
28620,49.568
28621,42.8
28622,114.848
28623,139.96
28624,111.9
28625,34.8
28626,91.71
28627,115.74
28628,63.18
28629,56.2
28630,58.52028
28631,61.38
28632,46.872
28633,104.82
28634,61.86
28635,147.9
28636,123.12
28637,48.06
28638,66.3
28639,50.166
28640,64.656
28641,62.91
28642,48.36
28643,94.86
28644,167.44
28645,58.56
28646,58.698
28647,32.544
28648,29.88
28649,101.283
28650,47.586
28651,34.11
28652,25.12
28653,46.38
28654,61.56
28655,57.72
28656,45.3
28657,87.08
28658,64.4
28659,74.4
28660,178.08
28661,59.13
28662,19.665
28663,87.03
28664,77.1756
28665,94.86
28666,68.4
28667,83.952
28668,98.352
28669,86.88
28670,50.96
28671,34.7
28672,73.784
28673,33.44
28674,50.52
28675,26.22
28676,73.35
28677,221.9552
28678,50.48
28679,52.128
28680,86.96
28681,138.8
28682,43.8
28683,154.7
28684,94.77
28685,224.289
28686,93.48
28687,88.224
28688,90.9726
28689,37.26
28690,67.4
28691,106.05
28692,41.544
28693,106.08
28694,102.9
28695,31.5
28696,49.47
28697,284.166
28698,29.67
28699,22.923
28700,109.38
28701,123.72
28702,62.72
28703,94.608
28704,79.0
28705,44.6
28706,52.224
28707,468.18
28708,39.78
28709,98.442
28710,38.76
28711,46.92
28712,151.38
28713,179.46
28714,52.353
28715,103.9326
28716,35.6094
28717,106.56
28718,87.42
28719,53.2
28720,80.48
28721,43.98
28722,29.403
28723,15.15
28724,20.13
28725,109.95
28726,47.49
28727,54.18
28728,111.08
28729,46.53
28730,97.038
28731,94.2
28732,39.096
28733,57.576
28734,81.438
28735,97.32
28736,50.436
28737,107.4
28738,100.02
28739,93.48
28740,94.8
28741,15.68
28742,46.62
28743,52.86
28744,81.66
28745,40.86
28746,90.96
28747,78.12
28748,118.782
28749,56.7
28750,37.44
28751,89.88
28752,83.88
28753,118.656
28754,46.41
28755,166.8
28756,64.44
28757,70.32
28758,60.12
28759,84.462
28760,38.4
28761,114.0
28762,63.474
28763,84.18
28764,73.35
28765,131.382
28766,81.1965
28767,50.4
28768,35.97
28769,41.568
28770,57.584
28771,140.952
28772,61.92
28773,27.738
28774,62.16
28775,78.66
28776,41.28
28777,44.88
28778,89.1
28779,144.56
28780,65.96
28781,139.328
28782,25.06
28783,100.152
28784,131.85
28785,131.88
28786,82.86
28787,268.5
28788,56.7
28789,29.97
28790,94.02
28791,76.86
28792,40.23
28793,47.4
28794,120.48
28795,74.95
28796,58.98
28797,55.35
28798,23.76
28799,84.6
28800,136.164
28801,76.51152
28802,336.36
28803,77.12
28804,37.44
28805,163.15304
28806,45.06
28807,59.31
28808,23.88
28809,96.9
28810,54.432
28811,74.25
28812,29.862
28813,67.32
28814,78.35
28815,34.54
28816,96.08
28817,24.14
28818,75.33
28819,31.95
28820,120.06
28821,50.46
28822,58.8
28823,69.54
28824,51.78
28825,95.64
28826,60.6
28827,105.894
28828,152.928
28829,97.86
28830,156.15
28831,25.92
28832,26.73
28833,105.96
28834,41.904
28835,88.776
28836,102.368
28837,239.5
28838,47.68
28839,105.12
28840,40.98
28841,95.04
28842,59.7
28843,75.84
28844,72.6
28845,78.3
28846,49.77
28847,91.53
28848,148.878
28849,43.2
28850,141.76
28851,77.031
28852,60.12
28853,52.4
28854,32.34
28855,51.336
28856,24.0
28857,48.48
28858,103.32
28859,55.888
28860,73.5
28861,66.36
28862,64.24
28863,43.072
28864,48.42
28865,39.42
28866,87.03
28867,45.72
28868,88.2
28869,76.68
28870,47.142
28871,80.595
28872,97.92
28873,98.46
28874,75.36
28875,104.696
28876,45.45
28877,91.989
28878,51.75
28879,47.97
28880,29.34
28881,73.04
28882,22.704
28883,38.64
28884,100.692
28885,65.28
28886,36.4
28887,144.9
28888,150.501
28889,101.58
28890,98.388
28891,91.56
28892,172.14
28893,60.9
28894,84.24
28895,60.48
28896,149.13
28897,37.842
28898,168.03
28899,30.0
28900,61.04
28901,50.52
28902,44.28
28903,87.966
28904,50.22
28905,78.696
28906,275.88
28907,156.88
28908,99.6
28909,23.76
28910,135.96
28911,47.56
28912,150.3
28913,81.03
28914,36.0801
28915,102.4386
28916,78.66
28917,51.66
28918,67.04
28919,135.98
28920,95.22
28921,123.34
28922,103.36
28923,91.935
28924,42.984
28925,34.5
28926,113.64
28927,148.5
28928,68.79
28929,56.79
28930,207.18
28931,66.96
28932,48.87
28933,82.89
28934,94.5
28935,82.368
28936,103.92
28937,205.164
28938,14.43
28939,71.496
28940,55.32
28941,24.48
28942,53.28
28943,87.84
28944,66.852
28945,52.92
28946,47.58
28947,58.74
28948,55.56
28949,48.45
28950,77.28
28951,66.96
28952,58.716
28953,58.5
28954,601.32
28955,45.36
28956,39.528
28957,103.356
28958,87.96
28959,219.78
28960,54.9
28961,64.152
28962,70.35
28963,44.649
28964,35.808
28965,67.4
28966,42.528
28967,33.96
28968,84.78
28969,26.4
28970,63.0
28971,50.94
28972,78.246
28973,1324.0224
28974,108.216
28975,227.64
28976,120.9
28977,45.432
28978,39.78
28979,145.98
28980,53.088
28981,43.44
28982,33.568
28983,89.97
28984,104.75
28985,54.66
28986,25.38
28987,110.22
28988,182.76
28989,49.44
28990,235.32
28991,58.44
28992,85.2
28993,23.616
28994,43.7
28995,115.416
28996,69.624
28997,80.0
28998,48.16
28999,94.77
29000,56.88
29001,99.54
29002,45.72
29003,273.0
29004,86.805
29005,17.88
29006,129.6
29007,49.47
29008,96.36
29009,62.073
29010,51.84
29011,27.2745
29012,38.97
29013,100.792
29014,27.81
29015,169.45
29016,81.792
29017,43.05
29018,137.16
29019,198.45
29020,15.96
29021,107.28
29022,34.92
29023,40.4
29024,37.38
29025,85.904
29026,17.22
29027,105.12
29028,555.741
29029,65.1
29030,158.352
29031,52.44
29032,88.398
29033,53.037
29034,106.596
29035,73.305
29036,88.101
29037,33.372
29038,26.4
29039,47.331
29040,39.9
29041,24.3
29042,42.636
29043,57.384
29044,65.424
29045,79.36
29046,28.4
29047,31.752
29048,58.32
29049,83.67
29050,51.45
29051,37.59
29052,75.168
29053,45.504
29054,64.88
29055,49.38
29056,157.584
29057,63.36
29058,43.29
29059,103.68
29060,87.21
29061,84.24
29062,55.278
29063,65.34
29064,29.97
29065,42.2802
29066,90.018
29067,44.82
29068,67.344
29069,47.984
29070,40.635
29071,90.882
29072,228.92
29073,47.7
29074,40.29
29075,31.88
29076,53.109
29077,22.47
29078,79.29
29079,68.04
29080,80.16
29081,54.66
29082,49.02
29083,51.03
29084,23.82
29085,88.47
29086,46.26
29087,23.2
29088,60.416
29089,62.24
29090,69.84
29091,163.5
29092,128.52
29093,114.816
29094,38.88
29095,48.736
29096,21.96
29097,76.62
29098,100.404
29099,44.22
29100,101.1
29101,53.568
29102,71.55
29103,34.92
29104,111.51
29105,46.71
29106,49.8465
29107,28.32
29108,43.02
29109,64.08
29110,42.12
29111,78.288
29112,56.76
29113,44.496
29114,58.8
29115,26.49
29116,50.13
29117,18.954
29118,84.5778
29119,98.112
29120,67.92
29121,74.352
29122,67.32
29123,51.84
29124,65.88
29125,97.17
29126,93.0
29127,80.58
29128,51.3
29129,115.38
29130,136.242
29131,79.68
29132,95.64
29133,50.04
29134,100.5
29135,249.2658
29136,59.48
29137,42.81
29138,180.96
29139,45.584
29140,86.58
29141,48.66
29142,53.28
29143,65.13
29144,105.4
29145,26.24
29146,14.364
29147,74.592
29148,28.08
29149,74.34
29150,77.4
29151,80.1
29152,62.25
29153,78.0
29154,38.376
29155,78.66
29156,79.44
29157,36.909
29158,27.09
29159,54.69
29160,195.84
29161,47.4
29162,54.78
29163,53.652
29164,72.608
29165,62.4
29166,39.68
29167,78.7
29168,104.625
29169,23.16
29170,26.7
29171,59.4
29172,30.78
29173,23.598
29174,29.5812
29175,141.9
29176,61.74
29177,80.136
29178,70.95
29179,72.784
29180,62.352
29181,51.39
29182,48.72
29183,134.82
29184,92.16
29185,41.28
29186,124.59
29187,74.22
29188,38.016
29189,86.04
29190,68.58
29191,59.82
29192,39.78
29193,115.101
29194,139.59
29195,120.0
29196,59.22
29197,59.7102
29198,100.6524
29199,46.68
29200,96.8112
29201,29.835
29202,35.28
29203,40.29
29204,42.408
29205,56.16
29206,46.32
29207,48.87
29208,99.54
29209,66.132
29210,55.584
29211,320.49
29212,78.99
29213,57.288
29214,52.08
29215,66.456
29216,50.412
29217,69.624
29218,39.64
29219,65.8
29220,147.072
29221,79.08
29222,88.032
29223,84.6
29224,76.05
29225,44.1
29226,62.208
29227,71.1
29228,118.56
29229,46.62
29230,154.08
29231,25.92
29232,71.97
29233,86.4
29234,70.068
29235,42.096
29236,42.84
29237,80.256
29238,19.48
29239,86.256
29240,111.96
29241,69.552
29242,130.32
29243,66.96
29244,72.24
29245,48.93
29246,81.27
29247,1147.203
29248,53.4
29249,49.32
29250,139.806
29251,45.981
29252,121.92
29253,40.14
29254,16.02
29255,66.42
29256,29.67
29257,72.93
29258,143.79
29259,96.0
29260,54.72
29261,78.4
29262,79.36
29263,71.296
29264,143.736
29265,23.16
29266,79.4682
29267,41.58
29268,126.279
29269,108.7881
29270,103.194
29271,47.04
29272,117.7872
29273,57.6
29274,29.9
29275,47.32
29276,45.84
29277,31.984
29278,17.64
29279,114.12
29280,39.84
29281,132.96
29282,49.86
29283,29.61
29284,116.775
29285,24.72
29286,79.368
29287,84.0
29288,54.0
29289,63.12
29290,167.724
29291,34.3
29292,37.776
29293,55.32
29294,96.57
29295,57.852
29296,56.7
29297,96.9
29298,54.9
29299,96.18
29300,104.8815
29301,50.52
29302,125.793
29303,69.5544
29304,40.95
29305,35.34
29306,22.512
29307,27.744
29308,125.7
29309,119.98
29310,59.373
29311,81.12
29312,95.6
29313,130.74
29314,27.96
29315,111.078
29316,101.46
29317,137.808
29318,78.048
29319,76.059
29320,53.136
29321,48.78
29322,30.48
29323,111.72
29324,49.44
29325,22.5
29326,164.46
29327,75.348
29328,63.072
29329,27.32
29330,57.0
29331,96.6
29332,117.12
29333,63.0
29334,145.98
29335,85.05
29336,107.325
29337,49.68
29338,75.15
29339,58.112
29340,28.4
29341,58.48
29342,39.88
29343,42.93
29344,77.952
29345,26.7
29346,75.96
29347,29.94
29348,67.98
29349,29.01
29350,19.8
29351,31.95
29352,40.64
29353,85.44
29354,36.12
29355,65.712
29356,31.28
29357,117.12
29358,126.75
29359,60.804
29360,57.06
29361,29.97
29362,43.176
29363,84.784
29364,65.52
29365,111.12
29366,22.41
29367,24.597
29368,106.92
29369,69.3
29370,155.7
29371,110.64
29372,96.6
29373,62.0
29374,21.024
29375,150.255
29376,44.1
29377,19.98
29378,25.2
29379,78.84
29380,54.855
29381,82.6944
29382,119.88
29383,56.56
29384,65.99
29385,27.92
29386,100.94
29387,48.816
29388,52.08
29389,56.76
29390,34.56
29391,30.45
29392,18.336
29393,88.224
29394,67.36
29395,56.46
29396,79.2
29397,82.89
29398,69.84
29399,36.48
29400,83.88
29401,102.28
29402,17.88
29403,93.048
29404,211.44
29405,101.25
29406,115.02
29407,245.13
29408,139.806
29409,57.2949
29410,50.352
29411,48.72
29412,48.63
29413,32.319
29414,71.34
29415,75.48
29416,68.56
29417,148.662
29418,56.52
29419,49.68
29420,50.58
29421,45.54
29422,105.12
29423,92.16
29424,25.32
29425,51.381
29426,50.652
29427,113.76
29428,91.1
29429,59.7
29430,60.16
29431,30.84
29432,133.6455
29433,90.0
29434,41.25
29435,44.28
29436,54.18
29437,74.07
29438,24.696
29439,73.4052
29440,58.59
29441,45.4104
29442,38.772
29443,60.984
29444,33.62
29445,77.56
29446,13.68
29447,58.128
29448,24.327
29449,48.78
29450,58.32
29451,137.22
29452,133.2
29453,139.44
29454,78.0
29455,43.4
29456,102.16
29457,39.72
29458,106.488
29459,145.584
29460,82.5
29461,27.45
29462,71.172
29463,33.93
29464,25.8
29465,42.0
29466,138.753
29467,82.2
29468,97.5
29469,94.8
29470,71.28
29471,422.5032
29472,72.675
29473,37.08
29474,58.72
29475,76.14
29476,40.41
29477,81.852
29478,24.0
29479,115.74
29480,86.0
29481,33.48
29482,66.6
29483,13.59
29484,59.46
29485,51.3
29486,14.52
29487,50.94
29488,111.537
29489,83.25
29490,152.352
29491,70.4529
29492,74.4756
29493,136.26
29494,127.1325
29495,33.372
29496,86.45
29497,104.23
29498,40.48
29499,30.12
29500,66.948
29501,140.52
29502,23.7
29503,58.416
29504,88.2
29505,155.358
29506,76.788
29507,203.88
29508,77.04
29509,81.48
29510,70.56
29511,91.68
29512,50.76
29513,73.95
29514,105.72
29515,41.571
29516,97.86
29517,41.08
29518,100.54
29519,20.5
29520,135.48
29521,60.92
29522,38.58
29523,351.36
29524,30.69
29525,47.46
29526,54.78
29527,62.04
29528,89.64
29529,41.88
29530,129.114
29531,75.429
29532,64.53
29533,92.2995
29534,58.83
29535,61.568
29536,92.34
29537,59.376
29538,29.01
29539,49.77
29540,57.36
29541,79.44
29542,26.28
29543,88.704
29544,58.2
29545,53.84
29546,28.48
29547,66.636
29548,104.976
29549,20.574
29550,45.42
29551,110.88
29552,62.7
29553,44.94
29554,56.56
29555,68.94
29556,79.36
29557,39.816
29558,158.76
29559,66.93
29560,169.68
29561,27.72
29562,89.82
29563,45.0
29564,113.2
29565,37.38
29566,100.32
29567,68.904
29568,30.48
29569,87.06
29570,82.5192
29571,49.56
29572,45.3678
29573,100.704
29574,68.72
29575,51.56
29576,57.264
29577,97.332
29578,82.674
29579,55.14
29580,95.28
29581,96.0
29582,77.7
29583,60.552
29584,141.12
29585,123.8535
29586,91.35
29587,42.039
29588,49.1946
29589,42.7707
29590,17.45
29591,57.75
29592,66.3
29593,68.238
29594,73.915
29595,69.3
29596,97.92
29597,50.7
29598,53.7
29599,37.71
29600,42.3
29601,114.336
29602,47.19
29603,19.77
29604,57.8925
29605,26.946
29606,84.42
29607,97.038
29608,82.0599
29609,62.18
29610,31.44
29611,202.2
29612,48.24
29613,66.44
29614,32.8
29615,58.536
29616,67.84
29617,90.76
29618,57.36
29619,39.2
29620,139.68
29621,65.55
29622,41.04
29623,39.98
29624,67.8
29625,186.732
29626,51.756
29627,38.88
29628,28.784
29629,101.4
29630,215.52
29631,76.56
29632,71.1
29633,49.7
29634,67.68
29635,68.12
29636,67.608
29637,131.94
29638,117.46
29639,57.072
29640,54.36
29641,80.1
29642,39.285
29643,45.06
29644,25.0266
29645,59.76
29646,72.8
29647,31.968
29648,79.36
29649,45.36
29650,32.34
29651,106.32
29652,68.48
29653,74.16
29654,81.756
29655,74.49
29656,140.67
29657,95.6
29658,93.42
29659,66.48
29660,95.44
29661,42.96
29662,57.36
29663,55.944
29664,92.5275
29665,214.3791
29666,60.48
29667,38.04
29668,70.467
29669,79.08
29670,86.376
29671,55.32
29672,64.242
29673,58.32
29674,72.32
29675,35.06
29676,56.94
29677,113.46
29678,65.28
29679,85.608
29680,49.42
29681,68.816
29682,118.2
29683,110.28
29684,66.51
29685,121.905
29686,33.048
29687,510.57
29688,41.58
29689,122.283
29690,97.2
29691,93.51
29692,169.092
29693,60.74
29694,70.26
29695,39.992
29696,25.8
29697,128.88
29698,40.08
29699,73.536
29700,93.06
29701,125.82
29702,97.8
29703,132.15
29704,141.12
29705,47.025
29706,84.15
29707,39.87
29708,62.92
29709,34.24
29710,15.552
29711,59.52
29712,62.16
29713,54.936
29714,37.17
29715,81.66
29716,97.656
29717,65.24
29718,46.272
29719,127.7
29720,114.66
29721,121.905
29722,109.728
29723,23.1
29724,34.14
29725,56.76
29726,138.69
29727,59.508
29728,51.465
29729,113.92
29730,55.936
29731,36.6
29732,85.96
29733,33.568
29734,146.86
29735,84.978
29736,22.956
29737,54.18
29738,126.03
29739,57.84
29740,85.92
29741,111.312
29742,73.5
29743,117.96
29744,126.4
29745,69.18
29746,15.32
29747,86.7
29748,60.48
29749,57.9
29750,72.675
29751,59.34
29752,89.4
29753,29.268
29754,46.53
29755,34.5861
29756,138.24
29757,63.729
29758,29.68
29759,230.376
29760,48.3
29761,49.6
29762,29.88
29763,78.0
29764,52.59
29765,115.83
29766,46.845
29767,92.64
29768,55.48
29769,56.65
29770,82.56
29771,47.984
29772,134.61
29773,29.76
29774,27.3
29775,107.928
29776,76.08
29777,35.2
29778,22.68
29779,177.3
29780,29.01
29781,74.25
29782,65.925
29783,76.41
29784,55.95
29785,46.845
29786,44.781
29787,17.712
29788,41.9
29789,21.56
29790,159.56
29791,31.008
29792,69.15
29793,30.3
29794,64.3
29795,126.96
29796,47.16
29797,131.28
29798,172.43928
29799,90.18
29800,45.846
29801,142.53
29802,73.95
29803,25.29
29804,1001.1366
29805,57.0
29806,40.425
29807,78.246
29808,125.19
29809,53.703
29810,90.0576
29811,25.344
29812,67.56
29813,116.28
29814,55.992
29815,67.88
29816,45.528
29817,46.44
29818,74.52
29819,71.52
29820,142.08
29821,49.32
29822,112.92
29823,102.48
29824,53.7
29825,59.526
29826,84.276
29827,46.59
29828,132.96
29829,46.848
29830,190.4
29831,68.076
29832,70.88
29833,45.84
29834,95.72
29835,36.3
29836,130.72
29837,77.16
29838,105.24
29839,45.72
29840,62.16
29841,55.56
29842,45.72
29843,37.68
29844,31.92
29845,67.128
29846,75.18
29847,27.392
29848,196.08
29849,75.6
29850,97.824
29851,81.18
29852,121.86
29853,109.62
29854,55.98
29855,148.92
29856,78.12
29857,50.4
29858,132.1425
29859,73.1022
29860,45.36
29861,51.6285
29862,71.82
29863,41.85
29864,40.096
29865,149.544
29866,35.06
29867,46.74
29868,45.69
29869,51.78
29870,62.31
29871,47.96
29872,40.64
29873,130.08232
29874,73.8
29875,36.0
29876,66.6
29877,35.82
29878,88.2
29879,33.6
29880,47.88
29881,45.48
29882,62.2965
29883,58.212
29884,71.4
29885,64.719
29886,92.64
29887,59.778
29888,56.349
29889,40.2522
29890,173.76
29891,30.456
29892,71.9361
29893,58.02
29894,94.92
29895,44.4
29896,73.008
29897,34.656
29898,42.68
29899,65.584
29900,14.0
29901,46.74
29902,166.8
29903,107.28
29904,69.84
29905,76.08
29906,50.79
29907,38.61
29908,39.072
29909,87.3
29910,53.22
29911,66.96
29912,94.6305
29913,120.366
29914,115.56
29915,40.1475
29916,42.7869
29917,54.36
29918,61.8
29919,48.852
29920,53.72
29921,47.9
29922,72.78
29923,52.5
29924,59.52
29925,57.75
29926,142.848
29927,16.716
29928,50.58
29929,76.5
29930,105.568
29931,252.0
29932,66.936
29933,46.98
29934,46.98
29935,78.9
29936,111.42
29937,39.92
29938,50.292
29939,26.4
29940,34.98
29941,97.92
29942,59.76
29943,103.26
29944,54.82
29945,68.88
29946,65.88
29947,16.48
29948,78.84
29949,55.74
29950,65.784
29951,89.94
29952,47.7
29953,36.96
29954,85.02
29955,26.712
29956,35.7
29957,58.392
29958,37.68
29959,30.816
29960,67.9
29961,71.952
29962,26.64
29963,32.19
29964,80.55
29965,64.824
29966,53.28
29967,22.29
29968,32.88
29969,27.5
29970,26.04
29971,61.92
29972,62.72
29973,71.361
29974,59.292
29975,62.16
29976,42.84
29977,41.04
29978,51.273
29979,26.91
29980,75.69
29981,90.6222
29982,80.838
29983,59.4
29984,75.9
29985,60.96
29986,63.18
29987,28.0125
29988,29.7
29989,37.4
29990,19.456
29991,98.392
29992,97.44
29993,195.6
29994,51.84
29995,73.2
29996,82.84
29997,61.86
29998,217.32
29999,32.68
30000,106.8
30001,87.84
30002,76.2
30003,49.44
30004,64.26
30005,97.2
30006,73.35
30007,49.44
30008,46.92
30009,83.88
30010,23.25
30011,93.0
30012,171.036
30013,63.77
30014,164.646
30015,54.9
30016,70.26
30017,60.0
30018,44.4
30019,25.308
30020,58.83
30021,44.2
30022,248.22
30023,36.84
30024,79.08
30025,80.1
30026,82.89
30027,60.42
30028,49.5
30029,79.92
30030,125.22
30031,44.22
30032,40.8312
30033,37.152
30034,47.82
30035,71.6
30036,39.92
30037,69.12
30038,27.88
30039,110.376
30040,44.7
30041,51.72
30042,39.12
30043,48.39
30044,83.46
30045,82.08
30046,55.56
30047,65.68
30048,81.66
30049,37.62
30050,68.364
30051,40.0
30052,52.86
30053,47.952
30054,145.05
30055,40.05
30056,38.4
30057,90.42
30058,187.986
30059,43.2
30060,87.92
30061,59.94
30062,36.27
30063,18.96
30064,61.392
30065,81.852
30066,153.42
30067,72.864
30068,28.24
30069,49.356
30070,70.56
30071,39.4
30072,56.352
30073,26.76
30074,66.948
30075,43.2
30076,78.75
30077,79.11
30078,31.488
30079,56.97
30080,90.81
30081,99.72
30082,83.4
30083,163.56
30084,60.588
30085,69.336
30086,79.9
30087,26.49
30088,23.4
30089,61.6
30090,70.64
30091,38.04
30092,98.88
30093,34.06
30094,105.18
30095,113.94
30096,65.61
30097,60.6
30098,139.59
30099,56.52
30100,78.354
30101,51.36
30102,83.8248
30103,84.5604
30104,127.1076
30105,51.03
30106,127.32
30107,17.712
30108,37.608
30109,23.97
30110,25.05
30111,64.2
30112,59.76
30113,87.408
30114,62.61
30115,218.592
30116,100.4
30117,100.7
30118,42.12
30119,75.33
30120,98.388
30121,58.2
30122,119.07
30123,80.865
30124,42.66
30125,24.354
30126,152.4
30127,30.12
30128,89.46
30129,79.99
30130,51.016
30131,45.21
30132,98.04
30133,97.38
30134,26.88
30135,46.32
30136,58.0
30137,61.668
30138,47.268
30139,31.66
30140,19.88
30141,60.2
30142,77.1
30143,39.72
30144,34.92
30145,31.84
30146,90.64
30147,82.08
30148,36.08
30149,80.28
30150,113.68
30151,14.256
30152,114.81
30153,82.35
30154,75.6
30155,18.99
30156,66.462
30157,122.94
30158,58.248
30159,56.76
30160,45.84
30161,80.46
30162,49.248
30163,59.16
30164,116.52
30165,102.45
30166,71.1
30167,53.526
30168,26.38
30169,85.52
30170,106.32
30171,14.4
30172,141.6
30173,30.3
30174,75.68
30175,101.94
30176,72.0
30177,84.48
30178,40.635
30179,60.24
30180,59.4
30181,53.04
30182,45.252
30183,94.8
30184,90.0576
30185,159.66
30186,15.96
30187,111.48
30188,40.296
30189,110.22
30190,86.112
30191,91.44
30192,105.72
30193,121.5
30194,88.68
30195,44.94
30196,76.48
30197,48.7
30198,41.74
30199,36.8
30200,80.192
30201,44.16
30202,61.44
30203,51.48
30204,74.952
30205,83.76
30206,37.68
30207,31.92
30208,127.764
30209,53.91
30210,57.87
30211,29.58
30212,69.15
30213,117.4472
30214,104.472
30215,45.927
30216,56.349
30217,42.12
30218,43.83
30219,50.7
30220,97.32
30221,57.8925
30222,87.06
30223,23.4
30224,121.5
30225,106.32
30226,155.7
30227,23.652
30228,59.328
30229,20.04
30230,30.976
30231,39.984
30232,87.36
30233,40.704
30234,59.04
30235,50.28
30236,50.94
30237,34.074
30238,72.88
30239,104.44
30240,57.864
30241,53.68
30242,77.1
30243,63.76
30244,83.34
30245,63.0
30246,76.8
30247,158.58
30248,85.92
30249,33.876
30250,63.9975
30251,109.08
30252,25.92
30253,43.512
30254,123.144
30255,91.59
30256,52.752
30257,57.87
30258,124.272
30259,42.96
30260,164.76
30261,103.5
30262,43.52
30263,60.9
30264,46.44
30265,41.64
30266,53.34
30267,27.96
30268,23.97
30269,103.56
30270,49.5
30271,39.992
30272,45.0
30273,33.74
30274,14.4
30275,200.97
30276,37.94
30277,82.26
30278,17.12
30279,45.75
30280,40.752
30281,49.152
30282,84.36
30283,99.54
30284,38.04
30285,98.46
30286,43.47
30287,60.75
30288,15.76
30289,99.96
30290,64.0
30291,49.8
30292,52.38
30293,42.96
30294,56.7
30295,95.16
30296,46.116
30297,154.4208
30298,409.32
30299,91.84
30300,92.94
30301,51.63
30302,31.74
30303,24.92
30304,33.36
30305,67.7
30306,96.8
30307,45.216
30308,172.08
30309,90.72
30310,57.15
30311,68.148
30312,27.6
30313,104.7045
30314,44.46
30315,73.26
30316,130.41
30317,59.5455
30318,180.66
30319,28.854
30320,17.76
30321,79.47
30322,87.8
30323,48.06
30324,35.304
30325,58.17
30326,46.74
30327,52.98
30328,58.2
30329,138.6
30330,57.984
30331,37.86
30332,138.04
30333,78.78
30334,122.88
30335,59.1
30336,48.78
30337,79.974
30338,110.76
30339,258.9
30340,114.03
30341,86.88
30342,46.5
30343,72.4245
30344,210.12
30345,64.764
30346,66.96
30347,82.296
30348,83.358
30349,38.16
30350,27.5892
30351,113.2452
30352,149.73
30353,23.76
30354,41.472
30355,17.52
30356,143.928
30357,57.78
30358,24.36
30359,50.4
30360,57.87
30361,86.256
30362,66.88
30363,263.6
30364,98.22
30365,169.92
30366,33.18
30367,58.02
30368,96.36
30369,107.55
30370,58.44
30371,32.4
30372,42.66
30373,57.84
30374,34.95
30375,47.82
30376,101.88
30377,37.62
30378,43.02
30379,42.384
30380,32.448
30381,74.4
30382,56.988
30383,53.01
30384,55.98
30385,56.43
30386,44.58
30387,26.2944
30388,62.34
30389,287.4
30390,34.2
30391,44.2338
30392,33.6
30393,44.388
30394,64.96
30395,25.032
30396,107.97
30397,53.88
30398,36.288
30399,50.352
30400,14.52
30401,24.0
30402,56.34
30403,99.288
30404,32.32
30405,146.4
30406,65.1
30407,57.72
30408,26.92
30409,44.624
30410,48.9
30411,73.875
30412,68.025
30413,64.26
30414,26.04
30415,42.66
30416,93.24
30417,142.56
30418,81.99
30419,71.37
30420,86.4
30421,49.68
30422,149.95
30423,41.7
30424,84.84
30425,15.36
30426,86.352
30427,119.96
30428,79.533
30429,61.38
30430,51.36
30431,86.31
30432,51.6
30433,51.08
30434,84.84
30435,151.236
30436,64.56
30437,79.11
30438,58.08
30439,2039.796
30440,57.87
30441,75.78
30442,83.6976
30443,46.305
30444,87.9504
30445,51.975
30446,78.66
30447,86.97
30448,64.864
30449,62.1
30450,69.52
30451,64.08
30452,45.03
30453,19.908
30454,28.89
30455,58.66
30456,67.84
30457,51.24
30458,14.24
30459,67.96
30460,94.5
30461,23.355
30462,95.04
30463,210.84
30464,124.65
30465,66.24
30466,115.71
30467,22.65
30468,71.4378
30469,76.2
30470,68.22
30471,94.02
30472,47.52
30473,38.976
30474,98.4
30475,51.63
30476,158.58
30477,23.25
30478,133.2
30479,50.12
30480,21.96
30481,60.06
30482,67.2152
30483,139.152
30484,54.0
30485,25.14
30486,70.815
30487,27.4752
30488,95.88
30489,281.424
30490,44.43
30491,72.0
30492,72.048
30493,50.73
30494,38.7
30495,42.6
30496,120.08
30497,109.8
30498,60.264
30499,60.032
30500,38.4
30501,183.87
30502,107.775
30503,103.56
30504,51.6
30505,48.96
30506,36.288
30507,38.34
30508,99.924
30509,1654.668
30510,82.242
30511,51.84
30512,27.44
30513,74.416
30514,24.56
30515,79.11
30516,25.8
30517,50.76
30518,59.76
30519,54.0
30520,56.46
30521,121.44
30522,42.12
30523,68.184
30524,78.84
30525,66.672
30526,185.26
30527,66.51
30528,27.18
30529,81.378
30530,223.722
30531,87.72
30532,34.29
30533,61.32
30534,124.92
30535,89.856
30536,18.588
30537,21.48
30538,38.29
30539,105.584
30540,107.44
30541,20.808
30542,49.56
30543,54.24
30544,42.06
30545,84.6
30546,48.45
30547,16.59
30548,64.89
30549,44.34
30550,26.8
30551,66.6
30552,94.8
30553,56.52
30554,88.44
30555,62.1
30556,26.37
30557,80.73
30558,27.9522
30559,16.8
30560,64.557
30561,92.205
30562,50.298
30563,90.57
30564,59.712
30565,52.272
30566,21.184
30567,40.68
30568,50.4
30569,30.54
30570,73.2
30571,51.27
30572,51.2
30573,63.2
30574,30.64
30575,133.344
30576,35.24
30577,81.9
30578,42.48
30579,78.57
30580,41.16
30581,39.609
30582,46.71
30583,66.87
30584,167.34
30585,25.92
30586,31.776
30587,88.768
30588,62.82
30589,69.375
30590,39.96
30591,88.44
30592,136.59
30593,134.688
30594,50.52
30595,15.54
30596,75.18
30597,117.32
30598,45.408
30599,72.54
30600,70.56
30601,40.86
30602,56.94
30603,32.25
30604,85.32
30605,115.92
30606,99.48
30607,62.4
30608,61.47
30609,92.1825
30610,129.978
30611,61.62
30612,74.9988
30613,67.95
30614,26.96
30615,114.78
30616,61.56
30617,49.32
30618,44.595
30619,53.01
30620,87.792
30621,31.34
30622,56.5
30623,30.684
30624,258.9
30625,49.08
30626,28.08
30627,103.68
30628,57.6
30629,69.6
30630,56.16
30631,170.34
30632,39.6
30633,41.055
30634,41.19
30635,45.36
30636,77.728
30637,59.76
30638,43.86
30639,77.472
30640,56.032
30641,41.94
30642,74.48
30643,60.96
30644,24.0
30645,172.6
30646,64.38
30647,172.8
30648,27.702
30649,79.2
30650,91.14
30651,57.96
30652,19.44
30653,49.616
30654,185.376
30655,70.74
30656,51.372
30657,66.93
30658,55.92
30659,149.6
30660,61.32
30661,115.58
30662,161.59616
30663,47.82
30664,20.72
30665,30.528
30666,121.932
30667,70.92
30668,67.5
30669,17.4
30670,148.32
30671,127.05
30672,50.7
30673,28.908
30674,87.3372
30675,39.99
30676,15.84
30677,81.54
30678,61.29
30679,48.573
30680,123.72
30681,37.11
30682,58.8
30683,36.66
30684,82.88
30685,61.368
30686,21.408
30687,86.88
30688,76.05
30689,79.5
30690,30.618
30691,87.6
30692,52.245
30693,45.09
30694,96.45
30695,270.54
30696,141.03
30697,44.82
30698,46.5
30699,33.06
30700,33.39
30701,92.46
30702,91.6
30703,72.0
30704,36.018
30705,95.16
30706,162.96
30707,46.32
30708,49.296
30709,101.58
30710,132.84
30711,32.0
30712,39.48
30713,40.64
30714,109.28
30715,56.16
30716,50.7
30717,120.42
30718,80.2395
30719,152.28
30720,48.33
30721,96.9
30722,62.1
30723,28.692
30724,38.62
30725,60.35
30726,106.32
30727,74.76
30728,61.776
30729,42.96
30730,47.64
30731,52.736
30732,64.8
30733,50.84
30734,46.62
30735,161.73
30736,42.18
30737,34.44
30738,55.38
30739,56.55
30740,72.99
30741,54.0
30742,82.704
30743,56.52
30744,38.61
30745,84.78
30746,40.5
30747,71.55
30748,61.29
30749,59.4
30750,89.352
30751,46.26
30752,88.02
30753,30.36
30754,33.48
30755,48.0
30756,105.492
30757,59.58
30758,54.336
30759,118.8
30760,70.4
30761,36.12
30762,56.76
30763,78.312
30764,72.576
30765,56.97
30766,57.159
30767,42.21
30768,21.6
30769,46.62
30770,74.655
30771,68.16
30772,74.352
30773,965.85
30774,43.96
30775,114.288
30776,127.904
30777,153.824
30778,48.6
30779,39.6
30780,60.54
30781,43.29
30782,62.34
30783,94.02
30784,53.88
30785,55.2
30786,95.04
30787,50.46
30788,80.685
30789,29.78
30790,69.456
30791,25.92
30792,186.69
30793,61.1
30794,51.56
30795,79.99
30796,74.7
30797,69.36
30798,96.6
30799,71.04
30800,82.008
30801,30.27
30802,60.696
30803,12.6
30804,48.4
30805,50.82
30806,82.1
30807,189.46032
30808,65.2
30809,50.79
30810,56.76
30811,26.22
30812,106.974
30813,44.064
30814,51.66
30815,71.73
30816,100.4964
30817,43.7568
30818,46.6875
30819,56.9214
30820,40.096
30821,99.372
30822,72.744
30823,55.984
30824,51.156
30825,186.12
30826,46.92
30827,61.76
30828,152.352
30829,33.66
30830,53.91
30831,41.85
30832,99.0
30833,61.503
30834,24.03
30835,74.4759
30836,71.766
30837,46.62
30838,61.96
30839,47.208
30840,20.46
30841,166.5
30842,71.76
30843,72.828
30844,46.92
30845,29.862
30846,21.52
30847,84.3
30848,56.46
30849,40.32
30850,15.76
30851,40.584
30852,112.584
30853,70.56
30854,56.2
30855,52.56
30856,29.88
30857,59.598
30858,50.625
30859,68.25
30860,50.328
30861,49.71
30862,37.665
30863,208.5
30864,33.36
30865,36.51
30866,35.12
30867,30.816
30868,21.99
30869,23.592
30870,30.624
30871,28.38
30872,135.744
30873,21.36
30874,25.36
30875,77.04
30876,78.66
30877,44.688
30878,54.0
30879,76.224
30880,41.49
30881,51.6
30882,37.86
30883,44.469
30884,86.04
30885,80.757
30886,153.72
30887,55.98
30888,41.55
30889,67.5
30890,39.9
30891,26.85
30892,72.6
30893,58.924
30894,40.2
30895,63.24
30896,55.26
30897,81.24
30898,53.4
30899,49.74
30900,63.432
30901,86.52
30902,107.4
30903,32.4
30904,32.0
30905,50.988
30906,50.72
30907,98.172
30908,35.73
30909,52.86
30910,79.56
30911,39.45
30912,30.735
30913,46.62
30914,48.2088
30915,62.28
30916,23.92
30917,63.96
30918,19.44
30919,30.384
30920,32.19
30921,81.99
30922,26.37
30923,59.16
30924,60.42
30925,65.16
30926,296.88504
30927,33.6
30928,55.5
30929,84.672
30930,84.96
30931,80.64
30932,80.76
30933,30.66
30934,87.84
30935,36.72
30936,84.321
30937,42.735
30938,29.88
30939,53.46
30940,23.7
30941,97.92
30942,57.996
30943,36.972
30944,34.848
30945,81.98
30946,59.913
30947,105.996
30948,61.2
30949,50.022
30950,48.93
30951,137.772
30952,98.7
30953,80.0
30954,28.96
30955,85.59
30956,55.92
30957,73.62
30958,44.91
30959,106.8
30960,379.242
30961,66.45
30962,31.806
30963,126.5382
30964,30.861
30965,35.883
30966,114.39
30967,50.148
30968,88.752
30969,32.4
30970,32.952
30971,113.04
30972,98.592
30973,40.64
30974,87.76
30975,77.48
30976,41.52
30977,41.232
30978,107.82
30979,75.0321
30980,55.3161
30981,33.36
30982,34.092
30983,28.44
30984,52.416
30985,35.208
30986,39.861
30987,49.5
30988,19.464
30989,114.03
30990,45.69
30991,60.42
30992,18.36
30993,59.16
30994,33.336
30995,57.6
30996,41.36
30997,29.0
30998,86.346
30999,44.94
31000,24.6
31001,30.96
31002,76.41
31003,21.36
31004,75.69
31005,48.0321
31006,41.202
31007,56.97
31008,76.275
31009,50.274
31010,34.5
31011,11.85
31012,109.98
31013,33.9
31014,62.13
31015,17.88
31016,48.78
31017,53.34
31018,21.144
31019,37.9
31020,77.04
31021,35.76
31022,37.0
31023,58.608
31024,48.3
31025,28.64
31026,35.136
31027,100.7
31028,49.02
31029,54.12
31030,54.56
31031,53.76
31032,58.32
31033,53.82
31034,53.19
31035,80.46
31036,53.217
31037,28.611
31038,17.4324
31039,88.47
31040,40.6368
31041,85.56
31042,58.68
31043,43.86
31044,59.2
31045,69.98
31046,76.608
31047,54.576
31048,58.68
31049,90.18
31050,18.816
31051,33.0
31052,85.968
31053,38.961
31054,112.0791
31055,43.71
31056,55.8
31057,90.72
31058,66.0
31059,97.04
31060,69.3
31061,55.48
31062,42.048
31063,64.864
31064,87.71
31065,71.976
31066,29.304
31067,65.94
31068,25.05
31069,55.14
31070,38.52
31071,20.16
31072,39.36
31073,58.48
31074,111.56
31075,52.92
31076,63.18
31077,17.088
31078,45.024
31079,59.76
31080,71.715
31081,53.28
31082,41.25
31083,98.46
31084,31.35
31085,81.27
31086,228.831
31087,21.54
31088,90.24
31089,50.88
31090,81.54
31091,40.29
31092,28.512
31093,40.32
31094,28.12
31095,82.16
31096,161.1
31097,47.88
31098,36.8
31099,27.0
31100,42.96
31101,50.46
31102,101.85
31103,208.332
31104,81.27
31105,54.42
31106,117.504
31107,78.246
31108,13.5786
31109,106.02
31110,58.0635
31111,22.41
31112,81.324
31113,38.88
31114,15.872
31115,58.34
31116,55.008
31117,62.16
31118,48.93
31119,29.37
31120,13.851
31121,48.93
31122,52.428
31123,76.11
31124,41.568
31125,108.48
31126,65.952
31127,99.972
31128,46.32
31129,121.74
31130,31.536
31131,96.9
31132,58.7
31133,74.64
31134,57.15
31135,97.2
31136,49.95
31137,133.65
31138,68.55
31139,29.88
31140,90.24
31141,105.66
31142,43.188
31143,196.62
31144,19.44
31145,72.588
31146,40.83
31147,118.2
31148,101.208
31149,94.02
31150,49.872
31151,63.18
31152,49.28
31153,39.33
31154,40.38
31155,185.28
31156,69.444
31157,110.25
31158,49.425
31159,58.671
31160,45.633
31161,66.744
31162,29.34
31163,72.588
31164,45.75
31165,84.3
31166,59.82
31167,84.72
31168,63.9
31169,59.9
31170,55.36
31171,45.28
31172,65.22
31173,90.624
31174,15.072
31175,31.92
31176,89.73
31177,38.16
31178,24.42
31179,22.05
31180,93.7236
31181,70.6035
31182,49.83
31183,105.84
31184,15.552
31185,34.65
31186,57.93
31187,53.25
31188,72.48
31189,56.3
31190,286.256
31191,42.208
31192,67.84
31193,180.96
31194,35.928
31195,120.9
31196,65.4
31197,56.76
31198,54.69
31199,109.8
31200,34.3
31201,43.7
31202,68.8
31203,279.6
31204,84.52
31205,79.56
31206,49.95
31207,96.6
31208,55.5
31209,45.288
31210,35.64
31211,50.997
31212,62.79
31213,79.512
31214,57.36
31215,72.9
31216,83.28
31217,68.184
31218,67.86
31219,33.468
31220,32.58
31221,26.64
31222,47.472
31223,21.48
31224,524.58
31225,35.46
31226,58.05
31227,42.84
31228,67.662
31229,77.49
31230,25.029
31231,33.3105
31232,51.55
31233,43.41
31234,29.196
31235,66.42
31236,28.02
31237,43.26
31238,15.51
31239,60.24
31240,93.1
31241,29.4
31242,37.696
31243,40.5
31244,73.44
31245,80.01
31246,35.406
31247,87.03
31248,99.54
31249,18.0
31250,22.29
31251,233.6625
31252,66.2838
31253,40.32
31254,89.584
31255,163.96
31256,46.62
31257,96.78
31258,43.47
31259,89.04
31260,44.0
31261,46.44
31262,144.528
31263,27.0
31264,55.56
31265,48.006
31266,46.656
31267,67.86
31268,59.664
31269,153.171
31270,19.44
31271,103.6
31272,168.624
31273,50.97
31274,40.48
31275,55.26
31276,109.74
31277,92.88
31278,30.78
31279,45.0
31280,57.39
31281,63.66
31282,50.73
31283,79.5
31284,50.5
31285,35.32
31286,54.54
31287,54.252
31288,53.04
31289,59.76
31290,108.36
31291,22.38
31292,58.428
31293,40.71
31294,69.0696
31295,32.25
31296,79.47
31297,37.66
31298,37.74
31299,19.52
31300,56.686
31301,158.99
31302,96.3
31303,47.61
31304,50.79
31305,34.968
31306,49.8
31307,98.0
31308,84.3
31309,66.96
31310,60.6
31311,61.128
31312,26.28
31313,98.388
31314,48.15
31315,33.966
31316,14.94
31317,33.264
31318,27.4752
31319,58.4166
31320,84.1005
31321,81.54
31322,71.34
31323,97.92
31324,146.73
31325,63.552
31326,51.168
31327,127.764
31328,81.96
31329,51.84
31330,44.73
31331,29.55
31332,73.95
31333,19.86
31334,112.2
31335,37.92
31336,46.38
31337,189.36
31338,37.98
31339,56.28
31340,75.744
31341,37.872
31342,31.2
31343,21.0
31344,77.4
31345,409.968
31346,19.35
31347,69.9
31348,25.704
31349,47.1753
31350,53.823
31351,34.58
31352,104.28
31353,34.384
31354,13.36
31355,73.2
31356,18.176
31357,33.3
31358,66.0
31359,52.62
31360,44.802
31361,77.04
31362,26.22
31363,54.18
31364,62.92
31365,97.152
31366,32.0
31367,81.99
31368,94.38
31369,55.14
31370,52.56
31371,44.22
31372,48.15
31373,53.298
31374,34.251
31375,85.5
31376,58.56
31377,63.0912
31378,103.86
31379,114.9
31380,49.12
31381,74.94
31382,25.76
31383,25.5
31384,100.74
31385,11.832
31386,97.92
31387,40.14
31388,35.52
31389,30.72
31390,64.44
31391,66.636
31392,138.24
31393,65.016
31394,30.6
31395,51.3
31396,15.24
31397,47.04
31398,60.6411
31399,201.36
31400,63.88
31401,66.645
31402,94.85
31403,99.2
31404,99.9
31405,35.46
31406,74.76
31407,141.888
31408,57.504
31409,107.4
31410,108.768
31411,108.45
31412,64.44
31413,81.0
31414,24.96
31415,45.18
31416,141.831
31417,22.26
31418,161.568
31419,38.88
31420,17.9
31421,31.17
31422,42.66
31423,45.06
31424,54.0
31425,61.92
31426,29.016
31427,77.24
31428,63.36
31429,26.976
31430,29.4
31431,161.3
31432,47.88
31433,46.62
31434,110.16
31435,51.6
31436,74.7
31437,17.28
31438,88.074
31439,48.705
31440,66.45
31441,47.574
31442,55.188
31443,18.76
31444,54.768
31445,43.92
31446,32.96
31447,30.816
31448,110.52
31449,9.84
31450,40.83
31451,102.744
31452,39.54
31453,19.05
31454,48.33
31455,59.136
31456,49.84
31457,49.824
31458,26.36
31459,41.352
31460,27.264
31461,39.42
31462,78.66
31463,39.15
31464,62.328
31465,74.34
31466,80.352
31467,54.0
31468,110.28
31469,31.104
31470,67.4
31471,41.28
31472,19.572
31473,53.76
31474,49.47
31475,29.052
31476,41.16
31477,74.9
31478,118.2
31479,74.08
31480,67.86
31481,37.044
31482,63.18
31483,48.96
31484,27.96
31485,13.23
31486,19.98
31487,45.0
31488,90.2325
31489,34.128
31490,79.2
31491,33.488
31492,87.08
31493,27.87
31494,38.04
31495,51.78
31496,48.66
31497,87.3
31498,15.534
31499,20.712
31500,49.2
31501,55.04
31502,50.46
31503,85.92
31504,44.112
31505,132.552
31506,80.52
31507,73.488
31508,36.828
31509,104.76
31510,86.52
31511,25.08
31512,36.3474
31513,57.618
31514,92.988
31515,64.11
31516,75.78
31517,85.23
31518,42.408
31519,54.0
31520,52.136
31521,203.92
31522,59.96
31523,108.768
31524,55.35
31525,57.42
31526,41.04
31527,48.66
31528,65.88
31529,43.98
31530,37.92
31531,51.6
31532,64.38
31533,73.2
31534,114.72
31535,65.22
31536,39.888
31537,80.36
31538,115.89
31539,82.08
31540,32.208
31541,86.26
31542,227.46
31543,58.374
31544,54.0
31545,41.304
31546,47.4
31547,58.56
31548,56.82
31549,56.46
31550,953.84848
31551,29.8
31552,87.16
31553,26.88
31554,85.46
31555,139.56
31556,14.28
31557,20.07
31558,66.84
31559,80.58
31560,27.6024
31561,28.7595
31562,61.96
31563,88.776
31564,45.0
31565,47.49
31566,17.04
31567,44.046
31568,65.592
31569,54.96
31570,57.6
31571,41.7
31572,54.936
31573,97.32
31574,13.44
31575,23.94
31576,58.14
31577,41.42
31578,52.092
31579,44.865
31580,31.5
31581,20.52
31582,59.52
31583,43.86
31584,90.153
31585,47.142
31586,50.2281
31587,122.256
31588,72.45
31589,28.98
31590,27.24
31591,99.99
31592,29.52
31593,40.98
31594,55.3
31595,59.78
31596,29.76
31597,30.51
31598,30.69
31599,49.5
31600,39.69
31601,61.8
31602,74.34
31603,61.155
31604,80.244
31605,56.88
31606,31.92
31607,45.68
31608,22.392
31609,59.535
31610,27.09
31611,18.39
31612,49.176
31613,25.84
31614,60.704
31615,93.1
31616,36.78
31617,63.9
31618,37.35
31619,34.65
31620,49.98
31621,78.156
31622,79.128
31623,34.11
31624,52.35
31625,54.27
31626,89.2308
31627,49.734
31628,55.2
31629,34.05
31630,67.8
31631,48.42
31632,48.96
31633,61.74
31634,59.832
31635,51.84
31636,51.96
31637,58.52
31638,64.4
31639,48.36
31640,47.58
31641,50.1
31642,28.395
31643,31.68
31644,24.12
31645,26.352
31646,58.2
31647,22.58
31648,68.46
31649,50.0
31650,19.14
31651,27.63
31652,59.25
31653,17.772
31654,29.49
31655,50.04
31656,53.408
31657,24.408
31658,96.8
31659,92.736
31660,49.44
31661,47.52
31662,73.05
31663,89.73
31664,36.48
31665,50.4
31666,67.35
31667,81.42
31668,65.1582
31669,134.892
31670,79.92
31671,45.36
31672,26.64
31673,87.92
31674,15.552
31675,50.79
31676,55.26
31677,52.92
31678,45.75
31679,69.4
31680,51.68
31681,41.424
31682,115.536
31683,24.12
31684,51.66
31685,61.56
31686,145.2
31687,15.795
31688,40.02
31689,33.939
31690,46.44
31691,34.506
31692,95.16
31693,22.0752
31694,119.07
31695,27.68
31696,66.26
31697,26.046
31698,88.752
31699,99.6
31700,34.02
31701,54.552
31702,25.86
31703,50.16
31704,64.44
31705,52.74
31706,76.392
31707,59.4
31708,17.664
31709,67.2
31710,15.984
31711,62.64
31712,131.58
31713,37.62
31714,111.888
31715,133.68
31716,74.25
31717,50.8956
31718,85.752
31719,47.736
31720,72.24
31721,50.625
31722,43.065
31723,59.808
31724,51.45
31725,31.992
31726,69.144
31727,117.045
31728,52.8
31729,33.96
31730,97.92
31731,51.6
31732,60.192
31733,25.26
31734,34.38
31735,31.455
31736,84.96
31737,61.32
31738,60.06
31739,114.0825
31740,30.6
31741,61.695
31742,37.44
31743,20.04
31744,52.44
31745,43.8
31746,60.42
31747,77.172
31748,67.86
31749,31.14
31750,84.75
31751,168.18
31752,38.376
31753,75.44
31754,106.272
31755,56.76
31756,81.144
31757,41.985
31758,78.288
31759,77.49
31760,79.47
31761,68.985
31762,42.03
31763,88.884
31764,55.3605
31765,54.18
31766,55.86
31767,55.98
31768,31.56
31769,47.36
31770,62.28
31771,98.16
31772,57.9
31773,31.984
31774,71.67
31775,34.056
31776,93.18
31777,49.32
31778,43.68
31779,51.42
31780,66.88
31781,29.76
31782,50.12436
31783,60.732
31784,46.56
31785,43.84
31786,125.37
31787,98.04
31788,62.37
31789,293.22
31790,521.856
31791,56.34
31792,20.52
31793,953.94
31794,44.76
31795,59.184
31796,79.1
31797,56.7
31798,35.168
31799,51.968
31800,62.04
31801,81.36
31802,56.96
31803,97.98
31804,49.23
31805,56.58
31806,19.02
31807,40.248
31808,81.78
31809,69.456
31810,47.184
31811,107.4
31812,54.75
31813,65.79
31814,34.56
31815,54.0
31816,109.38
31817,44.874
31818,237.84
31819,64.3314
31820,43.1526
31821,54.36
31822,42.795
31823,141.912
31824,76.176
31825,69.99
31826,222.32
31827,44.22
31828,28.026
31829,110.052
31830,169.59
31831,56.88
31832,56.12
31833,56.82
31834,63.192
31835,53.0
31836,44.784
31837,29.32
31838,79.296
31839,144.18
31840,66.72
31841,31.68
31842,61.92
31843,100.8
31844,105.894
31845,159.12
31846,72.0
31847,51.45
31848,44.46
31849,62.72
31850,94.192
31851,81.96
31852,50.52
31853,100.68
31854,77.1
31855,12.96
31856,61.36
31857,62.316
31858,53.4
31859,20.964
31860,38.4
31861,116.04
31862,44.4
31863,30.96
31864,60.12
31865,133.29
31866,34.875
31867,53.16
31868,21.285
31869,113.67
31870,88.65
31871,50.1984
31872,95.22
31873,60.948
31874,47.984
31875,20.736
31876,63.936
31877,48.94
31878,42.06
31879,68.928
31880,73.944
31881,83.25
31882,95.364
31883,44.22
31884,61.236
31885,42.984
31886,27.04
31887,36.18
31888,87.3
31889,76.74
31890,34.11
31891,50.286
31892,133.407
31893,139.68
31894,31.44
31895,37.008
31896,47.984
31897,80.98
31898,51.016
31899,87.8
31900,94.2
31901,52.2
31902,54.636
31903,92.16
31904,65.6
31905,133.392
31906,37.992
31907,50.436
31908,47.64
31909,73.68
31910,45.6
31911,25.0
31912,39.56
31913,74.34
31914,105.3
31915,82.89
31916,105.8001
31917,51.651
31918,27.12
31919,46.2
31920,96.18
31921,95.968
31922,60.12
31923,25.488
31924,51.27
31925,21.588
31926,43.56
31927,48.66
31928,80.16
31929,35.712
31930,25.84
31931,58.02
31932,44.16
31933,79.5
31934,75.88
31935,97.038
31936,42.66
31937,124.08
31938,32.4
31939,62.34
31940,210.78
31941,56.46
31942,107.2275
31943,43.038
31944,78.12
31945,37.584
31946,29.889
31947,67.635
31948,44.022
31949,23.175
31950,63.0
31951,22.815
31952,42.24
31953,50.88
31954,36.44
31955,77.22
31956,81.432
31957,52.74
31958,48.39
31959,34.96
31960,44.432
31961,64.824
31962,37.152
31963,32.96
31964,29.232
31965,66.48
31966,43.128
31967,92.64
31968,53.16
31969,49.728
31970,51.408
31971,29.0334
31972,19.8
31973,43.2087
31974,22.53
31975,47.844
31976,136.998
31977,50.8
31978,111.96
31979,36.48
31980,66.6
31981,50.76
31982,45.6
31983,95.64
31984,39.6
31985,54.66
31986,38.736
31987,39.8
31988,132.912
31989,40.32
31990,56.2
31991,66.36
31992,26.016
31993,93.744
31994,96.81
31995,48.42
31996,60.48
31997,28.998
31998,65.52
31999,33.8415
32000,46.2
32001,86.376
32002,49.44
32003,13.38
32004,24.93
32005,51.69
32006,29.1
32007,60.96
32008,53.4
32009,31.716
32010,111.12
32011,44.28
32012,26.43
32013,34.14
32014,78.12
32015,105.57
32016,17.58
32017,29.58
32018,55.92
32019,70.56
32020,132.48
32021,99.84
32022,86.76
32023,45.885
32024,85.14
32025,82.344
32026,13.76
32027,38.88
32028,40.032
32029,33.568
32030,95.992
32031,41.94
32032,51.36
32033,82.704
32034,27.96
32035,50.94
32036,59.76
32037,173.16
32038,22.0
32039,41.2
32040,45.4
32041,48.0
32042,277.9245
32043,57.9
32044,73.35
32045,108.96
32046,54.999
32047,27.96
32048,80.25
32049,84.06
32050,47.43
32051,36.072
32052,65.016
32053,78.12
32054,165.078
32055,41.04
32056,41.72
32057,58.34
32058,39.936
32059,48.81
32060,16.8
32061,116.64
32062,78.3
32063,88.38
32064,56.04
32065,113.0
32066,23.36
32067,41.568
32068,192.8
32069,35.976
32070,75.216
32071,46.92
32072,45.54
32073,71.3502
32074,21.36
32075,64.11
32076,42.84
32077,70.8504
32078,54.9
32079,53.34
32080,37.68
32081,34.236
32082,26.4
32083,36.4
32084,139.58
32085,30.96
32086,30.96
32087,42.624
32088,34.8
32089,14.103
32090,43.98
32091,82.032
32092,34.68
32093,54.72
32094,44.22
32095,51.6
32096,48.4
32097,63.52
32098,68.1
32099,348.3045
32100,77.85
32101,101.46
32102,70.2
32103,17.46
32104,73.05
32105,97.56
32106,68.121
32107,29.2401
32108,33.99
32109,57.96
32110,25.92
32111,61.2
32112,59.4
32113,60.24
32114,57.12
32115,58.6
32116,58.28
32117,61.08
32118,18.48
32119,22.64
32120,59.78
32121,28.38
32122,115.2
32123,26.22
32124,66.33
32125,79.08
32126,55.92
32127,33.78
32128,59.76
32129,250.38
32130,27.72
32131,79.29
32132,73.4103
32133,20.9244
32134,56.067
32135,67.455
32136,54.582
32137,70.488
32138,91.99
32139,63.87
32140,61.92
32141,50.22
32142,67.64
32143,54.66
32144,72.9
32145,54.64
32146,59.88
32147,132.96
32148,73.53
32149,59.82
32150,131.76
32151,39.6
32152,145.98
32153,99.6
32154,45.6012
32155,87.6
32156,31.212
32157,78.3552
32158,49.5
32159,74.112
32160,110.96
32161,31.92
32162,28.352
32163,30.96
32164,25.4
32165,85.246
32166,25.824
32167,71.52
32168,63.84
32169,35.76
32170,24.69
32171,48.93
32172,45.48
32173,45.216
32174,33.78
32175,52.56
32176,76.92
32177,28.02
32178,67.68
32179,73.344
32180,30.66
32181,58.536
32182,70.416
32183,51.111
32184,138.39
32185,75.75
32186,55.98
32187,139.95
32188,60.48
32189,115.74
32190,17.7126
32191,120.7899
32192,35.96
32193,44.58
32194,36.396
32195,48.0
32196,47.4
32197,78.92
32198,70.56
32199,192.9
32200,89.64
32201,25.84
32202,51.84
32203,57.36
32204,78.192
32205,26.67
32206,112.05
32207,41.49
32208,43.65
32209,63.072
32210,31.83
32211,78.7845
32212,61.2
32213,30.69
32214,33.72
32215,52.704
32216,45.696
32217,23.976
32218,43.584
32219,16.95
32220,98.46
32221,45.98
32222,136.38
32223,24.96
32224,38.376
32225,73.44
32226,35.12
32227,81.4
32228,84.84
32229,94.704
32230,62.8
32231,52.992
32232,58.752
32233,57.15
32234,21.438
32235,59.34
32236,60.84
32237,45.072
32238,32.4
32239,52.5
32240,213.759
32241,58.3848
32242,18.9
32243,201.6
32244,62.31
32245,29.04
32246,43.404
32247,128.37
32248,37.5
32249,396.576
32250,76.08
32251,89.16
32252,26.0
32253,19.272
32254,133.5
32255,20.16
32256,51.78
32257,540.54
32258,40.35
32259,135.432
32260,102.357
32261,33.96
32262,87.912
32263,79.56
32264,117.0
32265,65.01
32266,42.3576
32267,35.892
32268,46.384
32269,43.19
32270,24.784
32271,40.74
32272,56.88
32273,40.6
32274,44.928
32275,81.408
32276,15.12
32277,97.264
32278,41.76
32279,64.26
32280,36.666
32281,151.038
32282,100.26
32283,17.55
32284,50.625
32285,81.525
32286,28.2
32287,57.42
32288,26.82
32289,43.902
32290,76.14
32291,46.6032
32292,44.2179
32293,81.9486
32294,62.0646
32295,144.27
32296,285.12
32297,69.48
32298,70.08
32299,82.8
32300,36.96
32301,56.34
32302,46.77
32303,55.908
32304,48.45
32305,53.04
32306,18.87
32307,51.36
32308,48.18
32309,41.64
32310,88.128
32311,36.72
32312,16.5
32313,101.628
32314,59.16
32315,29.58
32316,51.03
32317,43.8
32318,41.6898
32319,89.97
32320,39.68
32321,108.42
32322,65.82
32323,73.05
32324,22.68
32325,42.3
32326,111.96
32327,25.308
32328,24.72
32329,48.6
32330,31.968
32331,23.7
32332,34.32
32333,41.088
32334,140.24
32335,38.664
32336,61.11
32337,97.2
32338,28.8
32339,94.05
32340,72.45
32341,141.426
32342,15.6
32343,74.79
32344,33.96
32345,40.824
32346,65.16
32347,18.588
32348,92.94
32349,56.568
32350,99.2
32351,18.24
32352,34.65
32353,138.57
32354,55.92
32355,43.92
32356,98.85
32357,48.708
32358,20.496
32359,44.0
32360,48.912
32361,26.36
32362,50.784
32363,79.9
32364,55.92
32365,52.2
32366,44.82
32367,63.0
32368,113.58
32369,46.17
32370,40.26
32371,35.52
32372,55.323
32373,30.36
32374,113.4
32375,64.5
32376,47.4345
32377,85.932
32378,25.344
32379,29.24
32380,85.98
32381,47.64
32382,72.672
32383,52.587
32384,104.1
32385,92.352
32386,27.32
32387,30.9
32388,47.4
32389,30.32
32390,72.0
32391,48.33
32392,39.54
32393,157.98
32394,50.4
32395,39.375
32396,53.838
32397,53.46
32398,27.42
32399,22.2
32400,46.02
32401,37.94
32402,73.164
32403,40.416
32404,151.932
32405,105.12
32406,55.908
32407,46.53
32408,69.84
32409,59.31
32410,48.42
32411,41.04
32412,65.34
32413,45.36
32414,58.968
32415,57.024
32416,41.55
32417,31.95
32418,68.25
32419,54.36
32420,52.2792
32421,52.5
32422,26.064
32423,78.75
32424,58.41
32425,54.6324
32426,35.216
32427,19.98
32428,63.96
32429,67.96
32430,47.94
32431,53.97
32432,69.864
32433,22.62
32434,58.56
32435,29.04
32436,44.76
32437,20.466
32438,39.168
32439,60.336
32440,65.6
32441,40.416
32442,83.16
32443,96.6
32444,76.14
32445,20.43
32446,70.56
32447,20.97
32448,21.3
32449,38.502
32450,45.6417
32451,53.082
32452,47.682
32453,80.3772
32454,39.717
32455,99.39
32456,72.588
32457,39.68
32458,101.94
32459,73.568
32460,54.6
32461,25.08
32462,41.337
32463,22.29
32464,19.332
32465,80.46
32466,19.8
32467,73.92
32468,22.29
32469,75.76
32470,21.072
32471,97.74
32472,18.12
32473,29.052
32474,68.4
32475,48.0
32476,43.335
32477,64.8
32478,40.86
32479,33.3
32480,24.84
32481,129.6
32482,95.85
32483,60.6
32484,87.48
32485,152.28
32486,34.182
32487,33.72
32488,33.93
32489,54.432
32490,10.92
32491,17.46
32492,47.04
32493,114.2
32494,51.75
32495,39.9
32496,25.38
32497,16.98
32498,110.34
32499,24.48
32500,98.64
32501,51.6
32502,41.2
32503,54.6
32504,32.0
32505,69.0
32506,63.24
32507,30.27
32508,25.23
32509,61.02
32510,41.877
32511,49.8465
32512,20.52
32513,54.66
32514,53.838
32515,32.121
32516,60.696
32517,28.4
32518,57.582
32519,60.6
32520,47.04
32521,71.088
32522,79.92
32523,53.64
32524,42.84
32525,35.104
32526,41.16
32527,18.528
32528,16.72
32529,66.36
32530,117.18
32531,31.72
32532,122.76
32533,129.519
32534,20.034
32535,72.84
32536,14.4
32537,34.344
32538,210.357
32539,71.04
32540,61.568
32541,35.44
32542,151.752
32543,31.17
32544,53.73
32545,14.34
32546,23.61
32547,50.16
32548,12.66
32549,40.0
32550,143.52
32551,147.1
32552,47.96
32553,54.432
32554,217.98
32555,48.384
32556,27.216
32557,24.462
32558,120.15
32559,42.6
32560,62.24
32561,85.96
32562,33.9
32563,41.96
32564,40.248
32565,28.8
32566,35.37
32567,52.2
32568,41.28
32569,43.92
32570,38.064
32571,63.04
32572,17.78
32573,465.0
32574,43.04
32575,36.8
32576,38.07
32577,75.24
32578,49.35
32579,100.44
32580,34.47
32581,58.608
32582,70.848
32583,39.54
32584,68.81
32585,43.176
32586,77.52
32587,45.98
32588,81.4
32589,56.52
32590,68.31
32591,48.72
32592,32.28
32593,24.78
32594,43.2
32595,26.4
32596,29.52
32597,30.21
32598,49.68
32599,13.032
32600,43.794
32601,52.59
32602,25.62
32603,64.64
32604,96.48
32605,179.52
32606,51.68
32607,17.028
32608,45.52
32609,29.64
32610,38.88
32611,56.82
32612,85.59
32613,26.18
32614,40.0
32615,60.84
32616,64.96
32617,31.896
32618,38.7
32619,48.48
32620,166.12
32621,107.4
32622,63.54
32623,31.14
32624,54.44
32625,58.3
32626,58.716
32627,37.08
32628,62.61
32629,27.84
32630,36.882
32631,47.709
32632,54.675
32633,101.535
32634,46.71
32635,59.16
32636,81.84
32637,25.92
32638,29.312
32639,75.0
32640,25.92
32641,39.624
32642,17.49
32643,26.67
32644,22.86
32645,20.64
32646,37.68
32647,50.48
32648,24.48
32649,58.98
32650,79.44
32651,59.88
32652,43.98
32653,29.55
32654,195.21
32655,76.92
32656,111.3279
32657,47.19
32658,53.217
32659,113.04
32660,127.92
32661,33.0
32662,80.1
32663,50.2758
32664,30.96
32665,31.872
32666,59.9
32667,37.296
32668,13.89
32669,90.0
32670,28.38
32671,93.96
32672,48.492
32673,62.5
32674,25.56
32675,53.9
32676,41.4
32677,47.4
32678,25.38
32679,48.66
32680,18.873
32681,68.31
32682,79.29
32683,88.938
32684,51.165
32685,34.02
32686,90.18
32687,53.64
32688,63.54
32689,27.936
32690,24.672
32691,55.92
32692,32.4
32693,32.712
32694,49.616
32695,100.704
32696,51.021
32697,90.891
32698,24.51
32699,391.68
32700,32.3
32701,79.5
32702,118.752
32703,31.248
32704,111.12
32705,44.048
32706,46.98
32707,25.08
32708,46.65
32709,77.67
32710,64.6425
32711,55.26
32712,34.56
32713,57.51
32714,35.721
32715,43.56
32716,93.03
32717,17.01
32718,144.576
32719,73.32
32720,47.82
32721,29.04
32722,85.02
32723,25.38
32724,42.18
32725,63.6
32726,96.012
32727,66.48
32728,66.384
32729,102.6168
32730,130.56
32731,82.76
32732,15.1
32733,36.8
32734,97.12
32735,26.46
32736,56.25
32737,141.3
32738,55.296
32739,26.64
32740,37.2
32741,27.63
32742,43.146
32743,74.16
32744,22.11
32745,53.25
32746,141.9
32747,31.14
32748,17.216
32749,119.7
32750,19.44
32751,25.5
32752,48.87
32753,78.96
32754,113.76
32755,51.6
32756,44.595
32757,33.18
32758,26.46
32759,79.38
32760,70.208
32761,51.264
32762,44.7
32763,30.78
32764,323.064
32765,26.736
32766,55.152
32767,136.272
32768,59.34
32769,121.72
32770,32.04
32771,39.78
32772,20.9244
32773,41.6295
32774,67.8
32775,35.64
32776,39.15
32777,57.33
32778,25.29
32779,42.1986
32780,47.5092
32781,59.025
32782,52.452
32783,22.48
32784,65.78
32785,13.52
32786,49.568
32787,25.92
32788,91.38
32789,48.66
32790,45.36
32791,24.84
32792,46.62
32793,32.112
32794,60.192
32795,37.28
32796,53.088
32797,60.48
32798,48.3
32799,46.44
32800,75.411
32801,110.28
32802,74.85
32803,30.78
32804,50.9952
32805,54.747
32806,61.38
32807,27.66
32808,60.96
32809,41.9
32810,21.48
32811,47.976
32812,23.472
32813,33.29
32814,33.11
32815,41.472
32816,44.46
32817,54.864
32818,12.648
32819,54.9
32820,55.92
32821,29.91
32822,39.76
32823,34.52
32824,83.04
32825,43.0
32826,35.16
32827,139.296
32828,23.31
32829,45.675
32830,16.32
32831,39.72
32832,39.5661
32833,81.36
32834,39.96
32835,16.02
32836,114.0315
32837,20.4156
32838,59.52
32839,48.91
32840,105.408
32841,33.32
32842,845.904
32843,48.3
32844,53.568
32845,25.08
32846,85.23
32847,54.432
32848,123.36
32849,79.2297
32850,67.68
32851,35.4411
32852,40.905
32853,26.163
32854,97.86
32855,99.72
32856,39.296
32857,34.75
32858,38.34
32859,53.28
32860,48.66
32861,13.26
32862,16.224
32863,52.2
32864,12.24
32865,20.724
32866,47.94
32867,93.915
32868,33.3
32869,50.4
32870,89.37
32871,33.72
32872,23.9085
32873,33.21
32874,32.3406
32875,44.848
32876,60.83
32877,69.216
32878,18.9
32879,70.56
32880,34.02
32881,59.24
32882,16.59
32883,34.5
32884,49.5
32885,51.6
32886,37.11
32887,64.4
32888,34.92
32889,46.08
32890,52.8
32891,59.4
32892,10.824
32893,23.472
32894,78.96
32895,42.6
32896,51.678
32897,30.6
32898,39.33
32899,47.58
32900,52.08
32901,53.28
32902,32.121
32903,45.414
32904,43.47
32905,52.305
32906,91.98
32907,42.828
32908,77.88
32909,83.72
32910,99.136
32911,44.128
32912,52.99
32913,15.51
32914,12.672
32915,40.08
32916,53.28
32917,48.48
32918,27.09
32919,50.16
32920,51.6
32921,29.28
32922,34.16
32923,51.156
32924,66.0
32925,164.7
32926,26.64
32927,101.04
32928,67.92
32929,48.384
32930,137.07
32931,56.52
32932,26.91
32933,54.24
32934,26.88
32935,118.38
32936,33.264
32937,155.88
32938,40.99
32939,17.12
32940,20.421
32941,75.8
32942,13.296
32943,55.92
32944,37.64
32945,56.2
32946,122.22
32947,63.84
32948,90.828
32949,53.046
32950,55.65
32951,88.44
32952,31.2
32953,103.2
32954,52.8
32955,32.22
32956,60.81
32957,57.42
32958,17.94
32959,46.688
32960,54.18
32961,30.456
32962,59.82
32963,52.86
32964,24.72
32965,48.09
32966,123.36
32967,49.56
32968,48.9
32969,24.36
32970,67.344
32971,42.0
32972,16.62
32973,63.27
32974,53.76
32975,28.08
32976,122.985
32977,24.2526
32978,42.93
32979,37.908
32980,79.8294
32981,72.459
32982,56.46
32983,64.7364
32984,32.1
32985,29.76
32986,20.19
32987,52.86
32988,56.84
32989,48.4
32990,243.1
32991,45.408
32992,52.224
32993,47.52
32994,32.55
32995,80.28
32996,31.14
32997,83.58
32998,11.61
32999,59.25
33000,24.984
33001,47.88
33002,21.56
33003,77.55
33004,47.952
33005,72.42
33006,49.44
33007,45.528
33008,37.14
33009,56.16
33010,54.88
33011,85.12
33012,38.1
33013,49.248
33014,56.652
33015,50.4
33016,39.168
33017,67.08
33018,46.98
33019,43.104
33020,47.52
33021,27.702
33022,33.6
33023,31.92
33024,64.56
33025,44.1
33026,73.62
33027,48.78
33028,39.78
33029,53.1
33030,41.37
33031,54.2322
33032,161.1
33033,63.6444
33034,127.74
33035,20.559
33036,24.3
33037,33.9885
33038,52.596
33039,69.471
33040,23.976
33041,22.58
33042,279.96
33043,96.96
33044,36.72
33045,29.34
33046,15.54
33047,14.526
33048,23.46
33049,31.068
33050,17.88
33051,52.2
33052,44.76
33053,41.904
33054,38.26
33055,36.6
33056,43.5
33057,33.54
33058,44.91
33059,21.54
33060,78.3
33061,79.02
33062,51.03
33063,107.28
33064,92.43
33065,70.272
33066,28.672
33067,25.16
33068,33.93
33069,33.96
33070,25.29
33071,61.71
33072,38.28
33073,24.588
33074,22.6
33075,60.9
33076,61.76
33077,47.76
33078,38.82
33079,54.18
33080,39.123
33081,44.064
33082,47.4138
33083,434.64
33084,59.98
33085,67.78
33086,59.98
33087,78.256
33088,26.37
33089,50.7
33090,78.99
33091,52.92
33092,74.7
33093,79.68
33094,34.064
33095,37.82
33096,40.44
33097,58.536
33098,88.83
33099,33.795
33100,104.166
33101,33.075
33102,27.96
33103,48.384
33104,28.95
33105,44.75
33106,40.56
33107,194.32
33108,136.2
33109,23.22
33110,43.65
33111,26.37
33112,49.86
33113,17.49
33114,14.949
33115,28.0
33116,50.4
33117,17.28
33118,63.36
33119,46.44
33120,37.98
33121,51.63
33122,44.94
33123,56.448
33124,54.27
33125,27.888
33126,66.84
33127,22.275
33128,37.71
33129,45.0
33130,57.69
33131,69.52
33132,148.288
33133,20.034
33134,57.48
33135,39.384
33136,59.4
33137,48.3
33138,50.52
33139,65.28
33140,39.87
33141,92.4
33142,40.64
33143,67.12
33144,60.72
33145,57.96
33146,65.76
33147,59.31
33148,64.8
33149,94.2
33150,50.34
33151,85.32
33152,71.04
33153,27.06
33154,61.8
33155,38.0472
33156,137.268
33157,45.36
33158,15.072
33159,43.32
33160,48.784
33161,26.352
33162,46.62
33163,39.96
33164,121.08
33165,16.848
33166,27.24
33167,194.34
33168,66.24
33169,31.17
33170,47.04
33171,34.98
33172,18.99
33173,133.02
33174,19.992
33175,55.6
33176,44.52
33177,100.44
33178,34.38
33179,24.894
33180,39.96
33181,31.68
33182,74.7
33183,62.325
33184,57.93
33185,82.08
33186,43.8
33187,43.38
33188,89.4
33189,34.47
33190,94.86
33191,53.082
33192,18.09
33193,53.76
33194,38.0184
33195,15.0672
33196,51.66
33197,87.03
33198,66.168
33199,35.91
33200,46.26
33201,33.28
33202,21.248
33203,42.096
33204,60.6
33205,41.04
33206,81.09
33207,129.528
33208,48.66
33209,80.736
33210,53.97
33211,30.48
33212,13.344
33213,43.44
33214,54.44
33215,45.6
33216,31.1
33217,88.912
33218,44.55
33219,30.24
33220,208.95
33221,44.01
33222,80.1
33223,12.24
33224,72.1605
33225,81.27
33226,50.274
33227,65.475
33228,116.0775
33229,43.164
33230,44.75
33231,104.58
33232,23.376
33233,20.388
33234,95.994
33235,49.92
33236,68.28
33237,26.36
33238,44.4
33239,21.34
33240,73.52
33241,23.22
33242,60.57
33243,41.04
33244,44.82
33245,66.42
33246,39.33
33247,39.96
33248,30.564
33249,62.7
33250,47.586
33251,69.876
33252,38.8944
33253,85.32
33254,82.8258
33255,100.8
33256,41.96
33257,45.216
33258,44.4
33259,74.352
33260,53.91
33261,45.18
33262,31.95
33263,23.64
33264,38.52
33265,35.664
33266,52.86
33267,72.92
33268,58.816
33269,52.2
33270,34.6
33271,23.4
33272,42.96
33273,34.56
33274,29.04
33275,70.956
33276,86.4
33277,33.96
33278,64.719
33279,54.78
33280,137.25
33281,66.339
33282,40.3
33283,39.96
33284,22.0
33285,117.96
33286,52.59
33287,18.27
33288,44.088
33289,16.26
33290,17.01
33291,43.56
33292,63.036
33293,18.58
33294,22.6
33295,55.44
33296,37.64
33297,60.6
33298,34.146
33299,37.8
33300,45.24
33301,60.54
33302,52.74
33303,49.32
33304,99.54
33305,22.86
33306,86.04
33307,135.0576
33308,57.75
33309,71.442
33310,42.57
33311,28.224
33312,31.104
33313,14.96
33314,13.12
33315,15.984
33316,149.95
33317,60.24
33318,57.372
33319,38.2
33320,67.7
33321,48.48
33322,35.52
33323,29.82
33324,50.7
33325,59.76
33326,53.64
33327,51.3888
33328,29.535
33329,26.52
33330,77.16
33331,25.584
33332,14.94
33333,59.52
33334,18.69
33335,23.79
33336,34.32
33337,47.52
33338,64.02
33339,43.02
33340,45.75
33341,31.36
33342,20.48
33343,124.064
33344,41.42
33345,47.88
33346,65.16
33347,35.04
33348,79.29
33349,44.34
33350,49.02
33351,78.3
33352,43.86
33353,45.36
33354,43.65
33355,51.78
33356,39.33
33357,78.6825
33358,43.329
33359,94.65
33360,43.2
33361,42.0714
33362,23.724
33363,34.992
33364,58.68
33365,64.704
33366,42.6
33367,24.85
33368,40.98
33369,52.74
33370,30.21
33371,58.02
33372,49.056
33373,59.1
33374,34.98
33375,41.424
33376,54.976
33377,47.34
33378,51.45
33379,72.0
33380,40.86
33381,36.882
33382,92.34
33383,90.36
33384,26.82
33385,63.68
33386,51.712
33387,20.7
33388,25.92
33389,28.782
33390,15.192
33391,154.344
33392,28.14
33393,60.966
33394,24.09
33395,22.05
33396,45.0
33397,31.28
33398,38.256
33399,98.46
33400,49.6
33401,35.55
33402,54.6
33403,44.1
33404,38.5878
33405,364.59
33406,111.96
33407,40.4178
33408,41.94
33409,52.272
33410,18.688
33411,63.96
33412,87.168
33413,30.21
33414,97.8
33415,75.132
33416,86.24
33417,23.184
33418,43.86
33419,44.64
33420,44.736
33421,52.668
33422,56.76
33423,46.08
33424,50.16
33425,54.42
33426,54.78
33427,39.447
33428,28.86
33429,35.64
33430,74.52
33431,28.107
33432,33.75
33433,53.28
33434,111.06
33435,13.53
33436,59.652
33437,60.336
33438,52.272
33439,68.28
33440,45.584
33441,51.75
33442,46.24
33443,54.208
33444,300.66
33445,66.42
33446,47.97
33447,56.12
33448,43.52
33449,44.34
33450,22.512
33451,83.65236
33452,56.052
33453,100.26
33454,62.36
33455,25.84
33456,52.72
33457,88.53
33458,125.85
33459,27.39
33460,67.8
33461,61.2
33462,35.82
33463,60.183
33464,83.25
33465,59.94
33466,165.2364
33467,43.68
33468,59.97
33469,93.78
33470,33.04
33471,62.296
33472,103.936
33473,12.96
33474,30.21
33475,39.96
33476,49.74
33477,58.9
33478,30.96
33479,47.3
33480,80.64
33481,23.1
33482,57.87
33483,27.0
33484,82.5
33485,52.83
33486,70.95
33487,17.226
33488,67.2
33489,39.69
33490,18.468
33491,22.8
33492,65.25
33493,29.9796
33494,102.9
33495,83.664
33496,52.448
33497,23.1
33498,18.656
33499,67.176
33500,51.184
33501,15.24
33502,11.43
33503,53.7
33504,16.02
33505,75.72
33506,59.25
33507,78.996
33508,86.352
33509,58.56
33510,53.5
33511,30.144
33512,19.056
33513,66.072
33514,51.904
33515,72.792
33516,33.06
33517,55.08
33518,13.62
33519,52.2
33520,29.04
33521,66.177
33522,54.39
33523,51.1344
33524,126.96
33525,37.224
33526,58.112
33527,73.344
33528,29.7
33529,51.968
33530,36.558
33531,77.256
33532,378.81
33533,65.76
33534,50.13
33535,41.28
33536,44.832
33537,59.4
33538,54.9
33539,77.16
33540,109.26
33541,85.041
33542,57.36
33543,21.42
33544,100.32
33545,51.651
33546,38.9
33547,64.704
33548,245.646
33549,50.31
33550,29.76
33551,25.29
33552,94.44
33553,50.094
33554,38.4
33555,48.0
33556,78.96
33557,48.86
33558,23.96
33559,16.236
33560,35.856
33561,56.32
33562,34.64
33563,62.4
33564,54.4
33565,63.84
33566,59.44
33567,56.384
33568,60.32
33569,49.2
33570,50.7
33571,44.52
33572,73.98
33573,30.96
33574,75.5988
33575,64.1088
33576,129.33
33577,26.892
33578,67.2
33579,51.48
33580,22.41
33581,139.08
33582,46.41
33583,49.2
33584,51.63
33585,48.6
33586,29.79
33587,85.26
33588,24.408
33589,22.32
33590,61.848
33591,81.96
33592,85.5
33593,21.856
33594,53.28
33595,30.66
33596,53.4
33597,41.04
33598,88.074
33599,39.6
33600,69.84
33601,55.14
33602,46.8
33603,30.96
33604,65.97
33605,73.68
33606,59.99
33607,37.52
33608,55.44
33609,42.51
33610,46.296
33611,29.49
33612,49.842
33613,71.64
33614,53.307
33615,49.176
33616,12.24
33617,34.8
33618,54.28
33619,102.96
33620,52.08
33621,48.4
33622,97.2
33623,38.88
33624,37.125
33625,32.1
33626,55.26
33627,85.05
33628,94.8
33629,14.445
33630,27.2844
33631,46.41
33632,28.8
33633,42.0
33634,74.79
33635,74.45
33636,39.48
33637,36.84
33638,26.7
33639,56.34
33640,65.22
33641,33.96
33642,48.852
33643,26.46
33644,63.072
33645,20.82
33646,29.34
33647,43.2
33648,36.135
33649,43.56
33650,64.08
33651,28.98
33652,76.65
33653,138.96
33654,26.43
33655,26.37
33656,42.42
33657,25.326
33658,64.3665
33659,66.0
33660,17.145
33661,67.716
33662,99.84
33663,48.6
33664,35.856
33665,37.88
33666,44.76
33667,22.92
33668,105.52
33669,53.04
33670,101.04
33671,30.432
33672,48.66
33673,56.832
33674,46.1
33675,98.64
33676,109.92
33677,53.136
33678,45.0
33679,47.43
33680,97.2
33681,33.57
33682,39.33
33683,86.94
33684,46.17
33685,24.3
33686,201.6
33687,29.4
33688,16.74
33689,37.425
33690,25.99
33691,51.588
33692,33.568
33693,30.48
33694,23.84
33695,32.64
33696,27.66
33697,45.06
33698,16.398
33699,100.98
33700,32.676
33701,53.64
33702,29.244
33703,56.46
33704,46.77
33705,16.02
33706,60.54
33707,41.088
33708,28.912
33709,22.5
33710,55.52
33711,50.2
33712,30.42
33713,250.38
33714,23.16
33715,34.29
33716,27.96
33717,53.136
33718,54.27
33719,42.75
33720,51.75
33721,51.5478
33722,44.8857
33723,55.92
33724,70.755
33725,28.4
33726,58.368
33727,77.55
33728,50.232
33729,47.968
33730,99.592
33731,31.716
33732,12.69
33733,33.44
33734,44.08
33735,49.56
33736,56.304
33737,60.66
33738,85.185
33739,69.66
33740,75.573
33741,73.08
33742,40.38
33743,55.44
33744,25.029
33745,99.3822
33746,55.86
33747,40.5
33748,36.045
33749,35.532
33750,83.92
33751,32.35
33752,21.56
33753,25.344
33754,69.888
33755,57.23
33756,64.4
33757,96.08
33758,23.52
33759,78.288
33760,21.915
33761,27.36
33762,29.58
33763,74.016
33764,61.62
33765,45.264
33766,19.04
33767,38.28
33768,74.16
33769,20.232
33770,26.82
33771,38.52
33772,76.14
33773,45.45
33774,60.0
33775,55.35
33776,44.571
33777,49.26
33778,39.42
33779,35.16
33780,13.284
33781,33.75
33782,129.568
33783,99.846
33784,83.56
33785,51.84
33786,30.312
33787,12.72
33788,33.72
33789,85.752
33790,58.02
33791,74.7
33792,59.24
33793,78.048
33794,108.48
33795,31.36
33796,39.36
33797,117.855
33798,54.75
33799,38.4
33800,41.49
33801,30.36
33802,44.31
33803,48.951
33804,36.1725
33805,48.3945
33806,47.4
33807,340.14
33808,49.44
33809,43.56
33810,43.68
33811,31.96
33812,46.35
33813,63.0
33814,35.94
33815,55.44
33816,18.768
33817,47.82
33818,72.84
33819,66.672
33820,41.08
33821,65.36
33822,69.18
33823,58.8
33824,14.6
33825,52.596
33826,28.716
33827,19.08
33828,79.38
33829,48.63
33830,49.221
33831,12.096
33832,56.25
33833,46.143
33834,46.6188
33835,23.7546
33836,73.2
33837,26.52
33838,16.62
33839,96.6
33840,39.132
33841,44.46
33842,66.54
33843,62.31
33844,56.704
33845,34.5
33846,48.87
33847,39.222
33848,86.07
33849,46.32
33850,125.34
33851,27.09
33852,22.2
33853,114.6
33854,48.768
33855,66.84
33856,85.12
33857,57.6
33858,49.344
33859,66.6
33860,29.64
33861,97.56
33862,22.2
33863,38.7
33864,57.4875
33865,36.855
33866,50.9454
33867,46.4634
33868,18.576
33869,121.59
33870,72.0
33871,29.664
33872,21.98
33873,117.12
33874,53.73
33875,50.22
33876,42.201
33877,149.94
33878,51.12
33879,69.49956
33880,35.664
33881,42.984
33882,60.096
33883,59.592
33884,14.19
33885,31.14
33886,59.22
33887,65.22
33888,44.874
33889,68.61
33890,207.6
33891,87.45
33892,125.307
33893,36.45
33894,44.307
33895,56.91
33896,23.976
33897,43.68
33898,39.76
33899,40.176
33900,44.4
33901,19.29
33902,20.676
33903,56.88
33904,71.67
33905,37.8
33906,51.96
33907,32.508
33908,65.2
33909,41.94
33910,88.2
33911,51.9
33912,28.23
33913,37.86
33914,39.42
33915,28.998
33916,177.471
33917,68.6
33918,45.84
33919,39.872
33920,53.25
33921,26.16
33922,59.92
33923,38.864
33924,10.272
33925,31.128
33926,43.1
33927,15.066
33928,46.32
33929,63.39
33930,65.13
33931,47.04
33932,47.97
33933,70.32
33934,18.64
33935,15.74
33936,43.04
33937,37.84
33938,81.168
33939,46.488
33940,27.18
33941,48.87
33942,84.96
33943,102.48
33944,837.48
33945,56.916
33946,50.34
33947,51.27
33948,24.0
33949,33.18
33950,28.8
33951,41.43
33952,56.79
33953,52.9872
33954,17.52
33955,61.56
33956,33.48
33957,43.794
33958,27.72
33959,46.864
33960,29.61
33961,48.9
33962,77.52
33963,111.84
33964,95.1
33965,21.72
33966,21.504
33967,67.98
33968,50.58
33969,14.92
33970,51.63
33971,37.9
33972,32.568
33973,23.616
33974,72.24
33975,149.3
33976,34.6
33977,34.92
33978,48.72
33979,94.08
33980,47.88
33981,32.28
33982,47.94
33983,24.219
33984,59.34
33985,75.573
33986,101.3625
33987,54.0
33988,73.584
33989,53.4
33990,33.488
33991,44.46
33992,62.048
33993,71.088
33994,51.84
33995,87.72
33996,28.02
33997,48.42
33998,29.73
33999,61.254
34000,37.38
34001,25.12
34002,90.64
34003,53.4
34004,18.48
34005,61.44
34006,72.288
34007,56.82
34008,62.64
34009,43.47
34010,115.8
34011,78.156
34012,77.463
34013,49.77
34014,85.05
34015,68.3505
34016,95.9088
34017,50.85
34018,14.2464
34019,53.946
34020,65.664
34021,65.5
34022,40.776
34023,52.792
34024,45.96
34025,39.68
34026,27.18
34027,24.0
34028,50.58
34029,68.61
34030,45.12
34031,315.648
34032,37.632
34033,66.208
34034,65.28
34035,40.968
34036,47.82
34037,37.824
34038,55.92
34039,40.5
34040,80.7
34041,45.15
34042,25.11
34043,40.8
34044,144.45
34045,21.78
34046,53.55
34047,46.53
34048,37.71
34049,44.1942
34050,37.8
34051,23.868
34052,45.72
34053,47.12
34054,26.176
34055,37.94
34056,20.664
34057,18.0
34058,51.75
34059,26.4
34060,48.45
34061,49.104
34062,31.62
34063,56.2
34064,64.4
34065,27.0
34066,46.92
34067,47.616
34068,68.84
34069,21.3
34070,28.44
34071,55.86
34072,39.672
34073,34.38
34074,74.52
34075,38.5659
34076,86.272
34077,48.21
34078,80.97
34079,28.02
34080,49.44
34081,31.92
34082,39.8
34083,67.72
34084,83.97
34085,53.4
34086,44.4
34087,24.93
34088,22.56
34089,42.66
34090,50.76
34091,46.98
34092,52.4892
34093,72.0
34094,22.7052
34095,43.8
34096,73.656
34097,98.6436
34098,86.1
34099,39.9
34100,43.31
34101,41.4
34102,33.12
34103,54.32
34104,35.28
34105,56.988
34106,19.5
34107,131.8
34108,70.128
34109,46.224
34110,27.9
34111,59.4
34112,44.28
34113,50.4
34114,93.048
34115,247.158
34116,26.52
34117,50.04
34118,48.93
34119,46.08
34120,49.2
34121,52.47
34122,59.616
34123,50.22
34124,86.58
34125,87.3372
34126,70.12
34127,22.72
34128,55.104
34129,52.68
34130,179.97
34131,54.528
34132,130.112
34133,36.288
34134,34.08
34135,27.78
34136,78.408
34137,49.44
34138,21.4
34139,36.5
34140,49.52
34141,31.968
34142,32.98
34143,41.568
34144,64.68
34145,43.58
34146,42.768
34147,26.64
34148,45.9
34149,74.34
34150,450.36
34151,28.95
34152,102.54
34153,98.7
34154,27.432
34155,76.608
34156,31.74
34157,70.0395
34158,45.12
34159,36.435
34160,89.58
34161,35.9976
34162,47.58
34163,31.248
34164,92.52
34165,37.94
34166,35.008
34167,19.65
34168,45.36
34169,165.6
34170,159.04
34171,113.91
34172,96.78
34173,24.42
34174,48.87
34175,12.654
34176,68.796
34177,41.04
34178,44.632
34179,36.0
34180,26.24
34181,37.9
34182,77.4
34183,63.9
34184,52.92
34185,44.82
34186,19.23
34187,72.3096
34188,20.43
34189,40.068
34190,88.8
34191,15.936
34192,41.584
34193,59.52
34194,24.64
34195,47.496
34196,64.9
34197,61.92
34198,27.99
34199,46.44
34200,33.384
34201,125.504
34202,59.7
34203,12.276
34204,54.64
34205,40.64
34206,61.02
34207,43.56
34208,26.76
34209,54.6
34210,27.93
34211,53.424
34212,80.55
34213,43.2
34214,21.72
34215,45.45
34216,101.628
34217,32.13
34218,22.17
34219,32.724
34220,76.356
34221,45.468
34222,70.884
34223,43.2
34224,57.42
34225,47.46
34226,45.414
34227,43.74
34228,32.5314
34229,43.128
34230,36.84
34231,77.92
34232,57.4
34233,15.858
34234,42.66
34235,29.28
34236,26.64
34237,45.09
34238,52.2
34239,43.299
34240,43.92
34241,24.672
34242,76.968
34243,49.224
34244,57.432
34245,30.3
34246,53.82
34247,79.28
34248,12.348
34249,31.14
34250,51.72
34251,10.92
34252,75.39
34253,68.88
34254,34.8
34255,52.377
34256,49.59
34257,67.86
34258,26.88
34259,24.15
34260,19.14
34261,22.92
34262,21.9
34263,81.9
34264,35.04
34265,66.6
34266,27.42
34267,34.2
34268,29.64
34269,69.3
34270,51.66
34271,44.37
34272,35.76
34273,42.57
34274,72.15
34275,54.36
34276,81.81
34277,31.536
34278,31.644
34279,64.2546
34280,71.992
34281,37.44
34282,41.328
34283,7.968
34284,63.824
34285,111.15
34286,42.384
34287,46.92
34288,12.324
34289,40.29
34290,52.86
34291,58.08
34292,47.49
34293,22.2
34294,59.34
34295,43.08
34296,42.432
34297,44.28
34298,23.1
34299,34.2
34300,61.056
34301,59.64
34302,96.18
34303,32.22
34304,88.83
34305,65.22
34306,68.796
34307,40.014
34308,61.6026
34309,62.82
34310,81.0
34311,27.96
34312,36.9234
34313,62.802
34314,20.8
34315,31.4
34316,68.112
34317,48.84
34318,58.48
34319,70.26
34320,50.7
34321,24.72
34322,33.012
34323,118.68
34324,48.66
34325,32.16
34326,33.232
34327,84.06
34328,48.608
34329,60.372
34330,41.25
34331,35.82
34332,95.16
34333,43.11
34334,52.44
34335,25.38
34336,38.412
34337,33.42
34338,62.964
34339,24.288
34340,25.632
34341,64.75
34342,38.88
34343,16.392
34344,11.37
34345,87.96
34346,10.116
34347,53.04
34348,48.84
34349,50.24
34350,40.872
34351,23.1
34352,86.4
34353,49.088
34354,98.6
34355,60.04
34356,48.96
34357,56.988
34358,59.64
34359,40.68
34360,41.472
34361,55.968
34362,93.51
34363,40.53
34364,26.76
34365,45.96
34366,31.14
34367,106.8
34368,62.192
34369,47.808
34370,47.79
34371,265.86
34372,354.9
34373,22.66
34374,16.56
34375,20.112
34376,45.48
34377,69.57
34378,51.9
34379,40.29
34380,27.36
34381,40.5
34382,101.58
34383,71.6
34384,60.3
34385,41.4
34386,32.52
34387,22.144
34388,24.12
34389,50.412
34390,18.09
34391,40.26
34392,15.48
34393,46.44
34394,22.428
34395,31.92
34396,66.42
34397,53.28
34398,46.92
34399,62.46
34400,20.34
34401,42.876
34402,50.004
34403,33.1515
34404,50.46
34405,79.68
34406,851.67
34407,30.96
34408,13.62
34409,43.12
34410,14.368
34411,24.4
34412,30.48
34413,125.22
34414,74.08
34415,34.11
34416,41.796
34417,64.02
34418,107.775
34419,13.86
34420,72.84
34421,43.2
34422,39.48
34423,93.6006
34424,22.896
34425,58.65
34426,55.458
34427,40.62
34428,70.98
34429,39.96
34430,12.76
34431,36.96
34432,31.776
34433,39.128
34434,16.95
34435,22.29
34436,25.05
34437,47.34
34438,39.75
34439,52.65
34440,40.872
34441,64.4
34442,44.22
34443,30.375
34444,32.535
34445,30.24
34446,93.84
34447,73.26
34448,54.054
34449,84.6
34450,22.0056
34451,87.66
34452,51.36
34453,37.0152
34454,29.07
34455,10.854
34456,26.4
34457,26.0
34458,28.99
34459,61.96
34460,35.22
34461,96.84
34462,29.64
34463,26.28
34464,15.87
34465,37.8
34466,84.096
34467,11.32
34468,82.86
34469,23.55
34470,48.9
34471,90.855
34472,594.36
34473,58.56
34474,49.32
34475,24.96
34476,49.8
34477,66.3
34478,62.85
34479,65.44
34480,19.44
34481,21.564
34482,61.2
34483,45.684
34484,39.39
34485,26.1
34486,53.46
34487,66.0
34488,48.51
34489,43.52
34490,59.1
34491,44.4
34492,63.42
34493,43.29
34494,86.292
34495,46.5
34496,61.92
34497,84.0
34498,26.6166
34499,19.656
34500,41.22
34501,23.1702
34502,21.54
34503,54.368
34504,155.976
34505,24.1
34506,38.82
34507,57.9
34508,23.616
34509,58.968
34510,20.316
34511,49.44
34512,59.472
34513,33.3
34514,60.42
34515,12.92
34516,103.232
34517,89.1
34518,52.332
34519,74.9
34520,77.7
34521,50.004
34522,55.6
34523,47.36
34524,68.796
34525,157.86
34526,53.16
34527,44.793
34528,72.315
34529,27.12
34530,100.8
34531,24.32
34532,36.26
34533,41.376
34534,18.0
34535,49.848
34536,62.016
34537,161.568
34538,16.74
34539,88.26
34540,63.66
34541,20.13
34542,76.482
34543,60.048
34544,104.4
34545,53.28
34546,20.82
34547,145.35
34548,50.7
34549,62.61
34550,61.74
34551,14.706
34552,31.14
34553,28.896
34554,43.12
34555,40.0
34556,39.32
34557,48.0
34558,87.03
34559,29.1
34560,50.58
34561,45.45
34562,25.92
34563,53.325
34564,62.424
34565,96.66
34566,16.5
34567,53.946
34568,42.2802
34569,98.85
34570,38.76
34571,31.68
34572,20.58
34573,37.94
34574,35.04
34575,441.92
34576,26.376
34577,76.26
34578,54.648
34579,44.28
34580,31.06
34581,39.7
34582,22.16
34583,19.74
34584,38.28
34585,107.4
34586,41.55
34587,51.66
34588,27.06
34589,29.85
34590,29.61
34591,36.12
34592,30.3
34593,11.394
34594,32.67
34595,66.69
34596,23.34
34597,21.6
34598,24.8004
34599,46.96
34600,23.12
34601,49.568
34602,258.9
34603,42.048
34604,53.9
34605,51.6
34606,54.18
34607,28.26
34608,35.76
34609,26.76
34610,57.68
34611,168.93
34612,40.32
34613,47.4
34614,44.856
34615,89.52
34616,55.5
34617,14.958
34618,47.616
34619,108.608
34620,155.04
34621,39.96
34622,25.92
34623,30.44
34624,22.5
34625,41.86
34626,33.6
34627,45.432
34628,65.448
34629,25.83
34630,17.688
34631,13.47
34632,30.816
34633,52.64
34634,16.884
34635,30.72
34636,38.928
34637,31.0
34638,63.24
34639,46.416
34640,18.54
34641,42.4
34642,46.5
34643,53.28
34644,42.2304
34645,77.3508
34646,76.2564
34647,61.236
34648,85.9872
34649,43.2957
34650,99.54
34651,36.972
34652,39.888
34653,21.8
34654,14.04
34655,35.06
34656,68.6
34657,61.68
34658,17.94
34659,44.4
34660,87.948
34661,15.48
34662,42.984
34663,68.88
34664,48.312
34665,58.8
34666,38.28
34667,52.2
34668,21.504
34669,31.328
34670,45.0
34671,82.56
34672,51.84
34673,10.65
34674,28.08
34675,27.87
34676,35.64
34677,73.278
34678,104.976
34679,30.87
34680,62.775
34681,44.22
34682,37.38
34683,28.026
34684,33.708
34685,62.3712
34686,22.8
34687,76.707
34688,52.812
34689,34.76
34690,30.56
34691,100.8
34692,41.96
34693,75.36
34694,55.53
34695,48.42
34696,39.45
34697,19.68
34698,43.47
34699,74.112
34700,54.69
34701,71.28
34702,51.96
34703,74.56
34704,30.52
34705,35.784
34706,58.14
34707,249.0
34708,37.62
34709,31.482
34710,69.12
34711,28.44
34712,40.14
34713,14.832
34714,33.102
34715,32.412
34716,44.4087
34717,319.96
34718,11.088
34719,17.088
34720,25.76
34721,107.648
34722,30.98
34723,16.512
34724,135.84
34725,28.35
34726,49.23
34727,27.39
34728,53.7
34729,43.344
34730,53.844
34731,26.22
34732,32.58
34733,30.42
34734,48.4
34735,24.156
34736,35.12
34737,58.536
34738,39.6
34739,17.28
34740,40.98
34741,41.04
34742,52.2
34743,45.42
34744,21.6
34745,18.81
34746,46.98
34747,84.0
34748,24.42
34749,65.772
34750,137.88
34751,18.336
34752,15.552
34753,18.312
34754,124.36
34755,30.336
34756,47.9
34757,20.62
34758,18.804
34759,114.39
34760,26.43
34761,48.609
34762,44.7
34763,34.29
34764,12.81
34765,105.18
34766,55.56
34767,47.16
34768,44.01
34769,37.86
34770,20.112
34771,16.64
34772,55.072
34773,43.752
34774,95.6
34775,13.032
34776,45.216
34777,70.88
34778,58.32
34779,49.26
34780,207.72
34781,70.56
34782,43.92
34783,24.0
34784,13.68
34785,55.98
34786,76.95
34787,48.7494
34788,30.4425
34789,22.6092
34790,26.136
34791,17.46
34792,33.1992
34793,23.4987
34794,39.204
34795,26.25
34796,117.144
34797,251.64
34798,60.84
34799,258.75
34800,61.62
34801,11.565
34802,35.136
34803,73.2
34804,40.92
34805,51.6
34806,23.52
34807,29.34
34808,22.72
34809,30.4
34810,47.7
34811,33.44
34812,47.8
34813,33.768
34814,194.04
34815,36.44
34816,62.496
34817,51.16
34818,100.26
34819,28.14
34820,50.76
34821,47.0004
34822,51.9453
34823,63.27
34824,50.4
34825,43.57
34826,19.44
34827,133.38
34828,45.99
34829,67.8
34830,25.248
34831,21.3
34832,51.09
34833,29.91
34834,29.49
34835,23.4
34836,34.54
34837,61.056
34838,49.704
34839,39.72
34840,41.2
34841,21.72
34842,42.84
34843,66.33
34844,25.62
34845,180.72
34846,87.156
34847,43.83
34848,43.416
34849,57.84
34850,69.039
34851,71.37
34852,72.75
34853,94.2
34854,43.95
34855,20.9403
34856,63.5319
34857,66.284
34858,79.96
34859,22.32
34860,59.52
34861,113.73
34862,37.312
34863,39.98
34864,24.48
34865,14.43
34866,30.36
34867,30.816
34868,50.067
34869,47.04
34870,17.76
34871,59.64
34872,28.08
34873,98.568
34874,43.04
34875,36.0
34876,79.5
34877,35.1
34878,16.794
34879,28.02
34880,382.401
34881,27.66
34882,34.74
34883,42.432
34884,50.4
34885,72.21
34886,54.36
34887,107.73
34888,34.8
34889,26.82
34890,89.9886
34891,49.5
34892,37.5
34893,26.4
34894,22.96
34895,75.88
34896,22.92
34897,45.36
34898,29.67
34899,26.67
34900,48.96
34901,56.82
34902,40.272
34903,45.48
34904,27.09
34905,42.912
34906,25.08
34907,58.716
34908,444.312
34909,36.304
34910,71.38
34911,65.92
34912,49.6
34913,44.048
34914,42.048
34915,15.16
34916,23.88
34917,25.8
34918,79.29
34919,24.81
34920,72.954
34921,35.9976
34922,33.57
34923,71.73
34924,71.984
34925,47.53
34926,34.86
34927,56.45
34928,63.936
34929,37.32
34930,55.944
34931,33.3
34932,49.653
34933,53.7
34934,56.34
34935,30.12
34936,105.24
34937,55.3
34938,27.8
34939,108.576
34940,25.36
34941,86.805
34942,32.4
34943,48.384
34944,31.122
34945,44.01
34946,61.8
34947,100.44
34948,29.88
34949,33.966
34950,86.346
34951,103.92
34952,31.5774
34953,38.1966
34954,152.28
34955,22.608
34956,21.24
34957,13.04
34958,41.4
34959,111.0
34960,17.808
34961,12.9
34962,48.72
34963,63.0
34964,58.02
34965,63.66
34966,58.02
34967,35.1
34968,26.752
34969,45.184
34970,32.22
34971,74.208
34972,79.5
34973,9.495
34974,20.58
34975,79.212
34976,61.236
34977,83.07
34978,35.64
34979,31.68
34980,28.38
34981,44.58
34982,87.9
34983,24.084
34984,51.7275
34985,71.442
34986,69.5475
34987,120.84
34988,40.8312
34989,14.73
34990,85.232
34991,25.984
34992,45.12
34993,26.424
34994,174.95
34995,30.84
34996,45.408
34997,29.61
34998,50.7
34999,54.69
35000,27.96
35001,34.32
35002,24.96
35003,29.88
35004,58.08
35005,17.36
35006,63.612
35007,57.96
35008,48.93
35009,31.41
35010,56.133
35011,88.92
35012,27.33
35013,131.4
35014,59.328
35015,83.55
35016,48.42
35017,71.82
35018,67.44
35019,40.784
35020,10.368
35021,70.368
35022,87.92
35023,27.96
35024,45.6
35025,44.82
35026,37.392
35027,64.812
35028,23.472
35029,68.3
35030,34.92
35031,32.68
35032,43.296
35033,106.296
35034,116.08
35035,63.48
35036,54.18
35037,57.42
35038,63.84
35039,31.482
35040,22.26
35041,22.26
35042,18.765
35043,34.884
35044,31.14
35045,43.659
35046,43.9734
35047,43.5024
35048,36.72
35049,31.68
35050,18.693
35051,38.71
35052,36.63
35053,51.55
35054,47.4
35055,33.192
35056,41.76
35057,84.3
35058,47.43
35059,101.4
35060,31.22
35061,31.96
35062,78.92
35063,36.14
35064,58.2
35065,68.832
35066,43.98
35067,32.52
35068,52.224
35069,51.651
35070,28.8
35071,66.87
35072,40.56
35073,29.76
35074,41.37
35075,46.17
35076,34.164
35077,45.36
35078,20.736
35079,28.4
35080,61.542
35081,20.16
35082,22.96
35083,62.07
35084,29.82
35085,28.98
35086,42.84
35087,28.35
35088,32.508
35089,25.6
35090,18.384
35091,11.568
35092,34.92
35093,42.44
35094,46.5
35095,54.72
35096,37.08
35097,23.82
35098,35.46
35099,78.84
35100,27.81
35101,49.56
35102,26.352
35103,31.7046
35104,65.8314
35105,51.435
35106,42.0
35107,40.46
35108,41.37
35109,12.645
35110,81.99
35111,26.43
35112,46.32
35113,38.52
35114,33.96
35115,25.236
35116,46.52
35117,49.8
35118,63.648
35119,30.144
35120,50.1
35121,27.72
35122,18.68
35123,73.92
35124,42.624
35125,33.564
35126,643.365
35127,48.42
35128,24.192
35129,90.84
35130,30.51
35131,42.12
35132,29.52
35133,33.48
35134,21.36
35135,41.58
35136,60.615
35137,39.8772
35138,142.02
35139,57.996
35140,32.64
35141,83.88
35142,66.87
35143,85.4784
35144,51.273
35145,47.4138
35146,53.984
35147,43.13
35148,45.96
35149,14.28
35150,42.21
35151,46.38
35152,10.56
35153,22.296
35154,74.16
35155,57.6
35156,27.33
35157,46.44
35158,59.832
35159,149.96016
35160,44.2
35161,39.44
35162,49.392
35163,20.8
35164,67.8
35165,45.42
35166,66.464
35167,35.6
35168,150.39
35169,32.04
35170,64.26
35171,17.46
35172,102.312
35173,48.78
35174,40.32
35175,150.12
35176,50.52
35177,145.74
35178,10.5
35179,31.2
35180,45.06
35181,26.298
35182,43.92
35183,17.52
35184,29.95
35185,35.1
35186,56.88
35187,59.19
35188,19.08
35189,49.44
35190,40.239
35191,59.373
35192,20.16
35193,42.36
35194,28.98
35195,59.52
35196,15.52
35197,34.4
35198,48.16
35199,31.488
35200,51.84
35201,35.19
35202,33.96
35203,30.285
35204,50.52
35205,76.32
35206,49.95
35207,120.744
35208,25.866
35209,32.571
35210,34.4367
35211,28.23
35212,29.4
35213,30.51
35214,17.64
35215,21.84
35216,51.94
35217,48.792
35218,45.68
35219,15.552
35220,41.72
35221,51.9
35222,35.56
35223,18.768
35224,50.88
35225,46.32
35226,48.42
35227,39.2
35228,28.512
35229,31.5
35230,38.58
35231,35.832
35232,49.56
35233,71.28
35234,37.26
35235,33.06
35236,39.48
35237,50.04
35238,19.2
35239,43.83
35240,42.3
35241,228.096
35242,84.3
35243,40.968
35244,48.69
35245,47.18
35246,15.28
35247,28.28
35248,22.92
35249,12.78
35250,47.19
35251,26.04
35252,18.66
35253,52.53
35254,40.83
35255,97.56
35256,28.86
35257,60.576
35258,48.84
35259,59.076
35260,44.568
35261,43.8
35262,42.36
35263,94.128
35264,15.584
35265,23.56
35266,34.56
35267,27.0
35268,31.266
35269,85.536
35270,42.9
35271,22.4667
35272,73.764
35273,30.72
35274,54.18
35275,29.472
35276,94.85
35277,36.048
35278,63.92
35279,25.35
35280,59.76
35281,28.8
35282,55.584
35283,40.48
35284,39.808
35285,17.46
35286,43.86
35287,203.52
35288,30.56
35289,28.8
35290,32.676
35291,48.9
35292,37.44
35293,20.124
35294,34.98
35295,70.065
35296,49.56
35297,117.0
35298,53.55
35299,39.6
35300,51.696
35301,34.29
35302,30.3
35303,43.857
35304,47.04
35305,33.93
35306,136.242
35307,25.6626
35308,36.354
35309,30.756
35310,65.142
35311,38.76
35312,113.328
35313,35.89
35314,43.056
35315,44.1
35316,21.984
35317,24.51
35318,42.966
35319,30.81
35320,54.66
35321,19.356
35322,58.2
35323,69.96
35324,20.712
35325,47.28
35326,86.52
35327,23.184
35328,33.48
35329,69.07688
35330,45.6
35331,59.46
35332,26.88
35333,23.7
35334,49.38
35335,55.86
35336,31.2
35337,55.38
35338,33.3
35339,273.3
35340,13.14
35341,120.48
35342,52.5
35343,77.3892
35344,59.64
35345,16.8
35346,63.018
35347,20.574
35348,55.8
35349,57.852
35350,48.96
35351,83.16
35352,31.86
35353,49.284
35354,114.6
35355,15.8
35356,26.72
35357,32.592
35358,40.83
35359,72.0
35360,8.181
35361,29.16
35362,18.96
35363,30.69
35364,54.9
35365,16.14
35366,48.48
35367,42.09
35368,52.236
35369,48.5
35370,26.628
35371,33.232
35372,52.44
35373,26.82
35374,44.1
35375,31.96
35376,36.96
35377,27.78
35378,9.51
35379,31.32
35380,30.93
35381,22.8
35382,16.11
35383,42.12
35384,30.213
35385,40.83
35386,34.6302
35387,66.0
35388,38.22
35389,35.784
35390,11.808
35391,29.932
35392,43.1
35393,29.12
35394,25.92
35395,34.74
35396,31.176
35397,134.82
35398,54.18
35399,26.37
35400,34.56
35401,52.92
35402,93.84
35403,42.0
35404,73.044
35405,74.49
35406,20.496
35407,31.248
35408,62.36
35409,31.08
35410,39.096
35411,50.4
35412,39.4
35413,457.8
35414,44.37
35415,22.86
35416,47.88
35417,30.0
35418,39.285
35419,53.568
35420,45.492
35421,80.028
35422,16.74
35423,45.045
35424,21.465
35425,94.8
35426,37.44
35427,31.86
35428,10.368
35429,281.372
35430,24.424
35431,109.74
35432,39.96
35433,15.51
35434,28.47
35435,58.44
35436,29.52
35437,58.32
35438,49.26
35439,25.8
35440,21.18
35441,40.44
35442,61.8
35443,44.856
35444,22.68
35445,131.85
35446,21.96
35447,42.714
35448,98.388
35449,43.56
35450,63.27
35451,69.6
35452,88.2
35453,62.0646
35454,46.134
35455,17.712
35456,44.34
35457,30.48
35458,55.47
35459,31.56
35460,35.04
35461,37.2
35462,27.72
35463,52.2
35464,48.93
35465,48.87
35466,47.61
35467,14.4
35468,53.28
35469,42.48
35470,82.98
35471,32.328
35472,27.96
35473,26.94
35474,35.2
35475,33.312
35476,99.36
35477,41.52
35478,22.12
35479,32.0
35480,47.58
35481,50.25
35482,45.45
35483,122.55
35484,27.09
35485,59.616
35486,50.28
35487,25.776
35488,27.9015
35489,25.065
35490,54.0918
35491,76.65
35492,21.936
35493,45.66
35494,52.512
35495,31.95
35496,11.16
35497,41.94
35498,41.36
35499,169.68
35500,16.59
35501,50.28
35502,37.608
35503,24.69
35504,39.68
35505,33.56
35506,17.028
35507,60.56
35508,23.73
35509,53.64
35510,119.43
35511,11.49
35512,145.962
35513,46.35
35514,30.03
35515,59.25
35516,95.472
35517,27.6378
35518,38.88
35519,29.49
35520,49.842
35521,16.74
35522,33.82
35523,50.12
35524,40.56
35525,40.99
35526,47.52
35527,16.52
35528,44.874
35529,127.89
35530,22.74
35531,22.8
35532,10.71
35533,50.004
35534,42.96
35535,16.14
35536,30.852
35537,44.352
35538,60.576
35539,15.76
35540,35.08
35541,16.74
35542,58.2
35543,31.62
35544,36.14
35545,72.6
35546,20.97
35547,236.1
35548,42.1575
35549,21.96
35550,51.3
35551,67.365
35552,53.352
35553,30.213
35554,30.3
35555,42.039
35556,22.75
35557,40.46
35558,45.528
35559,91.92
35560,37.93
35561,17.94
35562,14.352
35563,59.97
35564,55.6
35565,12.69
35566,56.808
35567,46.59
35568,69.84
35569,34.92
35570,37.86
35571,33.6
35572,52.98
35573,27.0
35574,12.21
35575,26.08
35576,19.92
35577,34.08
35578,29.22
35579,52.8
35580,86.96
35581,46.98
35582,44.46
35583,40.2
35584,67.536
35585,62.56
35586,44.48
35587,21.0
35588,36.72
35589,70.05
35590,21.06
35591,54.432
35592,16.95
35593,36.51
35594,55.98
35595,54.99
35596,85.59
35597,41.67
35598,45.69
35599,48.195
35600,57.45
35601,29.904
35602,83.28
35603,50.0
35604,39.312
35605,15.7
35606,241.96
35607,68.16
35608,111.672
35609,17.94
35610,18.432
35611,21.93
35612,56.704
35613,27.66
35614,29.58
35615,21.864
35616,47.28
35617,26.46
35618,74.808
35619,29.01
35620,20.808
35621,65.76
35622,51.9
35623,42.039
35624,36.936
35625,27.3
35626,14.877
35627,26.928
35628,67.716
35629,21.0675
35630,76.74
35631,70.785
35632,100.32
35633,91.08
35634,79.76
35635,32.4
35636,40.256
35637,128.4
35638,38.52
35639,33.96
35640,35.36
35641,32.592
35642,25.8
35643,44.7
35644,40.32
35645,43.8
35646,34.29
35647,41.9
35648,24.78
35649,33.8
35650,69.12
35651,111.06
35652,157.0
35653,22.448
35654,56.52
35655,83.88
35656,33.93
35657,42.795
35658,28.08
35659,34.92
35660,93.6
35661,50.4
35662,48.384
35663,53.92
35664,40.29
35665,22.96
35666,36.63
35667,41.4
35668,16.192
35669,83.92
35670,55.984
35671,28.38
35672,79.92
35673,33.0
35674,37.14
35675,28.23
35676,31.95
35677,8.568
35678,52.92
35679,11.92
35680,18.06
35681,9.66
35682,30.64
35683,78.12
35684,108.78
35685,89.73
35686,43.92
35687,72.471
35688,31.02
35689,22.092
35690,45.99
35691,42.1308
35692,40.32
35693,38.28
35694,31.5456
35695,28.8108
35696,23.787
35697,40.92
35698,57.168
35699,10.368
35700,50.352
35701,21.93
35702,18.72
35703,19.456
35704,26.632
35705,40.14
35706,48.0
35707,43.8
35708,13.716
35709,35.34
35710,12.54
35711,30.312
35712,23.928
35713,42.408
35714,67.44
35715,32.26
35716,23.88
35717,47.68
35718,40.608
35719,79.296
35720,44.48
35721,27.15
35722,33.18
35723,83.34
35724,38.43
35725,55.0128
35726,53.5035
35727,41.2344
35728,105.6
35729,98.7471
35730,41.553
35731,15.876
35732,393.568
35733,39.84
35734,20.0
35735,81.98
35736,12.192
35737,21.4
35738,22.2
35739,17.248
35740,21.392
35741,35.04
35742,59.64
35743,66.6
35744,38.28
35745,47.28
35746,37.5
35747,65.88
35748,35.06
35749,34.68
35750,16.76
35751,23.46
35752,31.6
35753,35.34
35754,48.93
35755,38.7
35756,30.66
35757,22.47
35758,25.08
35759,156.897
35760,31.08
35761,66.0
35762,34.4925
35763,91.152
35764,25.056
35765,45.972
35766,95.968
35767,9.54
35768,41.904
35769,39.879
35770,31.08
35771,54.69
35772,57.516
35773,14.88
35774,22.8
35775,39.75
35776,32.22
35777,21.96
35778,66.88
35779,53.472
35780,42.08
35781,34.4
35782,39.22
35783,97.392
35784,23.85
35785,87.3
35786,117.96
35787,146.52
35788,28.98
35789,67.23
35790,87.42
35791,34.0326
35792,103.38
35793,50.67
35794,56.76
35795,58.536
35796,9.45
35797,10.688
35798,42.368
35799,41.86
35800,42.28
35801,35.91
35802,43.13
35803,39.264
35804,46.41
35805,39.54
35806,26.1
35807,37.86
35808,44.4
35809,23.25
35810,43.92
35811,22.11
35812,20.016
35813,40.4
35814,24.408
35815,32.62
35816,76.368
35817,39.54
35818,33.88
35819,45.1
35820,25.356
35821,27.036
35822,48.72
35823,58.56
35824,14.82
35825,37.98
35826,59.4
35827,64.719
35828,68.04
35829,21.39
35830,42.03
35831,37.8102
35832,49.44
35833,22.7052
35834,60.57
35835,29.04
35836,59.22
35837,28.917
35838,160.1985
35839,41.86
35840,19.9
35841,90.99
35842,21.552
35843,69.93
35844,39.92
35845,27.936
35846,43.12
35847,44.964
35848,37.128
35849,38.7
35850,42.06
35851,25.488
35852,37.66
35853,36.9
35854,52.68
35855,27.2
35856,50.76
35857,27.36
35858,78.3
35859,27.63
35860,21.96
35861,46.53
35862,18.6348
35863,28.302
35864,33.39
35865,36.78
35866,45.633
35867,42.1308
35868,32.31
35869,35.168
35870,13.272
35871,61.929
35872,38.432
35873,47.616
35874,50.352
35875,18.816
35876,12.0
35877,29.28
35878,26.58
35879,51.75
35880,47.34
35881,51.3
35882,34.8
35883,61.38
35884,30.24
35885,21.48
35886,32.06
35887,62.72
35888,27.96
35889,36.936
35890,67.616
35891,40.8
35892,10.044
35893,44.037
35894,87.732
35895,25.56
35896,40.23
35897,39.4956
35898,26.7675
35899,637.44
35900,23.36
35901,51.312
35902,34.848
35903,14.2
35904,25.92
35905,46.152
35906,16.192
35907,45.408
35908,37.408
35909,27.99
35910,47.232
35911,31.83
35912,28.56
35913,29.61
35914,35.52
35915,49.83
35916,42.444
35917,147.84
35918,20.484
35919,36.48
35920,38.68
35921,38.8
35922,50.112
35923,79.92
35924,30.96
35925,37.89
35926,46.74
35927,83.79
35928,35.64
35929,45.1935
35930,85.212
35931,35.7846
35932,49.365
35933,1648.998
35934,62.136
35935,8.904
35936,36.792
35937,18.96
35938,48.86
35939,11.824
35940,171.288
35941,23.616
35942,52.56
35943,18.9
35944,46.2
35945,50.55
35946,29.22
35947,31.17
35948,19.332
35949,43.44
35950,29.67
35951,35.37
35952,40.98
35953,51.68
35954,20.76
35955,8.84
35956,33.57
35957,102.438
35958,48.09
35959,42.9
35960,42.12
35961,32.01
35962,26.76
35963,17.82
35964,32.3883
35965,29.52
35966,38.52
35967,80.178
35968,30.69
35969,23.976
35970,22.23
35971,35.1
35972,44.4
35973,64.14
35974,20.544
35975,13.38
35976,37.86
35977,48.39
35978,29.73
35979,24.72
35980,20.421
35981,34.92
35982,158.328
35983,23.32
35984,23.84
35985,32.9
35986,32.832
35987,66.15
35988,19.8
35989,80.892
35990,19.41
35991,62.37
35992,31.95
35993,16.68
35994,38.16
35995,18.87
35996,107.055
35997,54.36
35998,51.354
35999,71.28
36000,58.716
36001,38.961
36002,20.736
36003,12.88
36004,59.97
36005,30.0
36006,68.04
36007,27.45
36008,54.54
36009,15.66
36010,26.88
36011,47.55
36012,49.572
36013,54.36
36014,27.18
36015,45.72
36016,85.536
36017,63.24
36018,82.848
36019,56.628
36020,59.325
36021,42.57
36022,27.864
36023,21.96
36024,43.752
36025,46.53
36026,45.18
36027,73.2
36028,68.22
36029,84.78
36030,22.248
36031,21.285
36032,34.875
36033,26.64
36034,23.92
36035,59.1
36036,27.552
36037,14.62
36038,58.08
36039,55.86
36040,93.248
36041,36.072
36042,14.49
36043,33.84
36044,23.004
36045,14.52
36046,100.92
36047,28.56
36048,74.664
36049,63.3
36050,29.91
36051,74.32
36052,18.28
36053,33.36
36054,34.92
36055,40.4
36056,55.5
36057,29.208
36058,66.177
36059,19.935
36060,43.2
36061,46.98
36062,17.19
36063,23.55
36064,24.48
36065,71.8116
36066,36.882
36067,29.7648
36068,134.6094
36069,54.66
36070,350.973
36071,71.98
36072,31.68
36073,39.072
36074,40.7
36075,30.336
36076,27.09
36077,15.48
36078,37.35
36079,17.334
36080,44.4
36081,47.4
36082,32.19
36083,23.84
36084,23.32
36085,92.82
36086,44.48
36087,43.2
36088,102.78
36089,17.73
36090,132.57
36091,50.868
36092,21.285
36093,13.11
36094,58.608
36095,43.254
36096,22.92
36097,63.9
36098,28.08
36099,129.568
36100,10.95
36101,18.84
36102,11.672
36103,25.06
36104,18.18
36105,43.8
36106,20.7
36107,51.102
36108,18.36
36109,44.34
36110,22.392
36111,48.762
36112,31.92
36113,30.24
36114,61.3
36115,37.82
36116,47.7
36117,46.64
36118,34.824
36119,248.32236
36120,18.96
36121,38.24
36122,29.4
36123,27.6
36124,53.76
36125,69.975
36126,58.3416
36127,41.472
36128,35.856
36129,63.87
36130,18.546
36131,19.68
36132,86.184
36133,36.18
36134,26.37
36135,44.75
36136,55.92
36137,36.44
36138,32.776
36139,35.52
36140,13.95
36141,63.84
36142,25.23
36143,35.352
36144,89.04
36145,26.49
36146,15.75
36147,43.404
36148,57.12
36149,15.56
36150,23.076
36151,71.64
36152,41.088
36153,15.144
36154,27.568
36155,17.556
36156,22.74
36157,34.08
36158,73.944
36159,19.776
36160,54.96
36161,42.7074
36162,34.182
36163,84.78
36164,31.8645
36165,23.7
36166,52.2
36167,41.835
36168,30.024
36169,20.37
36170,33.45
36171,54.96
36172,32.4
36173,23.25
36174,27.6
36175,51.27
36176,28.62
36177,17.928
36178,100.74
36179,41.19
36180,26.448
36181,10.728
36182,31.68
36183,45.1
36184,35.532
36185,67.32
36186,56.88
36187,22.86
36188,75.573
36189,37.05
36190,94.05
36191,55.944
36192,50.76
36193,84.9
36194,58.14
36195,49.41
36196,55.65
36197,38.7
36198,55.98
36199,73.0146
36200,29.85
36201,18.16
36202,19.752
36203,101.94
36204,30.576
36205,60.6
36206,26.544
36207,17.46
36208,100.44
36209,38.37
36210,22.5
36211,128.37
36212,148.74
36213,47.43
36214,30.21
36215,100.32
36216,28.24
36217,35.04
36218,29.2
36219,93.84
36220,60.624
36221,137.6
36222,54.42
36223,53.9
36224,60.0
36225,44.0
36226,44.46
36227,56.94
36228,66.15
36229,39.0
36230,31.428
36231,48.0
36232,54.18
36233,43.8
36234,76.032
36235,33.048
36236,63.936
36237,33.984
36238,66.6
36239,57.996
36240,36.352
36241,70.08
36242,8.8
36243,39.98
36244,50.96
36245,15.92
36246,91.056
36247,13.608
36248,18.27
36249,10.584
36250,25.596
36251,144.18
36252,74.16
36253,62.31
36254,13.26
36255,14.28
36256,34.848
36257,18.06
36258,43.65
36259,44.604
36260,23.268
36261,33.84
36262,30.84
36263,21.4
36264,33.48
36265,23.3
36266,28.62
36267,66.87
36268,26.82
36269,323.82
36270,52.44
36271,41.3034
36272,15.6456
36273,27.456
36274,31.68
36275,35.2665
36276,50.94
36277,16.92
36278,37.872
36279,22.72
36280,39.072
36281,34.68
36282,28.792
36283,33.936
36284,33.96
36285,29.88
36286,46.77
36287,18.99
36288,43.92
36289,54.24
36290,10.296
36291,37.536
36292,26.88
36293,43.488
36294,44.9
36295,36.36
36296,19.36
36297,30.15
36298,27.99
36299,25.8
36300,41.976
36301,27.99
36302,42.336
36303,88.47
36304,25.23
36305,78.327
36306,46.044
36307,25.149
36308,27.702
36309,29.799
36310,23.733
36311,29.484
36312,33.52
36313,29.12
36314,25.06
36315,19.44
36316,27.792
36317,36.56
36318,63.88
36319,82.26
36320,52.76
36321,8.94
36322,38.61
36323,43.53
36324,17.874
36325,20.19
36326,58.32
36327,46.74
36328,27.3
36329,22.26
36330,79.744
36331,102.576
36332,29.4
36333,15.84
36334,8.36
36335,24.0
36336,31.76
36337,50.1
36338,40.3155
36339,100.92
36340,33.93
36341,33.21
36342,29.28
36343,38.76
36344,53.55
36345,93.915
36346,22.74
36347,19.44
36348,31.8
36349,38.8437
36350,36.36
36351,47.94
36352,31.104
36353,13.14
36354,43.372
36355,26.55
36356,39.98
36357,28.08
36358,84.75
36359,28.26
36360,19.908
36361,13.86
36362,34.812
36363,26.82
36364,41.28
36365,48.72
36366,19.48
36367,31.536
36368,50.816
36369,146.7
36370,105.72
36371,22.14
36372,47.208
36373,26.94
36374,30.348
36375,44.1
36376,151.875
36377,38.64
36378,20.7
36379,68.22
36380,97.944
36381,18.126
36382,46.116
36383,82.7118
36384,61.974
36385,53.91
36386,38.664
36387,52.74
36388,39.99
36389,59.98
36390,48.784
36391,37.11
36392,15.66
36393,58.32
36394,59.736
36395,22.38
36396,30.0
36397,27.252
36398,15.039
36399,26.4
36400,31.8
36401,65.76
36402,44.56
36403,44.01
36404,31.92
36405,58.59
36406,25.8
36407,35.46
36408,24.84
36409,26.73
36410,51.03
36411,46.494
36412,98.22
36413,33.18
36414,89.46
36415,17.568
36416,52.98
36417,31.84
36418,6.928
36419,14.48
36420,40.776
36421,14.04
36422,53.73
36423,49.104
36424,27.39
36425,31.14
36426,11.31
36427,21.024
36428,45.21
36429,16.14
36430,29.04
36431,48.0
36432,28.8
36433,120.4
36434,52.74
36435,26.24
36436,61.632
36437,18.08
36438,36.75
36439,27.018
36440,34.83
36441,47.304
36442,38.088
36443,8.532
36444,36.336
36445,34.44
36446,34.24
36447,54.5
36448,119.9
36449,49.12
36450,21.204
36451,56.4
36452,64.96
36453,13.14
36454,49.32
36455,28.5
36456,10.32
36457,65.448
36458,10.512
36459,134.544
36460,22.0
36461,20.68
36462,45.5
36463,55.78
36464,27.96
36465,55.296
36466,17.04
36467,49.08
36468,25.0992
36469,86.076
36470,54.9045
36471,41.76
36472,56.79
36473,23.628
36474,38.5452
36475,53.295
36476,31.95
36477,35.964
36478,29.106
36479,33.57
36480,35.52
36481,127.88
36482,26.064
36483,19.92
36484,32.064
36485,41.86
36486,39.0
36487,29.95
36488,68.432
36489,37.86
36490,17.88
36491,82.98
36492,29.4
36493,49.2
36494,24.684
36495,35.12
36496,80.112
36497,68.6
36498,83.97
36499,55.35
36500,46.44
36501,64.692
36502,51.45
36503,50.9832
36504,35.46
36505,35.19
36506,43.56
36507,27.96
36508,41.0352
36509,54.513
36510,99.99
36511,46.72
36512,58.36
36513,30.56
36514,25.92
36515,22.704
36516,47.98
36517,26.4
36518,65.94
36519,36.672
36520,17.184
36521,53.91
36522,51.54
36523,121.92
36524,15.96
36525,29.58
36526,42.15
36527,94.02
36528,32.04
36529,42.75
36530,54.54
36531,21.36
36532,52.0
36533,285.66
36534,16.32
36535,53.28
36536,27.864
36537,18.48
36538,28.08
36539,38.88
36540,31.536
36541,61.56
36542,21.219
36543,31.59
36544,24.327
36545,46.32
36546,29.82
36547,67.92
36548,28.485
36549,18.84
36550,63.84
36551,20.016
36552,71.088
36553,55.74
36554,52.428
36555,50.76
36556,25.47
36557,204.3
36558,14.448
36559,21.096
36560,22.86
36561,26.784
36562,52.0
36563,41.2
36564,101.04
36565,24.72
36566,981.36
36567,26.82
36568,26.88
36569,40.005
36570,43.92
36571,40.86
36572,17.4051
36573,34.9596
36574,24.93
36575,35.91
36576,48.45
36577,29.6
36578,60.672
36579,31.68
36580,63.47
36581,18.2
36582,22.344
36583,88.96
36584,15.57
36585,39.582
36586,34.44
36587,46.08
36588,18.639
36589,26.7
36590,44.7
36591,14.52
36592,26.1
36593,32.96
36594,28.52
36595,17.216
36596,56.76
36597,17.68
36598,18.112
36599,114.8
36600,47.16
36601,45.168
36602,43.515
36603,25.29
36604,22.2
36605,81.18
36606,43.65
36607,61.83
36608,46.26
36609,19.5
36610,44.1
36611,39.06
36612,49.5
36613,45.15
36614,47.88
36615,49.1775
36616,19.098
36617,44.58
36618,43.65
36619,27.816
36620,25.71
36621,85.056
36622,25.92
36623,50.496
36624,41.424
36625,19.35
36626,42.18
36627,43.95
36628,39.12
36629,66.168
36630,20.37
36631,30.48
36632,52.08
36633,38.58
36634,28.23
36635,27.69
36636,19.264
36637,25.92
36638,46.224
36639,36.66
36640,35.712
36641,48.72
36642,33.088
36643,44.46
36644,92.82
36645,58.98
36646,63.99
36647,48.384
36648,42.84
36649,61.47
36650,21.96
36651,47.01
36652,43.956
36653,64.35
36654,22.659
36655,83.6976
36656,21.12
36657,86.4174
36658,29.49
36659,26.325
36660,44.202
36661,32.562
36662,47.96
36663,28.68
36664,57.408
36665,123.92
36666,38.88
36667,39.89
36668,25.272
36669,43.98
36670,12.36
36671,43.89
36672,62.16
36673,49.83
36674,46.44
36675,71.4
36676,28.8
36677,20.7
36678,47.58
36679,43.92
36680,21.96
36681,38.46
36682,91.86
36683,27.6
36684,30.348
36685,173.76
36686,32.0
36687,70.992
36688,22.56
36689,244.72956
36690,61.6
36691,54.18
36692,31.02
36693,35.52
36694,64.26
36695,103.95
36696,189.42
36697,52.92
36698,75.69
36699,62.28
36700,24.51
36701,45.72
36702,45.0
36703,86.67
36704,34.5
36705,44.496
36706,37.68
36707,32.4
36708,56.43
36709,38.07
36710,34.11
36711,21.9867
36712,12.42
36713,27.3
36714,49.32
36715,17.472
36716,49.08
36717,48.576
36718,64.2
36719,14.82
36720,35.232
36721,43.96
36722,20.232
36723,90.48
36724,30.45
36725,29.232
36726,98.052
36727,48.0
36728,19.68
36729,50.988
36730,49.41
36731,15.36
36732,22.4
36733,89.88
36734,48.0
36735,51.6
36736,67.05
36737,37.86
36738,26.7
36739,65.22
36740,22.26
36741,17.7828
36742,64.0356
36743,27.42
36744,49.96
36745,15.92
36746,36.672
36747,8.76
36748,121.6
36749,53.424
36750,23.16
36751,28.8
36752,35.88
36753,29.1
36754,9.51
36755,13.26
36756,32.19
36757,48.42
36758,72.84
36759,33.888
36760,54.6
36761,18.639
36762,43.44
36763,38.82
36764,48.6
36765,39.54
36766,42.6
36767,27.936
36768,46.08
36769,17.568
36770,82.22
36771,19.08
36772,26.0
36773,21.3
36774,52.65
36775,72.612
36776,52.74
36777,43.02
36778,80.01
36779,24.75
36780,42.453
36781,25.4718
36782,50.1984
36783,43.65
36784,20.82
36785,42.624
36786,25.68
36787,59.7
36788,80.98
36789,32.06
36790,32.4
36791,47.1
36792,49.74
36793,46.224
36794,14.97
36795,23.22
36796,31.632
36797,50.88
36798,58.98
36799,60.24
36800,46.416
36801,23.8
36802,35.64
36803,72.0
36804,15.66
36805,98.49
36806,62.55
36807,151.56
36808,37.86
36809,50.088
36810,65.88
36811,35.88
36812,34.58
36813,41.568
36814,43.584
36815,31.104
36816,8.448
36817,24.704
36818,39.96
36819,26.9
36820,16.5
36821,60.6
36822,15.48
36823,50.46
36824,12.06
36825,31.95
36826,16.08
36827,28.8
36828,45.21
36829,196.2
36830,53.91
36831,29.61
36832,120.66
36833,21.156
36834,28.98
36835,51.744
36836,30.92
36837,44.82
36838,32.768
36839,58.2
36840,50.46
36841,26.22
36842,35.6
36843,40.68
36844,88.44
36845,52.86
36846,24.12
36847,21.573
36848,29.55
36849,30.66
36850,38.13
36851,45.792
36852,177.633
36853,43.8
36854,46.98
36855,133.8966
36856,56.94
36857,567.5208
36858,71.9316
36859,65.4921
36860,45.15
36861,94.68
36862,64.08
36863,15.084
36864,14.62
36865,38.19
36866,46.688
36867,45.68
36868,99.87
36869,25.68
36870,50.04
36871,37.755
36872,55.2
36873,42.15
36874,51.27
36875,16.5
36876,36.768
36877,8.24
36878,35.24
36879,42.528
36880,28.34
36881,38.944
36882,63.27
36883,30.96
36884,51.6
36885,52.8
36886,45.846
36887,158.787
36888,45.96
36889,18.54
36890,44.46
36891,88.0215
36892,21.84
36893,20.331
36894,33.84
36895,26.415
36896,29.889
36897,26.4
36898,18.544
36899,72.64
36900,20.736
36901,23.92
36902,37.056
36903,39.54
36904,45.12
36905,44.94
36906,50.1
36907,10.5
36908,44.1
36909,42.72
36910,58.74
36911,43.299
36912,104.96
36913,35.184
36914,18.256
36915,22.536
36916,39.16
36917,34.98
36918,28.8
36919,120.48
36920,28.89
36921,56.79
36922,22.248
36923,25.38
36924,23.004
36925,34.0101
36926,41.6826
36927,53.4
36928,87.156
36929,42.21
36930,21.96
36931,27.72
36932,19.2939
36933,21.06
36934,422.73
36935,19.9
36936,34.65
36937,40.68
36938,60.736
36939,36.288
36940,27.46
36941,54.21
36942,16.836
36943,18.528
36944,18.81
36945,526.62
36946,52.65
36947,29.01
36948,38.48
36949,18.4
36950,75.168
36951,51.66
36952,30.96
36953,25.184
36954,52.92
36955,50.34
36956,55.65
36957,38.4
36958,43.65
36959,30.15
36960,17.97
36961,44.55
36962,24.0
36963,16.2348
36964,161.514
36965,20.7
36966,74.352
36967,43.296
36968,56.3
36969,36.32
36970,14.624
36971,11.67
36972,54.48
36973,64.2
36974,33.786
36975,27.78
36976,19.8
36977,53.46
36978,28.416
36979,41.76
36980,43.281
36981,26.5
36982,38.9
36983,58.2
36984,15.24
36985,161.36
36986,87.84
36987,110.64
36988,39.6
36989,21.414
36990,35.748
36991,31.9272
36992,66.84
36993,33.3
36994,45.216
36995,38.88
36996,51.312
36997,29.6
36998,39.98
36999,37.376
37000,70.72
37001,8.624
37002,26.4
37003,31.2
37004,15.12
37005,11.37
37006,28.52
37007,32.868
37008,33.52
37009,23.84
37010,51.424
37011,55.584
37012,16.7
37013,15.444
37014,49.44
37015,62.12
37016,64.3
37017,16.08
37018,31.59
37019,50.4
37020,49.59
37021,30.456
37022,14.76
37023,34.83
37024,31.323
37025,40.59
37026,22.29
37027,30.144
37028,61.96
37029,67.194
37030,16.74
37031,15.408
37032,47.82
37033,24.828
37034,24.0
37035,54.9
37036,22.365
37037,26.46
37038,30.94
37039,28.32
37040,65.28
37041,43.7
37042,56.2
37043,28.64
37044,67.86
37045,18.288
37046,27.96
37047,24.42
37048,28.02
37049,24.0
37050,37.35
37051,26.406
37052,39.48
37053,25.344
37054,323.3601
37055,20.58
37056,27.4896
37057,46.4385
37058,21.3975
37059,50.085
37060,57.96
37061,26.136
37062,32.382
37063,8.26
37064,30.4
37065,24.7
37066,20.16
37067,29.07
37068,22.11
37069,9.585
37070,11.43
37071,29.04
37072,58.08
37073,40.04
37074,16.656
37075,56.76
37076,16.65
37077,43.8
37078,19.98
37079,37.08
37080,33.6
37081,33.96
37082,50.625
37083,24.72
37084,67.2
37085,51.03
37086,36.63
37087,57.996
37088,41.0352
37089,274.9545
37090,23.157
37091,69.57
37092,15.66
37093,52.5195
37094,38.5575
37095,19.92
37096,51.12
37097,37.52
37098,62.04
37099,25.71
37100,16.9
37101,15.87
37102,22.41
37103,41.7
37104,102.54
37105,20.43
37106,73.032
37107,41.004
37108,53.91
37109,34.824
37110,35.24
37111,39.024
37112,21.08
37113,18.24
37114,28.3
37115,39.456
37116,51.392
37117,23.1
37118,25.56
37119,35.52
37120,39.33
37121,21.42
37122,41.04
37123,40.86
37124,315.936
37125,74.682
37126,39.42
37127,22.26
37128,55.0935
37129,56.97
37130,42.0525
37131,30.96
37132,33.642
37133,1840.68
37134,29.718
37135,64.14
37136,30.192
37137,15.808
37138,26.388
37139,50.25
37140,53.97
37141,38.37
37142,70.68
37143,47.04
37144,29.88
37145,38.1
37146,50.16
37147,20.208
37148,53.88
37149,21.024
37150,43.368
37151,263.136
37152,80.0
37153,72.9
37154,35.196
37155,42.0
37156,35.304
37157,27.96
37158,44.8
37159,25.08
37160,44.1
37161,27.975
37162,23.22
37163,28.23
37164,26.2986
37165,48.63
37166,63.9
37167,58.56
37168,38.4345
37169,26.58
37170,23.3892
37171,25.14
37172,33.9
37173,30.3
37174,68.742
37175,26.76
37176,41.37
37177,41.424
37178,36.288
37179,35.4
37180,17.94
37181,19.136
37182,35.232
37183,43.28
37184,25.92
37185,122.91
37186,12.36
37187,36.984
37188,18.93
37189,30.69
37190,26.88
37191,121.2
37192,51.78
37193,54.48
37194,29.2
37195,40.32
37196,28.224
37197,32.3
37198,12.128
37199,14.56
37200,46.5
37201,28.38
37202,56.544
37203,21.78
37204,45.216
37205,15.948
37206,70.56
37207,47.46
37208,44.1
37209,40.905
37210,26.94
37211,30.024
37212,28.8
37213,25.8
37214,14.28
37215,72.48
37216,54.0579
37217,31.92
37218,31.74
37219,31.32
37220,39.92
37221,36.0
37222,19.98
37223,31.104
37224,29.9
37225,22.32
37226,66.03
37227,25.98
37228,20.064
37229,16.44
37230,54.69
37231,26.67
37232,9.774
37233,20.52
37234,16.44
37235,27.0
37236,33.084
37237,44.58
37238,43.8
37239,47.04
37240,57.4
37241,48.58
37242,436.16
37243,70.944
37244,26.64
37245,13.344
37246,27.9
37247,9.06
37248,34.83
37249,11.55
37250,17.73
37251,23.49
37252,45.468
37253,21.384
37254,24.0
37255,27.882
37256,29.98
37257,76.12
37258,23.472
37259,124.404
37260,45.72
37261,24.51
37262,18.612
37263,23.46
37264,128.43
37265,32.13
37266,36.096
37267,99.48
37268,10.368
37269,30.654
37270,25.08
37271,24.96
37272,53.08
37273,20.304
37274,24.96
37275,41.0
37276,73.8
37277,40.16
37278,24.48
37279,35.64
37280,21.564
37281,101.58
37282,33.96
37283,20.97
37284,32.328
37285,16.62
37286,29.4
37287,28.053
37288,33.39
37289,34.2
37290,24.984
37291,31.104
37292,23.992
37293,29.34
37294,20.784
37295,17.04
37296,27.84
37297,40.95
37298,51.78
37299,58.59
37300,86.256
37301,51.9
37302,27.33
37303,38.16
37304,90.76
37305,77.5
37306,32.42
37307,28.02
37308,14.92
37309,30.9
37310,52.0
37311,42.384
37312,10.92
37313,48.6
37314,20.385
37315,39.42
37316,21.78
37317,74.655
37318,64.638
37319,95.58
37320,126.0
37321,46.116
37322,21.816
37323,20.04
37324,42.95
37325,41.96
37326,12.672
37327,29.34
37328,20.928
37329,38.88
37330,104.784
37331,27.99
37332,26.58
37333,56.82
37334,29.28
37335,10.188
37336,49.47
37337,37.632
37338,29.4
37339,12.36
37340,69.3
37341,39.06
37342,19.2
37343,56.096
37344,35.56
37345,27.12
37346,31.02
37347,26.88
37348,33.75
37349,72.27
37350,125.4
37351,38.4
37352,156.654
37353,55.86
37354,51.1446
37355,23.64
37356,33.7398
37357,48.86
37358,15.88
37359,36.63
37360,11.76
37361,20.544
37362,18.33
37363,40.32
37364,27.09
37365,28.62
37366,41.28
37367,23.22
37368,33.42
37369,35.04
37370,31.32
37371,78.304
37372,31.02
37373,22.5
37374,11.2
37375,51.84
37376,27.96
37377,158.556
37378,30.24
37379,67.92
37380,11.43
37381,19.05
37382,40.95
37383,43.416
37384,21.84
37385,13.248
37386,34.248
37387,68.52
37388,30.84
37389,40.54
37390,21.588
37391,25.92
37392,39.96
37393,49.764
37394,46.356
37395,53.76
37396,29.1
37397,21.024
37398,38.64
37399,31.0
37400,51.2
37401,39.16
37402,21.96
37403,66.8
37404,28.14
37405,56.1
37406,19.72
37407,20.48
37408,14.04
37409,26.22
37410,381.96
37411,23.616
37412,52.47
37413,40.95
37414,18.954
37415,9.36
37416,34.65
37417,53.64
37418,60.42
37419,159.444
37420,77.6
37421,38.24
37422,29.79
37423,54.9
37424,59.97
37425,25.06
37426,10.656
37427,56.82
37428,55.2
37429,61.74
37430,66.24
37431,19.7
37432,38.1
37433,19.24
37434,23.22
37435,20.256
37436,29.7
37437,37.08
37438,28.107
37439,43.632
37440,20.46
37441,145.98
37442,40.014
37443,54.99
37444,37.7235
37445,31.92
37446,110.4855
37447,49.8
37448,21.3696
37449,11.36
37450,34.68
37451,81.568
37452,12.768
37453,24.448
37454,39.984
37455,31.02
37456,17.94
37457,195.68
37458,49.44
37459,12.9
37460,25.038
37461,26.43
37462,36.75
37463,23.208
37464,26.49
37465,27.96
37466,16.0
37467,193.1
37468,35.28
37469,62.16
37470,31.656
37471,30.816
37472,66.68
37473,14.895
37474,42.3
37475,178.146
37476,189.72
37477,25.8
37478,28.56
37479,46.872
37480,48.8565
37481,44.496
37482,29.7
37483,29.04
37484,21.84
37485,20.52
37486,53.526
37487,33.72
37488,40.995
37489,24.816
37490,16.14
37491,42.24
37492,9.636
37493,30.3
37494,21.852
37495,26.25
37496,27.06
37497,39.792
37498,46.59
37499,18.72
37500,55.136
37501,39.84
37502,26.88
37503,24.88
37504,56.94
37505,31.536
37506,65.84
37507,45.24
37508,70.35
37509,50.28
37510,55.17
37511,22.86
37512,22.5
37513,36.855
37514,17.235
37515,44.928
37516,54.351
37517,43.56
37518,27.3
37519,10.304
37520,9.46
37521,10.272
37522,36.6
37523,34.86
37524,46.8
37525,21.44
37526,31.168
37527,72.224
37528,26.982
37529,27.24
37530,51.84
37531,24.0
37532,43.02
37533,19.896
37534,40.92
37535,38.96
37536,17.556
37537,31.904
37538,14.32
37539,21.12
37540,29.22
37541,27.2
37542,77.56
37543,41.72
37544,65.24
37545,31.4
37546,40.92
37547,66.3
37548,18.6
37549,53.7
37550,60.54
37551,27.48
37552,59.616
37553,32.22
37554,17.982
37555,65.988
37556,27.36
37557,18.9585
37558,44.415
37559,39.528
37560,22.92
37561,45.99
37562,39.96
37563,63.96
37564,17.48
37565,46.36
37566,11.976
37567,19.44
37568,21.6
37569,53.4
37570,42.3
37571,53.88
37572,59.22
37573,104.772
37574,27.96
37575,24.63
37576,41.43
37577,46.44
37578,48.45
37579,24.78
37580,21.96
37581,43.8
37582,52.551
37583,52.86
37584,15.16
37585,46.0
37586,99.6
37587,12.36
37588,31.08
37589,66.88
37590,33.825
37591,32.94
37592,77.55
37593,50.25
37594,43.4265
37595,30.051
37596,33.57
37597,23.76
37598,63.686
37599,40.68
37600,49.408
37601,28.14
37602,15.224
37603,21.54
37604,24.552
37605,48.42
37606,49.812
37607,32.796
37608,43.8
37609,27.18
37610,26.1
37611,33.3
37612,37.9
37613,39.16
37614,31.08
37615,30.96
37616,46.62
37617,49.5
37618,26.748
37619,46.02
37620,58.08
37621,44.064
37622,18.063
37623,34.2126
37624,60.156
37625,24.156
37626,56.46
37627,47.0958
37628,22.368
37629,10.476
37630,54.92
37631,21.24
37632,46.53
37633,167.94
37634,17.904
37635,36.744
37636,35.97
37637,34.02
37638,103.56
37639,15.84
37640,23.01
37641,47.49
37642,50.01
37643,16.86
37644,29.01
37645,13.05
37646,14.1
37647,35.9
37648,36.336
37649,47.64
37650,17.68
37651,49.4
37652,28.26
37653,16.938
37654,29.82
37655,54.0
37656,43.68
37657,35.73
37658,85.365
37659,42.3
37660,40.32
37661,26.22
37662,92.16
37663,37.368
37664,58.563
37665,44.2815
37666,84.18
37667,45.96
37668,68.19
37669,24.6
37670,63.0
37671,12.384
37672,10.368
37673,59.97
37674,58.24
37675,19.44
37676,56.07
37677,32.776
37678,41.9
37679,62.31
37680,13.2
37681,51.78
37682,18.936
37683,19.71
37684,12.24
37685,34.104
37686,20.64
37687,41.4
37688,38.4
37689,70.74
37690,21.264
37691,163.656
37692,33.84
37693,24.88
37694,33.18
37695,43.42
37696,96.3
37697,38.1
37698,173.17296
37699,25.32
37700,58.74
37701,43.752
37702,71.536
37703,39.69
37704,44.064
37705,26.28
37706,53.7
37707,148.05
37708,47.88
37709,37.476
37710,17.775
37711,36.7263
37712,30.7824
37713,50.328
37714,50.94
37715,110.1
37716,33.3
37717,50.3712
37718,71.712
37719,38.016
37720,34.416
37721,18.288
37722,28.206
37723,31.2
37724,60.66
37725,40.2
37726,14.73
37727,28.9
37728,38.88
37729,22.368
37730,33.36
37731,20.49
37732,25.05
37733,29.22
37734,18.99
37735,22.14
37736,40.74
37737,88.2
37738,48.4
37739,43.38
37740,61.824
37741,44.0
37742,13.38
37743,77.52
37744,27.78
37745,26.88
37746,26.58
37747,132.804
37748,31.7
37749,126.45
37750,25.11
37751,42.3
37752,14.505
37753,43.2
37754,24.57
37755,21.96
37756,31.14
37757,53.595
37758,26.64
37759,38.0805
37760,70.7409
37761,45.36
37762,24.7086
37763,44.1228
37764,34.47
37765,42.21
37766,36.24
37767,66.69
37768,37.752
37769,14.832
37770,55.92
37771,31.984
37772,35.76
37773,15.232
37774,15.33
37775,15.138
37776,25.47
37777,16.8
37778,30.132
37779,24.381
37780,14.076
37781,59.88
37782,71.64
37783,40.2
37784,12.0
37785,48.6
37786,51.648
37787,35.9
37788,84.02
37789,19.152
37790,14.76
37791,15.68
37792,26.1
37793,71.1
37794,45.36
37795,27.96
37796,101.412
37797,24.0
37798,18.3645
37799,11.517
37800,46.8765
37801,38.6925
37802,40.74
37803,23.52
37804,58.752
37805,22.704
37806,20.736
37807,47.97
37808,52.59
37809,9.876
37810,48.06
37811,26.784
37812,62.58
37813,53.408
37814,27.18
37815,132.44
37816,56.5
37817,23.8
37818,36.8
37819,39.4
37820,64.38
37821,36.72
37822,40.008
37823,43.2
37824,37.71
37825,48.87
37826,29.382
37827,21.78
37828,41.04
37829,43.56
37830,26.235
37831,29.04
37832,51.624
37833,30.525
37834,33.804
37835,30.276
37836,14.624
37837,116.28
37838,21.5
37839,43.92
37840,35.168
37841,31.17
37842,49.23
37843,42.15
37844,41.52
37845,31.56
37846,74.448
37847,75.18
37848,11.844
37849,47.01
37850,56.7
37851,52.59
37852,19.056
37853,78.264
37854,18.28
37855,26.28
37856,30.816
37857,18.16
37858,82.24
37859,30.08
37860,87.08
37861,25.72
37862,11.52
37863,17.412
37864,24.72
37865,26.94
37866,25.4
37867,30.3
37868,40.88
37869,93.84
37870,28.98
37871,15.48
37872,18.93
37873,26.811
37874,36.3
37875,47.232
37876,31.266
37877,26.76
37878,23.64
37879,13.02
37880,44.79
37881,38.3625
37882,22.059
37883,92.61
37884,48.84
37885,63.36
37886,42.57
37887,56.52
37888,27.81
37889,11.97
37890,9.84
37891,47.992
37892,21.594
37893,73.98
37894,44.4
37895,91.96
37896,22.386
37897,26.22
37898,21.0
37899,56.76
37900,47.94
37901,43.56
37902,50.472
37903,80.496
37904,51.66
37905,40.152
37906,49.41
37907,85.608
37908,90.448
37909,38.16
37910,41.76
37911,46.32
37912,34.14
37913,37.86
37914,25.14
37915,47.64
37916,50.88
37917,67.5
37918,17.1
37919,44.46
37920,12.6
37921,31.125
37922,46.44
37923,27.0
37924,69.255
37925,59.97
37926,25.92
37927,21.816
37928,32.13
37929,20.49
37930,78.822
37931,30.12
37932,42.68
37933,54.28
37934,37.8
37935,12.44
37936,34.2
37937,43.56
37938,126.42
37939,38.64
37940,16.17
37941,35.76
37942,64.44
37943,65.37
37944,49.77
37945,39.69
37946,47.04
37947,65.394
37948,47.574
37949,43.29
37950,23.31
37951,46.4634
37952,73.02
37953,28.44
37954,41.6328
37955,42.57
37956,57.504
37957,11.52
37958,60.416
37959,14.19
37960,28.032
37961,77.424
37962,29.88
37963,19.35
37964,39.864
37965,32.1
37966,96.408
37967,22.05
37968,94.8
37969,11.628
37970,41.148
37971,12.4
37972,21.06
37973,14.8
37974,16.8
37975,24.93
37976,26.52
37977,30.24
37978,13.5786
37979,34.848
37980,46.7784
37981,66.825
37982,25.6626
37983,23.68
37984,29.04
37985,23.688
37986,124.46
37987,44.784
37988,95.84
37989,31.56
37990,31.08
37991,11.76
37992,61.4
37993,18.75
37994,25.92
37995,41.88
37996,8.127
37997,61.08
37998,52.8
37999,19.728
38000,30.69
38001,39.48
38002,15.16
38003,39.48
38004,29.316
38005,43.264
38006,27.76
38007,39.6
38008,49.872
38009,40.02
38010,83.34
38011,37.86
38012,37.08
38013,35.4
38014,35.22
38015,45.99
38016,59.1
38017,12.96
38018,36.4
38019,31.4
38020,55.36
38021,12.48
38022,16.4
38023,33.568
38024,37.536
38025,16.86
38026,14.64
38027,21.48
38028,15.57
38029,37.59
38030,26.43
38031,28.416
38032,30.72
38033,17.04
38034,16.407
38035,32.508
38036,32.26
38037,47.772
38038,155.008
38039,27.24
38040,24.528
38041,15.24
38042,35.94
38043,108.24
38044,22.0
38045,19.16
38046,42.45
38047,27.36
38048,106.65
38049,13.32
38050,45.0
38051,24.72
38052,56.52
38053,20.97
38054,29.22
38055,22.2282
38056,21.0516
38057,34.38
38058,22.68
38059,46.0
38060,82.368
38061,52.96
38062,26.032
38063,29.22
38064,19.456
38065,74.592
38066,26.72
38067,34.05
38068,51.156
38069,13.32
38070,29.16
38071,82.176
38072,17.4
38073,29.61
38074,50.46
38075,28.53
38076,47.58
38077,26.25
38078,11.358
38079,32.121
38080,18.75
38081,11.052
38082,21.024
38083,28.08
38084,54.12
38085,67.72
38086,33.18
38087,10.752
38088,62.68
38089,42.56
38090,36.75
38091,57.96
38092,25.47
38093,34.56
38094,60.39
38095,21.96
38096,33.78
38097,40.56
38098,38.7
38099,37.7994
38100,12.96
38101,20.016
38102,9.84
38103,13.65
38104,26.46
38105,30.96
38106,27.27
38107,16.056
38108,27.45
38109,29.052
38110,72.24
38111,41.58
38112,42.58
38113,28.17
38114,11.19
38115,31.23
38116,39.69
38117,49.38
38118,68.07
38119,80.55
38120,47.844
38121,75.39
38122,15.48
38123,28.098
38124,20.5746
38125,39.312
38126,33.516
38127,30.66
38128,24.448
38129,18.72
38130,12.24
38131,32.4
38132,29.6
38133,27.93
38134,59.472
38135,32.67
38136,35.76
38137,15.96
38138,22.64
38139,29.6
38140,36.72
38141,31.456
38142,49.104
38143,27.5
38144,48.0
38145,32.655
38146,51.45
38147,32.25
38148,44.76
38149,122.43
38150,34.38
38151,42.78
38152,18.12
38153,40.338
38154,54.432
38155,44.76
38156,15.363
38157,18.66
38158,34.38
38159,123.39
38160,14.56
38161,9.94
38162,44.784
38163,45.92
38164,19.936
38165,25.4
38166,40.736
38167,71.246
38168,44.736
38169,24.27
38170,29.01
38171,28.02
38172,19.464
38173,34.65
38174,15.327
38175,51.6
38176,23.52
38177,50.88
38178,14.19
38179,49.26
38180,17.82
38181,41.28
38182,44.76
38183,37.08
38184,33.96
38185,36.984
38186,16.128
38187,35.7
38188,30.6
38189,26.43
38190,52.65
38191,48.96
38192,35.64
38193,39.42
38194,33.5154
38195,347.49
38196,53.04
38197,62.4
38198,67.05
38199,60.0
38200,33.72
38201,24.72
38202,23.652
38203,22.2
38204,39.552
38205,40.712
38206,7.218
38207,27.39
38208,26.22
38209,35.85
38210,49.23
38211,34.8
38212,17.757
38213,31.62
38214,26.67
38215,20.01
38216,77.42
38217,22.24
38218,45.36
38219,27.3
38220,14.752
38221,13.056
38222,36.144
38223,26.19
38224,62.16
38225,12.66
38226,18.09
38227,44.22
38228,28.08
38229,26.88
38230,33.39
38231,41.16
38232,27.168
38233,35.91
38234,9.64
38235,33.8
38236,49.536
38237,41.988
38238,35.34
38239,37.3
38240,14.9
38241,11.744
38242,9.14
38243,25.542
38244,52.92
38245,18.954
38246,22.08
38247,10.08
38248,39.144
38249,38.52
38250,30.96
38251,18.36
38252,25.47
38253,14.28
38254,44.08
38255,63.696
38256,46.9
38257,34.38
38258,68.6
38259,21.684
38260,30.15
38261,379.38
38262,43.515
38263,62.4
38264,35.04
38265,28.02
38266,32.5791
38267,68.8311
38268,73.2
38269,51.354
38270,20.25
38271,27.819
38272,18.9
38273,32.4
38274,19.76
38275,26.336
38276,31.68
38277,30.828
38278,26.4
38279,93.0
38280,37.5
38281,31.68
38282,11.628
38283,19.17
38284,18.564
38285,10.41
38286,20.72
38287,35.56
38288,49.28
38289,44.736
38290,23.36
38291,22.98
38292,40.32
38293,15.876
38294,23.84
38295,41.54
38296,60.096
38297,44.28
38298,19.02
38299,26.82
38300,29.64
38301,33.75
38302,14.58
38303,85.59
38304,44.28
38305,27.1413
38306,43.08
38307,66.33
38308,25.8462
38309,34.98
38310,30.87
38311,12.096
38312,25.78
38313,37.24
38314,13.616
38315,96.256
38316,25.344
38317,17.14
38318,37.94
38319,25.248
38320,83.136
38321,11.07
38322,48.0
38323,25.05
38324,21.168
38325,38.466
38326,49.77
38327,11.46
38328,25.47
38329,58.11
38330,96.84
38331,27.63
38332,46.72
38333,97.8
38334,49.02
38335,33.024
38336,35.84
38337,48.72
38338,15.2
38339,37.008
38340,30.24
38341,25.2
38342,15.957
38343,37.74
38344,42.1032
38345,41.2923
38346,27.8631
38347,31.644
38348,104.679
38349,27.216
38350,15.552
38351,23.952
38352,62.958
38353,20.736
38354,28.44
38355,61.06
38356,38.016
38357,24.192
38358,19.56
38359,19.312
38360,47.64
38361,40.2
38362,14.52
38363,34.98
38364,46.32
38365,10.98
38366,11.196
38367,18.72
38368,19.404
38369,64.008
38370,27.504
38371,34.2
38372,16.56
38373,43.128
38374,8.84
38375,23.968
38376,57.3
38377,100.68
38378,103.26
38379,33.93
38380,257.85
38381,54.75
38382,45.54
38383,42.84
38384,157.464
38385,40.7358
38386,61.512
38387,20.79
38388,28.8
38389,25.308
38390,35.88
38391,27.096
38392,10.9
38393,40.776
38394,64.02
38395,20.088
38396,31.68
38397,40.26
38398,7.92
38399,14.64
38400,29.88
38401,17.64
38402,25.002
38403,36.456
38404,22.92
38405,62.4
38406,22.224
38407,57.36
38408,15.984
38409,41.64
38410,20.052
38411,39.44
38412,24.156
38413,33.42
38414,14.01
38415,42.615
38416,13.95
38417,62.964
38418,29.01
38419,62.64
38420,29.322
38421,26.1
38422,28.8
38423,31.59
38424,96.96
38425,30.48
38426,27.96
38427,36.936
38428,36.288
38429,8.904
38430,76.32
38431,67.95
38432,33.96
38433,31.968
38434,32.4
38435,22.608
38436,13.9
38437,61.584
38438,34.08
38439,24.99
38440,68.748
38441,24.96
38442,58.74
38443,18.93
38444,81.84
38445,51.372
38446,18.648
38447,16.65
38448,12.432
38449,24.54
38450,49.92
38451,38.4
38452,163.62
38453,43.536
38454,36.4
38455,35.532
38456,30.96
38457,80.52
38458,47.1
38459,18.45
38460,21.573
38461,94.68
38462,43.47
38463,48.672
38464,31.95
38465,37.011
38466,13.536
38467,136.99
38468,29.97
38469,20.65
38470,17.24
38471,33.088
38472,14.88
38473,42.76
38474,34.86
38475,64.384
38476,22.224
38477,19.704
38478,17.85
38479,19.776
38480,16.08
38481,24.51
38482,46.92
38483,65.28
38484,68.112
38485,17.592
38486,100.68
38487,44.58
38488,14.56
38489,26.8
38490,19.296
38491,30.528
38492,43.98
38493,28.64
38494,50.26
38495,33.72
38496,52.02
38497,27.27
38498,66.33
38499,38.718
38500,29.61
38501,41.55
38502,49.5
38503,28.182
38504,39.96
38505,23.34
38506,23.12
38507,20.736
38508,41.72
38509,12.032
38510,34.44
38511,25.02
38512,47.952
38513,18.312
38514,29.88
38515,32.19
38516,38.808
38517,29.55
38518,30.3
38519,32.796
38520,11.43
38521,26.52
38522,21.08
38523,31.32
38524,19.2
38525,37.92
38526,73.536
38527,94.42
38528,10.16
38529,71.64
38530,37.2
38531,23.6
38532,18.432
38533,41.2
38534,29.916
38535,44.64
38536,66.6
38537,14.88
38538,116.04
38539,52.62
38540,35.73
38541,39.12
38542,19.71
38543,40.86
38544,54.216
38545,57.7647
38546,15.8046
38547,15.228
38548,23.696
38549,10.44
38550,7.88
38551,38.52
38552,60.45
38553,33.0
38554,15.52
38555,22.14
38556,47.952
38557,35.88
38558,25.584
38559,18.264
38560,11.37
38561,65.7
38562,29.4
38563,28.02
38564,73.16
38565,33.6
38566,7.896
38567,18.24
38568,40.152
38569,14.8
38570,112.92
38571,31.92
38572,23.928
38573,35.64
38574,50.76
38575,26.28
38576,99.87984
38577,13.296
38578,14.86
38579,32.0
38580,17.82
38581,80.43
38582,40.14
38583,13.62
38584,29.52
38585,38.16
38586,15.12
38587,52.8825
38588,16.5
38589,20.7825
38590,38.3985
38591,78.084
38592,14.04
38593,43.95
38594,24.84
38595,16.6632
38596,31.32
38597,33.06
38598,27.36
38599,45.0
38600,20.724
38601,16.23
38602,16.68
38603,28.272
38604,21.93
38605,90.0
38606,16.28
38607,30.36
38608,29.24
38609,47.58
38610,30.21
38611,24.0
38612,123.3
38613,35.76
38614,19.488
38615,20.49
38616,19.44
38617,25.05
38618,48.09
38619,37.88
38620,40.8
38621,78.32
38622,35.712
38623,30.02
38624,38.992
38625,12.924
38626,36.936
38627,40.35
38628,18.09
38629,18.12
38630,27.33
38631,40.98
38632,45.99
38633,53.568
38634,21.1311
38635,21.9
38636,62.1
38637,15.066
38638,20.34
38639,49.0032
38640,40.2
38641,665.408
38642,31.152
38643,38.6
38644,17.248
38645,36.44
38646,27.696
38647,25.9
38648,10.272
38649,15.14
38650,49.12
38651,26.4
38652,26.352
38653,30.3
38654,15.723
38655,30.096
38656,30.69
38657,25.2
38658,37.008
38659,8.58
38660,59.892
38661,33.0
38662,62.5
38663,36.76
38664,43.728
38665,28.26
38666,115.065
38667,23.205
38668,29.01
38669,29.04
38670,44.64
38671,18.99
38672,14.4
38673,51.45
38674,109.92
38675,20.25
38676,23.6385
38677,45.99
38678,43.6995
38679,22.8
38680,25.8534
38681,40.08
38682,29.16
38683,23.696
38684,112.776
38685,32.48
38686,36.72
38687,11.07
38688,11.94
38689,49.05
38690,34.524
38691,17.58
38692,23.04
38693,75.96
38694,38.16
38695,43.524
38696,43.368
38697,33.18
38698,28.64
38699,43.56
38700,20.232
38701,107.016
38702,45.12
38703,40.932
38704,41.85
38705,45.885
38706,31.164
38707,30.15
38708,40.02
38709,18.99
38710,23.868
38711,57.69
38712,65.2905
38713,22.74
38714,52.5654
38715,44.7204
38716,28.0953
38717,31.164
38718,12.636
38719,47.984
38720,38.82
38721,82.896
38722,26.88
38723,9.656
38724,18.464
38725,63.488
38726,45.0
38727,55.776
38728,38.367
38729,8.37
38730,50.4
38731,44.34
38732,16.8
38733,21.84
38734,695.16
38735,24.45
38736,32.04
38737,28.98
38738,65.12
38739,24.48
38740,96.88
38741,79.08
38742,61.2
38743,45.09
38744,39.54
38745,52.2
38746,52.8
38747,11.61
38748,53.64
38749,32.28
38750,35.964
38751,15.15
38752,48.06
38753,47.25
38754,29.1924
38755,46.53
38756,24.96
38757,40.176
38758,27.414
38759,31.984
38760,36.288
38761,34.4
38762,39.92
38763,29.91
38764,43.92
38765,42.24
38766,31.44
38767,17.88
38768,57.72
38769,59.535
38770,54.21
38771,82.14
38772,44.16
38773,20.052
38774,13.32
38775,22.64
38776,22.16
38777,23.88
38778,33.3
38779,28.38
38780,35.664
38781,25.32
38782,25.545
38783,21.96
38784,27.81
38785,24.72
38786,48.06
38787,16.02
38788,23.82
38789,49.92
38790,26.46
38791,38.55
38792,61.2468
38793,33.96
38794,46.089
38795,13.0
38796,65.568
38797,5.84
38798,17.088
38799,12.39
38800,77.952
38801,44.784
38802,50.52
38803,25.296
38804,49.47
38805,27.09
38806,102.48
38807,30.78
38808,31.62
38809,24.828
38810,37.65
38811,48.0
38812,18.312
38813,30.3
38814,36.54
38815,46.344
38816,28.52
38817,36.54
38818,121.58
38819,44.13
38820,24.0
38821,24.15
38822,49.83
38823,49.221
38824,54.0
38825,26.5848
38826,37.668
38827,47.583
38828,55.7136
38829,69.255
38830,33.18
38831,17.34
38832,25.696
38833,22.848
38834,31.744
38835,37.68
38836,29.4
38837,25.8
38838,30.93
38839,22.89
38840,31.56
38841,56.34
38842,34.56
38843,26.112
38844,55.104
38845,63.48
38846,60.54
38847,24.45
38848,102.54
38849,28.56
38850,28.53
38851,23.676
38852,37.62
38853,58.23
38854,61.884
38855,48.168
38856,41.25
38857,23.652
38858,30.348
38859,56.6475
38860,25.92
38861,19.296
38862,9.87
38863,19.92
38864,18.16
38865,27.968
38866,26.01
38867,108.784
38868,24.0
38869,44.75
38870,39.624
38871,13.872
38872,32.4
38873,26.4
38874,46.524
38875,41.58
38876,24.0
38877,17.73
38878,57.42
38879,46.176
38880,29.07
38881,37.9
38882,45.408
38883,46.9
38884,29.1
38885,53.4
38886,20.0
38887,46.332
38888,1107.2
38889,51.8
38890,18.24
38891,24.24
38892,42.1
38893,13.752
38894,22.416
38895,38.16
38896,37.35
38897,34.11
38898,17.88
38899,26.67
38900,47.61
38901,24.057
38902,33.75
38903,59.7
38904,21.6
38905,126.0
38906,37.011
38907,37.62
38908,41.715
38909,30.24
38910,26.811
38911,25.14
38912,14.112
38913,34.02
38914,21.12
38915,47.12
38916,17.64
38917,33.648
38918,12.18
38919,14.208
38920,28.56
38921,11.52
38922,20.37
38923,17.1
38924,410.616
38925,39.492
38926,24.72
38927,501.248
38928,22.38
38929,30.9
38930,33.42
38931,44.784
38932,27.66
38933,36.036
38934,15.96
38935,65.16
38936,21.06
38937,73.5
38938,37.875
38939,30.375
38940,23.73
38941,15.51
38942,37.86
38943,40.248
38944,26.82
38945,29.052
38946,28.08
38947,26.82
38948,37.32
38949,52.56
38950,36.9234
38951,417.06
38952,102.36
38953,46.8
38954,41.4
38955,23.92
38956,37.32
38957,39.28
38958,11.328
38959,23.34
38960,40.752
38961,67.536
38962,35.4
38963,44.94
38964,53.1
38965,49.32
38966,17.85
38967,19.23
38968,30.36
38969,10.416
38970,17.622
38971,24.72
38972,24.45
38973,40.83
38974,34.08
38975,19.36
38976,32.832
38977,51.168
38978,30.92
38979,21.312
38980,17.46
38981,31.88
38982,11.92
38983,86.76
38984,28.38
38985,20.64
38986,18.66
38987,87.84
38988,18.93
38989,46.83
38990,32.04
38991,35.7
38992,21.285
38993,34.38
38994,38.28
38995,15.84
38996,27.945
38997,11.13
38998,44.064
38999,41.6421
39000,54.351
39001,25.32
39002,26.432
39003,60.288
39004,18.936
39005,35.168
39006,72.64
39007,14.352
39008,9.296
39009,14.19
39010,52.53
39011,29.91
39012,18.36
39013,19.314
39014,18.75
39015,120.0
39016,37.32
39017,31.68
39018,69.84
39019,14.48
39020,20.232
39021,9.32
39022,98.22
39023,16.32
39024,83.97
39025,33.912
39026,18.93
39027,29.91
39028,31.92
39029,13.56
39030,30.96
39031,20.925
39032,32.7186
39033,20.52
39034,10.29
39035,73.2
39036,27.1572
39037,42.57
39038,28.0794
39039,40.74
39040,14.352
39041,77.952
39042,45.36
39043,53.352
39044,54.21
39045,31.068
39046,46.5
39047,48.366
39048,81.69
39049,79.368
39050,56.28
39051,8.184
39052,56.64
39053,29.808
39054,39.0
39055,227.82
39056,14.8
39057,28.188
39058,46.08
39059,58.212
39060,36.096
39061,54.72
39062,30.384
39063,35.184
39064,44.6
39065,38.016
39066,23.82
39067,76.2
39068,20.574
39069,13.446
39070,26.2944
39071,23.1
39072,48.9
39073,64.11
39074,45.837
39075,42.7074
39076,31.59
39077,75.87
39078,14.472
39079,27.36
39080,41.96
39081,35.92
39082,17.9
39083,14.62
39084,19.35
39085,14.73
39086,24.0
39087,32.13
39088,33.12
39089,13.158
39090,41.73
39091,11.688
39092,9.76
39093,37.86
39094,16.72
39095,19.2
39096,59.58
39097,29.88
39098,27.27
39099,386.64
39100,34.29
39101,59.22
39102,29.25
39103,36.75
39104,19.98
39105,49.77
39106,30.06
39107,28.971
39108,73.26
39109,53.52
39110,17.64
39111,38.7693
39112,23.166
39113,29.268
39114,47.58
39115,13.23
39116,23.436
39117,18.9
39118,58.17
39119,20.16
39120,38.88
39121,16.056
39122,29.32
39123,26.2
39124,24.896
39125,20.736
39126,22.96
39127,33.72
39128,30.28
39129,53.316
39130,10.44
39131,25.92
39132,31.504
39133,31.744
39134,7.3
39135,39.96
39136,43.68
39137,33.6
39138,16.8
39139,53.16
39140,21.6
39141,40.476
39142,17.01
39143,38.664
39144,17.49
39145,33.0
39146,28.98
39147,20.49
39148,21.582
39149,32.48
39150,17.2
39151,26.52
39152,9.04
39153,56.0
39154,27.776
39155,26.4
39156,65.48
39157,29.7
39158,46.41
39159,29.07
39160,56.25
39161,45.846
39162,30.87
39163,47.64
39164,77.436
39165,36.0
39166,29.079
39167,52.32
39168,40.26
39169,26.1
39170,26.82
39171,29.7
39172,32.76
39173,29.808
39174,27.42
39175,30.56
39176,16.74
39177,16.38
39178,29.22
39179,49.76
39180,30.528
39181,15.75
39182,31.86
39183,27.3
39184,43.92
39185,44.451
39186,16.98
39187,38.529
39188,27.78
39189,17.88
39190,16.11
39191,21.864
39192,36.4
39193,82.86
39194,21.84
39195,28.08
39196,32.96
39197,28.44
39198,15.96
39199,61.32
39200,20.28
39201,116.76
39202,40.77
39203,36.72
39204,12.36
39205,21.06
39206,72.6
39207,21.78
39208,36.855
39209,31.644
39210,24.84
39211,26.38
39212,23.99
39213,17.94
39214,6.68
39215,17.088
39216,24.36
39217,28.98
39218,29.85
39219,17.01
39220,24.99
39221,10.656
39222,32.4
39223,22.98
39224,43.52
39225,31.98
39226,48.5
39227,22.92
39228,37.44
39229,31.59
39230,46.44
39231,26.82
39232,53.775
39233,23.85
39234,32.58
39235,40.6368
39236,27.0
39237,19.764
39238,44.793
39239,42.2802
39240,16.812
39241,31.104
39242,25.92
39243,38.976
39244,32.36
39245,11.808
39246,33.18
39247,26.4
39248,51.6
39249,22.74
39250,32.13
39251,28.8
39252,51.84
39253,51.63
39254,16.758
39255,23.52
39256,39.576
39257,33.9
39258,53.34
39259,17.072
39260,32.04
39261,16.016
39262,56.12
39263,11.82
39264,29.24
39265,13.392
39266,53.55
39267,30.168
39268,46.44
39269,66.42
39270,25.191
39271,60.96
39272,43.08
39273,36.828
39274,30.105
39275,42.36
39276,29.7
39277,29.664
39278,38.07
39279,19.74
39280,41.07
39281,36.96
39282,47.52
39283,32.616
39284,11.61
39285,34.4
39286,39.68
39287,23.68
39288,32.896
39289,19.98
39290,20.736
39291,21.36
39292,18.84
39293,89.95
39294,22.608
39295,32.064
39296,14.91
39297,9.876
39298,55.14
39299,48.66
39300,20.88
39301,26.22
39302,114.24
39303,15.84
39304,44.13
39305,35.34
39306,20.49
39307,21.816
39308,38.064
39309,21.6
39310,61.28
39311,37.86
39312,24.96
39313,24.0
39314,26.46
39315,43.48
39316,33.96
39317,44.037
39318,162.54
39319,13.65
39320,12.48
39321,26.58
39322,32.4
39323,33.75
39324,28.89
39325,26.712
39326,156.168
39327,20.16
39328,47.1
39329,16.164
39330,32.4
39331,19.44
39332,24.56
39333,10.688
39334,40.92
39335,27.92
39336,18.24
39337,16.776
39338,34.504
39339,42.96
39340,16.11
39341,31.95
39342,39.39
39343,25.35
39344,18.96
39345,23.97
39346,20.16
39347,54.21
39348,26.37
39349,59.19
39350,22.788
39351,20.184
39352,17.85
39353,21.48
39354,21.3
39355,31.62
39356,33.48
39357,35.104
39358,13.14
39359,28.86
39360,18.18
39361,30.3
39362,30.68
39363,13.44
39364,15.648
39365,31.92
39366,50.472
39367,11.472
39368,48.9
39369,67.84
39370,42.039
39371,37.35
39372,32.85
39373,27.09
39374,19.224
39375,31.0527
39376,14.5008
39377,46.08
39378,30.51
39379,13.095
39380,31.56
39381,18.176
39382,30.84
39383,13.44
39384,54.712
39385,49.568
39386,36.4
39387,53.97
39388,36.288
39389,35.544
39390,28.048
39391,22.424
39392,50.97
39393,34.98
39394,25.038
39395,6.33
39396,16.26
39397,13.29
39398,48.51
39399,12.048
39400,31.95
39401,49.836
39402,24.0
39403,13.62
39404,33.92
39405,29.916
39406,43.5
39407,28.48
39408,20.34
39409,19.68
39410,1809.78
39411,45.78
39412,12.51
39413,144.48
39414,39.795
39415,132.192
39416,34.74
39417,79.2
39418,23.49
39419,12.24
39420,14.355
39421,24.48
39422,27.216
39423,37.05
39424,43.26
39425,20.768
39426,14.004
39427,37.86
39428,23.16
39429,8.181
39430,57.384
39431,11.24
39432,36.3
39433,75.216
39434,16.98
39435,38.08
39436,36.576
39437,11.064
39438,15.24
39439,20.82
39440,36.96
39441,28.908
39442,35.1
39443,25.92
39444,93.0
39445,66.69
39446,88.47
39447,42.039
39448,24.21
39449,41.85
39450,94.77
39451,15.984
39452,36.96
39453,52.5
39454,22.2
39455,66.112
39456,30.768
39457,39.96
39458,29.9
39459,14.76
39460,31.92
39461,32.896
39462,15.66
39463,23.744
39464,51.84
39465,29.96
39466,31.5
39467,39.6
39468,21.384
39469,37.74
39470,35.28
39471,15.54
39472,38.04
39473,54.69
39474,23.532
39475,39.186
39476,32.04
39477,35.97
39478,91.0
39479,45.5
39480,22.24
39481,17.96
39482,39.48
39483,23.64
39484,25.2
39485,59.4
39486,53.838
39487,29.01
39488,26.94
39489,25.44
39490,11.91
39491,44.7426
39492,54.5748
39493,30.4776
39494,31.4025
39495,23.49
39496,23.94
39497,49.248
39498,14.62
39499,29.99
39500,37.94
39501,17.12
39502,15.936
39503,56.784
39504,77.472
39505,47.34
39506,47.97
39507,33.912
39508,29.61
39509,18.18
39510,42.78
39511,25.14
39512,19.14
39513,22.347
39514,11.4
39515,31.08
39516,29.04
39517,19.56
39518,27.24
39519,57.68
39520,66.732
39521,28.92
39522,8.96
39523,48.93
39524,50.67
39525,14.01
39526,21.54
39527,53.622
39528,39.87
39529,37.887
39530,26.649
39531,67.878
39532,36.0
39533,27.96
39534,15.136
39535,64.96
39536,23.12
39537,13.68
39538,39.0
39539,12.672
39540,37.056
39541,23.88
39542,20.7
39543,14.336
39544,18.76
39545,11.25
39546,48.96
39547,43.416
39548,12.69
39549,95.1
39550,43.56
39551,20.088
39552,16.98
39553,24.12
39554,48.69
39555,31.17
39556,31.62
39557,31.95
39558,25.38
39559,86.96
39560,28.256
39561,21.672
39562,16.34
39563,31.8
39564,5724.54
39565,43.146
39566,48.63
39567,39.54
39568,41.7
39569,52.5
39570,15.282
39571,29.088
39572,47.88
39573,22.575
39574,24.192
39575,173.6451
39576,39.285
39577,15.9
39578,48.276
39579,31.05
39580,42.21
39581,32.88
39582,50.46
39583,21.1788
39584,39.132
39585,22.14
39586,35.352
39587,47.992
39588,22.288
39589,46.23
39590,25.2
39591,36.552
39592,20.28
39593,14.1
39594,41.28
39595,16.65
39596,59.64
39597,19.2
39598,21.39
39599,48.42
39600,18.84
39601,15.0
39602,39.456
39603,32.64
39604,15.2
39605,29.04
39606,38.46
39607,25.08
39608,21.4
39609,11.52
39610,28.16
39611,34.14
39612,40.02
39613,40.248
39614,23.424
39615,25.344
39616,23.98
39617,87.84
39618,41.28
39619,30.24
39620,21.6
39621,17.46
39622,42.714
39623,16.3134
39624,97.74
39625,114.66
39626,26.7438
39627,27.258
39628,19.635
39629,8.5407
39630,15.12
39631,14.52
39632,21.93
39633,41.92
39634,12.32
39635,25.92
39636,17.44
39637,22.55
39638,45.98
39639,8.955
39640,59.82
39641,31.95
39642,9.33
39643,28.5
39644,33.9
39645,17.97
39646,18.54
39647,23.64
39648,12.9
39649,4.044
39650,17.472
39651,15.552
39652,87.22
39653,28.728
39654,37.62
39655,10.8
39656,65.448
39657,11.0
39658,58.68
39659,59.328
39660,42.024
39661,25.36
39662,27.36
39663,47.1
39664,25.596
39665,29.76
39666,27.36
39667,11.04
39668,30.888
39669,47.25
39670,51.96
39671,25.2
39672,41.04
39673,43.38
39674,11.992
39675,20.32
39676,17.76
39677,17.1
39678,25.29
39679,23.73
39680,38.112
39681,30.564
39682,44.43
39683,45.72
39684,38.76
39685,24.0
39686,5.796
39687,92.4
39688,24.936
39689,14.958
39690,40.98
39691,78.996
39692,29.72
39693,30.64
39694,45.52
39695,18.16
39696,12.24
39697,34.722
39698,26.88
39699,43.41
39700,31.08
39701,60.57
39702,29.88
39703,125.25
39704,115.2
39705,35.478
39706,35.0343
39707,30.942
39708,21.7035
39709,21.573
39710,13.47
39711,59.94
39712,54.918
39713,25.14
39714,45.42
39715,45.657
39716,32.4
39717,25.4718
39718,26.22
39719,13.36
39720,14.368
39721,32.544
39722,25.92
39723,4.419
39724,27.496
39725,18.24
39726,21.34
39727,18.75
39728,19.44
39729,21.312
39730,28.38
39731,33.66
39732,37.056
39733,14.34
39734,27.3
39735,27.36
39736,22.224
39737,17.7
39738,30.222
39739,38.46
39740,16.08
39741,43.56
39742,46.2
39743,39.15
39744,48.096
39745,39.15
39746,64.26
39747,19.062
39748,15.903
39749,35.4888
39750,48.09
39751,28.2864
39752,20.2248
39753,41.25
39754,18.768
39755,31.086
39756,29.328
39757,79.872
39758,15.56
39759,30.88
39760,24.7
39761,58.73
39762,11.808
39763,22.288
39764,16.656
39765,10.95
39766,27.93
39767,63.36
39768,16.26
39769,50.022
39770,29.58
39771,62.61
39772,15.33
39773,19.593
39774,27.27
39775,27.6
39776,26.7
39777,89.064
39778,57.39
39779,20.96
39780,24.6
39781,20.16
39782,20.72
39783,10.56
39784,35.32
39785,24.32
39786,31.59
39787,43.659
39788,18.99
39789,17.73
39790,48.06
39791,39.57
39792,17.04
39793,25.065
39794,34.8
39795,22.62
39796,46.08
39797,45.4425
39798,21.6081
39799,29.07
39800,25.6221
39801,39.6
39802,27.44
39803,24.18
39804,20.784
39805,25.344
39806,10.74
39807,13.23
39808,8.4
39809,14.448
39810,20.16
39811,26.04
39812,26.568
39813,22.29
39814,19.152
39815,72.48
39816,21.34
39817,19.008
39818,28.96
39819,39.072
39820,22.48
39821,28.0
39822,49.296
39823,28.566
39824,24.72
39825,51.03
39826,26.7
39827,22.923
39828,31.23
39829,44.94
39830,28.998
39831,25.815
39832,39.06
39833,13.14
39834,26.865
39835,20.34
39836,33.24
39837,35.748
39838,297.9036
39839,16.56
39840,36.126
39841,36.882
39842,12.96
39843,20.82
39844,14.94
39845,33.4
39846,11.52
39847,12.912
39848,55.48
39849,20.96
39850,20.992
39851,9.552
39852,17.38
39853,25.35
39854,31.95
39855,14.4
39856,14.7
39857,18.72
39858,12.36
39859,23.64
39860,17.61
39861,14.376
39862,44.64
39863,35.648
39864,54.432
39865,7.416
39866,18.06
39867,30.016
39868,36.08
39869,32.508
39870,24.6
39871,22.26
39872,27.66
39873,20.1
39874,53.06
39875,30.32
39876,31.14
39877,22.704
39878,16.83
39879,38.43
39880,117.6
39881,31.92
39882,26.1
39883,45.0
39884,85.59
39885,33.96
39886,35.7189
39887,30.3
39888,12.462
39889,6.88
39890,15.0
39891,25.488
39892,33.376
39893,14.952
39894,87.92
39895,18.9
39896,30.344
39897,31.68
39898,19.68
39899,30.84
39900,41.85
39901,28.23
39902,52.62
39903,17.34
39904,25.35
39905,28.56
39906,15.138
39907,25.83
39908,41.4
39909,27.06
39910,26.136
39911,61.02
39912,47.12
39913,25.32
39914,91.128
39915,101.376
39916,25.376
39917,37.28
39918,23.616
39919,25.408
39920,18.64
39921,32.112
39922,50.24
39923,33.0
39924,8.856
39925,45.48
39926,16.5
39927,24.48
39928,29.97
39929,59.1
39930,22.473
39931,19.845
39932,33.372
39933,15.585
39934,13.272
39935,37.6
39936,16.68
39937,29.05
39938,49.25
39939,13.392
39940,31.104
39941,15.552
39942,19.152
39943,38.112
39944,16.86
39945,14.01
39946,49.332
39947,60.6
39948,25.14
39949,45.408
39950,165.864
39951,13.29
39952,25.776
39953,25.62
39954,65.92
39955,17.84
39956,28.48
39957,37.04
39958,17.832
39959,25.392
39960,13.656
39961,41.34
39962,77.22
39963,14.67
39964,42.84
39965,26.04
39966,26.85
39967,25.11
39968,7.62
39969,23.22
39970,61.236
39971,29.9556
39972,25.08
39973,16.038
39974,29.565
39975,22.98
39976,29.9238
39977,16.596
39978,32.4
39979,33.4
39980,43.0
39981,35.168
39982,16.74
39983,191.058
39984,23.472
39985,15.28
39986,16.52
39987,20.04
39988,19.92
39989,21.501
39990,29.052
39991,26.88
39992,33.36
39993,20.832
39994,17.88
39995,29.55
39996,31.968
39997,158.184
39998,41.58
39999,30.3
40000,23.46
40001,27.0
40002,38.68
40003,35.52
40004,15.872
40005,33.72
40006,36.28
40007,52.74
40008,49.8
40009,26.604
40010,27.72
40011,26.604
40012,38.736
40013,16.72
40014,22.62
40015,12.24
40016,18.54
40017,122.85
40018,41.85
40019,18.66
40020,19.14
40021,33.45
40022,24.0
40023,36.66
40024,30.6711
40025,27.36
40026,18.8244
40027,116.5152
40028,42.207
40029,44.874
40030,23.1
40031,29.592
40032,27.968
40033,31.5
40034,44.95
40035,27.216
40036,26.4
40037,10.368
40038,27.27
40039,45.03
40040,7.2
40041,10.74
40042,42.489
40043,11.76
40044,49.02
40045,9.204
40046,55.92
40047,14.274
40048,13.83
40049,48.42
40050,56.46
40051,64.28
40052,37.62
40053,30.24
40054,15.824
40055,22.512
40056,28.64
40057,92.4
40058,70.08
40059,24.768
40060,21.52
40061,25.92
40062,9.72
40063,29.01
40064,29.79
40065,44.46
40066,18.27
40067,67.5
40068,30.03
40069,45.056
40070,55.36
40071,20.32
40072,24.75
40073,24.588
40074,8.82
40075,34.6
40076,30.384
40077,28.91
40078,9.392
40079,12.224
40080,51.15
40081,15.12
40082,16.368
40083,37.017
40084,19.584
40085,49.92
40086,26.7
40087,34.08
40088,12.492
40089,31.428
40090,11.52
40091,26.86
40092,21.888
40093,41.36
40094,16.08
40095,26.22
40096,35.36
40097,49.38
40098,138.672
40099,46.17
40100,15.24
40101,22.14
40102,79.29
40103,42.57
40104,39.15
40105,23.598
40106,88.65
40107,45.45
40108,43.2
40109,31.14
40110,32.25
40111,23.922
40112,58.0668
40113,46.5552
40114,30.213
40115,23.832
40116,37.91
40117,32.07
40118,17.94
40119,56.45
40120,53.982
40121,54.384
40122,13.98
40123,23.84
40124,26.16
40125,32.4
40126,27.09
40127,29.55
40128,13.5
40129,25.812
40130,22.032
40131,11.55
40132,13.02
40133,18.18
40134,48.0
40135,19.584
40136,27.87
40137,30.14
40138,9.06
40139,8.84
40140,42.72
40141,18.6
40142,35.5
40143,20.16
40144,26.36
40145,32.88
40146,26.88
40147,15.0
40148,34.29
40149,32.25
40150,20.88
40151,50.64
40152,19.56
40153,75.78
40154,131.64
40155,26.676
40156,7.02
40157,23.406
40158,39.48
40159,13.36
40160,24.96
40161,61.44
40162,15.008
40163,21.3
40164,15.18
40165,9.27
40166,18.81
40167,28.98
40168,48.51
40169,13.65
40170,48.45
40171,48.0
40172,22.86
40173,32.52
40174,89.264
40175,30.784
40176,26.4
40177,28.26
40178,23.787
40179,33.9
40180,26.19
40181,97.32
40182,21.78
40183,28.1868
40184,51.264
40185,47.844
40186,26.3304
40187,21.54
40188,19.968
40189,24.32
40190,19.0
40191,41.958
40192,28.4
40193,25.16
40194,26.48
40195,34.58
40196,25.128
40197,21.54
40198,31.17
40199,39.12
40200,15.237
40201,46.32
40202,27.09
40203,11.604
40204,18.432
40205,29.16
40206,24.51
40207,13.5
40208,31.35
40209,26.04
40210,31.428
40211,68.58
40212,29.7
40213,29.04
40214,25.8
40215,59.31
40216,17.82
40217,28.08
40218,14.64
40219,11.313
40220,39.735
40221,21.48
40222,37.8
40223,26.64
40224,547.11
40225,21.942
40226,27.0
40227,55.1286
40228,23.817
40229,35.802
40230,10.08
40231,34.02
40232,15.606
40233,82.2
40234,31.23
40235,16.98
40236,44.02
40237,41.95
40238,31.12
40239,13.38
40240,30.12
40241,19.23
40242,27.9
40243,14.43
40244,23.25
40245,16.08
40246,28.56
40247,12.408
40248,15.33
40249,15.228
40250,32.0
40251,33.6
40252,13.72
40253,23.98
40254,15.48
40255,23.1
40256,30.96
40257,25.83
40258,93.42
40259,41.475
40260,39.1572
40261,35.9658
40262,10.3455
40263,32.7684
40264,23.7
40265,46.17
40266,23.3016
40267,27.864
40268,37.59
40269,18.28
40270,23.68
40271,31.104
40272,36.4
40273,25.984
40274,25.83
40275,76.752
40276,21.92
40277,24.448
40278,11.96
40279,23.92
40280,13.248
40281,16.5
40282,30.48
40283,26.94
40284,27.96
40285,34.956
40286,34.98
40287,49.23
40288,23.16
40289,12.24
40290,18.93
40291,23.7
40292,40.29
40293,34.416
40294,48.5
40295,25.536
40296,32.44
40297,40.592
40298,39.864
40299,128.76
40300,32.64
40301,16.76
40302,29.52
40303,17.28
40304,406.5309
40305,26.169
40306,31.62
40307,26.298
40308,31.14
40309,34.6896
40310,28.74
40311,26.37
40312,35.55
40313,81.7575
40314,59.52
40315,27.15
40316,9.324
40317,7.056
40318,12.585
40319,25.23
40320,69.264
40321,16.11
40322,18.936
40323,52.89
40324,7.14
40325,30.66
40326,116.04
40327,23.85
40328,50.76
40329,27.96
40330,21.42
40331,15.0
40332,20.02
40333,22.68
40334,34.56
40335,38.7
40336,38.22
40337,12.096
40338,19.056
40339,93.18
40340,26.28
40341,71.361
40342,30.9
40343,52.56
40344,57.12
40345,17.01
40346,37.962
40347,147.51
40348,64.7649
40349,90.96
40350,25.002
40351,74.772
40352,44.55
40353,22.659
40354,33.696
40355,17.568
40356,49.98
40357,27.93
40358,37.464
40359,16.03
40360,9.82
40361,12.6
40362,26.176
40363,58.48
40364,33.36
40365,20.856
40366,13.97
40367,41.96
40368,28.08
40369,26.4
40370,22.644
40371,19.77
40372,23.4
40373,47.4
40374,16.05
40375,52.104
40376,12.42
40377,24.09
40378,32.04
40379,22.74
40380,13.65
40381,33.96
40382,16.05
40383,33.9
40384,9.888
40385,41.07
40386,20.13
40387,12.04
40388,34.704
40389,18.72
40390,57.72
40391,15.84
40392,15.072
40393,21.48
40394,35.44
40395,39.48
40396,37.68
40397,33.96
40398,47.52
40399,24.192
40400,41.796
40401,26.82
40402,17.1
40403,56.52
40404,114.39
40405,18.162
40406,19.98
40407,32.64
40408,53.493
40409,22.5
40410,61.704
40411,25.2
40412,33.9
40413,26.22
40414,18.56
40415,18.24
40416,52.064
40417,15.54
40418,35.984
40419,47.992
40420,12.96
40421,48.0
40422,33.93
40423,26.4
40424,29.04
40425,38.52
40426,49.5
40427,41.664
40428,50.82
40429,26.88
40430,20.88
40431,20.44
40432,11.12
40433,22.96
40434,95.76
40435,26.955
40436,38.4
40437,26.01
40438,30.3
40439,32.13
40440,11.34
40441,23.04
40442,27.24
40443,24.96
40444,54.27
40445,19.41
40446,54.0
40447,23.787
40448,43.83
40449,16.68
40450,22.86
40451,16.86
40452,17.88
40453,10.335
40454,30.24
40455,26.892
40456,6.9642
40457,37.208
40458,31.984
40459,10.99
40460,19.92
40461,145.764
40462,23.076
40463,11.76
40464,17.712
40465,15.92
40466,32.4
40467,50.32
40468,57.816
40469,29.49
40470,36.384
40471,19.296
40472,8.37
40473,45.048
40474,10.467
40475,21.68
40476,27.2
40477,28.62
40478,25.6
40479,50.22
40480,31.72
40481,9.84
40482,40.176
40483,19.02
40484,23.928
40485,28.2
40486,13.66
40487,42.6
40488,39.36
40489,22.86
40490,32.304
40491,96.12
40492,32.31
40493,37.026
40494,14.97
40495,31.5
40496,35.91
40497,14.04
40498,29.04
40499,28.08
40500,15.6
40501,27.18
40502,28.02
40503,23.6592
40504,70.38
40505,714.8004
40506,64.2
40507,27.18
40508,35.532
40509,14.016
40510,7.28
40511,16.032
40512,21.36
40513,74.76
40514,20.07
40515,28.14
40516,19.648
40517,30.8
40518,16.9
40519,23.36
40520,12.18
40521,45.36
40522,10.368
40523,11.12
40524,21.98
40525,40.26
40526,48.21
40527,7.605
40528,8.127
40529,32.736
40530,17.61
40531,9.216
40532,11.82
40533,27.0
40534,16.48
40535,18.44
40536,21.9
40537,24.024
40538,27.936
40539,8.328
40540,106.32
40541,53.9
40542,7.572
40543,50.34
40544,13.293
40545,36.72
40546,18.66
40547,43.551
40548,46.26
40549,29.8059
40550,52.2315
40551,30.402
40552,25.11
40553,14.418
40554,47.925
40555,13.104
40556,33.36
40557,26.37
40558,32.04
40559,32.7
40560,40.48
40561,43.176
40562,14.352
40563,40.784
40564,13.392
40565,18.24
40566,30.4
40567,10.68
40568,6.732
40569,19.35
40570,30.96
40571,22.632
40572,13.56
40573,26.82
40574,13.5
40575,43.752
40576,140.94
40577,23.79
40578,21.72
40579,28.86
40580,49.83
40581,61.62
40582,31.5
40583,14.82
40584,22.76
40585,17.76
40586,44.94
40587,19.2
40588,43.86
40589,40.632
40590,31.52
40591,15.76
40592,37.08
40593,25.38
40594,26.64
40595,17.1
40596,17.1
40597,23.2566
40598,23.832
40599,28.08
40600,61.02
40601,31.7046
40602,17.244
40603,26.76
40604,12.96
40605,30.016
40606,19.83
40607,35.48
40608,13.56
40609,19.44
40610,30.44
40611,25.05
40612,28.512
40613,14.283
40614,12.582
40615,18.87
40616,23.97
40617,20.07
40618,20.112
40619,45.4
40620,47.52
40621,22.056
40622,14.04
40623,32.52
40624,41.2
40625,39.48
40626,47.52
40627,14.91
40628,35.85
40629,33.24
40630,26.5848
40631,51.84
40632,13.428
40633,33.96
40634,31.1355
40635,35.9976
40636,80.676
40637,51.624
40638,12.672
40639,13.48
40640,19.92
40641,26.0
40642,9.36
40643,22.848
40644,33.4
40645,18.264
40646,36.738
40647,27.36
40648,56.7
40649,31.968
40650,30.45
40651,115.44
40652,11.172
40653,23.34
40654,51.6
40655,8.46
40656,14.832
40657,14.994
40658,52.8
40659,11.184
40660,51.6
40661,33.648
40662,32.82
40663,32.04
40664,20.58
40665,23.2
40666,62.028
40667,31.68
40668,12.92
40669,16.8
40670,37.0
40671,43.164
40672,34.4
40673,35.9
40674,53.64
40675,27.81
40676,13.8
40677,27.48
40678,43.2
40679,51.678
40680,53.64
40681,56.364
40682,230.364
40683,9.75
40684,33.3
40685,32.157
40686,27.7614
40687,32.754
40688,47.5251
40689,44.55
40690,35.442
40691,31.185
40692,47.28
40693,17.928
40694,30.564
40695,17.88
40696,18.28
40697,35.82
40698,17.96
40699,9.42
40700,36.99
40701,24.1
40702,37.59
40703,47.904
40704,13.56
40705,28.8
40706,18.75
40707,154.656
40708,13.584
40709,23.7
40710,113.04
40711,16.8
40712,27.0
40713,17.88
40714,17.88
40715,40.032
40716,30.024
40717,20.4
40718,15.0
40719,35.16
40720,39.144
40721,40.64
40722,22.6
40723,191.85552
40724,54.576
40725,168.512
40726,30.88
40727,34.02
40728,69.18
40729,9.216
40730,23.664
40731,50.412
40732,14.04
40733,16.74
40734,29.64
40735,11.1
40736,17.01
40737,13.98
40738,39.96
40739,22.38
40740,34.074
40741,43.146
40742,39.5412
40743,44.649
40744,53.568
40745,23.52
40746,14.75
40747,11.352
40748,15.872
40749,11.56
40750,14.98
40751,14.28
40752,66.112
40753,6.0
40754,23.99
40755,49.2
40756,20.49
40757,20.16
40758,57.168
40759,15.15
40760,12.108
40761,14.52
40762,23.82
40763,26.148
40764,29.04
40765,15.156
40766,44.112
40767,14.88
40768,56.12
40769,50.4
40770,32.2
40771,30.192
40772,32.52
40773,15.912
40774,22.016
40775,21.84
40776,18.54
40777,37.68
40778,40.5
40779,20.58
40780,45.0
40781,28.8585
40782,31.3866
40783,25.92
40784,39.495
40785,29.67
40786,38.28
40787,28.35
40788,17.456
40789,54.816
40790,35.28
40791,34.7
40792,19.04
40793,23.968
40794,24.032
40795,23.52
40796,54.9
40797,33.0
40798,8.973
40799,124.26
40800,28.98
40801,13.86
40802,30.9
40803,8.46
40804,29.64
40805,7.227
40806,53.7
40807,24.768
40808,35.3
40809,39.456
40810,21.06
40811,16.776
40812,48.32
40813,27.96
40814,22.2
40815,19.02
40816,33.648
40817,15.0
40818,23.84
40819,12.78
40820,17.52
40821,35.91
40822,30.51
40823,17.7921
40824,24.93
40825,84.7092
40826,41.148
40827,306.072
40828,45.15
40829,19.23
40830,20.72
40831,34.272
40832,15.712
40833,24.9
40834,19.44
40835,8.704
40836,20.94
40837,25.71
40838,22.68
40839,33.18
40840,41.364
40841,13.26
40842,16.11
40843,15.36
40844,40.98
40845,23.01
40846,17.88
40847,34.2
40848,54.96
40849,23.712
40850,14.868
40851,97.2
40852,24.93
40853,13.68
40854,22.74
40855,32.28
40856,15.912
40857,71.1
40858,19.152
40859,18.66
40860,18.84
40861,24.0
40862,21.96
40863,21.3
40864,10.05
40865,83.16
40866,50.04
40867,22.14
40868,13.32
40869,102.9
40870,23.544
40871,31.08
40872,51.52
40873,55.168
40874,25.92
40875,11.68
40876,14.7
40877,17.28
40878,18.84
40879,29.28
40880,17.52
40881,21.96
40882,29.67
40883,68.22
40884,34.92
40885,11.88
40886,36.72
40887,10.05
40888,56.46
40889,25.14
40890,10.32
40891,34.92
40892,17.361
40893,18.66
40894,11.08
40895,71.94
40896,25.8
40897,32.64
40898,93.84
40899,40.56
40900,74.48
40901,45.28
40902,31.2
40903,26.76
40904,38.08
40905,18.08
40906,26.76
40907,29.244
40908,34.02
40909,31.68
40910,49.95
40911,36.072
40912,29.25
40913,10.8
40914,15.228
40915,33.3
40916,18.444
40917,25.38
40918,39.852
40919,17.04
40920,17.0595
40921,21.744
40922,19.9
40923,13.28
40924,25.92
40925,43.6
40926,26.49
40927,24.588
40928,33.4
40929,40.74
40930,16.56
40931,23.64
40932,14.88
40933,14.52
40934,24.09
40935,18.72
40936,25.23
40937,18.564
40938,23.208
40939,22.2
40940,6.03
40941,20.49
40942,77.04
40943,44.58
40944,11.76
40945,6.75
40946,35.0
40947,26.88
40948,21.744
40949,172.212
40950,19.4
40951,54.28
40952,16.5
40953,37.32
40954,39.48
40955,19.08
40956,18.99
40957,35.55
40958,40.677
40959,42.21
40960,32.25
40961,26.19
40962,156.915
40963,23.571
40964,19.35
40965,12.96
40966,12.852
40967,12.096
40968,19.99
40969,38.272
40970,47.952
40971,27.12
40972,14.016
40973,40.68
40974,17.0
40975,32.67
40976,24.3
40977,19.44
40978,31.05
40979,25.44
40980,17.9
40981,40.2
40982,13.716
40983,193.8
40984,22.128
40985,19.776
40986,29.34
40987,15.66
40988,27.09
40989,17.82
40990,48.72
40991,10.53
40992,28.416
40993,9.27
40994,47.49
40995,20.58
40996,34.08
40997,25.24
40998,36.48
40999,17.96
41000,13.056
41001,29.76
41002,29.68
41003,19.08
41004,17.984
41005,29.808
41006,37.86
41007,28.56
41008,15.975
41009,24.48
41010,15.66
41011,51.5796
41012,16.4565
41013,26.37
41014,21.84
41015,25.6221
41016,6.48
41017,15.741
41018,31.0368
41019,43.0254
41020,26.7438
41021,12.96
41022,46.74
41023,21.072
41024,24.816
41025,33.93
41026,36.56
41027,17.96
41028,19.89
41029,29.79
41030,12.501
41031,13.56
41032,18.81
41033,9.216
41034,30.3
41035,25.98
41036,25.6
41037,34.176
41038,39.36
41039,129.276
41040,53.5
41041,23.52
41042,37.86
41043,30.072
41044,22.64
41045,29.88
41046,18.52
41047,24.9
41048,23.34
41049,71.2
41050,76.52
41051,14.32
41052,36.72
41053,23.4
41054,38.4
41055,16.155
41056,20.16
41057,80.85
41058,103.572
41059,40.38
41060,31.5
41061,28.809
41062,80.676
41063,22.761
41064,44.97
41065,52.47
41066,40.68
41067,14.04
41068,39.0
41069,45.45
41070,24.2316
41071,33.231
41072,31.984
41073,26.8
41074,11.34
41075,45.894
41076,27.888
41077,31.104
41078,11.808
41079,41.552
41080,35.4
41081,23.04
41082,15.072
41083,25.3
41084,32.54
41085,24.56
41086,6.816
41087,29.76
41088,50.7
41089,46.23
41090,34.317
41091,25.86
41092,14.103
41093,14.37
41094,23.148
41095,50.37
41096,30.816
41097,30.51
41098,17.52
41099,29.7
41100,17.484
41101,20.952
41102,21.5
41103,33.36
41104,19.58
41105,21.84
41106,46.0
41107,31.36
41108,13.44
41109,47.82
41110,16.71
41111,42.048
41112,9.78
41113,28.836
41114,38.7
41115,7.875
41116,18.54
41117,27.6
41118,24.66
41119,41.0697
41120,15.0096
41121,18.0456
41122,106.344
41123,18.45
41124,4.36
41125,18.06
41126,21.4
41127,33.282
41128,6.912
41129,27.72
41130,9.248
41131,33.876
41132,32.67
41133,32.22
41134,17.52
41135,20.52
41136,231.48
41137,38.448
41138,25.32
41139,14.7
41140,14.52
41141,28.32
41142,57.87
41143,58.4
41144,29.2
41145,40.14
41146,26.88
41147,30.72
41148,22.86
41149,28.96
41150,27.36
41151,30.464
41152,79.92
41153,26.04
41154,39.15
41155,25.89
41156,16.62
41157,27.99
41158,75.24
41159,31.95
41160,27.648
41161,30.3
41162,44.28
41163,16.62
41164,38.28
41165,32.6688
41166,26.3781
41167,33.4656
41168,28.053
41169,12.852
41170,10.287
41171,17.721
41172,20.412
41173,40.5
41174,29.799
41175,27.36
41176,16.5
41177,16.812
41178,35.44
41179,8.84
41180,29.472
41181,64.784
41182,36.288
41183,37.0
41184,95.84
41185,69.576
41186,49.12
41187,41.376
41188,5.7
41189,28.752
41190,44.688
41191,26.22
41192,16.98
41193,17.16
41194,134.61
41195,8.91
41196,16.86
41197,21.984
41198,17.01
41199,7.26
41200,19.29
41201,47.97
41202,23.64
41203,12.9
41204,14.04
41205,50.816
41206,45.2
41207,22.68
41208,38.88
41209,26.1
41210,48.63
41211,1639.089
41212,508.38
41213,43.65
41214,35.586
41215,47.34
41216,45.45
41217,18.522
41218,26.5815
41219,51.7704
41220,51.6
41221,27.96
41222,10.56
41223,36.882
41224,52.29
41225,9.568
41226,18.84
41227,1652.94
41228,11.56
41229,11.52
41230,10.08
41231,27.78
41232,10.95
41233,36.24
41234,29.7
41235,19.54
41236,11.808
41237,27.86
41238,37.74
41239,21.816
41240,15.0
41241,14.796
41242,31.932
41243,13.83
41244,29.37
41245,40.05
41246,15.12
41247,27.0
41248,64.44
41249,11.07
41250,35.12
41251,49.52
41252,33.48
41253,34.56
41254,18.72
41255,15.136
41256,19.38
41257,38.58
41258,37.584
41259,26.76
41260,24.72
41261,25.23
41262,17.1
41263,43.98
41264,21.09
41265,38.28
41266,35.73
41267,36.0
41268,133.2
41269,23.5305
41270,26.4258
41271,6.48
41272,28.479
41273,20.13
41274,21.0
41275,38.1717
41276,17.88
41277,27.99
41278,76.2
41279,25.176
41280,24.784
41281,16.52
41282,44.4
41283,45.36
41284,14.352
41285,12.224
41286,22.776
41287,18.94
41288,37.896
41289,11.952
41290,32.4
41291,16.119
41292,11.31
41293,50.76
41294,19.224
41295,49.62
41296,28.44
41297,14.55
41298,38.31
41299,27.24
41300,11.94
41301,15.06
41302,13.02
41303,17.04
41304,16.08
41305,21.3
41306,23.91
41307,20.712
41308,38.3
41309,21.008
41310,46.96
41311,25.776
41312,21.54
41313,16.864
41314,27.32
41315,26.88
41316,41.58
41317,37.0
41318,29.55
41319,90.12
41320,45.96
41321,28.56
41322,33.3
41323,22.38
41324,56.52
41325,30.54
41326,21.615
41327,27.36
41328,20.952
41329,14.427
41330,55.424
41331,7.518
41332,16.156
41333,11.088
41334,27.264
41335,36.784
41336,21.36
41337,79.98
41338,26.7
41339,17.04
41340,31.504
41341,27.69
41342,12.96
41343,11.37
41344,14.13
41345,33.18
41346,31.08
41347,29.01
41348,14.013
41349,21.978
41350,32.22
41351,53.76
41352,27.16
41353,17.8
41354,14.48
41355,33.3
41356,56.7
41357,27.504
41358,27.52
41359,17.028
41360,38.24
41361,8.7
41362,32.19
41363,53.4
41364,14.49
41365,57.6
41366,33.18
41367,18.912
41368,21.141
41369,13.674
41370,13.872
41371,36.375
41372,18.711
41373,24.7995
41374,31.212
41375,39.567
41376,25.776
41377,29.22
41378,11.648
41379,35.56
41380,29.0
41381,41.6
41382,14.088
41383,15.51
41384,14.94
41385,25.176
41386,45.48
41387,11.424
41388,13.848
41389,54.9
41390,23.76
41391,12.9
41392,45.09
41393,28.41
41394,12.78
41395,24.354
41396,30.276
41397,38.736
41398,8.46
41399,22.128
41400,30.276
41401,26.43
41402,31.2
41403,19.2
41404,47.1
41405,27.072
41406,20.28
41407,11.292
41408,31.88
41409,21.924
41410,18.08
41411,17.4
41412,23.52
41413,15.192
41414,17.2
41415,40.32
41416,18.765
41417,31.92
41418,30.132
41419,33.93
41420,24.0
41421,36.63
41422,16.8
41423,15.471
41424,46.59
41425,11.1552
41426,39.447
41427,37.011
41428,24.651
41429,28.431
41430,21.36
41431,33.48
41432,23.166
41433,15.24
41434,19.8
41435,11.52
41436,15.588
41437,17.12
41438,11.54
41439,15.92
41440,14.352
41441,26.976
41442,10.528
41443,30.69
41444,17.472
41445,12.624
41446,44.672
41447,34.24
41448,12.96
41449,12.3
41450,29.372
41451,27.144
41452,19.896
41453,26.46
41454,28.23
41455,13.32
41456,17.58
41457,15.84
41458,25.47
41459,92.64
41460,72.9
41461,26.448
41462,58.536
41463,13.32
41464,43.7
41465,77.5
41466,17.84
41467,22.4
41468,28.692
41469,26.32
41470,21.72
41471,29.28
41472,16.875
41473,24.72
41474,20.07
41475,28.89
41476,21.54
41477,48.39
41478,117.4716
41479,11.988
41480,13.32
41481,58.02
41482,11.46
41483,9.9057
41484,12.21
41485,28.476
41486,41.256
41487,9.184
41488,16.72
41489,16.56
41490,26.4
41491,11.52
41492,35.168
41493,22.29
41494,13.29
41495,51.84
41496,14.43
41497,14.832
41498,17.49
41499,10.548
41500,66.84
41501,62.244
41502,9.28
41503,31.92
41504,20.784
41505,39.16
41506,26.04
41507,22.82
41508,22.26
41509,28.53
41510,34.24
41511,16.368
41512,159.03
41513,42.84
41514,59.31
41515,21.0
41516,21.84
41517,44.82
41518,34.11
41519,136.59
41520,18.81
41521,47.52
41522,43.578
41523,31.92
41524,32.792
41525,14.85
41526,14.62
41527,15.712
41528,13.36
41529,56.52
41530,16.768
41531,24.88
41532,35.168
41533,21.36
41534,11.52
41535,19.98
41536,18.088
41537,50.34
41538,24.6
41539,10.08
41540,13.725
41541,13.95
41542,13.626
41543,11.07
41544,9.51
41545,34.92
41546,24.768
41547,37.62
41548,18.684
41549,15.24
41550,40.32
41551,39.1
41552,9.888
41553,35.46
41554,40.38
41555,16.02
41556,11.4
41557,23.976
41558,67.86
41559,13.32
41560,29.4
41561,14.1192
41562,59.94
41563,49.926
41564,30.1941
41565,28.32
41566,33.0
41567,32.4
41568,13.944
41569,28.91
41570,27.18
41571,45.4
41572,16.4
41573,19.608
41574,569.64
41575,17.9
41576,18.62
41577,14.432
41578,23.28
41579,15.252
41580,15.18
41581,30.69
41582,23.82
41583,16.53
41584,29.37
41585,29.01
41586,95.22
41587,12.285
41588,34.44
41589,7.416
41590,39.6
41591,17.136
41592,29.91
41593,24.72
41594,44.58
41595,47.22
41596,21.54
41597,65.1
41598,12.012
41599,15.08
41600,33.64
41601,19.23
41602,27.54
41603,44.4
41604,13.83
41605,14.04
41606,27.93
41607,17.967
41608,29.4
41609,20.34
41610,27.2685
41611,20.8662
41612,20.574
41613,32.1
41614,32.16
41615,17.028
41616,21.88
41617,13.96
41618,7.9
41619,17.94
41620,38.28
41621,16.272
41622,29.97
41623,25.92
41624,34.48
41625,17.22
41626,31.68
41627,30.56
41628,54.24
41629,51.36
41630,24.78
41631,10.248
41632,29.76
41633,30.69
41634,19.8
41635,20.49
41636,14.85
41637,48.9
41638,55.86
41639,40.2
41640,17.388
41641,52.92
41642,25.28
41643,62.496
41644,57.6
41645,25.191
41646,17.28
41647,22.92
41648,27.96
41649,43.173
41650,31.95
41651,44.76
41652,14.7
41653,28.95
41654,28.728
41655,23.706
41656,24.33
41657,21.681
41658,28.836
41659,9.84
41660,18.392
41661,18.97
41662,15.4
41663,22.58
41664,27.6
41665,17.584
41666,19.99
41667,27.42
41668,11.212
41669,27.36
41670,27.46
41671,69.18
41672,13.392
41673,48.42
41674,24.0
41675,29.952
41676,23.46
41677,16.68
41678,39.42
41679,25.8
41680,22.47
41681,14.04
41682,47.19
41683,22.428
41684,27.9
41685,14.43
41686,12.36
41687,29.92
41688,26.4
41689,33.516
41690,27.72
41691,28.86
41692,23.4
41693,56.16
41694,48.612
41695,10.584
41696,37.8
41697,40.032
41698,15.816
41699,12.21
41700,32.52
41701,46.44
41702,43.659
41703,30.288
41704,25.62
41705,46.62
41706,20.43
41707,45.684
41708,38.7
41709,13.38
41710,35.865
41711,25.08
41712,25.344
41713,24.96
41714,38.52
41715,17.31
41716,18.528
41717,31.16
41718,32.56
41719,18.96
41720,19.77
41721,19.38
41722,32.19
41723,21.864
41724,9.51
41725,29.91
41726,19.23
41727,143.34
41728,16.938
41729,19.464
41730,29.61
41731,24.48
41732,25.536
41733,12.68
41734,19.284
41735,10.336
41736,52.44
41737,18.48
41738,36.0
41739,38.16
41740,226.2
41741,21.6
41742,10.74
41743,37.746
41744,21.6
41745,28.1868
41746,175.176
41747,20.352
41748,33.42
41749,71.976
41750,17.48
41751,97.84
41752,28.16
41753,20.736
41754,24.4
41755,29.8
41756,20.136
41757,19.44
41758,26.16
41759,16.52
41760,27.45
41761,15.48
41762,37.92
41763,11.064
41764,27.87
41765,50.88
41766,29.1
41767,30.48
41768,10.95
41769,24.96
41770,124.41
41771,16.95
41772,15.232
41773,11.296
41774,41.6
41775,8.74
41776,39.32
41777,20.784
41778,11.92
41779,23.48
41780,18.624
41781,23.2
41782,14.84
41783,44.64
41784,22.62
41785,185.76
41786,22.128
41787,15.6
41788,23.28
41789,22.2
41790,30.051
41791,17.1
41792,25.92
41793,21.06
41794,29.91
41795,36.63
41796,42.03
41797,17.76
41798,10.41
41799,23.112
41800,51.246
41801,28.44
41802,30.024
41803,14.433
41804,39.8475
41805,39.88
41806,11.76
41807,33.92
41808,30.345
41809,27.52
41810,23.988
41811,24.32
41812,18.496
41813,18.54
41814,16.05
41815,12.9
41816,9.6
41817,15.57
41818,28.23
41819,21.84
41820,14.652
41821,14.94
41822,37.32
41823,35.8
41824,33.44
41825,20.58
41826,21.132
41827,20.088
41828,23.4
41829,31.64
41830,58.3
41831,30.3
41832,16.48
41833,5.124
41834,14.0
41835,37.86
41836,23.55
41837,23.385
41838,27.45
41839,16.08
41840,13.2
41841,33.21
41842,25.8
41843,41.49
41844,22.68
41845,21.942
41846,31.968
41847,22.72
41848,19.98
41849,10.65
41850,19.536
41851,6.48
41852,23.34
41853,33.568
41854,14.48
41855,24.9
41856,17.22
41857,39.72
41858,12.96
41859,25.92
41860,11.648
41861,26.88
41862,43.95
41863,14.88
41864,26.43
41865,30.024
41866,25.23
41867,12.36
41868,16.11
41869,16.992
41870,27.45
41871,32.88
41872,32.04
41873,19.272
41874,21.22
41875,27.696
41876,35.16
41877,37.08
41878,30.564
41879,16.62
41880,15.336
41881,36.78
41882,22.3245
41883,17.61
41884,25.8216
41885,22.0116
41886,42.525
41887,14.61
41888,65.628
41889,17.982
41890,51.45
41891,22.96
41892,12.864
41893,20.9
41894,13.05
41895,14.32
41896,12.96
41897,7.88
41898,14.94
41899,19.2
41900,13.11
41901,33.24
41902,13.26
41903,24.42
41904,13.86
41905,20.184
41906,18.98
41907,10.056
41908,82.272
41909,13.185
41910,29.04
41911,22.734
41912,41.4
41913,48.51
41914,14.64
41915,25.4916
41916,11.253
41917,63.9
41918,31.08
41919,56.1588
41920,21.54
41921,33.96
41922,59.808
41923,21.936
41924,36.288
41925,23.904
41926,20.704
41927,18.496
41928,22.83
41929,50.37
41930,10.548
41931,25.35
41932,27.387
41933,27.63
41934,10.89
41935,12.0
41936,26.64
41937,10.224
41938,31.716
41939,41.58
41940,66.92
41941,39.48
41942,15.912
41943,25.8
41944,20.9
41945,39.68
41946,20.432
41947,19.08
41948,26.58
41949,28.16
41950,36.0
41951,28.512
41952,17.712
41953,36.66
41954,22.53
41955,17.88
41956,48.66
41957,46.71
41958,17.58
41959,59.82
41960,40.14
41961,55.14
41962,36.0612
41963,55.5
41964,17.92
41965,9.26
41966,24.448
41967,17.34
41968,15.696
41969,29.52
41970,5.98
41971,16.448
41972,14.256
41973,15.936
41974,47.04
41975,26.4
41976,29.4
41977,24.588
41978,12.36
41979,12.36
41980,56.82
41981,16.332
41982,24.0
41983,12.78
41984,38.664
41985,51.78
41986,22.41
41987,39.984
41988,32.84
41989,4.56
41990,29.28
41991,32.448
41992,29.664
41993,17.58
41994,28.5
41995,77.1
41996,31.72
41997,15.408
41998,34.38
41999,32.58
42000,15.96
42001,20.52
42002,18.87
42003,29.22
42004,22.86
42005,16.68
42006,15.54
42007,35.97
42008,35.616
42009,24.354
42010,25.002
42011,20.58
42012,22.5
42013,25.6467
42014,20.16
42015,15.3882
42016,23.976
42017,26.676
42018,23.076
42019,58.98
42020,20.94
42021,30.48
42022,25.44
42023,27.384
42024,17.544
42025,12.828
42026,32.67
42027,17.94
42028,13.12
42029,35.96
42030,19.44
42031,26.22
42032,10.74
42033,130.44
42034,17.01
42035,18.336
42036,29.61
42037,10.44
42038,20.52
42039,9.984
42040,20.44
42041,18.22
42042,26.82
42043,15.06
42044,25.44
42045,18.06
42046,21.18
42047,14.31
42048,26.82
42049,40.74
42050,37.08
42051,63.18
42052,13.5
42053,11.82
42054,14.97
42055,55.242
42056,29.7
42057,23.5125
42058,48.48
42059,25.218
42060,88.56
42061,14.28
42062,19.8114
42063,21.99
42064,15.992
42065,8.64
42066,53.94
42067,35.016
42068,18.936
42069,10.608
42070,8.26
42071,14.94
42072,20.736
42073,30.56
42074,23.616
42075,10.92
42076,25.98
42077,12.6
42078,25.9
42079,17.9
42080,14.576
42081,41.04
42082,22.41
42083,6.444
42084,49.71
42085,36.51
42086,17.67
42087,19.8
42088,40.32
42089,19.176
42090,31.428
42091,29.79
42092,24.534
42093,19.78
42094,32.72
42095,33.336
42096,19.7
42097,26.88
42098,27.216
42099,32.68
42100,27.9
42101,10.32
42102,35.64
42103,33.0
42104,15.255
42105,37.08
42106,59.94
42107,27.96
42108,13.32
42109,10.74
42110,32.193
42111,12.852
42112,35.97
42113,35.559
42114,33.6
42115,30.51
42116,10.965
42117,146.9052
42118,43.5501
42119,16.794
42120,21.98
42121,8.64
42122,17.712
42123,33.87
42124,27.018
42125,12.96
42126,10.75
42127,48.664
42128,182.67
42129,16.99
42130,10.896
42131,20.736
42132,18.656
42133,19.44
42134,31.12
42135,15.15
42136,13.56
42137,7.26
42138,19.44
42139,11.16
42140,29.592
42141,14.856
42142,7.956
42143,12.9
42144,16.5
42145,26.43
42146,23.76
42147,26.496
42148,20.94
42149,15.192
42150,32.58
42151,25.5
42152,33.42
42153,21.864
42154,42.0
42155,127.52
42156,29.664
42157,9.74
42158,27.12
42159,29.32
42160,13.76
42161,55.272
42162,19.6
42163,32.96
42164,23.76
42165,28.998
42166,60.24
42167,19.26
42168,11.214
42169,52.2
42170,17.037
42171,14.4
42172,43.5024
42173,24.696
42174,24.381
42175,89.397
42176,11.3844
42177,12.18
42178,25.08
42179,14.724
42180,19.05
42181,12.39
42182,27.36
42183,9.912
42184,34.92
42185,16.256
42186,47.55
42187,14.88
42188,25.05
42189,18.984
42190,16.632
42191,542.34
42192,20.16
42193,7.83
42194,24.165
42195,29.01
42196,47.82
42197,40.872
42198,4.572
42199,23.724
42200,30.4
42201,24.64
42202,32.292
42203,18.92
42204,26.34
42205,11.7
42206,43.0
42207,13.184
42208,32.4
42209,25.8
42210,34.125
42211,61.32
42212,23.274
42213,19.8
42214,29.01
42215,26.64
42216,21.1401
42217,385.86
42218,25.704
42219,34.02
42220,51.711
42221,11.8524
42222,17.1
42223,6.318
42224,18.648
42225,28.9
42226,10.86
42227,15.24
42228,19.68
42229,20.32
42230,9.45
42231,19.44
42232,14.9
42233,51.984
42234,52.86
42235,19.89
42236,57.48
42237,19.74
42238,10.596
42239,45.72
42240,17.64
42241,24.975
42242,31.2
42243,29.04
42244,11.952
42245,30.68
42246,19.548
42247,55.8
42248,17.52
42249,17.64
42250,28.48
42251,9.0
42252,17.136
42253,12.096
42254,36.24
42255,33.12
42256,40.32
42257,28.56
42258,20.7
42259,26.67
42260,61.56
42261,14.685
42262,11.637
42263,26.433
42264,36.72
42265,33.39
42266,24.462
42267,11.6388
42268,15.822
42269,12.312
42270,22.14
42271,31.14
42272,26.064
42273,15.552
42274,17.46
42275,14.03
42276,16.28
42277,11.54
42278,12.224
42279,32.4
42280,25.06
42281,9.84
42282,19.4
42283,21.96
42284,36.784
42285,17.856
42286,15.84
42287,34.68
42288,21.3
42289,18.99
42290,19.2
42291,9.306
42292,57.06
42293,17.49
42294,14.22
42295,37.44
42296,7.62
42297,37.38
42298,61.86
42299,19.184
42300,15.24
42301,26.0
42302,30.48
42303,17.76
42304,27.82
42305,11.68
42306,22.26
42307,13.88
42308,24.552
42309,11.712
42310,10.08
42311,25.83
42312,26.64
42313,22.08
42314,45.96
42315,79.44
42316,28.86
42317,23.52
42318,14.55
42319,27.36
42320,11.7
42321,24.246
42322,9.936
42323,20.7168
42324,22.56
42325,12.72
42326,26.88
42327,89.6148
42328,24.12
42329,98.8185
42330,25.92
42331,21.4014
42332,27.24
42333,22.716
42334,37.476
42335,29.22
42336,27.24
42337,19.44
42338,5.28
42339,17.94
42340,53.7
42341,17.472
42342,19.168
42343,15.232
42344,32.4
42345,5.344
42346,45.568
42347,52.44
42348,18.84
42349,29.4
42350,19.566
42351,10.92
42352,22.41
42353,6.804
42354,15.9
42355,65.31
42356,22.14
42357,8.82
42358,23.832
42359,16.98
42360,26.28
42361,22.68
42362,6.966
42363,9.12
42364,30.9
42365,64.26
42366,24.08
42367,29.88
42368,31.68
42369,38.2
42370,22.2
42371,21.96
42372,18.0
42373,69.2
42374,37.056
42375,25.14
42376,19.35
42377,41.49
42378,76.224
42379,26.88
42380,29.808
42381,15.96
42382,36.0
42383,59.58
42384,33.21
42385,24.552
42386,18.28
42387,15.28
42388,24.56
42389,19.44
42390,62.94
42391,27.696
42392,5.344
42393,7.8
42394,32.232
42395,40.74
42396,32.4
42397,19.593
42398,25.254
42399,12.21
42400,17.4
42401,18.93
42402,15.12
42403,30.48
42404,49.71
42405,84.42
42406,23.148
42407,47.01
42408,42.06
42409,14.576
42410,45.528
42411,16.308
42412,33.64
42413,15.7
42414,45.912
42415,21.54
42416,66.528
42417,30.6
42418,29.4
42419,55.14
42420,19.8
42421,24.48
42422,73.26
42423,11.55
42424,28.875
42425,16.632
42426,27.27
42427,28.755
42428,25.2
42429,56.7
42430,13.32
42431,23.91
42432,99.66
42433,15.712
42434,23.168
42435,17.48
42436,31.155
42437,14.352
42438,47.616
42439,21.568
42440,35.98
42441,14.94
42442,76.64
42443,23.08
42444,18.69
42445,22.98
42446,7.04
42447,11.43
42448,97.74
42449,29.04
42450,19.608
42451,33.516
42452,20.448
42453,95.552
42454,15.912
42455,41.28
42456,27.18
42457,67.36
42458,22.23
42459,25.26
42460,15.75
42461,28.38
42462,28.4928
42463,27.0
42464,27.3735
42465,14.904
42466,112.671
42467,22.05
42468,11.9886
42469,48.78
42470,19.224
42471,6.72
42472,29.46
42473,35.0
42474,25.99
42475,12.96
42476,15.36
42477,25.56
42478,25.16
42479,19.648
42480,29.9
42481,657.504
42482,36.63
42483,19.52
42484,23.88
42485,29.925
42486,22.05
42487,23.2
42488,11.673
42489,45.21
42490,40.98
42491,93.24
42492,20.316
42493,18.54
42494,24.525
42495,17.7
42496,23.52
42497,8.937
42498,14.76
42499,19.5
42500,25.101
42501,16.836
42502,28.352
42503,21.528
42504,15.06
42505,35.52
42506,50.76
42507,12.636
42508,14.624
42509,20.54
42510,11.172
42511,26.37
42512,32.1
42513,14.28
42514,39.6
42515,14.787
42516,19.1754
42517,38.3985
42518,44.1228
42519,13.716
42520,32.88
42521,14.76
42522,22.86
42523,27.72
42524,21.99
42525,15.552
42526,15.48
42527,12.984
42528,15.552
42529,19.99
42530,19.04
42531,19.432
42532,24.9
42533,35.88
42534,11.56
42535,14.52
42536,22.728
42537,10.26
42538,44.43
42539,19.128
42540,21.555
42541,28.02
42542,53.802
42543,23.25
42544,25.344
42545,14.4
42546,98.46
42547,19.128
42548,15.96
42549,15.543
42550,43.884
42551,74.4
42552,42.12
42553,28.08
42554,15.66
42555,16.92
42556,22.056
42557,89.76
42558,21.54
42559,35.76
42560,16.512
42561,18.76
42562,21.48
42563,13.05
42564,32.025
42565,990.45
42566,46.32
42567,24.246
42568,42.6
42569,69.93
42570,30.96
42571,39.152
42572,21.4
42573,26.352
42574,17.904
42575,23.968
42576,12.96
42577,23.92
42578,20.97
42579,39.816
42580,19.536
42581,27.27
42582,8.64
42583,27.84
42584,14.7
42585,24.0
42586,44.752
42587,13.18
42588,11.32
42589,22.04
42590,46.4
42591,23.94
42592,46.02
42593,33.42
42594,20.24
42595,18.66
42596,16.71
42597,40.74
42598,53.64
42599,27.243
42600,30.024
42601,54.36
42602,37.38
42603,42.903
42604,27.813
42605,45.684
42606,31.482
42607,21.744
42608,32.76
42609,21.38
42610,20.928
42611,7.992
42612,8.82
42613,38.976
42614,61.06
42615,21.488
42616,23.472
42617,16.24
42618,11.88
42619,32.28
42620,57.39
42621,6.048
42622,47.49
42623,22.8
42624,17.49
42625,43.368
42626,46.41
42627,20.1
42628,18.639
42629,21.5
42630,18.0
42631,22.788
42632,35.22
42633,17.48
42634,16.128
42635,19.8
42636,20.376
42637,21.48
42638,22.716
42639,33.3
42640,113.04
42641,18.0
42642,91.98
42643,20.19
42644,21.15
42645,28.56
42646,77.67
42647,33.21
42648,22.86
42649,33.9
42650,13.38
42651,17.3886
42652,25.8
42653,15.42
42654,43.04
42655,35.0
42656,15.648
42657,15.552
42658,124.792
42659,16.91
42660,22.0
42661,23.88
42662,19.44
42663,9.588
42664,36.0
42665,5.472
42666,25.92
42667,40.24
42668,9.82
42669,21.696
42670,17.19
42671,14.28
42672,218.544
42673,15.48
42674,19.56
42675,8.703
42676,19.35
42677,13.5
42678,79.38
42679,65.31
42680,13.65
42681,11.34
42682,30.24
42683,17.4
42684,25.2
42685,19.548
42686,17.76
42687,22.704
42688,14.88
42689,12.3
42690,15.2
42691,12.32
42692,52.704
42693,50.4
42694,28.584
42695,18.52
42696,9.74
42697,27.36
42698,39.78
42699,16.86
42700,82.944
42701,33.6
42702,90.36
42703,51.051
42704,8.5407
42705,51.12
42706,25.26
42707,18.09
42708,21.6
42709,23.01
42710,69.712
42711,22.2
42712,10.86
42713,17.456
42714,43.92
42715,14.976
42716,20.096
42717,12.06
42718,22.75
42719,10.8
42720,21.36
42721,60.75
42722,10.74
42723,169.68
42724,12.624
42725,22.152
42726,41.52
42727,31.92
42728,25.05
42729,25.38
42730,20.1
42731,21.879
42732,29.49
42733,45.24
42734,38.664
42735,15.624
42736,24.0
42737,33.552
42738,12.78
42739,52.56
42740,20.78
42741,60.42
42742,47.94
42743,32.25
42744,41.49
42745,13.32
42746,41.04
42747,6.66
42748,48.66
42749,20.952
42750,26.04
42751,22.74
42752,31.425
42753,11.259
42754,21.06
42755,21.456
42756,28.4607
42757,13.44
42758,30.213
42759,31.518
42760,18.432
42761,38.04
42762,33.11
42763,722.352
42764,60.72
42765,20.544
42766,33.48
42767,12.42
42768,15.96
42769,20.608
42770,38.256
42771,119.1
42772,21.21
42773,38.88
42774,18.496
42775,18.336
42776,9.84
42777,43.02
42778,19.512
42779,14.94
42780,25.23
42781,45.18
42782,12.54
42783,16.98
42784,9.75
42785,16.32
42786,19.04
42787,32.664
42788,18.54
42789,72.32
42790,39.024
42791,21.96
42792,22.704
42793,22.23
42794,10.65
42795,15.405
42796,21.78
42797,30.06
42798,30.96
42799,42.0
42800,27.864
42801,25.92
42802,11.607
42803,22.68
42804,24.381
42805,18.144
42806,17.4582
42807,18.3168
42808,29.304
42809,45.576
42810,11.21
42811,8.448
42812,17.94
42813,15.552
42814,43.92
42815,22.92
42816,25.92
42817,15.552
42818,16.34
42819,5.872
42820,20.64
42821,50.136
42822,13.16
42823,26.94
42824,9.69
42825,21.864
42826,57.42
42827,21.456
42828,50.454
42829,18.39
42830,21.72
42831,10.32
42832,27.33
42833,19.452
42834,27.3
42835,26.43
42836,16.98
42837,24.09
42838,18.9
42839,38.76
42840,20.82
42841,18.0
42842,16.884
42843,9.32
42844,66.88
42845,20.34
42846,34.02
42847,45.666
42848,28.14
42849,29.7
42850,14.55
42851,24.69
42852,25.014
42853,27.825
42854,10.68
42855,22.3104
42856,17.6967
42857,21.573
42858,92.4
42859,39.8295
42860,30.6
42861,21.942
42862,44.865
42863,35.49
42864,28.84
42865,12.96
42866,80.88
42867,23.832
42868,10.56
42869,10.368
42870,18.264
42871,29.6
42872,19.584
42873,17.208
42874,16.02
42875,6.828
42876,15.75
42877,17.1
42878,14.391
42879,7.353
42880,19.008
42881,35.2
42882,31.76
42883,77.24
42884,11.44
42885,62.72
42886,39.6
42887,11.712
42888,15.324
42889,13.32
42890,42.15
42891,19.665
42892,42.66
42893,34.47
42894,20.58
42895,24.54
42896,17.46
42897,12.6882
42898,222.993
42899,39.0
42900,9.9
42901,9.96
42902,18.45
42903,8.56
42904,27.18
42905,14.224
42906,23.04
42907,11.736
42908,14.7
42909,26.88
42910,37.52
42911,36.24
42912,26.4
42913,24.381
42914,16.836
42915,25.74
42916,13.86
42917,25.173
42918,33.48
42919,16.32
42920,21.6
42921,11.184
42922,46.08
42923,15.948
42924,9.6
42925,29.376
42926,28.35
42927,22.05
42928,12.9
42929,15.57
42930,38.76
42931,22.14
42932,29.55
42933,15.048
42934,26.4
42935,38.1717
42936,27.27
42937,22.788
42938,11.8524
42939,10.56
42940,24.0
42941,23.56
42942,27.056
42943,7.104
42944,17.568
42945,14.98
42946,15.47
42947,12.96
42948,15.984
42949,23.68
42950,7.184
42951,11.68
42952,24.472
42953,15.92
42954,33.18
42955,14.19
42956,31.44
42957,23.16
42958,11.46
42959,16.68
42960,35.184
42961,26.52
42962,25.74
42963,8.55
42964,33.48
42965,16.032
42966,16.29
42967,23.46
42968,11.91
42969,39.906
42970,39.552
42971,57.096
42972,35.136
42973,38.808
42974,21.216
42975,19.32
42976,22.04
42977,33.6
42978,10.992
42979,17.52
42980,38.784
42981,17.48
42982,23.148
42983,13.656
42984,30.288
42985,27.76
42986,15.6
42987,32.22
42988,24.48
42989,285.66
42990,21.06
42991,26.1
42992,18.66
42993,52.1655
42994,14.5644
42995,20.16
42996,29.1555
42997,57.456
42998,13.86
42999,17.7126
43000,9.82
43001,7.04
43002,16.99
43003,10.56
43004,25.2
43005,25.488
43006,23.65
43007,39.88
43008,25.86
43009,20.916
43010,10.92
43011,30.744
43012,19.584
43013,16.8
43014,31.824
43015,35.37
43016,25.05
43017,14.94
43018,30.48
43019,18.66
43020,21.366
43021,32.22
43022,12.663
43023,12.44
43024,18.96
43025,26.1
43026,22.8
43027,38.74
43028,22.92
43029,18.84
43030,16.14
43031,26.88
43032,30.3
43033,13.11
43034,41.4
43035,56.46
43036,22.74
43037,31.23
43038,23.976
43039,21.735
43040,244.65
43041,25.542
43042,24.7008
43043,21.84
43044,31.995
43045,40.446
43046,65.7438
43047,30.132
43048,12.992
43049,6.3
43050,38.864
43051,16.74
43052,22.77
43053,15.528
43054,16.0
43055,26.72
43056,6.72
43057,18.69
43058,43.95
43059,14.61
43060,23.532
43061,18.36
43062,30.21
43063,26.43
43064,8.76
43065,55.74
43066,14.55
43067,13.896
43068,19.056
43069,29.1
43070,23.592
43071,27.72
43072,36.28
43073,27.66
43074,19.84
43075,18.784
43076,7.98
43077,35.712
43078,9.2
43079,25.14
43080,17.2
43081,27.36
43082,33.21
43083,16.74
43084,22.68
43085,14.64
43086,16.32
43087,11.13
43088,28.08
43089,66.852
43090,27.135
43091,56.52
43092,13.5468
43093,18.522
43094,26.946
43095,107.984
43096,47.984
43097,25.824
43098,16.752
43099,23.24
43100,32.544
43101,52.76
43102,30.08
43103,26.96
43104,14.61
43105,20.13
43106,33.03
43107,23.52
43108,167.76
43109,51.1
43110,20.18
43111,10.944
43112,21.312
43113,31.35
43114,11.4
43115,30.96
43116,39.0
43117,28.53
43118,22.14
43119,38.28
43120,40.95
43121,27.0
43122,162.1737
43123,12.609
43124,14.7234
43125,31.152
43126,31.14
43127,35.25
43128,12.402
43129,34.02
43130,40.32
43131,18.5553
43132,13.44
43133,64.8
43134,40.338
43135,8.56
43136,21.456
43137,19.096
43138,25.472
43139,20.86
43140,38.088
43141,49.65
43142,11.22
43143,35.712
43144,14.352
43145,18.24
43146,67.98
43147,19.242
43148,13.592
43149,26.2
43150,33.488
43151,12.28
43152,37.17
43153,9.96
43154,35.52
43155,20.148
43156,29.91
43157,22.08
43158,23.7
43159,22.14
43160,18.66
43161,75.24
43162,27.0
43163,15.858
43164,28.188
43165,17.07
43166,38.28
43167,17.52
43168,19.04
43169,22.716
43170,24.384
43171,10.02
43172,15.96
43173,17.46
43174,24.72
43175,15.48
43176,34.2
43177,42.48
43178,15.615
43179,59.22
43180,13.14
43181,39.87
43182,19.89
43183,23.01
43184,26.649
43185,15.984
43186,27.864
43187,13.184
43188,10.86
43189,12.84
43190,23.12
43191,7.184
43192,17.04
43193,19.68
43194,17.94
43195,23.136
43196,25.92
43197,17.3
43198,12.96
43199,66.96
43200,14.56
43201,37.827
43202,20.952
43203,29.28
43204,18.99
43205,12.24
43206,40.14
43207,29.55
43208,17.694
43209,16.74
43210,14.64
43211,17.97
43212,13.284
43213,38.96
43214,19.74
43215,40.8
43216,18.22
43217,18.32
43218,37.86
43219,16.92
43220,221.34
43221,14.01
43222,11.235
43223,19.332
43224,21.06
43225,12.96
43226,11.52
43227,15.54
43228,21.78
43229,11.4
43230,74.592
43231,15.06
43232,15.76
43233,15.66
43234,7.38
43235,18.9
43236,662.88
43237,8.904
43238,19.96
43239,20.96
43240,45.248
43241,29.46
43242,143.128
43243,4.36
43244,18.96
43245,19.56
43246,21.18
43247,5.364
43248,27.27
43249,18.84
43250,11.19
43251,42.273
43252,17.48
43253,28.96
43254,20.88
43255,22.788
43256,18.12
43257,50.28
43258,20.16
43259,14.688
43260,32.26
43261,27.648
43262,17.84
43263,25.24
43264,21.456
43265,18.24
43266,36.68
43267,35.584
43268,23.1
43269,21.75
43270,33.3
43271,13.32
43272,13.59
43273,31.32
43274,19.2
43275,50.13
43276,14.955
43277,15.75
43278,11.37
43279,24.48
43280,46.53
43281,19.3344
43282,77.04
43283,18.9
43284,32.28
43285,14.01
43286,24.5496
43287,29.99
43288,78.8528
43289,32.75
43290,19.44
43291,10.848
43292,39.072
43293,19.008
43294,16.78
43295,23.48
43296,27.93
43297,21.12
43298,34.37
43299,21.184
43300,13.216
43301,14.67
43302,18.96
43303,16.784
43304,24.51
43305,16.71
43306,13.98
43307,40.248
43308,31.17
43309,13.98
43310,14.19
43311,19.2
43312,22.26
43313,9.585
43314,28.41
43315,282.6
43316,27.33
43317,9.69
43318,23.79
43319,21.54
43320,21.42
43321,35.04
43322,20.484
43323,456.96
43324,22.5
43325,16.86
43326,18.28
43327,23.328
43328,23.184
43329,14.4
43330,18.45
43331,15.363
43332,30.618
43333,25.8
43334,17.01
43335,21.72
43336,23.2458
43337,7.4094
43338,7.5198
43339,23.3064
43340,22.4508
43341,96.84
43342,19.38
43343,26.5848
43344,27.36
43345,122.148
43346,25.488
43347,53.4
43348,21.39
43349,20.016
43350,14.352
43351,17.024
43352,43.872
43353,15.992
43354,16.2
43355,18.288
43356,21.792
43357,13.98
43358,17.94
43359,19.152
43360,20.808
43361,30.18
43362,32.448
43363,19.728
43364,14.94
43365,20.64
43366,16.65
43367,8.37
43368,27.288
43369,20.124
43370,19.5
43371,48.93
43372,18.702
43373,47.4
43374,17.52
43375,45.072
43376,22.38
43377,17.136
43378,36.336
43379,22.32
43380,16.68
43381,144.1778
43382,13.32
43383,28.62
43384,38.68
43385,39.16
43386,22.92
43387,19.3
43388,18.0
43389,13.32
43390,10.76
43391,25.36
43392,20.16
43393,24.408
43394,42.03
43395,52.86
43396,685.131
43397,29.0175
43398,20.142
43399,12.663
43400,7.695
43401,25.56
43402,13.47
43403,15.25
43404,15.552
43405,19.44
43406,7.92
43407,32.4
43408,23.832
43409,17.67
43410,9.48
43411,13.9
43412,34.248
43413,18.93
43414,18.636
43415,27.72
43416,14.1
43417,16.71
43418,11.94
43419,19.68
43420,15.507
43421,9.84
43422,19.896
43423,12.81
43424,8.31
43425,19.2
43426,20.34
43427,11.1
43428,11.37
43429,17.84
43430,17.76
43431,20.72
43432,14.04
43433,21.76
43434,11.12
43435,38.144
43436,65.52
43437,8.6
43438,13.992
43439,22.608
43440,13.608
43441,16.256
43442,21.76
43443,26.76
43444,14.016
43445,37.94
43446,39.552
43447,28.95
43448,31.92
43449,12.24
43450,40.95
43451,48.51
43452,17.28
43453,26.4
43454,26.64
43455,13.95
43456,58.17
43457,34.434
43458,7.6725
43459,17.442
43460,25.92
43461,19.936
43462,14.94
43463,19.44
43464,21.4
43465,22.72
43466,11.648
43467,19.86
43468,12.96
43469,48.032
43470,19.05
43471,19.44
43472,16.704
43473,8.26
43474,22.428
43475,11.85
43476,6.9
43477,15.57
43478,17.76
43479,21.48
43480,25.29
43481,14.274
43482,18.528
43483,15.84
43484,389.25
43485,10.74
43486,26.88
43487,35.28
43488,23.32
43489,18.08
43490,33.72
43491,21.9
43492,13.32
43493,8.7
43494,19.7
43495,53.056
43496,17.856
43497,23.64
43498,73.926
43499,32.346
43500,49.8
43501,23.64
43502,14.4
43503,14.91
43504,22.86
43505,25.353
43506,21.351
43507,15.72
43508,13.6422
43509,22.68
43510,64.08
43511,138.402
43512,21.204
43513,23.652
43514,25.824
43515,25.92
43516,8.36
43517,8.784
43518,14.16
43519,11.56
43520,9.568
43521,47.984
43522,12.544
43523,23.92
43524,17.94
43525,3.424
43526,18.688
43527,21.728
43528,19.548
43529,19.776
43530,13.932
43531,10.92
43532,26.082
43533,28.35
43534,7.536
43535,17.568
43536,13.68
43537,26.22
43538,12.9
43539,24.696
43540,212.139
43541,50.76
43542,18.54
43543,20.52
43544,60.54
43545,31.995
43546,35.2335
43547,6.54
43548,62.502
43549,30.8385
43550,23.652
43551,26.67
43552,33.39
43553,17.16
43554,17.46
43555,27.36
43556,22.2282
43557,46.8
43558,12.96
43559,25.344
43560,11.36
43561,11.16
43562,29.2
43563,12.264
43564,8.34
43565,8.448
43566,35.568
43567,23.46
43568,19.71
43569,9.84
43570,39.75
43571,18.39
43572,23.52
43573,44.43
43574,23.55
43575,18.576
43576,12.992
43577,8.96
43578,19.24
43579,20.016
43580,11.184
43581,15.9
43582,13.12
43583,30.96
43584,14.472
43585,16.48
43586,62.8
43587,91.44
43588,18.72
43589,17.16
43590,20.232
43591,20.07
43592,29.7
43593,25.35
43594,20.25
43595,21.78
43596,26.712
43597,13.8
43598,41.115
43599,25.35
43600,21.6399
43601,25.11
43602,19.3185
43603,20.6064
43604,51.8976
43605,16.65
43606,123.72
43607,63.45
43608,30.96
43609,28.728
43610,17.38
43611,16.4
43612,22.72
43613,10.368
43614,13.776
43615,32.4
43616,11.34
43617,17.48
43618,9.952
43619,23.18
43620,13.89
43621,26.25
43622,21.72
43623,26.64
43624,21.72
43625,23.46
43626,22.29
43627,13.41
43628,27.06
43629,11.205
43630,5.04
43631,28.188
43632,17.01
43633,20.31
43634,17.68
43635,28.98
43636,13.8
43637,24.44
43638,13.68
43639,19.488
43640,10.8
43641,59.6
43642,31.968
43643,17.4
43644,22.0
43645,23.712
43646,19.04
43647,35.04
43648,16.818
43649,7.98
43650,41.472
43651,40.2
43652,25.11
43653,48.78
43654,11.61
43655,26.04
43656,7.98
43657,16.968
43658,33.534
43659,43.38
43660,44.73
43661,31.872
43662,23.76
43663,22.38
43664,9.98
43665,19.008
43666,25.032
43667,61.792
43668,33.488
43669,22.72
43670,32.04
43671,24.224
43672,15.552
43673,18.688
43674,18.66
43675,14.19
43676,20.16
43677,22.23
43678,15.96
43679,11.025
43680,19.32
43681,26.64
43682,11.37
43683,18.12
43684,19.08
43685,26.48
43686,205.24
43687,8.512
43688,24.6
43689,21.18
43690,18.76
43691,16.104
43692,17.7
43693,33.64
43694,20.064
43695,51.28
43696,16.24
43697,39.0
43698,94.3
43699,18.0
43700,20.64
43701,33.9
43702,15.24
43703,14.4
43704,47.58
43705,52.98
43706,26.82
43707,18.87
43708,26.64
43709,34.2
43710,27.18
43711,23.31
43712,29.28
43713,40.338
43714,25.5474
43715,21.6
43716,20.574
43717,14.62
43718,14.94
43719,34.8
43720,17.46
43721,15.84
43722,25.92
43723,11.52
43724,22.32
43725,13.698
43726,25.56
43727,13.38
43728,19.896
43729,19.23
43730,10.32
43731,10.92
43732,19.14
43733,6.78
43734,14.922
43735,11.46
43736,14.49
43737,25.88
43738,22.428
43739,58.4
43740,13.32
43741,16.3
43742,11.82
43743,13.488
43744,28.2
43745,20.82
43746,23.4
43747,41.463
43748,27.81
43749,10.449
43750,31.32
43751,39.78
43752,12.3
43753,22.059
43754,22.68
43755,21.48
43756,14.2146
43757,45.684
43758,36.234
43759,13.8
43760,12.816
43761,22.5
43762,24.56
43763,8.56
43764,3.882
43765,11.52
43766,5.58
43767,8.64
43768,10.64
43769,37.408
43770,16.05
43771,21.93
43772,18.522
43773,11.07
43774,13.53
43775,10.26
43776,32.88
43777,32.01
43778,14.7
43779,38.64
43780,22.76
43781,14.36
43782,21.3
43783,42.3
43784,113.81136
43785,20.736
43786,23.6
43787,14.592
43788,16.8
43789,17.4
43790,18.18
43791,27.72
43792,14.43
43793,18.777
43794,27.825
43795,17.46
43796,23.775
43797,9.3375
43798,14.28
43799,19.92
43800,10.272
43801,18.92
43802,18.72
43803,6.912
43804,8.01
43805,35.88
43806,22.911
43807,36.624
43808,26.46
43809,20.736
43810,27.42
43811,31.086
43812,40.32
43813,18.96
43814,20.64
43815,15.66
43816,10.41
43817,40.26
43818,4.428
43819,13.509
43820,11.604
43821,11.604
43822,13.38
43823,12.21
43824,14.64
43825,13.86
43826,17.88
43827,20.712
43828,24.3
43829,21.144
43830,27.68
43831,13.56
43832,31.32
43833,20.76
43834,22.176
43835,14.7
43836,54.44
43837,29.52
43838,40.96
43839,29.232
43840,8.24
43841,20.64
43842,50.58
43843,37.44
43844,12.24
43845,20.376
43846,11.46
43847,9.135
43848,20.7
43849,26.82
43850,36.465
43851,9.78
43852,26.52
43853,18.93
43854,20.67
43855,18.27
43856,18.09
43857,22.3713
43858,18.69
43859,22.908
43860,21.42
43861,16.68
43862,17.712
43863,14.787
43864,70.44
43865,50.1
43866,36.936
43867,25.92
43868,10.962
43869,20.1
43870,81.088
43871,16.821
43872,19.92
43873,13.216
43874,14.352
43875,48.672
43876,29.0
43877,22.5
43878,45.36
43879,59.904
43880,20.24
43881,7.98
43882,20.22
43883,26.58
43884,29.28
43885,20.82
43886,17.88
43887,15.84
43888,10.77
43889,12.9
43890,25.8
43891,11.58
43892,5.76
43893,18.66
43894,15.12
43895,18.24
43896,9.32
43897,29.6
43898,21.14
43899,17.568
43900,26.016
43901,18.96
43902,15.312
43903,11.13
43904,21.6
43905,15.06
43906,30.54
43907,15.66
43908,57.6
43909,73.44
43910,7.05
43911,17.55
43912,21.2742
43913,16.2
43914,50.274
43915,8.7399
43916,45.45
43917,15.012
43918,260.3664
43919,21.96
43920,18.954
43921,23.0823
43922,15.984
43923,21.8
43924,15.552
43925,23.988
43926,25.164
43927,19.44
43928,28.44
43929,11.12
43930,11.76
43931,14.13
43932,21.9
43933,7.68
43934,17.88
43935,18.324
43936,12.264
43937,8.328
43938,8.76
43939,26.94
43940,49.77
43941,21.12
43942,23.97
43943,11.31
43944,11.46
43945,6.28
43946,20.64
43947,9.792
43948,19.92
43949,20.94
43950,12.888
43951,22.224
43952,10.416
43953,22.04
43954,10.72
43955,19.86
43956,18.36
43957,97.74
43958,31.17
43959,36.0
43960,10.746
43961,10.8
43962,27.3
43963,47.1357
43964,48.96
43965,27.783
43966,23.1702
43967,16.326
43968,22.74
43969,4.344
43970,11.36
43971,8.56
43972,10.024
43973,18.192
43974,18.288
43975,36.84
43976,31.56
43977,19.76
43978,12.176
43979,11.952
43980,10.584
43981,11.416
43982,11.424
43983,19.38
43984,13.53
43985,20.07
43986,14.49
43987,23.25
43988,16.98
43989,14.4
43990,15.777
43991,25.62
43992,13.2
43993,7.56
43994,112.52
43995,13.992
43996,11.424
43997,8.64
43998,17.52
43999,10.26
44000,9.36
44001,27.968
44002,15.48
44003,28.032
44004,41.475
44005,13.11
44006,31.428
44007,10.26
44008,17.82
44009,9.9
44010,24.12
44011,21.06
44012,15.48
44013,28.032
44014,42.03
44015,23.4684
44016,79.47
44017,19.44
44018,6.615
44019,12.6246
44020,26.34
44021,17.7
44022,12.636
44023,18.496
44024,14.45
44025,6.28
44026,25.3
44027,15.552
44028,39.08
44029,51.75
44030,17.05
44031,31.44
44032,23.12
44033,21.96
44034,23.32
44035,12.96
44036,27.9
44037,22.608
44038,10.896
44039,15.984
44040,22.24
44041,20.1
44042,9.408
44043,26.88
44044,15.138
44045,18.99
44046,12.24
44047,16.668
44048,35.76
44049,25.668
44050,18.6
44051,22.6
44052,131.52
44053,17.52
44054,35.84
44055,11.4
44056,19.76
44057,10.2
44058,18.576
44059,16.248
44060,17.832
44061,49.52
44062,13.905
44063,30.24
44064,11.88
44065,12.24
44066,13.14
44067,49.2
44068,17.73
44069,13.6422
44070,27.666
44071,32.4
44072,26.4
44073,30.564
44074,41.256
44075,10.23
44076,10.95
44077,19.65
44078,8.288
44079,31.05
44080,19.194
44081,10.272
44082,20.232
44083,11.96
44084,5.904
44085,13.584
44086,14.91
44087,32.13
44088,17.472
44089,23.94
44090,40.152
44091,22.26
44092,15.75
44093,16.29
44094,24.78
44095,15.144
44096,12.69
44097,6.3
44098,24.48
44099,10.17
44100,12.56
44101,23.2
44102,13.344
44103,16.92
44104,16.84
44105,16.8
44106,16.3
44107,18.54
44108,8.58
44109,18.16
44110,7.12
44111,11.3
44112,21.0
44113,20.004
44114,13.14
44115,22.86
44116,23.22
44117,34.65
44118,18.66
44119,38.88
44120,17.28
44121,8.8395
44122,125.6841
44123,36.576
44124,23.68
44125,22.2
44126,21.36
44127,12.98
44128,17.31
44129,26.55
44130,17.14
44131,27.312
44132,43.6
44133,10.368
44134,25.16
44135,13.36
44136,21.48
44137,10.68
44138,14.52
44139,36.51
44140,10.35
44141,12.078
44142,21.978
44143,15.9
44144,26.22
44145,30.42
44146,16.5
44147,29.01
44148,5.679
44149,10.584
44150,13.2
44151,11.52
44152,8.58
44153,16.128
44154,8.616
44155,15.0
44156,11.0
44157,19.02
44158,17.064
44159,25.2
44160,40.635
44161,14.43
44162,12.24
44163,14.97
44164,590.94
44165,62.34
44166,13.26
44167,9.675
44168,28.17
44169,17.4
44170,17.496
44171,9.6672
44172,21.0
44173,11.628
44174,15.12
44175,87.3372
44176,30.564
44177,21.6
44178,16.335
44179,21.816
44180,11.36
44181,12.192
44182,17.61
44183,15.552
44184,25.86
44185,19.824
44186,22.96
44187,14.76
44188,11.07
44189,11.43
44190,24.36
44191,11.376
44192,20.28
44193,66.0
44194,11.826
44195,11.43
44196,22.5
44197,16.47
44198,21.84
44199,17.61
44200,12.69
44201,20.16
44202,13.14
44203,11.46
44204,32.04
44205,33.72
44206,16.48
44207,14.6
44208,20.288
44209,15.24
44210,35.44
44211,15.28
44212,26.28
44213,17.73
44214,19.386
44215,27.975
44216,8.82
44217,13.38
44218,13.986
44219,78.12
44220,1585.71
44221,23.058
44222,26.955
44223,24.69
44224,83.913
44225,18.954
44226,15.92
44227,26.25
44228,15.936
44229,25.92
44230,24.85
44231,14.352
44232,15.168
44233,34.08
44234,16.56
44235,11.76
44236,22.368
44237,31.44
44238,23.92
44239,8.595
44240,15.12
44241,17.94
44242,19.136
44243,19.68
44244,16.68
44245,10.404
44246,22.29
44247,17.28
44248,22.53
44249,21.42
44250,19.971
44251,10.08
44252,30.3
44253,18.24
44254,7.488
44255,25.4
44256,35.088
44257,10.944
44258,67.34
44259,19.32
44260,23.088
44261,56.76
44262,17.52
44263,24.24
44264,22.68
44265,48.357
44266,18.36
44267,17.091
44268,25.56
44269,26.37
44270,100.65
44271,24.7506
44272,12.1476
44273,6.96
44274,17.1435
44275,76.41
44276,21.78
44277,21.648
44278,12.9903
44279,240.0
44280,20.52
44281,17.4
44282,17.739
44283,22.815
44284,12.78
44285,40.86
44286,15.552
44287,4.89
44288,13.128
44289,16.68
44290,148.48
44291,28.752
44292,13.71
44293,20.16
44294,101.988
44295,52.68
44296,13.96
44297,12.74
44298,10.368
44299,13.344
44300,7.36
44301,11.84
44302,16.56
44303,15.552
44304,20.7
44305,6.57
44306,29.9
44307,25.92
44308,14.82
44309,3.273
44310,24.56
44311,42.51
44312,24.84
44313,20.88
44314,15.96
44315,26.01
44316,22.08
44317,17.88
44318,17.64
44319,19.71
44320,12.348
44321,22.104
44322,4.815
44323,19.512
44324,21.09
44325,20.184
44326,15.9
44327,22.92
44328,18.16
44329,21.48
44330,13.76
44331,22.2
44332,22.76
44333,19.836
44334,22.788
44335,13.68
44336,23.4
44337,8.88
44338,22.464
44339,12.06
44340,22.2
44341,86.94
44342,23.88
44343,15.9
44344,22.7052
44345,11.607
44346,47.25
44347,28.4325
44348,13.4832
44349,49.932
44350,27.42
44351,14.094
44352,19.3
44353,45.48
44354,24.56
44355,39.76
44356,13.128
44357,15.552
44358,7.752
44359,16.656
44360,13.76
44361,22.45
44362,13.428
44363,12.78
44364,14.4
44365,14.301
44366,14.88
44367,13.48
44368,23.04
44369,18.144
44370,19.98
44371,7.92
44372,11.172
44373,24.03
44374,17.49
44375,26.628
44376,14.28
44377,11.34
44378,11.43
44379,21.48
44380,12.276
44381,13.584
44382,17.88
44383,12.54
44384,30.78
44385,21.144
44386,11.184
44387,24.72
44388,20.94
44389,13.644
44390,18.42
44391,8.952
44392,21.96
44393,20.1
44394,25.16
44395,27.18
44396,15.732
44397,20.64
44398,21.12
44399,15.96
44400,15.66
44401,11.1045
44402,15.423
44403,33.048
44404,18.54
44405,123.45
44406,20.58
44407,20.427
44408,23.745
44409,22.5
44410,25.407
44411,11.6325
44412,16.305
44413,26.4
44414,13.932
44415,20.04
44416,14.016
44417,22.92
44418,23.92
44419,14.94
44420,14.4
44421,11.96
44422,15.26
44423,16.032
44424,23.67
44425,12.07
44426,14.01
44427,27.504
44428,21.69
44429,28.56
44430,83.28
44431,15.102
44432,20.58
44433,11.28
44434,26.46
44435,14.4
44436,17.4
44437,24.48
44438,16.82
44439,9.6
44440,21.088
44441,13.88
44442,247.68
44443,23.25
44444,18.36
44445,79.92
44446,32.4
44447,12.87
44448,29.97
44449,187.83
44450,12.57
44451,49.302
44452,20.43
44453,13.26
44454,19.368
44455,20.16
44456,22.05
44457,27.168
44458,31.984
44459,9.728
44460,45.36
44461,21.376
44462,19.76
44463,27.184
44464,15.712
44465,19.824
44466,12.96
44467,15.552
44468,12.96
44469,21.3
44470,43.176
44471,4.86
44472,14.2
44473,22.14
44474,33.48
44475,17.19
44476,14.07
44477,8.127
44478,26.25
44479,19.764
44480,40.83
44481,8.73
44482,27.27
44483,13.05
44484,10.152
44485,23.4
44486,19.056
44487,13.968
44488,25.38
44489,16.65
44490,20.16
44491,25.16
44492,28.12
44493,27.36
44494,20.68
44495,16.32
44496,6.34
44497,16.74
44498,33.58
44499,17.48
44500,9.144
44501,13.76
44502,20.2
44503,12.012
44504,21.42
44505,18.0
44506,44.34
44507,16.56
44508,38.28
44509,34.02
44510,17.19
44511,88.101
44512,26.64
44513,43.02
44514,21.546
44515,30.024
44516,19.08
44517,21.648
44518,21.546
44519,7.36
44520,15.28
44521,6.48
44522,7.27
44523,29.79
44524,22.784
44525,4.672
44526,13.11
44527,45.04
44528,8.4
44529,5.76
44530,25.06
44531,16.72
44532,12.96
44533,23.04
44534,14.28
44535,28.8
44536,13.86
44537,18.69
44538,13.83
44539,11.67
44540,14.7
44541,16.5
44542,17.52
44543,52.038
44544,16.476
44545,17.1
44546,76.08
44547,20.112
44548,15.16
44549,22.08
44550,25.6
44551,31.6
44552,20.412
44553,13.545
44554,15.42
44555,8.0136
44556,32.13
44557,23.571
44558,31.536
44559,23.85
44560,12.06
44561,41.817
44562,56.5677
44563,16.1544
44564,35.28
44565,55.92
44566,23.22
44567,32.064
44568,5.98
44569,13.12
44570,21.88
44571,9.82
44572,15.968
44573,15.88
44574,3.444
44575,15.552
44576,18.864
44577,17.46
44578,14.56
44579,17.12
44580,23.128
44581,6.48
44582,16.5
44583,15.15
44584,13.5
44585,8.844
44586,20.358
44587,9.51
44588,15.51
44589,8.4
44590,8.91
44591,9.984
44592,13.26
44593,14.55
44594,14.22
44595,22.2
44596,18.996
44597,20.388
44598,15.516
44599,18.9
44600,18.24
44601,7.12
44602,28.458
44603,34.35
44604,44.73
44605,20.4
44606,21.06
44607,21.735
44608,20.64
44609,42.57
44610,22.8
44611,13.29
44612,23.61
44613,41.1345
44614,10.314
44615,19.4934
44616,20.5425
44617,33.876
44618,17.46
44619,15.424
44620,20.16
44621,12.624
44622,47.744
44623,12.222
44624,14.78
44625,17.22
44626,5.04
44627,12.99
44628,11.228
44629,19.296
44630,18.98
44631,8.928
44632,21.12
44633,19.44
44634,7.968
44635,12.96
44636,10.11
44637,4.464
44638,5.344
44639,12.96
44640,19.98
44641,17.52
44642,15.417
44643,20.52
44644,16.53
44645,23.7
44646,19.29
44647,16.86
44648,17.88
44649,16.53
44650,15.48
44651,4.149
44652,10.152
44653,19.08
44654,18.72
44655,13.68
44656,12.36
44657,10.95
44658,13.2
44659,12.36
44660,16.86
44661,22.68
44662,77.84
44663,13.272
44664,32.12
44665,21.3
44666,16.62
44667,19.176
44668,24.36
44669,30.88
44670,17.76
44671,21.9
44672,48.0
44673,22.92
44674,26.52
44675,24.0
44676,14.1
44677,10.8
44678,16.65
44679,27.24
44680,15.66
44681,30.375
44682,26.5185
44683,15.0147
44684,16.0605
44685,10.2795
44686,27.24
44687,14.418
44688,35.748
44689,8.448
44690,8.72
44691,17.616
44692,4.928
44693,11.364
44694,22.428
44695,12.16
44696,7.89
44697,29.56
44698,10.368
44699,60.84
44700,22.0
44701,13.59
44702,26.04
44703,17.34
44704,16.944
44705,6.45
44706,16.98
44707,53.28
44708,25.47
44709,7.8
44710,22.11
44711,17.46
44712,16.65
44713,26.4
44714,13.26
44715,14.97
44716,22.788
44717,28.89
44718,33.6
44719,33.88
44720,30.96
44721,13.56
44722,214.14
44723,4.272
44724,23.46
44725,13.32
44726,22.32
44727,15.552
44728,24.48
44729,52.44
44730,15.06
44731,79.11
44732,14.82
44733,17.415
44734,18.0
44735,27.0
44736,28.44
44737,17.4582
44738,21.72
44739,22.0
44740,15.552
44741,242.94
44742,8.72
44743,11.784
44744,15.984
44745,8.288
44746,10.53
44747,53.97
44748,43.05
44749,23.73
44750,8.127
44751,16.74
44752,13.545
44753,16.5
44754,20.136
44755,10.47
44756,22.86
44757,21.6
44758,14.55
44759,31.572
44760,34.65
44761,16.296
44762,28.38
44763,15.66
44764,17.32
44765,10.64
44766,13.16
44767,132.58
44768,21.06
44769,9.28
44770,27.072
44771,10.32
44772,55.2
44773,12.36
44774,91.584
44775,34.92
44776,21.42
44777,83.37
44778,19.14
44779,25.725
44780,15.714
44781,12.42
44782,38.88
44783,21.7035
44784,22.74
44785,15.75
44786,50.1
44787,8.752
44788,25.98
44789,32.192
44790,25.06
44791,48.632
44792,7.41
44793,20.34
44794,7.506
44795,16.176
44796,6.16
44797,6.264
44798,5.81
44799,25.92
44800,9.82
44801,31.104
44802,11.376
44803,11.82
44804,13.563
44805,17.46
44806,23.16
44807,6.996
44808,18.72
44809,26.136
44810,15.282
44811,15.552
44812,6.03
44813,12.81
44814,5.91
44815,34.92
44816,10.76
44817,28.0
44818,66.96
44819,17.64
44820,20.064
44821,11.84
44822,33.22
44823,18.564
44824,20.352
44825,13.068
44826,17.604
44827,18.44
44828,16.0
44829,16.62
44830,41.52
44831,29.52
44832,18.24
44833,16.08
44834,15.12
44835,13.44
44836,18.522
44837,13.68
44838,24.72
44839,20.58
44840,12.8733
44841,27.288
44842,22.0374
44843,10.449
44844,22.92
44845,10.206
44846,37.26
44847,23.5554
44848,46.41
44849,18.72
44850,76.797
44851,46.32
44852,27.18
44853,26.76
44854,21.168
44855,71.6
44856,12.828
44857,20.23
44858,32.952
44859,14.97
44860,24.56
44861,62.376
44862,44.384
44863,24.816
44864,14.76
44865,27.888
44866,17.64
44867,17.9
44868,32.4
44869,15.92
44870,32.48
44871,35.448
44872,27.396
44873,15.51
44874,5.312
44875,8.56
44876,12.9
44877,12.57
44878,13.185
44879,51.66
44880,18.564
44881,12.384
44882,14.28
44883,13.26
44884,20.49
44885,9.684
44886,10.836
44887,26.368
44888,9.408
44889,19.8
44890,27.0
44891,21.144
44892,25.6
44893,19.68
44894,21.76
44895,18.72
44896,31.52
44897,13.932
44898,45.36
44899,13.8
44900,33.57
44901,31.2
44902,19.77
44903,49.56
44904,18.54
44905,15.768
44906,43.515
44907,18.6507
44908,31.8
44909,33.0
44910,23.22
44911,11.5911
44912,30.3
44913,22.5225
44914,22.437
44915,40.97
44916,33.792
44917,18.7
44918,41.96
44919,15.576
44920,3.798
44921,7.83
44922,21.864
44923,32.985
44924,17.64
44925,13.11
44926,13.86
44927,29.04
44928,36.36
44929,25.02
44930,11.13
44931,29.322
44932,11.664
44933,13.38
44934,19.68
44935,7.929
44936,17.52
44937,19.86
44938,12.864
44939,16.0
44940,14.952
44941,14.952
44942,21.552
44943,20.4
44944,26.76
44945,6.336
44946,30.52
44947,20.58
44948,16.86
44949,48.0
44950,22.86
44951,8.37
44952,265.3785
44953,20.82
44954,16.875
44955,13.95
44956,47.64
44957,12.852
44958,11.808
44959,26.55
44960,15.282
44961,40.26
44962,22.5
44963,31.92
44964,23.16
44965,10.044
44966,3.96
44967,16.784
44968,23.912
44969,17.34
44970,8.26
44971,14.98
44972,21.4
44973,16.776
44974,15.176
44975,29.84
44976,10.9
44977,18.9
44978,16.784
44979,10.32
44980,57.68
44981,28.08
44982,4.768
44983,12.42
44984,21.96
44985,54.96
44986,29.04
44987,13.68
44988,25.44
44989,21.408
44990,16.02
44991,23.79
44992,23.244
44993,9.564
44994,31.4
44995,9.74
44996,41.2
44997,14.4
44998,16.08
44999,14.72
45000,15.76
45001,7.848
45002,54.18
45003,8.94
45004,78.84
45005,17.37
45006,20.64
45007,20.196
45008,23.6274
45009,138.753
45010,15.6933
45011,21.72
45012,15.92
45013,12.96
45014,12.96
45015,10.56
45016,6.96
45017,20.736
45018,9.82
45019,21.312
45020,17.76
45021,14.7
45022,10.776
45023,10.368
45024,14.94
45025,11.36
45026,13.36
45027,6.12
45028,14.304
45029,9.84
45030,101.4
45031,13.32
45032,23.232
45033,8.76
45034,13.95
45035,9.12
45036,29.01
45037,11.94
45038,16.65
45039,13.29
45040,6.984
45041,29.79
45042,12.36
45043,10.77
45044,31.68
45045,10.72
45046,19.84
45047,25.12
45048,12.696
45049,34.68
45050,39.5
45051,17.16
45052,18.04
45053,6.096
45054,21.552
45055,31.59
45056,21.105
45057,6.48
45058,21.285
45059,20.7
45060,15.96
45061,40.56
45062,33.372
45063,17.88
45064,16.1415
45065,11.28
45066,24.948
45067,30.48
45068,16.056
45069,13.23
45070,7.872
45071,22.96
45072,14.07
45073,41.54
45074,13.08
45075,63.2
45076,23.55
45077,28.752
45078,17.94
45079,14.368
45080,20.86
45081,10.76
45082,14.94
45083,19.8
45084,24.1
45085,15.552
45086,25.424
45087,33.36
45088,15.768
45089,9.84
45090,4.788
45091,25.35
45092,18.84
45093,24.192
45094,20.664
45095,21.078
45096,4.185
45097,10.68
45098,49.47
45099,30.21
45100,12.012
45101,35.136
45102,20.064
45103,25.8
45104,65.712
45105,23.616
45106,7.504
45107,14.76
45108,16.76
45109,15.74
45110,27.3
45111,16.785
45112,177.12
45113,11.82
45114,17.388
45115,14.6916
45116,19.332
45117,14.5008
45118,13.794
45119,10.9281
45120,18.513
45121,13.7376
45122,14.6916
45123,26.676
45124,13.872
45125,9.728
45126,21.56
45127,26.046
45128,10.272
45129,29.61
45130,10.65
45131,22.638
45132,19.05
45133,14.76
45134,27.46
45135,9.344
45136,13.488
45137,29.1
45138,13.968
45139,15.48
45140,20.208
45141,8.541
45142,9.45
45143,4.194
45144,17.946
45145,18.69
45146,23.97
45147,16.98
45148,18.33
45149,16.98
45150,17.82
45151,5.808
45152,17.622
45153,13.608
45154,14.64
45155,11.64
45156,30.0
45157,5.448
45158,44.82
45159,13.68
45160,14.04
45161,29.28
45162,15.24
45163,22.536
45164,15.768
45165,7.98
45166,16.24
45167,40.368
45168,29.22
45169,12.78
45170,34.02
45171,19.2
45172,26.88
45173,9.045
45174,43.578
45175,33.7875
45176,11.8773
45177,23.532
45178,15.255
45179,93.51
45180,20.142
45181,14.0934
45182,13.8444
45183,16.0605
45184,9.84
45185,19.44
45186,26.38
45187,21.336
45188,11.34
45189,32.4
45190,6.368
45191,8.75
45192,11.96
45193,11.05
45194,10.56
45195,44.96
45196,31.984
45197,17.94
45198,9.912
45199,11.232
45200,9.54
45201,7.88
45202,13.96
45203,14.62
45204,28.752
45205,14.28
45206,11.712
45207,10.92
45208,14.28
45209,6.072
45210,48.45
45211,27.33
45212,18.36
45213,14.55
45214,5.931
45215,18.06
45216,10.404
45217,6.636
45218,12.9
45219,24.09
45220,14.553
45221,15.72
45222,6.48
45223,25.62
45224,10.12
45225,25.056
45226,21.36
45227,17.964
45228,15.28
45229,18.48
45230,13.24
45231,21.16
45232,13.92
45233,25.86
45234,618.084
45235,13.83
45236,155.4
45237,8.64
45238,27.0
45239,15.24
45240,16.173
45241,34.92
45242,48.84
45243,14.628
45244,11.484
45245,18.444
45246,22.05
45247,18.504
45248,4.608
45249,34.02
45250,9.702
45251,15.696
45252,32.4
45253,11.68
45254,6.368
45255,15.84
45256,14.592
45257,13.984
45258,17.856
45259,10.48
45260,10.944
45261,10.332
45262,29.6
45263,4.53
45264,25.26
45265,13.74
45266,10.14
45267,26.37
45268,19.56
45269,12.06
45270,14.7
45271,16.092
45272,16.68
45273,18.66
45274,13.8
45275,10.224
45276,34.92
45277,15.3
45278,19.14
45279,29.196
45280,11.31
45281,48.66
45282,13.05
45283,5.148
45284,33.96
45285,6.336
45286,18.72
45287,14.24
45288,8.6
45289,9.88
45290,52.9
45291,17.61
45292,94.8
45293,24.84
45294,22.4
45295,41.6
45296,17.58
45297,9.54
45298,11.58
45299,11.25
45300,6.855
45301,84.18
45302,144.045
45303,275.3442
45304,17.46
45305,160.644
45306,20.628
45307,28.44
45308,10.86
45309,11.648
45310,6.48
45311,22.23
45312,16.52
45313,10.56
45314,27.396
45315,11.76
45316,24.448
45317,13.344
45318,21.0
45319,11.94
45320,18.54
45321,10.566
45322,13.47
45323,24.45
45324,10.05
45325,14.43
45326,7.26
45327,29.664
45328,7.35
45329,11.46
45330,14.37
45331,22.47
45332,12.876
45333,15.15
45334,16.44
45335,7.209
45336,6.69
45337,19.764
45338,21.0
45339,38.58
45340,21.9
45341,10.72
45342,21.36
45343,46.536
45344,47.3
45345,9.66
45346,20.68
45347,22.48
45348,12.66
45349,14.2
45350,18.36
45351,936.27
45352,13.2
45353,27.96
45354,83.07
45355,27.108
45356,13.527
45357,66.6
45358,11.61
45359,7.5684
45360,37.86
45361,6.0
45362,26.892
45363,29.6535
45364,44.352
45365,191.98
45366,21.72
45367,13.72
45368,38.088
45369,26.406
45370,6.912
45371,10.048
45372,10.368
45373,7.152
45374,18.18
45375,12.096
45376,13.26
45377,10.584
45378,15.39
45379,9.33
45380,21.465
45381,16.98
45382,8.25
45383,16.74
45384,14.19
45385,14.64
45386,27.78
45387,19.14
45388,12.528
45389,6.228
45390,13.2
45391,14.382
45392,12.36
45393,8.16
45394,20.316
45395,20.78
45396,19.344
45397,8.514
45398,13.584
45399,13.66
45400,19.32
45401,20.4
45402,13.56
45403,36.78
45404,14.4
45405,20.82
45406,8.86
45407,18.04
45408,28.35
45409,11.43
45410,45.15
45411,27.72
45412,44.01
45413,8.25
45414,17.52
45415,15.54
45416,24.72
45417,24.48
45418,13.959
45419,17.88
45420,15.2322
45421,21.96
45422,11.988
45423,8.34
45424,39.6
45425,14.8
45426,17.43
45427,7.968
45428,15.75
45429,14.56
45430,37.59
45431,9.21
45432,8.4
45433,6.98
45434,20.104
45435,35.445
45436,12.96
45437,5.728
45438,18.528
45439,12.96
45440,15.552
45441,55.616
45442,13.04
45443,45.21
45444,21.888
45445,6.858
45446,14.679
45447,10.05
45448,8.874
45449,19.56
45450,27.9
45451,13.86
45452,13.68
45453,16.02
45454,13.29
45455,24.0
45456,38.64
45457,17.184
45458,22.92
45459,19.56
45460,14.49
45461,26.88
45462,17.07
45463,16.5
45464,54.12
45465,27.648
45466,20.13
45467,12.66
45468,21.96
45469,17.73
45470,19.98
45471,15.378
45472,10.6848
45473,24.084
45474,18.0783
45475,18.0783
45476,33.231
45477,30.6711
45478,12.96
45479,34.287
45480,19.278
45481,14.04
45482,8.16
45483,19.56
45484,6.37
45485,14.976
45486,19.44
45487,9.888
45488,8.784
45489,13.12
45490,45.36
45491,77.24
45492,15.0
45493,11.68
45494,20.04
45495,10.332
45496,29.8
45497,16.56
45498,12.96
45499,9.648
45500,23.01
45501,42.192
45502,8.37
45503,7.812
45504,25.044
45505,110.7
45506,14.43
45507,19.764
45508,10.77
45509,10.98
45510,27.12
45511,12.8
45512,15.4
45513,26.0
45514,16.056
45515,8.208
45516,9.3
45517,19.68
45518,18.036
45519,11.32
45520,39.8
45521,17.37
45522,26.52
45523,16.875
45524,43.65
45525,40.26
45526,17.52
45527,11.31
45528,5.04
45529,11.13
45530,31.5
45531,11.4
45532,13.26
45533,20.8449
45534,16.74
45535,14.31
45536,9.9216
45537,18.468
45538,12.384
45539,12.3
45540,11.52
45541,17.856
45542,17.12
45543,10.584
45544,13.88
45545,46.35
45546,11.352
45547,10.368
45548,10.56
45549,13.98
45550,15.552
45551,9.42
45552,20.736
45553,12.42
45554,12.96
45555,7.38
45556,7.872
45557,8.04
45558,8.328
45559,11.646
45560,3.321
45561,9.6
45562,38.52
45563,6.687
45564,8.79
45565,28.35
45566,16.53
45567,18.528
45568,11.58
45569,11.1
45570,14.112
45571,19.94
45572,40.4
45573,16.0
45574,8.136
45575,19.04
45576,12.848
45577,22.4
45578,16.4
45579,12.06
45580,17.28
45581,54.9
45582,6.4
45583,10.944
45584,6.04
45585,23.148
45586,9.52
45587,14.76
45588,18.09
45589,10.74
45590,18.99
45591,20.9244
45592,14.01
45593,41.7216
45594,22.38
45595,16.155
45596,13.8807
45597,21.708
45598,24.966
45599,15.066
45600,24.96
45601,12.456
45602,19.98
45603,31.2
45604,9.392
45605,16.68
45606,39.96
45607,10.368
45608,18.704
45609,14.94
45610,11.06
45611,4.448
45612,23.976
45613,12.96
45614,6.54
45615,12.72
45616,15.56
45617,10.984
45618,13.95
45619,13.194
45620,5.772
45621,22.41
45622,20.58
45623,13.11
45624,12.24
45625,10.38
45626,12.51
45627,19.02
45628,10.26
45629,13.056
45630,8.88
45631,14.944
45632,9.52
45633,22.64
45634,11.0
45635,14.04
45636,28.12
45637,21.48
45638,18.792
45639,33.64
45640,12.18
45641,15.633
45642,14.76
45643,17.85
45644,21.96
45645,11.82
45646,6.39
45647,40.05
45648,64.44
45649,13.38
45650,23.64
45651,13.128
45652,8.73
45653,20.94
45654,20.88
45655,22.248
45656,13.712
45657,33.48
45658,8.544
45659,15.58
45660,13.872
45661,14.76
45662,7.536
45663,14.94
45664,17.496
45665,8.883
45666,10.95
45667,17.046
45668,155.358
45669,5.76
45670,12.663
45671,18.75
45672,14.688
45673,11.37
45674,10.215
45675,59.52
45676,25.416
45677,18.52
45678,17.28
45679,31.52
45680,19.236
45681,10.572
45682,7.6
45683,7.68
45684,14.64
45685,18.528
45686,40.98
45687,16.64
45688,33.78
45689,17.56
45690,26.82
45691,17.73
45692,11.1
45693,13.38
45694,23.34
45695,28.2366
45696,7.2
45697,30.348
45698,14.1192
45699,190.89
45700,18.5076
45701,33.15
45702,21.3696
45703,23.616
45704,13.96
45705,8.67
45706,10.464
45707,6.69
45708,141.4
45709,8.34
45710,7.056
45711,5.352
45712,23.976
45713,23.36
45714,11.232
45715,4.992
45716,8.56
45717,11.264
45718,28.91
45719,27.192
45720,11.68
45721,33.528
45722,19.2
45723,24.48
45724,12.456
45725,7.173
45726,14.976
45727,16.938
45728,12.771
45729,10.572
45730,8.928
45731,12.408
45732,13.38
45733,42.912
45734,13.44
45735,14.64
45736,19.98
45737,17.88
45738,15.21
45739,14.22
45740,7.62
45741,31.848
45742,18.8
45743,15.84
45744,11.184
45745,13.32
45746,7.992
45747,17.244
45748,26.912
45749,14.08
45750,16.218
45751,15.92
45752,14.6
45753,18.564
45754,3.496
45755,42.45
45756,27.96
45757,39.54
45758,11.61
45759,51.6
45760,10.707
45761,12.57
45762,22.6008
45763,22.32
45764,24.1
45765,6.48
45766,15.08
45767,6.924
45768,11.416
45769,5.76
45770,18.32
45771,19.568
45772,30.18
45773,7.23
45774,21.728
45775,10.368
45776,6.984
45777,99.98
45778,18.16
45779,14.22
45780,17.4
45781,16.668
45782,8.58
45783,10.95
45784,16.62
45785,10.26
45786,16.71
45787,26.052
45788,11.292
45789,10.65
45790,11.4
45791,15.624
45792,11.43
45793,14.52
45794,25.05
45795,13.29
45796,18.92
45797,7.92
45798,21.84
45799,17.62
45800,14.04
45801,9.78
45802,122.13
45803,13.992
45804,22.05
45805,9.6
45806,13.11
45807,11.55
45808,78.246
45809,20.07
45810,10.761
45811,19.764
45812,13.8012
45813,11.196
45814,8.73
45815,6.57
45816,14.9
45817,8.26
45818,32.4
45819,19.936
45820,12.832
45821,11.68
45822,18.69
45823,18.336
45824,7.38
45825,6.336
45826,13.76
45827,8.608
45828,14.03
45829,12.81
45830,13.14
45831,22.2
45832,22.2
45833,15.33
45834,13.68
45835,15.54
45836,18.9
45837,49.32
45838,14.088
45839,12.3
45840,15.48
45841,10.26
45842,12.93
45843,14.22
45844,19.584
45845,19.16
45846,18.2
45847,12.9
45848,17.2
45849,181.116
45850,17.28
45851,22.912
45852,27.72
45853,25.84
45854,10.044
45855,22.144
45856,9.144
45857,17.16
45858,18.76
45859,11.88
45860,188.76
45861,13.62
45862,37.875
45863,20.97
45864,19.5
45865,26.82
45866,22.47
45867,15.48
45868,24.2526
45869,22.3713
45870,18.7605
45871,31.482
45872,12.7836
45873,18.4617
45874,9.063
45875,17.28
45876,22.572
45877,30.51
45878,53.703
45879,9.708
45880,32.97
45881,26.4
45882,9.984
45883,14.4
45884,8.34
45885,7.31
45886,25.35
45887,13.98
45888,23.344
45889,19.44
45890,8.856
45891,10.68
45892,18.693
45893,11.73
45894,3.411
45895,31.17
45896,15.768
45897,12.3
45898,15.57
45899,16.02
45900,15.6
45901,19.2
45902,22.41
45903,16.71
45904,18.66
45905,13.38
45906,17.334
45907,6.192
45908,14.26
45909,124.56
45910,28.64
45911,8.96
45912,12.372
45913,14.64
45914,10.176
45915,12.18
45916,13.2
45917,26.88
45918,103.56
45919,23.7
45920,83.2158
45921,21.0705
45922,10.3455
45923,30.699
45924,13.59
45925,26.946
45926,7.2
45927,11.96
45928,15.072
45929,19.46
45930,17.88
45931,19.44
45932,12.96
45933,24.2
45934,18.088
45935,44.416
45936,8.94
45937,20.936
45938,13.632
45939,28.85
45940,14.952
45941,14.73
45942,10.688
45943,9.248
45944,20.736
45945,10.496
45946,21.312
45947,4.608
45948,12.12
45949,14.28
45950,21.48
45951,16.14
45952,17.55
45953,13.5
45954,12.81
45955,17.88
45956,22.29
45957,9.162
45958,95.22
45959,8.73
45960,13.53
45961,13.329
45962,21.99
45963,19.86
45964,12.44
45965,8.86
45966,5.328
45967,14.176
45968,11.4
45969,18.84
45970,13.456
45971,30.24
45972,18.56
45973,9.432
45974,5.94
45975,16.72
45976,23.296
45977,35.24
45978,24.3
45979,15.9
45980,21.54
45981,19.044
45982,10.86
45983,15.48
45984,23.355
45985,242.028
45986,24.93
45987,17.46
45988,26.712
45989,15.114
45990,114.81
45991,60.34
45992,10.56
45993,12.96
45994,11.56
45995,44.4
45996,9.648
45997,9.408
45998,16.096
45999,17.34
46000,9.328
46001,12.54
46002,7.83
46003,12.816
46004,9.248
46005,19.136
46006,27.96
46007,12.56
46008,8.469
46009,11.64
46010,20.736
46011,15.15
46012,9.87
46013,30.45
46014,16.53
46015,12.24
46016,3.6
46017,5.58
46018,17.55
46019,16.398
46020,18.936
46021,16.62
46022,10.74
46023,12.636
46024,27.32
46025,9.06
46026,15.072
46027,16.92
46028,5.64
46029,15.96
46030,14.7
46031,7.98
46032,19.68
46033,28.8
46034,17.145
46035,27.06
46036,17.73
46037,24.72
46038,42.12
46039,11.025
46040,12.636
46041,13.41
46042,17.946
46043,19.656
46044,31.212
46045,13.05
46046,20.46
46047,6.0261
46048,12.936
46049,33.1668
46050,19.456
46051,12.35
46052,5.248
46053,17.28
46054,14.76
46055,18.624
46056,6.63
46057,12.56
46058,13.392
46059,14.496
46060,14.85
46061,8.64
46062,36.36
46063,5.98
46064,67.36
46065,16.464
46066,11.952
46067,32.04
46068,16.668
46069,15.96
46070,16.152
46071,15.33
46072,10.92
46073,8.442
46074,23.25
46075,14.19
46076,114.0
46077,13.38
46078,11.88
46079,17.52
46080,14.82
46081,14.58
46082,9.996
46083,7.536
46084,12.32
46085,15.24
46086,11.92
46087,17.376
46088,15.88
46089,13.608
46090,8.84
46091,5.244
46092,15.48
46093,24.44
46094,160.92
46095,26.88
46096,31.56
46097,32.28
46098,13.68
46099,8.55
46100,10.38
46101,50.94
46102,34.11
46103,14.55
46104,45.96
46105,13.23
46106,22.0374
46107,14.19
46108,45.117
46109,21.2106
46110,29.16
46111,12.4974
46112,28.512
46113,6.45
46114,16.236
46115,221.55
46116,17.04
46117,14.7
46118,14.82
46119,18.75
46120,12.03
46121,12.94
46122,29.24
46123,20.568
46124,17.92
46125,14.6
46126,21.84
46127,12.96
46128,13.12
46129,7.98
46130,11.032
46131,7.632
46132,11.88
46133,14.04
46134,149.544
46135,8.91
46136,13.38
46137,12.36
46138,11.904
46139,9.27
46140,32.13
46141,34.2
46142,6.66
46143,12.36
46144,12.048
46145,13.83
46146,21.48
46147,8.49
46148,15.15
46149,15.84
46150,14.076
46151,16.65
46152,24.72
46153,12.732
46154,11.43
46155,41.76
46156,11.0
46157,14.256
46158,16.836
46159,12.36
46160,11.28
46161,22.76
46162,13.08
46163,11.472
46164,9.588
46165,11.12
46166,25.14
46167,24.72
46168,20.64
46169,56.943
46170,16.02
46171,42.795
46172,15.714
46173,6.0
46174,21.6
46175,29.28
46176,11.91
46177,28.998
46178,12.78
46179,12.672
46180,5.28
46181,15.28
46182,8.72
46183,12.48
46184,23.99
46185,19.104
46186,18.84
46187,22.336
46188,7.98
46189,5.68
46190,3.89
46191,10.5
46192,15.76
46193,8.505
46194,11.076
46195,19.08
46196,15.42
46197,9.24
46198,14.55
46199,13.992
46200,5.412
46201,22.68
46202,8.82
46203,23.7
46204,51.93
46205,10.752
46206,15.924
46207,19.56
46208,28.56
46209,28.72
46210,19.86
46211,15.036
46212,13.824
46213,13.248
46214,32.0
46215,43.68
46216,23.82
46217,39.2
46218,16.8
46219,43.632
46220,13.98
46221,15.9
46222,19.77
46223,17.955
46224,26.94
46225,33.21
46226,25.08
46227,14.88
46228,12.3
46229,11.97
46230,19.2
46231,10.5
46232,21.546
46233,15.444
46234,32.472
46235,7.712
46236,15.552
46237,15.42
46238,7.872
46239,17.12
46240,13.392
46241,13.392
46242,13.84
46243,15.57
46244,16.02
46245,4.984
46246,5.193
46247,11.664
46248,15.48
46249,34.24
46250,44.82
46251,14.706
46252,14.52
46253,6.192
46254,4.77
46255,14.88
46256,13.644
46257,23.88
46258,22.32
46259,18.24
46260,15.84
46261,8.208
46262,7.929
46263,8.904
46264,11.58
46265,38.4
46266,6.04
46267,15.28
46268,51.52
46269,28.04
46270,13.61
46271,6.4
46272,21.9
46273,19.3
46274,8.64
46275,22.38
46276,14.07
46277,29.988
46278,21.825
46279,20.16
46280,13.44
46281,17.0316
46282,29.79
46283,32.58
46284,21.54
46285,21.7035
46286,37.08
46287,24.9
46288,14.76
46289,17.856
46290,10.776
46291,15.24
46292,8.52
46293,15.984
46294,7.857
46295,10.71
46296,5.56
46297,16.146
46298,18.28
46299,7.96
46300,10.368
46301,15.56
46302,8.226
46303,25.92
46304,11.34
46305,5.022
46306,13.518
46307,9.0
46308,12.9
46309,3.654
46310,13.68
46311,29.85
46312,9.666
46313,16.98
46314,49.77
46315,9.76
46316,26.016
46317,13.14
46318,17.12
46319,9.648
46320,12.096
46321,13.18
46322,11.22
46323,25.06
46324,23.724
46325,20.16
46326,22.92
46327,8.01
46328,13.38
46329,19.77
46330,17.28
46331,33.21
46332,324.06
46333,22.68
46334,14.355
46335,197.64
46336,130.62
46337,36.45
46338,25.6149
46339,36.66
46340,13.392
46341,14.112
46342,10.116
46343,13.896
46344,17.04
46345,13.36
46346,14.62
46347,29.16
46348,9.4
46349,12.84
46350,23.1
46351,11.96
46352,14.56
46353,13.494
46354,14.4
46355,11.84
46356,6.848
46357,10.86
46358,24.56
46359,32.896
46360,7.38
46361,18.24
46362,12.852
46363,18.93
46364,13.56
46365,8.748
46366,8.76
46367,19.35
46368,20.82
46369,19.2
46370,24.576
46371,22.56
46372,6.72
46373,11.37
46374,10.26
46375,48.48
46376,17.52
46377,14.19
46378,15.84
46379,10.68
46380,44.82
46381,17.7
46382,13.04
46383,62.46
46384,18.66
46385,16.24
46386,9.0
46387,9.456
46388,14.56
46389,13.2
46390,10.728
46391,12.9
46392,21.6
46393,11.67
46394,23.88
46395,9.54
46396,13.98
46397,6.81
46398,14.94
46399,13.23
46400,8.04
46401,11.8026
46402,12.69
46403,11.6034
46404,10.5078
46405,6.264
46406,12.176
46407,16.768
46408,11.784
46409,9.99
46410,10.96
46411,15.02
46412,24.672
46413,7.068
46414,39.594
46415,7.98
46416,4.276
46417,12.76
46418,14.94
46419,25.23
46420,9.888
46421,13.44
46422,8.91
46423,3.87
46424,7.95
46425,19.932
46426,14.28
46427,22.2
46428,19.5
46429,5.316
46430,11.37
46431,18.84
46432,13.65
46433,13.2
46434,12.57
46435,15.75
46436,4.632
46437,32.04
46438,6.18
46439,19.6
46440,13.608
46441,13.296
46442,22.4
46443,14.4
46444,11.64
46445,14.32
46446,31.168
46447,20.97
46448,20.004
46449,24.09
46450,71.04
46451,35.1
46452,14.07
46453,40.068
46454,9.165
46455,9.774
46456,12.69
46457,21.4968
46458,4.41
46459,13.284
46460,14.952
46461,23.68
46462,11.232
46463,5.248
46464,20.736
46465,14.376
46466,12.84
46467,2.214
46468,7.968
46469,20.736
46470,20.44
46471,15.24
46472,14.99
46473,24.816
46474,33.02
46475,6.258
46476,12.96
46477,43.128
46478,15.624
46479,10.08
46480,14.661
46481,8.73
46482,58.8
46483,13.32
46484,21.6
46485,14.49
46486,21.54
46487,7.02
46488,12.9
46489,61.254
46490,15.12
46491,9.135
46492,14.157
46493,14.7
46494,14.4
46495,13.5
46496,13.83
46497,22.74
46498,21.12
46499,8.928
46500,32.19
46501,11.712
46502,3.84
46503,9.68
46504,12.348
46505,19.6
46506,12.24
46507,32.736
46508,17.92
46509,17.52
46510,11.824
46511,29.6
46512,10.548
46513,7.36
46514,10.8
46515,9.33
46516,70.434
46517,17.82
46518,23.64
46519,12.375
46520,11.43
46521,37.08
46522,17.2755
46523,16.02
46524,24.462
46525,21.69
46526,19.77
46527,22.29
46528,18.306
46529,14.4
46530,7.26
46531,11.907
46532,8.3316
46533,14.94
46534,13.356
46535,45.225
46536,18.414
46537,13.83
46538,9.381
46539,6.3
46540,16.52
46541,13.05
46542,19.04
46543,9.84
46544,12.96
46545,26.86
46546,9.552
46547,14.9
46548,14.62
46549,7.38
46550,5.76
46551,11.264
46552,12.624
46553,6.672
46554,4.36
46555,16.116
46556,15.57
46557,16.71
46558,12.54
46559,11.172
46560,10.26
46561,29.22
46562,21.012
46563,22.17
46564,12.192
46565,12.0
46566,19.2
46567,13.824
46568,13.32
46569,21.9
46570,8.928
46571,11.544
46572,17.48
46573,19.24
46574,14.56
46575,28.72
46576,20.16
46577,17.632
46578,22.2
46579,34.428
46580,17.892
46581,14.7
46582,17.2
46583,17.2
46584,16.86
46585,11.32
46586,13.68
46587,17.82
46588,8.85
46589,146.79
46590,40.2
46591,7.62
46592,16.74
46593,14.55
46594,18.66
46595,16.8
46596,146.88
46597,42.1308
46598,14.61
46599,162.69
46600,6.318
46601,21.8784
46602,18.432
46603,32.94
46604,25.11
46605,15.552
46606,6.992
46607,14.136
46608,7.434
46609,3.366
46610,11.62
46611,18.432
46612,4.08
46613,11.64
46614,24.64
46615,12.96
46616,14.88
46617,16.032
46618,30.96
46619,10.896
46620,10.368
46621,5.344
46622,13.4
46623,16.11
46624,39.54
46625,10.53
46626,23.1
46627,5.34
46628,14.55
46629,198.09
46630,7.908
46631,4.41
46632,12.57
46633,3.258
46634,5.91
46635,12.96
46636,24.78
46637,5.076
46638,7.335
46639,8.688
46640,13.44
46641,20.184
46642,16.84
46643,7.38
46644,17.76
46645,18.92
46646,20.064
46647,27.36
46648,8.904
46649,12.64
46650,27.78
46651,18.68
46652,10.95
46653,58.212
46654,16.02
46655,22.11
46656,18.93
46657,10.08
46658,14.094
46659,33.924
46660,27.918
46661,12.72
46662,73.02
46663,27.24
46664,16.29
46665,16.9335
46666,30.078
46667,13.5468
46668,33.36
46669,11.648
46670,11.952
46671,27.58
46672,3.744
46673,11.56
46674,9.98
46675,32.7
46676,10.98
46677,12.736
46678,15.696
46679,13.98
46680,5.94
46681,11.25
46682,5.352
46683,15.57
46684,11.196
46685,15.57
46686,21.933
46687,46.92
46688,13.29
46689,4.8
46690,166.89
46691,9.84
46692,14.04
46693,38.55
46694,18.288
46695,30.06
46696,8.7
46697,5.91
46698,8.79
46699,8.85
46700,10.968
46701,12.16
46702,21.024
46703,33.6
46704,16.48
46705,107.1
46706,12.888
46707,19.032
46708,16.776
46709,9.3
46710,21.816
46711,13.44
46712,14.688
46713,20.97
46714,9.6
46715,11.43
46716,11.85
46717,11.82
46718,14.2146
46719,18.126
46720,10.2588
46721,11.52
46722,16.686
46723,14.4171
46724,78.264
46725,2.61
46726,51.072
46727,7.184
46728,23.88
46729,13.12
46730,14.67
46731,20.104
46732,12.96
46733,12.6
46734,5.952
46735,10.272
46736,11.16
46737,5.04
46738,9.762
46739,8.128
46740,11.52
46741,19.36
46742,11.36
46743,33.57
46744,21.2
46745,8.682
46746,6.129
46747,13.005
46748,17.52
46749,7.38
46750,24.588
46751,17.94
46752,40.67
46753,15.156
46754,13.2
46755,9.0
46756,10.95
46757,14.52
46758,20.304
46759,20.544
46760,117.18
46761,10.92
46762,11.58
46763,7.065
46764,15.36
46765,13.02
46766,9.405
46767,5.592
46768,16.384
46769,25.088
46770,9.744
46771,24.0
46772,13.44
46773,27.6
46774,172.832
46775,12.8
46776,56.832
46777,27.32
46778,18.24
46779,12.816
46780,14.2
46781,54.18
46782,10.416
46783,11.0
46784,19.02
46785,7.6
46786,63.76
46787,9.78
46788,47.352
46789,40.26
46790,11.82
46791,14.97
46792,14.52
46793,79.29
46794,14.58
46795,12.852
46796,11.6781
46797,22.626
46798,36.729
46799,11.46
46800,32.96
46801,4.752
46802,14.04
46803,17.544
46804,19.36
46805,12.957
46806,7.16
46807,6.848
46808,13.48
46809,3.912
46810,23.2
46811,11.952
46812,12.84
46813,17.15
46814,11.696
46815,17.61
46816,15.7
46817,11.21
46818,8.856
46819,12.9
46820,16.05
46821,13.056
46822,13.68
46823,16.65
46824,6.0
46825,11.1
46826,6.72
46827,22.86
46828,18.84
46829,17.496
46830,15.912
46831,9.135
46832,13.2
46833,8.34
46834,26.28
46835,45.69
46836,17.13
46837,11.84
46838,7.38
46839,33.12
46840,7.9
46841,25.42
46842,6.84
46843,7.62
46844,26.505
46845,21.12
46846,13.14
46847,6.9642
46848,7.3953
46849,18.81
46850,12.615
46851,11.58
46852,13.788
46853,15.936
46854,7.96
46855,7.86
46856,11.96
46857,9.555
46858,22.14
46859,20.368
46860,20.768
46861,8.896
46862,57.568
46863,21.4
46864,7.78
46865,11.952
46866,27.12
46867,4.842
46868,14.76
46869,63.312
46870,11.568
46871,11.56
46872,249.584
46873,20.12
46874,19.728
46875,7.656
46876,11.94
46877,5.7
46878,11.862
46879,9.912
46880,15.33
46881,79.704
46882,17.04
46883,19.572
46884,21.492
46885,556.92
46886,23.16
46887,14.816
46888,7.02
46889,15.64
46890,37.64
46891,12.44
46892,17.22
46893,8.472
46894,13.072
46895,11.25
46896,20.97
46897,16.71
46898,133.56
46899,10.08
46900,24.48
46901,7.26
46902,21.5922
46903,33.12
46904,24.192
46905,23.43
46906,39.204
46907,23.85
46908,9.27
46909,10.74
46910,10.08
46911,13.896
46912,32.382
46913,4.752
46914,10.78
46915,8.32
46916,13.776
46917,11.68
46918,10.368
46919,13.12
46920,5.56
46921,12.42
46922,7.072
46923,6.912
46924,8.28
46925,11.28
46926,16.284
46927,14.208
46928,28.062
46929,29.49
46930,11.55
46931,5.91
46932,39.48
46933,21.78
46934,22.455
46935,25.38
46936,10.95
46937,15.24
46938,15.6
46939,61.8
46940,35.84
46941,12.8
46942,12.48
46943,44.8
46944,7.7
46945,8.56
46946,9.06
46947,15.615
46948,8.34
46949,10.08
46950,17.01
46951,11.46
46952,17.01
46953,21.84
46954,14.784
46955,11.8524
46956,12.474
46957,410.22
46958,11.85
46959,11.1936
46960,14.256
46961,4.72
46962,28.4
46963,20.7
46964,8.82
46965,19.68
46966,12.96
46967,7.23
46968,11.784
46969,12.992
46970,11.76
46971,10.896
46972,10.368
46973,11.784
46974,13.48
46975,8.32
46976,4.608
46977,12.96
46978,13.748
46979,5.552
46980,4.712
46981,13.184
46982,32.088
46983,10.77
46984,15.18
46985,11.52
46986,8.28
46987,14.022
46988,9.564
46989,20.208
46990,13.5
46991,14.7
46992,14.04
46993,6.03
46994,11.82
46995,8.55
46996,11.232
46997,25.308
46998,16.092
46999,23.48
47000,5.72
47001,10.92
47002,13.68
47003,13.26
47004,12.0
47005,17.28
47006,21.84
47007,16.1
47008,7.38
47009,12.312
47010,30.3
47011,19.665
47012,56.61
47013,29.76
47014,15.48
47015,9.6
47016,9.234
47017,10.53
47018,14.13
47019,29.22
47020,9.12
47021,17.76
47022,39.33
47023,8.43
47024,72.954
47025,11.934
47026,10.752
47027,13.904
47028,15.008
47029,13.52
47030,7.52
47031,20.34
47032,28.0
47033,10.368
47034,16.98
47035,14.576
47036,14.73
47037,12.99
47038,12.39
47039,4.158
47040,17.28
47041,9.728
47042,6.48
47043,12.24
47044,21.48
47045,14.19
47046,26.46
47047,10.86
47048,3.888
47049,49.32
47050,6.03
47051,5.688
47052,3.012
47053,4.5
47054,7.353
47055,8.328
47056,9.51
47057,8.58
47058,27.93
47059,15.51
47060,9.912
47061,12.24
47062,20.08
47063,33.44
47064,21.204
47065,14.144
47066,14.0
47067,21.336
47068,19.2
47069,11.44
47070,6.4
47071,33.92
47072,8.64
47073,10.71
47074,13.32
47075,5.745
47076,27.0
47077,18.522
47078,11.61
47079,9.4128
47080,246.9
47081,12.225
47082,29.37
47083,12.9
47084,10.95
47085,9.84
47086,15.714
47087,10.824
47088,8.352
47089,7.3
47090,12.84
47091,3.168
47092,7.31
47093,9.216
47094,10.38
47095,9.81
47096,13.28
47097,20.04
47098,16.74
47099,13.904
47100,13.38
47101,15.12
47102,11.784
47103,5.432
47104,5.904
47105,11.37
47106,10.17
47107,13.32
47108,98.46
47109,7.83
47110,6.57
47111,14.598
47112,13.956
47113,40.26
47114,14.94
47115,9.51
47116,17.52
47117,10.98
47118,6.03
47119,11.37
47120,10.26
47121,16.02
47122,9.84
47123,17.496
47124,5.7
47125,23.91
47126,12.768
47127,6.132
47128,12.528
47129,11.04
47130,13.64
47131,607.36
47132,18.684
47133,6.4
47134,65.136
47135,31.88
47136,14.624
47137,12.78
47138,12.36
47139,7.335
47140,14.31
47141,28.02
47142,45.6
47143,13.14
47144,30.15
47145,11.8773
47146,14.688
47147,18.249
47148,13.11
47149,8.16
47150,12.5745
47151,13.095
47152,8.82
47153,14.28
47154,12.22
47155,9.96
47156,12.96
47157,14.72
47158,6.608
47159,12.448
47160,9.96
47161,15.84
47162,27.24
47163,107.88
47164,7.968
47165,20.24
47166,10.688
47167,7.98
47168,22.752
47169,6.12
47170,8.436
47171,10.08
47172,17.76
47173,21.48
47174,14.22
47175,8.94
47176,19.14
47177,22.98
47178,16.32
47179,25.08
47180,14.32
47181,13.88
47182,24.92
47183,12.888
47184,22.76
47185,14.7
47186,6.672
47187,15.9
47188,21.68
47189,14.0
47190,6.34
47191,15.03
47192,60.42
47193,5.7
47194,13.05
47195,52.56
47196,16.02
47197,12.06
47198,10.71
47199,5.325
47200,34.2
47201,13.83
47202,9.99
47203,7.6479
47204,32.67
47205,15.873
47206,22.419
47207,11.61
47208,12.1953
47209,6.6462
47210,17.73
47211,9.585
47212,13.47
47213,26.532
47214,10.152
47215,4.54
47216,14.4
47217,24.896
47218,12.72
47219,15.52
47220,12.39
47221,10.64
47222,8.82
47223,8.544
47224,10.68
47225,9.64
47226,11.214
47227,19.872
47228,12.0
47229,7.872
47230,13.68
47231,16.407
47232,20.16
47233,13.38
47234,4.392
47235,24.0
47236,10.056
47237,15.228
47238,27.3
47239,14.4
47240,10.05
47241,14.61
47242,2.808
47243,11.43
47244,11.07
47245,13.02
47246,3.384
47247,8.847
47248,18.168
47249,12.69
47250,6.6
47251,23.04
47252,13.38
47253,44.4
47254,29.3
47255,15.72
47256,3.84
47257,20.112
47258,9.56
47259,10.32
47260,13.68
47261,22.428
47262,13.66
47263,5.328
47264,12.51
47265,30.48
47266,14.61
47267,41.535
47268,21.645
47269,107.28
47270,14.7393
47271,22.23
47272,12.735
47273,15.6456
47274,10.989
47275,29.7648
47276,39.6
47277,23.436
47278,10.74
47279,74.34
47280,13.8
47281,79.5
47282,11.688
47283,5.64
47284,5.344
47285,16.896
47286,9.336
47287,7.168
47288,8.288
47289,8.272
47290,10.89
47291,7.92
47292,9.216
47293,13.92
47294,3.444
47295,10.368
47296,8.72
47297,8.016
47298,16.0
47299,12.96
47300,11.88
47301,12.96
47302,9.0
47303,14.04
47304,49.74
47305,13.83
47306,16.416
47307,7.173
47308,15.54
47309,9.36
47310,13.98
47311,13.23
47312,9.3
47313,19.608
47314,18.816
47315,7.656
47316,14.706
47317,18.12
47318,6.192
47319,10.92
47320,11.868
47321,16.48
47322,9.1
47323,15.87
47324,16.128
47325,10.728
47326,10.048
47327,8.76
47328,26.76
47329,8.304
47330,13.72
47331,40.032
47332,24.75
47333,11.85
47334,11.82
47335,12.474
47336,38.955
47337,22.8
47338,9.27
47339,15.039
47340,10.368
47341,17.52
47342,16.8
47343,7.36
47344,7.42
47345,18.96
47346,8.736
47347,11.264
47348,13.12
47349,8.134
47350,7.056
47351,10.776
47352,12.576
47353,30.32
47354,15.552
47355,13.168
47356,13.12
47357,8.56
47358,30.672
47359,13.904
47360,7.28
47361,13.376
47362,18.54
47363,6.66
47364,12.48
47365,21.588
47366,10.74
47367,9.03
47368,36.24
47369,9.384
47370,13.8
47371,13.38
47372,24.72
47373,14.67
47374,10.26
47375,11.25
47376,18.996
47377,13.8
47378,8.37
47379,17.6
47380,15.948
47381,11.58
47382,6.408
47383,9.376
47384,7.56
47385,10.8
47386,23.2
47387,22.76
47388,10.704
47389,31.836
47390,26.595
47391,8.985
47392,20.3184
47393,21.12
47394,10.233
47395,17.5725
47396,33.24
47397,25.872
47398,100.68
47399,14.4
47400,11.88
47401,8.928
47402,5.76
47403,9.664
47404,12.96
47405,5.768
47406,10.128
47407,11.277
47408,12.84
47409,6.848
47410,14.368
47411,20.32
47412,10.476
47413,9.24
47414,16.36
47415,16.0
47416,11.176
47417,18.368
47418,13.11
47419,12.06
47420,12.69
47421,4.14
47422,17.49
47423,10.77
47424,4.896
47425,9.12
47426,8.748
47427,39.072
47428,12.078
47429,9.924
47430,20.88
47431,13.176
47432,13.14
47433,14.82
47434,8.8
47435,19.66
47436,16.104
47437,8.6
47438,20.34
47439,48.02
47440,101.25
47441,11.61
47442,361.08
47443,11.664
47444,11.448
47445,5.967
47446,10.5894
47447,43.65
47448,33.36
47449,6.84
47450,7.884
47451,11.65
47452,9.264
47453,15.936
47454,9.096
47455,5.472
47456,16.27
47457,19.44
47458,15.552
47459,10.2
47460,12.294
47461,9.345
47462,13.592
47463,20.388
47464,2.864
47465,11.21
47466,29.34
47467,11.76
47468,15.84
47469,8.88
47470,21.168
47471,4.698
47472,8.199
47473,19.548
47474,15.48
47475,7.224
47476,9.09
47477,12.276
47478,5.787
47479,10.572
47480,12.348
47481,13.47
47482,15.57
47483,12.96
47484,23.25
47485,9.564
47486,14.7
47487,8.0
47488,12.68
47489,13.2
47490,13.12
47491,10.224
47492,9.3
47493,6.768
47494,26.64
47495,13.32
47496,25.344
47497,9.576
47498,10.74
47499,48.6
47500,5.91
47501,10.005
47502,15.96
47503,14.205
47504,13.41
47505,30.855
47506,19.2
47507,7.04
47508,14.016
47509,5.88
47510,10.08
47511,12.176
47512,6.264
47513,4.312
47514,31.8
47515,4.832
47516,17.88
47517,6.66
47518,9.84
47519,13.26
47520,17.184
47521,5.91
47522,10.53
47523,10.26
47524,10.416
47525,111.72
47526,4.356
47527,5.064
47528,9.792
47529,31.14
47530,14.19
47531,17.46
47532,10.092
47533,12.213
47534,9.288
47535,9.072
47536,14.6
47537,53.928
47538,13.2
47539,16.74
47540,13.44
47541,19.2
47542,13.98
47543,104.49
47544,26.49
47545,20.28
47546,17.82
47547,13.185
47548,18.24
47549,31.23
47550,11.4
47551,7.5198
47552,18.009
47553,6.006
47554,13.23
47555,17.28
47556,11.196
47557,6.45
47558,12.096
47559,10.192
47560,15.8
47561,6.874
47562,8.67
47563,12.9
47564,5.184
47565,8.096
47566,14.89
47567,25.08
47568,5.888
47569,7.712
47570,9.912
47571,7.656
47572,8.544
47573,13.344
47574,15.6
47575,7.56
47576,10.272
47577,8.26
47578,7.98
47579,6.848
47580,13.194
47581,13.36
47582,8.91
47583,5.64
47584,18.48
47585,7.98
47586,19.08
47587,5.304
47588,6.228
47589,23.76
47590,16.53
47591,17.532
47592,9.216
47593,6.996
47594,4.104
47595,24.0
47596,9.06
47597,4.32
47598,14.28
47599,22.2
47600,11.844
47601,12.12
47602,7.56
47603,40.5
47604,5.82
47605,13.62
47606,9.234
47607,19.77
47608,15.606
47609,10.26
47610,14.04
47611,11.6283
47612,9.03
47613,9.06
47614,12.69
47615,23.529
47616,8.82
47617,14.0397
47618,13.545
47619,19.776
47620,11.36
47621,6.48
47622,6.848
47623,6.688
47624,14.46
47625,7.712
47626,10.368
47627,24.368
47628,12.224
47629,6.48
47630,15.552
47631,12.588
47632,13.392
47633,15.96
47634,6.7
47635,7.712
47636,17.904
47637,175.872
47638,9.184
47639,203.976
47640,29.97
47641,18.936
47642,20.56
47643,15.552
47644,106.32
47645,4.144
47646,12.39
47647,4.032
47648,13.38
47649,23.46
47650,10.41
47651,16.5
47652,14.61
47653,10.74
47654,7.14
47655,21.18
47656,6.174
47657,6.69
47658,29.79
47659,10.056
47660,14.82
47661,6.786
47662,6.96
47663,11.67
47664,25.317
47665,10.872
47666,17.424
47667,16.84
47668,7.4
47669,16.48
47670,29.7
47671,8.688
47672,12.18
47673,28.56
47674,9.0
47675,20.82
47676,15.48
47677,8.025
47678,12.0
47679,8.343
47680,11.4
47681,85.212
47682,22.1487
47683,4.77
47684,11.7342
47685,29.7648
47686,12.9
47687,29.0
47688,7.992
47689,9.94
47690,11.168
47691,4.92
47692,14.624
47693,13.9
47694,23.988
47695,8.96
47696,6.456
47697,10.584
47698,14.952
47699,7.12
47700,10.782
47701,20.736
47702,10.02
47703,6.408
47704,16.98
47705,6.102
47706,5.79
47707,88.8
47708,145.35
47709,26.58
47710,20.1
47711,127.44
47712,10.548
47713,25.26
47714,12.96
47715,10.74
47716,5.076
47717,13.32
47718,6.792
47719,8.184
47720,12.72
47721,9.96
47722,18.54
47723,9.12
47724,24.012
47725,18.54
47726,16.08
47727,7.46
47728,17.76
47729,8.82
47730,48.9
47731,25.84
47732,30.3
47733,9.7
47734,16.86
47735,113.46
47736,44.16
47737,8.76
47738,10.5
47739,33.3
47740,56.85
47741,16.98
47742,15.858
47743,10.6848
47744,9.3
47745,9.765
47746,18.27
47747,7.968
47748,15.12
47749,22.0692
47750,10.74
47751,9.144
47752,12.7
47753,20.88
47754,9.156
47755,5.68
47756,16.9
47757,5.184
47758,10.528
47759,21.81
47760,8.712
47761,17.48
47762,8.96
47763,13.208
47764,4.419
47765,17.52
47766,10.78
47767,11.96
47768,9.28
47769,5.104
47770,10.43
47771,10.9
47772,17.16
47773,16.56
47774,6.792
47775,28.44
47776,11.58
47777,16.89
47778,31.83
47779,7.776
47780,14.55
47781,16.98
47782,4.536
47783,6.975
47784,13.2
47785,10.8
47786,12.192
47787,9.87
47788,16.092
47789,11.12
47790,6.192
47791,12.08
47792,8.04
47793,16.8
47794,10.76
47795,22.14
47796,9.885
47797,53.55
47798,20.7
47799,25.92
47800,8.04
47801,25.23
47802,80.7
47803,9.87
47804,13.05
47805,27.225
47806,11.1552
47807,32.31
47808,32.472
47809,21.2742
47810,9.7149
47811,18.39
47812,10.2873
47813,13.38
47814,4.401
47815,7.92
47816,9.344
47817,11.61
47818,14.7
47819,7.968
47820,5.88
47821,12.294
47822,12.843
47823,9.248
47824,10.02
47825,12.672
47826,8.952
47827,7.872
47828,8.568
47829,8.64
47830,10.744
47831,22.512
47832,4.938
47833,5.88
47834,4.98
47835,11.511
47836,14.13
47837,9.888
47838,15.75
47839,11.97
47840,14.61
47841,11.07
47842,22.2
47843,50.1
47844,16.02
47845,3.732
47846,3.42
47847,6.66
47848,22.88
47849,7.56
47850,13.72
47851,12.24
47852,8.208
47853,4.576
47854,10.68
47855,13.44
47856,40.152
47857,20.16
47858,13.38
47859,11.0
47860,21.36
47861,32.28
47862,196.11
47863,11.4
47864,12.3
47865,9.705
47866,16.416
47867,11.718
47868,10.8
47869,11.979
47870,97.2
47871,15.12
47872,9.618
47873,9.552
47874,2.502
47875,7.824
47876,6.72
47877,11.168
47878,7.584
47879,3.168
47880,9.96
47881,5.64
47882,234.95
47883,13.68
47884,47.82
47885,10.05
47886,6.66
47887,5.88
47888,51.27
47889,16.11
47890,6.84
47891,16.116
47892,6.45
47893,8.76
47894,8.307
47895,36.96
47896,4.806
47897,4.284
47898,8.883
47899,7.488
47900,14.37
47901,5.856
47902,15.96
47903,10.416
47904,9.66
47905,9.192
47906,11.616
47907,8.688
47908,11.68
47909,11.04
47910,12.456
47911,8.96
47912,7.044
47913,7.092
47914,8.68
47915,5.856
47916,26.32
47917,12.76
47918,4.832
47919,16.32
47920,14.04
47921,12.06
47922,11.25
47923,12.9
47924,11.6781
47925,12.24
47926,12.69
47927,17.0766
47928,4.896
47929,20.7
47930,5.78
47931,14.112
47932,5.04
47933,6.672
47934,27.93
47935,3.984
47936,24.78
47937,9.522
47938,7.76
47939,11.43
47940,5.232
47941,8.32
47942,26.72
47943,16.74
47944,13.02
47945,8.67
47946,13.29
47947,8.352
47948,6.81
47949,10.86
47950,8.52
47951,21.456
47952,10.32
47953,35.04
47954,10.41
47955,3.078
47956,13.44
47957,5.04
47958,12.81
47959,10.8
47960,21.09
47961,10.008
47962,49.572
47963,28.74
47964,17.84
47965,9.78
47966,4.56
47967,32.208
47968,10.72
47969,9.06
47970,12.312
47971,18.0
47972,20.88
47973,5.88
47974,20.82
47975,22.05
47976,49.68
47977,16.86
47978,8.856
47979,39.285
47980,13.3464
47981,21.6081
47982,7.408
47983,9.94
47984,6.48
47985,8.62
47986,14.272
47987,10.368
47988,8.56
47989,10.428
47990,6.368
47991,10.312
47992,6.12
47993,18.464
47994,8.92
47995,14.112
47996,11.31
47997,6.03
47998,8.49
47999,18.528
48000,10.32
48001,5.376
48002,13.5
48003,53.652
48004,10.824
48005,10.56
48006,10.74
48007,38.37
48008,7.248
48009,20.19
48010,7.98
48011,8.592
48012,6.84
48013,5.376
48014,299.1
48015,24.48
48016,9.288
48017,14.48
48018,10.64
48019,15.9
48020,12.8
48021,5.88
48022,4.56
48023,5.456
48024,29.32
48025,28.92
48026,22.14
48027,11.82
48028,98.388
48029,8.94
48030,16.5126
48031,9.774
48032,15.93
48033,8.904
48034,333.6
48035,6.63
48036,11.1
48037,22.62
48038,7.152
48039,10.368
48040,7.16
48041,15.528
48042,16.496
48043,5.544
48044,12.672
48045,4.77
48046,3.762
48047,8.96
48048,4.448
48049,13.092
48050,9.344
48051,5.76
48052,10.272
48053,13.762
48054,10.528
48055,27.63
48056,6.75
48057,16.56
48058,5.304
48059,6.72
48060,7.95
48061,42.624
48062,11.13
48063,8.76
48064,7.884
48065,12.264
48066,7.569
48067,20.052
48068,13.11
48069,7.14
48070,8.49
48071,6.984
48072,6.69
48073,5.628
48074,59.52
48075,12.324
48076,7.092
48077,19.72
48078,69.92
48079,5.352
48080,8.88
48081,2.592
48082,20.52
48083,12.06
48084,118.8
48085,16.59
48086,13.98
48087,13.41
48088,18.06
48089,23.22
48090,7.56
48091,66.45
48092,11.259
48093,10.26
48094,8.94
48095,7.3935
48096,27.99
48097,13.2129
48098,13.3878
48099,5.96
48100,4.36
48101,10.16
48102,40.68
48103,11.952
48104,3.24
48105,12.672
48106,11.394
48107,6.368
48108,15.84
48109,8.4
48110,19.6
48111,7.752
48112,14.73
48113,12.96
48114,6.408
48115,10.47
48116,17.48
48117,11.12
48118,8.736
48119,8.64
48120,36.024
48121,15.8
48122,6.048
48123,4.928
48124,11.54
48125,7.78
48126,11.2
48127,9.87
48128,13.572
48129,9.27
48130,28.38
48131,8.94
48132,5.04
48133,4.5
48134,9.528
48135,11.55
48136,8.469
48137,15.18
48138,9.69
48139,27.93
48140,26.52
48141,11.19
48142,8.688
48143,10.32
48144,8.91
48145,9.4
48146,28.34
48147,14.176
48148,15.76
48149,7.88
48150,5.952
48151,11.232
48152,10.88
48153,17.08
48154,32.768
48155,28.48
48156,136.368
48157,10.72
48158,8.76
48159,5.92
48160,7.872
48161,16.08
48162,14.04
48163,15.39
48164,42.579
48165,7.3755
48166,7.416
48167,9.32
48168,15.552
48169,6.9
48170,25.92
48171,8.85
48172,3.648
48173,9.24
48174,10.36
48175,5.184
48176,11.12
48177,10.95
48178,7.992
48179,6.16
48180,11.12
48181,11.808
48182,8.904
48183,18.54
48184,8.928
48185,11.56
48186,9.84
48187,16.938
48188,12.69
48189,8.811
48190,12.768
48191,8.064
48192,7.515
48193,24.78
48194,8.4
48195,4.203
48196,10.566
48197,30.69
48198,11.19
48199,15.75
48200,37.68
48201,57.69
48202,24.96
48203,22.17
48204,13.032
48205,4.14
48206,5.928
48207,8.85
48208,6.66
48209,23.88
48210,10.29
48211,6.06
48212,24.768
48213,46.56
48214,7.12
48215,8.88
48216,6.768
48217,3.84
48218,12.36
48219,6.18
48220,8.304
48221,10.88
48222,16.56
48223,16.416
48224,5.824
48225,14.84
48226,15.36
48227,19.692
48228,6.69
48229,6.66
48230,10.65
48231,9.342
48232,22.23
48233,4.53
48234,32.4
48235,14.01
48236,9.3225
48237,17.16
48238,13.98
48239,6.63
48240,8.26
48241,18.882
48242,11.52
48243,5.184
48244,6.588
48245,5.0
48246,13.023
48247,16.464
48248,16.52
48249,12.768
48250,9.08
48251,9.21
48252,18.54
48253,6.68
48254,6.368
48255,17.43
48256,17.088
48257,12.96
48258,22.72
48259,10.9
48260,8.78
48261,5.8
48262,8.856
48263,18.528
48264,16.06
48265,12.32
48266,15.552
48267,26.976
48268,6.024
48269,7.8
48270,11.49
48271,4.17
48272,13.5
48273,3.834
48274,12.6
48275,6.45
48276,4.842
48277,17.19
48278,5.472
48279,9.27
48280,14.7
48281,6.192
48282,10.092
48283,15.6
48284,10.24
48285,12.24
48286,7.88
48287,10.704
48288,18.0
48289,96.3
48290,4.5
48291,10.2
48292,8.01
48293,15.96
48294,13.83
48295,9.0312
48296,25.0665
48297,15.24
48298,4.28
48299,15.48
48300,14.94
48301,4.13
48302,4.95
48303,11.8
48304,12.39
48305,4.992
48306,6.28
48307,3.798
48308,23.66
48309,2.214
48310,18.528
48311,10.26
48312,9.744
48313,15.48
48314,11.352
48315,6.6
48316,13.29
48317,6.651
48318,3.195
48319,7.416
48320,8.592
48321,13.5
48322,12.06
48323,48.96
48324,6.99
48325,12.46
48326,9.34
48327,8.568
48328,12.192
48329,12.352
48330,17.2
48331,11.24
48332,13.536
48333,3.84
48334,11.08
48335,71.7
48336,10.422
48337,9.45
48338,11.4
48339,15.957
48340,11.8296
48341,28.035
48342,10.296
48343,9.4122
48344,17.6967
48345,10.8
48346,17.1
48347,7.314
48348,6.858
48349,3.048
48350,13.904
48351,5.184
48352,9.328
48353,8.76
48354,4.304
48355,9.156
48356,12.96
48357,10.512
48358,7.78
48359,26.72
48360,51.75
48361,5.28
48362,12.39
48363,19.44
48364,3.882
48365,16.45
48366,18.368
48367,8.552
48368,5.67
48369,11.088
48370,5.04
48371,11.56
48372,6.36
48373,14.88
48374,52.08
48375,6.714
48376,9.6
48377,143.79
48378,8.694
48379,9.06
48380,7.515
48381,14.208
48382,10.26
48383,10.29
48384,7.191
48385,15.75
48386,13.68
48387,8.04
48388,13.24
48389,12.12
48390,7.056
48391,3.18
48392,22.416
48393,8.208
48394,22.86
48395,12.18
48396,8.94
48397,4.536
48398,13.44
48399,6.51
48400,4.53
48401,10.53
48402,13.95
48403,7.854
48404,8.154
48405,18.396
48406,3.975
48407,63.1215
48408,9.78
48409,25.149
48410,18.36
48411,7.092
48412,5.88
48413,12.192
48414,10.744
48415,5.184
48416,9.006
48417,3.96
48418,19.14
48419,5.022
48420,10.48
48421,9.24
48422,11.98
48423,6.642
48424,6.08
48425,11.646
48426,11.352
48427,11.46
48428,8.25
48429,17.952
48430,8.766
48431,9.6
48432,11.088
48433,25.344
48434,10.71
48435,19.98
48436,8.964
48437,5.208
48438,8.256
48439,10.08
48440,10.8
48441,16.08
48442,2.7
48443,7.98
48444,6.86
48445,7.72
48446,10.5
48447,11.616
48448,18.72
48449,6.636
48450,9.96
48451,14.1
48452,11.32
48453,15.06
48454,9.684
48455,17.82
48456,10.692
48457,8.481
48458,9.072
48459,8.69
48460,194.848
48461,17.088
48462,8.376
48463,12.96
48464,8.544
48465,13.456
48466,5.22
48467,5.184
48468,8.74
48469,8.016
48470,15.24
48471,9.264
48472,6.57
48473,33.24
48474,9.33
48475,6.66
48476,6.45
48477,12.96
48478,21.99
48479,4.428
48480,9.063
48481,11.19
48482,49.212
48483,56.73
48484,6.714
48485,8.514
48486,10.836
48487,19.29
48488,20.76
48489,11.32
48490,9.3
48491,11.06
48492,16.52
48493,8.208
48494,6.81
48495,48.87
48496,46.08
48497,9.0
48498,25.26
48499,11.82
48500,40.26
48501,4.245
48502,9.54
48503,57.2082
48504,13.08
48505,15.39
48506,35.5656
48507,23.58
48508,20.88
48509,11.448
48510,10.836
48511,18.576
48512,7.56
48513,9.68
48514,14.2
48515,8.808
48516,11.52
48517,7.4
48518,8.376
48519,3.768
48520,11.91
48521,13.76
48522,7.31
48523,9.408
48524,10.08
48525,7.656
48526,8.0
48527,19.3
48528,6.48
48529,3.76
48530,3.6
48531,22.38
48532,4.992
48533,2.22
48534,10.688
48535,6.104
48536,9.68
48537,15.992
48538,6.23
48539,7.3
48540,9.344
48541,11.25
48542,5.823
48543,4.56
48544,264.96
48545,9.78
48546,11.28
48547,6.204
48548,24.78
48549,8.325
48550,5.91
48551,6.822
48552,9.84
48553,9.612
48554,13.68
48555,10.8
48556,26.37
48557,7.38
48558,8.592
48559,19.26
48560,13.488
48561,18.48
48562,11.3
48563,8.72
48564,6.4
48565,7.632
48566,35.04
48567,7.215
48568,28.56
48569,19.5
48570,7.524
48571,8.4588
48572,17.97
48573,3.68
48574,6.48
48575,10.8
48576,8.256
48577,9.99
48578,10.784
48579,11.09
48580,15.96
48581,29.94
48582,18.24
48583,14.301
48584,10.368
48585,10.43
48586,9.912
48587,13.12
48588,9.48
48589,12.99
48590,4.71
48591,8.56
48592,16.98
48593,7.938
48594,15.3
48595,8.232
48596,15.66
48597,20.82
48598,6.48
48599,4.116
48600,6.72
48601,8.44
48602,5.68
48603,39.312
48604,39.48
48605,5.54
48606,9.36
48607,8.12
48608,9.52
48609,67.032
48610,18.06
48611,9.216
48612,4.44
48613,9.6
48614,11.43
48615,92.43
48616,9.12
48617,18.24
48618,21.6
48619,9.2856
48620,13.47
48621,4.5156
48622,23.76
48623,11.616
48624,19.46
48625,7.3
48626,2.688
48627,10.67
48628,2.96
48629,62.958
48630,15.384
48631,8.96
48632,11.52
48633,14.94
48634,12.7
48635,24.672
48636,7.04
48637,14.62
48638,6.48
48639,11.76
48640,3.89
48641,7.38
48642,9.396
48643,7.44
48644,11.952
48645,19.44
48646,6.048
48647,30.08
48648,10.65
48649,13.83
48650,6.336
48651,3.996
48652,11.76
48653,10.86
48654,25.23
48655,11.85
48656,9.27
48657,9.912
48658,17.46
48659,17.028
48660,12.672
48661,8.94
48662,7.56
48663,8.397
48664,16.05
48665,7.866
48666,8.973
48667,11.52
48668,10.77
48669,23.787
48670,11.82
48671,6.45
48672,9.68
48673,19.7
48674,11.08
48675,10.836
48676,21.06
48677,8.704
48678,14.12
48679,9.536
48680,6.176
48681,30.69
48682,21.42
48683,10.59
48684,177.36
48685,14.4
48686,13.5456
48687,12.96
48688,10.368
48689,5.248
48690,11.952
48691,5.28
48692,8.64
48693,15.24
48694,5.56
48695,3.62
48696,6.48
48697,7.7
48698,8.856
48699,4.3
48700,8.88
48701,9.804
48702,16.53
48703,12.096
48704,10.41
48705,9.27
48706,41.544
48707,23.97
48708,4.38
48709,19.404
48710,18.414
48711,7.83
48712,32.1
48713,17.49
48714,21.42
48715,10.728
48716,2.532
48717,25.38
48718,17.52
48719,5.712
48720,10.08
48721,9.168
48722,15.12
48723,7.1
48724,6.42
48725,4.48
48726,17.592
48727,15.872
48728,3.432
48729,13.88
48730,8.24
48731,8.76
48732,95.85
48733,11.49
48734,14.745
48735,41.931
48736,8.31
48737,27.36
48738,49.26
48739,9.24
48740,3.648
48741,8.64
48742,6.57
48743,11.67
48744,7.83
48745,6.48
48746,10.72
48747,21.96
48748,13.12
48749,9.762
48750,17.92
48751,8.559
48752,3.304
48753,3.408
48754,10.368
48755,7.38
48756,19.96
48757,11.796
48758,18.18
48759,21.84
48760,89.16
48761,3.789
48762,20.28
48763,7.164
48764,6.66
48765,18.99
48766,25.2
48767,7.86
48768,17.52
48769,6.33
48770,6.012
48771,13.11
48772,8.784
48773,5.292
48774,9.6
48775,11.08
48776,8.64
48777,22.608
48778,13.32
48779,14.32
48780,4.88
48781,10.05
48782,7.26
48783,28.8
48784,13.7532
48785,7.524
48786,2.6
48787,11.632
48788,16.52
48789,3.552
48790,6.0
48791,8.872
48792,12.96
48793,7.996
48794,10.192
48795,13.36
48796,6.16
48797,6.096
48798,6.24
48799,7.96
48800,5.904
48801,6.8
48802,5.184
48803,30.87
48804,7.992
48805,4.712
48806,15.624
48807,5.76
48808,32.06
48809,9.12
48810,8.7
48811,9.096
48812,26.46
48813,10.08
48814,15.57
48815,28.8
48816,10.56
48817,6.804
48818,7.8
48819,12.627
48820,4.416
48821,8.64
48822,8.34
48823,8.6
48824,32.508
48825,37.24
48826,7.2
48827,19.936
48828,13.356
48829,6.84
48830,7.98
48831,10.41
48832,52.983
48833,8.07
48834,20.466
48835,13.68
48836,8.5158
48837,19.35
48838,4.56
48839,22.545
48840,7.938
48841,38.664
48842,6.048
48843,7.218
48844,5.176
48845,7.712
48846,5.78
48847,12.544
48848,3.984
48849,25.68
48850,23.85
48851,15.008
48852,4.672
48853,2.068
48854,4.896
48855,8.016
48856,22.58
48857,15.28
48858,13.08
48859,11.1
48860,6.75
48861,18.639
48862,5.094
48863,8.25
48864,8.928
48865,12.93
48866,12.57
48867,10.8
48868,12.36
48869,8.91
48870,51.78
48871,11.55
48872,8.736
48873,11.4
48874,4.8
48875,23.28
48876,10.16
48877,7.752
48878,11.952
48879,5.76
48880,10.08
48881,5.92
48882,23.64
48883,19.08
48884,27.72
48885,16.71
48886,14.04
48887,7.0596
48888,9.9
48889,5.6127
48890,18.576
48891,9.69
48892,8.154
48893,8.73
48894,16.224
48895,5.58
48896,13.36
48897,1.81
48898,7.656
48899,14.67
48900,3.036
48901,7.896
48902,14.97
48903,12.384
48904,12.96
48905,14.76
48906,10.688
48907,7.236
48908,8.64
48909,16.092
48910,4.776
48911,8.568
48912,9.0
48913,48.09
48914,6.9
48915,8.883
48916,21.168
48917,12.36
48918,17.16
48919,8.04
48920,8.919
48921,12.9
48922,14.7
48923,14.01
48924,18.72
48925,5.124
48926,6.0
48927,4.194
48928,4.392
48929,8.82
48930,5.112
48931,9.92
48932,11.16
48933,9.06
48934,16.0
48935,17.52
48936,6.216
48937,76.464
48938,24.084
48939,22.11
48940,8.94
48941,8.25
48942,34.992
48943,4.8
48944,6.45
48945,6.48
48946,14.832
48947,11.0556
48948,9.51
48949,57.9396
48950,4.41
48951,27.992
48952,7.408
48953,6.783
48954,48.896
48955,8.568
48956,8.04
48957,11.84
48958,11.304
48959,11.184
48960,9.584
48961,5.96
48962,12.816
48963,9.42
48964,1.964
48965,9.296
48966,8.94
48967,7.764
48968,4.356
48969,15.552
48970,6.672
48971,13.904
48972,9.96
48973,8.8
48974,4.176
48975,12.144
48976,13.568
48977,2.224
48978,13.9
48979,13.59
48980,11.352
48981,5.91
48982,5.121
48983,9.063
48984,9.51
48985,7.803
48986,25.35
48987,2.88
48988,17.07
48989,4.8
48990,6.21
48991,8.6
48992,5.56
48993,19.82
48994,8.86
48995,3.18
48996,7.464
48997,10.056
48998,7.072
48999,30.24
49000,3.088
49001,10.58
49002,17.76
49003,14.56
49004,12.36
49005,11.92
49006,23.292
49007,11.28
49008,21.3
49009,22.68
49010,18.9
49011,11.43
49012,32.325
49013,14.58
49014,25.8
49015,11.43
49016,11.19
49017,5.8194
49018,6.795
49019,4.768
49020,11.07
49021,15.216
49022,3.54
49023,8.544
49024,10.688
49025,4.368
49026,10.368
49027,443.92
49028,8.448
49029,20.724
49030,19.296
49031,7.83
49032,9.568
49033,23.36
49034,21.968
49035,5.4
49036,6.84
49037,7.3
49038,22.8
49039,12.36
49040,7.236
49041,6.0
49042,7.947
49043,3.87
49044,7.86
49045,6.33
49046,6.528
49047,7.02
49048,6.432
49049,6.0
49050,8.028
49051,5.304
49052,10.14
49053,4.44
49054,8.34
49055,5.792
49056,6.16
49057,6.34
49058,22.848
49059,5.968
49060,46.08
49061,11.36
49062,4.76
49063,1.956
49064,7.88
49065,40.26
49066,28.026
49067,6.63
49068,24.0
49069,9.222
49070,10.32
49071,7.8
49072,8.154
49073,7.524
49074,6.744
49075,5.607
49076,13.71
49077,5.46
49078,10.16
49079,7.9
49080,8.832
49081,6.16
49082,4.56
49083,3.912
49084,6.46
49085,5.184
49086,4.96
49087,12.6
49088,4.28
49089,4.842
49090,2.946
49091,11.01
49092,2.496
49093,10.32
49094,5.34
49095,9.33
49096,2.178
49097,9.84
49098,3.99
49099,11.604
49100,6.12
49101,3.936
49102,12.42
49103,7.548
49104,10.65
49105,5.952
49106,16.71
49107,10.89
49108,6.84
49109,10.1
49110,6.52
49111,10.7
49112,14.32
49113,5.64
49114,7.72
49115,8.84
49116,6.912
49117,9.92
49118,21.06
49119,24.75
49120,6.66
49121,63.24
49122,12.36
49123,14.388
49124,16.2
49125,10.368
49126,5.84
49127,1.188
49128,5.76
49129,25.12
49130,8.928
49131,9.45
49132,6.688
49133,11.52
49134,63.824
49135,11.56
49136,17.94
49137,4.824
49138,7.968
49139,26.4
49140,7.95
49141,13.26
49142,10.26
49143,29.376
49144,13.98
49145,3.336
49146,10.242
49147,10.494
49148,15.66
49149,4.203
49150,5.91
49151,10.71
49152,5.772
49153,6.78
49154,3.94
49155,5.22
49156,37.9
49157,9.6
49158,43.7
49159,4.1
49160,13.296
49161,8.34
49162,12.26
49163,10.512
49164,9.693
49165,6.27
49166,18.66
49167,155.25
49168,12.474
49169,12.87
49170,3.075
49171,6.642
49172,6.48
49173,9.088
49174,10.368
49175,14.304
49176,6.54
49177,7.92
49178,7.16
49179,9.184
49180,6.48
49181,7.76
49182,6.192
49183,5.32
49184,5.97
49185,20.7
49186,5.48
49187,8.448
49188,7.5
49189,5.76
49190,20.65
49191,10.206
49192,6.84
49193,6.78
49194,7.26
49195,14.97
49196,10.41
49197,3.6
49198,9.24
49199,7.14
49200,8.4
49201,8.31
49202,13.284
49203,7.335
49204,5.004
49205,14.661
49206,3.888
49207,8.4
49208,33.8
49209,23.56
49210,11.064
49211,6.4
49212,12.312
49213,21.0
49214,7.056
49215,12.66
49216,9.08
49217,8.88
49218,6.128
49219,12.0
49220,3.99
49221,14.31
49222,4.65
49223,9.78
49224,21.06
49225,8.04
49226,4.89
49227,6.66
49228,16.7805
49229,8.712
49230,13.5
49231,8.208
49232,7.968
49233,10.242
49234,33.12
49235,9.936
49236,8.964
49237,8.64
49238,2.896
49239,48.9
49240,5.22
49241,8.92
49242,7.104
49243,31.744
49244,10.272
49245,2.97
49246,3.762
49247,8.952
49248,8.001
49249,10.272
49250,4.272
49251,6.039
49252,6.318
49253,7.875
49254,5.91
49255,11.91
49256,10.38
49257,6.948
49258,12.288
49259,9.636
49260,16.128
49261,7.227
49262,23.4
49263,8.289
49264,11.82
49265,5.64
49266,8.848
49267,7.12
49268,6.318
49269,5.54
49270,18.8
49271,240.94
49272,20.64
49273,11.64
49274,8.79
49275,5.92
49276,16.92
49277,6.792
49278,8.856
49279,4.8
49280,11.319
49281,6.9
49282,10.251
49283,5.5173
49284,6.588
49285,5.8989
49286,4.95
49287,3.76
49288,6.696
49289,12.56
49290,8.856
49291,6.936
49292,9.248
49293,9.144
49294,7.312
49295,2.892
49296,6.528
49297,11.352
49298,18.54
49299,3.933
49300,7.98
49301,6.192
49302,13.65
49303,8.73
49304,93.18
49305,14.256
49306,3.96
49307,7.464
49308,84.72
49309,4.41
49310,4.8
49311,17.61
49312,9.0
49313,21.696
49314,3.708
49315,29.1
49316,7.296
49317,7.965
49318,4.608
49319,13.96
49320,19.52
49321,6.792
49322,7.18
49323,9.384
49324,7.2
49325,8.064
49326,7.12
49327,10.4
49328,5.488
49329,23.49
49330,22.248
49331,5.355
49332,23.9454
49333,9.33
49334,130.95
49335,11.37
49336,7.28
49337,15.26
49338,7.968
49339,10.4
49340,190.86
49341,3.98
49342,5.08
49343,6.316
49344,7.92
49345,40.44
49346,8.448
49347,2.502
49348,6.24
49349,3.29
49350,3.52
49351,8.02
49352,9.0
49353,18.75
49354,2.799
49355,6.75
49356,5.58
49357,8.64
49358,11.19
49359,9.27
49360,7.02
49361,13.26
49362,5.34
49363,6.426
49364,3.99
49365,4.53
49366,10.5
49367,10.056
49368,6.72
49369,19.452
49370,22.68
49371,6.96
49372,18.12
49373,10.48
49374,9.888
49375,13.716
49376,3.44
49377,4.52
49378,4.44
49379,26.928
49380,10.1
49381,20.94
49382,44.7
49383,33.21
49384,55.44
49385,6.57
49386,6.09
49387,5.481
49388,13.284
49389,13.965
49390,7.632
49391,14.5008
49392,8.82
49393,10.08
49394,14.76
49395,11.648
49396,30.992
49397,8.792
49398,9.82
49399,10.416
49400,11.54
49401,5.104
49402,5.18
49403,8.688
49404,7.872
49405,9.432
49406,4.608
49407,12.6
49408,8.64
49409,6.888
49410,3.132
49411,10.95
49412,11.712
49413,3.573
49414,6.84
49415,9.063
49416,9.12
49417,8.82
49418,9.396
49419,8.37
49420,6.78
49421,13.032
49422,189.58008
49423,11.208
49424,8.88
49425,325.36
49426,5.712
49427,19.404
49428,19.644
49429,8.904
49430,6.34
49431,35.64
49432,2.955
49433,18.2214
49434,21.6
49435,15.48
49436,4.89
49437,9.664
49438,3.282
49439,6.63
49440,2.78
49441,4.13
49442,7.216
49443,9.11
49444,7.64
49445,11.68
49446,7.488
49447,10.368
49448,6.99
49449,5.92
49450,2.88
49451,3.564
49452,5.16
49453,8.1
49454,25.92
49455,10.368
49456,8.608
49457,4.836
49458,4.89
49459,3.528
49460,8.712
49461,10.032
49462,10.41
49463,20.64
49464,6.528
49465,5.676
49466,8.478
49467,6.228
49468,7.62
49469,8.4
49470,18.24
49471,5.91
49472,7.524
49473,8.76
49474,10.36
49475,12.94
49476,3.618
49477,18.64
49478,111.08
49479,11.82
49480,11.43
49481,49.5
49482,53.9964
49483,16.5
49484,44.46
49485,6.264
49486,6.208
49487,3.64
49488,5.229
49489,6.408
49490,6.096
49491,13.468
49492,6.912
49493,4.784
49494,3.04
49495,6.0
49496,19.44
49497,7.824
49498,10.56
49499,5.82
49500,6.56
49501,5.91
49502,5.976
49503,7.05
49504,15.75
49505,8.208
49506,13.86
49507,6.792
49508,4.56
49509,13.17
49510,9.63
49511,3.285
49512,8.592
49513,7.749
49514,5.112
49515,11.06
49516,5.44
49517,8.232
49518,6.792
49519,18.912
49520,59.76
49521,22.464
49522,8.16
49523,75.96
49524,43.56
49525,6.804
49526,51.354
49527,42.39
49528,5.2041
49529,6.75
49530,17.0766
49531,14.4
49532,7.26
49533,8.388
49534,14.9
49535,8.34
49536,12.39
49537,5.16
49538,15.696
49539,6.63
49540,3.76
49541,8.72
49542,5.553
49543,6.264
49544,14.52
49545,6.63
49546,5.97
49547,3.264
49548,4.344
49549,4.928
49550,11.34
49551,6.66
49552,6.09
49553,5.91
49554,5.208
49555,7.8
49556,10.32
49557,23.7
49558,13.11
49559,7.344
49560,4.992
49561,8.235
49562,6.687
49563,11.19
49564,4.8
49565,6.81
49566,3.87
49567,5.76
49568,11.064
49569,26.58
49570,5.304
49571,8.6
49572,10.752
49573,65.12
49574,10.728
49575,8.34
49576,10.26
49577,9.075
49578,20.4
49579,7.632
49580,58.674
49581,12.132
49582,8.72
49583,2.694
49584,9.64
49585,6.976
49586,9.024
49587,10.368
49588,3.104
49589,4.2
49590,4.512
49591,2.92
49592,10.71
49593,8.384
49594,16.776
49595,7.08
49596,9.96
49597,15.992
49598,15.224
49599,6.576
49600,4.626
49601,3.933
49602,7.191
49603,3.231
49604,6.12
49605,6.03
49606,4.89
49607,4.203
49608,4.53
49609,4.452
49610,4.65
49611,28.86
49612,20.64
49613,3.204
49614,9.12
49615,7.7
49616,3.3
49617,35.52
49618,6.88
49619,8.6
49620,58.006
49621,7.104
49622,9.045
49623,103.56
49624,25.74
49625,7.965
49626,6.9006
49627,425.7225
49628,16.9818
49629,1.68
49630,4.503
49631,6.24
49632,12.42
49633,6.03
49634,5.484
49635,7.58
49636,7.24
49637,5.76
49638,5.715
49639,6.208
49640,5.584
49641,11.696
49642,80.96
49643,7.92
49644,8.874
49645,4.89
49646,3.48
49647,13.92
49648,6.9
49649,10.65
49650,9.54
49651,10.8
49652,4.53
49653,5.412
49654,4.944
49655,4.554
49656,11.13
49657,10.74
49658,5.304
49659,79.152
49660,5.436
49661,8.82
49662,5.058
49663,5.931
49664,5.7
49665,5.52
49666,5.436
49667,5.176
49668,10.188
49669,24.984
49670,29.2
49671,25.32
49672,7.68
49673,8.52
49674,19.38
49675,9.12
49676,5.3295
49677,6.5175
49678,15.768
49679,62.3598
49680,23.598
49681,7.74
49682,7.884
49683,9.54
49684,5.56
49685,2.624
49686,9.09
49687,3.392
49688,10.368
49689,1.641
49690,10.332
49691,9.552
49692,15.552
49693,5.94
49694,9.78
49695,6.33
49696,3.808
49697,5.56
49698,6.9
49699,12.672
49700,16.52
49701,13.36
49702,9.45
49703,4.968
49704,3.6
49705,4.56
49706,13.2
49707,7.29
49708,28.062
49709,15.87
49710,6.99
49711,4.095
49712,4.086
49713,13.11
49714,7.848
49715,4.356
49716,6.84
49717,16.53
49718,8.712
49719,27.06
49720,5.238
49721,7.62
49722,2.848
49723,15.144
49724,9.612
49725,14.752
49726,40.0
49727,16.36
49728,5.868
49729,9.344
49730,60.6
49731,7.184
49732,9.54
49733,44.838
49734,5.98
49735,4.812
49736,7.71
49737,16.4
49738,6.672
49739,5.46
49740,4.536
49741,4.912
49742,2.672
49743,5.58
49744,12.128
49745,1.928
49746,3.0
49747,5.792
49748,6.216
49749,3.312
49750,10.44
49751,5.2
49752,4.158
49753,11.94
49754,7.152
49755,3.798
49756,3.424
49757,7.326
49758,10.53
49759,3.816
49760,6.78
49761,16.542
49762,3.141
49763,17.49
49764,8.064
49765,11.85
49766,4.644
49767,4.545
49768,11.76
49769,29.01
49770,15.72
49771,17.01
49772,4.44
49773,4.122
49774,4.26
49775,54.378
49776,5.58
49777,8.136
49778,5.76
49779,3.18
49780,4.41
49781,5.598
49782,6.72
49783,7.044
49784,8.6
49785,25.2
49786,40.008
49787,306.612
49788,17.055
49789,16.02
49790,7.479
49791,8.07
49792,6.6555
49793,11.934
49794,44.685
49795,35.73
49796,8.64
49797,2.88
49798,5.584
49799,6.24
49800,4.98
49801,3.38
49802,5.56
49803,4.95
49804,4.66
49805,3.75
49806,2.286
49807,40.032
49808,2.88
49809,6.38
49810,4.488
49811,5.304
49812,3.52
49813,5.8
49814,3.488
49815,10.11
49816,10.048
49817,5.472
49818,5.004
49819,27.054
49820,16.86
49821,6.66
49822,50.37
49823,3.348
49824,8.28
49825,17.52
49826,11.52
49827,14.535
49828,9.0
49829,5.679
49830,3.807
49831,13.896
49832,5.316
49833,6.714
49834,13.71
49835,5.52
49836,14.4
49837,33.6
49838,6.408
49839,32.04
49840,4.36
49841,4.224
49842,13.95
49843,9.9351
49844,10.5894
49845,6.615
49846,27.48
49847,23.64
49848,8.8086
49849,3.495
49850,7.61
49851,2.304
49852,5.78
49853,5.04
49854,5.28
49855,7.476
49856,4.624
49857,3.912
49858,4.662
49859,3.69
49860,5.936
49861,14.136
49862,2.88
49863,5.715
49864,4.6
49865,17.34
49866,11.07
49867,5.552
49868,9.216
49869,14.7
49870,4.095
49871,4.448
49872,6.16
49873,5.94
49874,26.52
49875,3.438
49876,19.56
49877,3.483
49878,20.142
49879,3.99
49880,10.572
49881,6.021
49882,38.16
49883,13.32
49884,13.95
49885,7.488
49886,22.92
49887,16.896
49888,6.5
49889,8.208
49890,5.904
49891,7.448
49892,8.784
49893,8.12
49894,7.3
49895,9.54
49896,6.0
49897,11.31
49898,89.16
49899,6.72
49900,10.86
49901,8.16
49902,8.2335
49903,30.888
49904,5.248
49905,12.67
49906,45.92
49907,10.368
49908,4.896
49909,12.536
49910,13.092
49911,6.56
49912,5.214
49913,6.24
49914,35.168
49915,6.08
49916,5.76
49917,3.008
49918,9.612
49919,4.928
49920,7.312
49921,5.712
49922,4.41
49923,4.284
49924,4.944
49925,6.72
49926,30.48
49927,4.482
49928,22.14
49929,5.736
49930,5.31
49931,5.238
49932,3.516
49933,4.248
49934,11.04
49935,13.194
49936,6.612
49937,4.329
49938,4.095
49939,45.69
49940,4.632
49941,52.5
49942,10.92
49943,9.972
49944,28.992
49945,5.744
49946,2.364
49947,25.704
49948,10.68
49949,18.45
49950,6.318
49951,8.25
49952,8.01
49953,27.66
49954,23.5956
49955,9.153
49956,5.706
49957,7.092
49958,4.224
49959,14.62
49960,3.96
49961,4.17
49962,3.392
49963,16.448
49964,5.238
49965,8.64
49966,4.064
49967,3.592
49968,4.544
49969,2.724
49970,2.469
49971,7.62
49972,3.324
49973,9.588
49974,8.232
49975,17.88
49976,6.48
49977,10.68
49978,16.824
49979,4.728
49980,4.8
49981,2.016
49982,5.931
49983,5.094
49984,6.45
49985,9.954
49986,76.48
49987,74.08
49988,52.332
49989,6.096
49990,4.644
49991,5.54
49992,5.56
49993,16.48
49994,4.4
49995,2.272
49996,26.67
49997,4.5
49998,52.02
49999,7.3617
50000,7.9818
50001,58.9632
50002,7.61
50003,8.652
50004,5.892
50005,6.48
50006,16.688
50007,3.928
50008,5.84
50009,5.16
50010,4.224
50011,5.248
50012,7.9
50013,9.24
50014,54.92
50015,7.77
50016,6.68
50017,11.82
50018,6.48
50019,5.607
50020,5.904
50021,6.672
50022,6.228
50023,3.573
50024,25.83
50025,6.444
50026,3.618
50027,13.2
50028,13.56
50029,4.572
50030,3.576
50031,4.476
50032,4.53
50033,6.72
50034,7.83
50035,5.532
50036,5.256
50037,8.076
50038,5.04
50039,7.29
50040,8.49
50041,12.78
50042,4.524
50043,2.496
50044,6.4
50045,7.008
50046,6.528
50047,7.072
50048,8.64
50049,6.444
50050,3.26
50051,3.144
50052,26.4
50053,30.15
50054,15.96
50055,21.72
50056,4.455
50057,81.828
50058,4.56
50059,5.6763
50060,4.8
50061,8.2335
50062,22.8
50063,6.16
50064,6.672
50065,3.69
50066,6.58
50067,3.656
50068,6.286
50069,5.232
50070,9.144
50071,10.776
50072,6.408
50073,10.9
50074,11.673
50075,5.184
50076,6.096
50077,13.62
50078,4.768
50079,2.296
50080,14.91
50081,6.294
50082,2.96
50083,2.892
50084,35.88
50085,5.04
50086,2.952
50087,7.24
50088,7.692
50089,5.95
50090,7.78
50091,5.715
50092,10.08
50093,2.349
50094,2.934
50095,55.92
50096,4.8
50097,6.822
50098,10.14
50099,7.62
50100,4.548
50101,7.872
50102,3.438
50103,10.98
50104,4.761
50105,6.444
50106,6.456
50107,4.89
50108,3.99
50109,7.152
50110,7.164
50111,5.712
50112,9.528
50113,6.192
50114,8.04
50115,14.82
50116,10.26
50117,2.316
50118,27.6
50119,6.496
50120,7.104
50121,126.174
50122,4.8
50123,34.98
50124,14.28
50125,13.9761
50126,16.206
50127,8.964
50128,109.593
50129,61.47
50130,12.0
50131,2.308
50132,4.896
50133,14.592
50134,3.15
50135,2.934
50136,2.78
50137,5.56
50138,1.944
50139,6.56
50140,3.304
50141,29.84
50142,2.072
50143,6.384
50144,5.214
50145,9.856
50146,5.43
50147,6.24
50148,50.12
50149,8.04
50150,2.992
50151,3.828
50152,6.54
50153,4.77
50154,7.308
50155,4.095
50156,5.304
50157,6.12
50158,3.348
50159,5.238
50160,11.4
50161,134.13
50162,5.052
50163,10.8
50164,5.931
50165,7.02
50166,3.708
50167,10.572
50168,3.96
50169,6.096
50170,3.888
50171,29.988
50172,45.36
50173,6.592
50174,5.32
50175,9.52
50176,162.112
50177,5.08
50178,4.824
50179,6.81
50180,38.97
50181,6.993
50182,3.28
50183,7.16
50184,11.364
50185,5.248
50186,1.728
50187,6.72
50188,7.644
50189,5.5
50190,5.56
50191,7.52
50192,8.856
50193,5.78
50194,18.272
50195,3.16
50196,6.48
50197,3.76
50198,7.64
50199,4.224
50200,4.448
50201,5.388
50202,13.92
50203,4.768
50204,2.78
50205,9.64
50206,3.152
50207,4.448
50208,4.104
50209,4.884
50210,10.32
50211,3.582
50212,6.684
50213,4.884
50214,18.54
50215,10.53
50216,8.91
50217,69.96
50218,3.996
50219,12.9
50220,2.808
50221,3.15
50222,55.14
50223,4.473
50224,6.756
50225,6.984
50226,11.28
50227,9.024
50228,5.628
50229,40.74
50230,14.7
50231,3.552
50232,4.18
50233,15.732
50234,3.264
50235,7.785
50236,26.4
50237,9.78
50238,10.08
50239,5.319
50240,10.707
50241,2.628
50242,4.368
50243,3.424
50244,5.34
50245,4.956
50246,6.48
50247,4.624
50248,3.9
50249,5.64
50250,2.907
50251,6.16
50252,2.464
50253,3.44
50254,4.752
50255,9.96
50256,2.808
50257,4.272
50258,11.568
50259,4.98
50260,5.76
50261,4.347
50262,4.644
50263,1.71
50264,5.148
50265,11.148
50266,3.429
50267,5.715
50268,4.95
50269,5.643
50270,11.817
50271,3.231
50272,7.884
50273,3.18
50274,2.673
50275,3.132
50276,6.192
50277,26.46
50278,5.292
50279,11.184
50280,6.33
50281,14.56
50282,8.784
50283,19.88
50284,6.714
50285,11.14
50286,14.928
50287,6.72
50288,26.712
50289,3.492
50290,415.44
50291,23.88
50292,31.17
50293,25.515
50294,4.788
50295,6.79
50296,11.808
50297,4.416
50298,6.27
50299,2.772
50300,6.984
50301,5.04
50302,8.226
50303,4.368
50304,13.9
50305,5.984
50306,8.8
50307,2.934
50308,14.62
50309,10.384
50310,11.412
50311,11.58
50312,6.975
50313,5.85
50314,11.43
50315,4.89
50316,7.614
50317,3.708
50318,6.03
50319,51.24
50320,6.12
50321,4.8
50322,8.82
50323,2.736
50324,1.989
50325,12.18
50326,4.944
50327,29.412
50328,4.584
50329,7.88
50330,8.904
50331,81.12
50332,3.68
50333,13.968
50334,7.5
50335,5.856
50336,3.048
50337,6.88
50338,4.392
50339,7.38
50340,11.13
50341,62.208
50342,7.812
50343,63.0276
50344,340.65
50345,21.7635
50346,4.9053
50347,2.08
50348,4.96
50349,7.56
50350,5.344
50351,7.904
50352,1.788
50353,3.564
50354,3.9
50355,1.632
50356,22.96
50357,7.86
50358,6.47
50359,4.728
50360,18.9
50361,4.338
50362,4.032
50363,11.871
50364,4.62
50365,8.928
50366,3.264
50367,4.473
50368,3.576
50369,5.52
50370,4.41
50371,4.89
50372,7.308
50373,7.569
50374,5.328
50375,10.56
50376,8.478
50377,6.432
50378,4.5
50379,26.19
50380,4.632
50381,5.16
50382,25.14
50383,4.32
50384,5.2
50385,67.86
50386,22.89
50387,45.705
50388,5.436
50389,36.3
50390,7.77
50391,26.43
50392,3.264
50393,6.63
50394,12.35
50395,7.312
50396,4.704
50397,3.264
50398,4.26
50399,4.02
50400,3.564
50401,8.22
50402,772.47
50403,15.78
50404,21.12
50405,4.554
50406,1.68
50407,6.888
50408,2.816
50409,1.824
50410,3.536
50411,5.984
50412,2.04
50413,3.438
50414,6.69
50415,21.96
50416,4.884
50417,3.222
50418,3.24
50419,12.72
50420,24.993
50421,20.124
50422,5.16
50423,3.528
50424,5.22
50425,6.18
50426,78.3
50427,13.47
50428,28.575
50429,5.025
50430,11.34
50431,13.29
50432,11.4
50433,3.3231
50434,10.816
50435,4.16
50436,4.608
50437,1.44
50438,2.632
50439,7.38
50440,3.81
50441,4.73
50442,2.368
50443,4.448
50444,3.28
50445,3.52
50446,20.65
50447,10.272
50448,2.688
50449,3.96
50450,41.472
50451,2.655
50452,4.572
50453,5.56
50454,12.36
50455,6.384
50456,7.056
50457,15.15
50458,3.96
50459,6.99
50460,4.122
50461,3.708
50462,5.592
50463,2.016
50464,3.936
50465,5.304
50466,4.884
50467,3.87
50468,3.915
50469,3.86
50470,7.716
50471,8.064
50472,7.78
50473,5.232
50474,13.545
50475,12.36
50476,11.58
50477,8.7132
50478,122.55
50479,61.128
50480,7.155
50481,8.82
50482,5.28
50483,4.656
50484,2.952
50485,27.168
50486,2.92
50487,5.728
50488,3.36
50489,6.848
50490,14.16
50491,2.624
50492,4.16
50493,5.76
50494,3.0
50495,5.4
50496,5.344
50497,4.086
50498,3.564
50499,7.992
50500,3.438
50501,4.032
50502,21.48
50503,4.383
50504,4.212
50505,5.103
50506,3.396
50507,2.286
50508,2.952
50509,4.452
50510,8.76
50511,2.58
50512,7.152
50513,1.908
50514,5.247
50515,12.4
50516,16.152
50517,6.948
50518,6.93
50519,4.08
50520,24.57
50521,7.884
50522,9.4869
50523,180.6
50524,4.616
50525,2.816
50526,9.02
50527,5.904
50528,5.04
50529,2.286
50530,4.923
50531,3.592
50532,8.6
50533,3.488
50534,4.36
50535,5.248
50536,8.64
50537,5.56
50538,6.888
50539,6.12
50540,100.404
50541,3.456
50542,3.375
50543,9.639
50544,2.718
50545,36.684
50546,1.935
50547,2.652
50548,9.27
50549,2.556
50550,8.88
50551,5.004
50552,6.612
50553,13.956
50554,8.91
50555,17.88
50556,4.8
50557,14.784
50558,8.31
50559,374.856
50560,6.2646
50561,9.6114
50562,12.5769
50563,44.76
50564,2.544
50565,17.52
50566,2.025
50567,3.76
50568,3.15
50569,5.67
50570,5.346
50571,3.168
50572,4.608
50573,6.56
50574,5.46
50575,3.552
50576,3.882
50577,3.744
50578,7.968
50579,6.216
50580,11.96
50581,6.58
50582,3.816
50583,12.768
50584,4.347
50585,1.602
50586,5.7
50587,5.052
50588,3.159
50589,3.429
50590,7.911
50591,5.91
50592,3.087
50593,12.06
50594,4.428
50595,4.692
50596,4.56
50597,5.352
50598,27.58
50599,24.6
50600,3.84
50601,78.44
50602,6.09
50603,3.336
50604,11.19
50605,10.32
50606,4.731
50607,7.7385
50608,3.318
50609,3.168
50610,5.98
50611,11.68
50612,15.488
50613,5.47
50614,2.808
50615,3.592
50616,7.856
50617,9.216
50618,2.94
50619,1.872
50620,5.248
50621,1.788
50622,6.48
50623,11.16
50624,3.231
50625,1.809
50626,4.272
50627,12.096
50628,48.708
50629,3.438
50630,4.329
50631,3.324
50632,17.361
50633,3.393
50634,44.37
50635,1.962
50636,2.475
50637,3.258
50638,3.222
50639,16.92
50640,3.624
50641,5.12
50642,6.944
50643,22.3
50644,4.48
50645,6.324
50646,4.704
50647,16.98
50648,4.8
50649,48.96
50650,21.0
50651,5.724
50652,5.8194
50653,9.3
50654,40.464
50655,6.16
50656,3.304
50657,4.02
50658,2.88
50659,6.096
50660,10.08
50661,4.24
50662,5.904
50663,4.224
50664,2.064
50665,1.81
50666,13.216
50667,2.394
50668,4.428
50669,3.856
50670,4.464
50671,12.96
50672,13.92
50673,4.464
50674,8.0
50675,6.096
50676,40.7
50677,1.98
50678,2.688
50679,10.92
50680,3.744
50681,2.796
50682,8.58
50683,29.4
50684,3.24
50685,4.38
50686,2.07
50687,10.116
50688,4.203
50689,4.512
50690,3.3
50691,4.688
50692,2.364
50693,3.708
50694,2.955
50695,12.96
50696,50.5155
50697,2.388
50698,2.89
50699,2.896
50700,8.016
50701,5.184
50702,7.89
50703,3.048
50704,20.952
50705,4.312
50706,2.296
50707,6.464
50708,15.84
50709,3.38
50710,1.188
50711,3.15
50712,98.376
50713,2.48
50714,4.91
50715,6.08
50716,237.096
50717,9.96
50718,4.32
50719,4.608
50720,1.728
50721,2.88
50722,3.984
50723,2.112
50724,2.58
50725,10.41
50726,3.294
50727,5.91
50728,4.944
50729,20.52
50730,13.41
50731,3.978
50732,3.951
50733,2.94
50734,42.784
50735,8.928
50736,5.328
50737,7.56
50738,9.344
50739,1.744
50740,4.672
50741,11.168
50742,6.976
50743,2.376
50744,1.344
50745,2.944
50746,6.848
50747,3.318
50748,9.78
50749,2.84
50750,2.89
50751,2.328
50752,2.946
50753,8.4
50754,4.41
50755,3.024
50756,2.448
50757,2.448
50758,4.77
50759,9.912
50760,2.925
50761,46.71
50762,3.888
50763,3.216
50764,2.592
50765,7.56
50766,2.384
50767,3.804
50768,5.72
50769,4.46
50770,5.94
50771,175.42
50772,6.672
50773,7.26
50774,2.838
50775,3.768
50776,9.78
50777,74.88
50778,128.37
50779,8.694
50780,79.47
50781,4.5705
50782,3.282
50783,2.696
50784,9.96
50785,11.16
50786,6.096
50787,4.928
50788,12.96
50789,274.77
50790,18.9
50791,1.64
50792,2.182
50793,6.6
50794,6.56
50795,2.21
50796,9.32
50797,5.984
50798,2.992
50799,3.564
50800,12.96
50801,3.984
50802,2.448
50803,5.532
50804,1.935
50805,3.438
50806,2.052
50807,2.547
50808,12.51
50809,9.84
50810,3.015
50811,4.014
50812,13.329
50813,7.12
50814,16.74
50815,19.2
50816,12.06
50817,2.238
50818,12.62
50819,34.02
50820,66.57
50821,106.9725
50822,12.06
50823,21.72
50824,1.788
50825,5.68
50826,3.204
50827,0.99
50828,2.313
50829,2.88
50830,3.52
50831,2.694
50832,1.996
50833,6.24
50834,2.508
50835,8.57
50836,8.74
50837,51.45
50838,3.36
50839,2.07
50840,4.41
50841,97.32
50842,15.894
50843,6.696
50844,7.77
50845,14.28
50846,5.472
50847,8.784
50848,3.99
50849,2.808
50850,6.12
50851,6.4
50852,2.364
50853,12.0
50854,26.94
50855,4.56
50856,16.62
50857,3.33
50858,26.1
50859,11.49
50860,8.1174
50861,12.045
50862,2.91
50863,2.724
50864,7.08
50865,3.036
50866,3.2
50867,4.18
50868,3.15
50869,11.22
50870,2.724
50871,1.984
50872,269.982
50873,4.368
50874,11.696
50875,8.26
50876,4.928
50877,5.04
50878,3.52
50879,3.28
50880,3.576
50881,17.48
50882,3.168
50883,1.892
50884,3.488
50885,2.376
50886,3.64
50887,2.52
50888,9.872
50889,2.364
50890,2.94
50891,3.15
50892,1.908
50893,4.347
50894,3.744
50895,2.052
50896,24.336
50897,5.552
50898,4.352
50899,59.16
50900,33.72
50901,5.32
50902,15.392
50903,25.6
50904,20.16
50905,47.88
50906,9.072
50907,5.682
50908,2.946
50909,7.16
50910,4.624
50911,2.328
50912,1.988
50913,3.76
50914,2.502
50915,2.742
50916,3.984
50917,3.024
50918,1.869
50919,1.592
50920,2.088
50921,2.912
50922,8.544
50923,3.204
50924,3.328
50925,2.862
50926,1.728
50927,1.476
50928,4.928
50929,15.936
50930,16.398
50931,2.286
50932,8.478
50933,4.248
50934,1.773
50935,6.684
50936,5.79
50937,1.161
50938,4.194
50939,2.052
50940,8.76
50941,5.808
50942,1.845
50943,2.808
50944,2.628
50945,43.752
50946,12.36
50947,5.022
50948,19.464
50949,93.0
50950,8.54
50951,5.352
50952,23.1
50953,26.37
50954,17.16
50955,9.12
50956,89.4
50957,6.777
50958,83.0664
50959,4.9053
50960,12.1158
50961,2.808
50962,6.08
50963,2.946
50964,2.368
50965,3.108
50966,10.16
50967,3.488
50968,8.39
50969,2.61
50970,1.72
50971,2.334
50972,45.28
50973,3.64
50974,331.02
50975,8.361
50976,8.688
50977,4.518
50978,5.688
50979,4.548
50980,4.56
50981,60.264
50982,6.81
50983,5.058
50984,3.456
50985,16.8
50986,2.808
50987,12.12
50988,91.424
50989,2.4
50990,22.448
50991,48.75
50992,2.304
50993,2.624
50994,2.556
50995,2.688
50996,16.9
50997,8.0
50998,8.448
50999,2.48
51000,1.8
51001,15.552
51002,6.99
51003,3.62
51004,3.328
51005,2.664
51006,4.32
51007,25.98
51008,2.928
51009,12.93
51010,3.348
51011,5.859
51012,1.602
51013,2.592
51014,6.99
51015,3.584
51016,28.12
51017,59.085
51018,9.54
51019,19.9863
51020,2.376
51021,2.97
51022,9.64
51023,2.896
51024,3.208
51025,6.912
51026,2.784
51027,4.47
51028,3.486
51029,2.304
51030,9.26
51031,1.365
51032,1.392
51033,1.408
51034,5.04
51035,0.984
51036,1.524
51037,79.95
51038,14.7
51039,1.668
51040,4.788
51041,7.14
51042,2.364
51043,2.808
51044,3.516
51045,8.91
51046,2.358
51047,13.02
51048,27.42
51049,3.36
51050,3.696
51051,23.84
51052,16.82
51053,8.616
51054,4.788
51055,5.84
51056,1.344
51057,1.504
51058,2.97
51059,2.61
51060,18.24
51061,1.78
51062,2.78
51063,9.912
51064,5.588
51065,1.938
51066,2.624
51067,1.752
51068,3.64
51069,4.944
51070,14.652
51071,1.899
51072,4.41
51073,4.53
51074,4.644
51075,7.18
51076,6.34
51077,4.32
51078,2.2
51079,3.528
51080,1.448
51081,2.52
51082,7.16
51083,3.136
51084,9.584
51085,1.824
51086,1.964
51087,1.98
51088,1.44
51089,3.99
51090,1.359
51091,4.032
51092,1.197
51093,1.548
51094,1.161
51095,31.077
51096,7.335
51097,15.948
51098,2.16
51099,11.49
51100,9.516
51101,7.872
51102,5.595
51103,6.27
51104,61.08
51105,1.872
51106,1.08
51107,3.75
51108,3.132
51109,2.512
51110,1.24
51111,1.908
51112,5.94
51113,2.202
51114,1.556
51115,2.043
51116,1.696
51117,1.248
51118,3.008
51119,4.464
51120,4.26
51121,22.98
51122,1.86
51123,19.14
51124,2.776
51125,3.18
51126,11.616
51127,4.288
51128,38.07
51129,18.72
51130,1.248
51131,2.74
51132,12.96
51133,3.08
51134,8.928
51135,3.48
51136,2.032
51137,4.91
51138,0.852
51139,1.476
51140,1.362
51141,2.412
51142,2.688
51143,1.584
51144,1.044
51145,3.552
51146,8.28
51147,1.344
51148,3.132
51149,5.742
51150,4.302
51151,80.97
51152,2.385
51153,7.62
51154,1.956
51155,2.16
51156,4.248
51157,5.265
51158,10.65
51159,3.096
51160,7.344
51161,5.085
51162,43.65
51163,58.44
51164,1.192
51165,6.16
51166,0.876
51167,3.168
51168,3.15
51169,3.52
51170,4.98
51171,16.272
51172,12.39
51173,4.077
51174,3.375
51175,8.04
51176,3.465
51177,4.095
51178,173.46
51179,20.664
51180,1.809
51181,5.952
51182,37.632
51183,1.788
51184,32.8
51185,14.931
51186,2.96
51187,1.08
51188,5.88
51189,6.608
51190,1.234
51191,12.201
51192,8.016
51193,1.408
51194,0.556
51195,1.44
51196,15.51
51197,1.935
51198,1.935
51199,15.5
51200,110.34
51201,45.45
51202,136.08
51203,11.12
51204,18.54
51205,2.912
51206,1.167
51207,10.272
51208,2.264
51209,2.672
51210,32.784
51211,5.04
51212,1.161
51213,12.5
51214,49.653
51215,38.9709
51216,59.31
51217,1.112
51218,19.44
51219,302.384
51220,1.908
51221,1.08
51222,12.53
51223,0.836
51224,4.02
51225,10.8
51226,3.99
51227,2.448
51228,1.197
51229,1.323
51230,1.566
51231,21.264
51232,48.93
51233,59.1
51234,6.9
51235,17.28
51236,30.618
51237,279.96
51238,1.272
51239,3.984
51240,2.946
51241,1.188
51242,17.496
51243,25.83
51244,4.05
51245,4.644
51246,7.476
51247,2.673
51248,2.781
51249,24.648
51250,36.68
51251,27.3
51252,4.56
51253,18.36
51254,15.232
51255,1.941
51256,2.896
51257,35.0
51258,0.898
51259,26.85
51260,20.416
51261,53.73
51262,6.69
51263,36.48
51264,17.88
51265,200.4
51266,47.142
51267,49.302
51268,30.44
51269,12.96
51270,1.344
51271,5.34
51272,19.32
51273,41.64
51274,5.92
51275,52.59
51276,1.624
51277,17.94
51278,5.364
51279,9.612
51280,34.128
51281,84.0
51282,18.64
51283,26.94
51284,58.05
51285,65.1
51286,0.444
51287,22.92
51288,13.44
51289,61.38
